"PRODUCT NDC","PRODUCT TYPE NAME","NONPROPRIETARY NAME","DOSAGE FORM NAME","ROUTE NAME","MARKETING CATEGORY NAME","ESTABLISHMENT INFORMATION","SUBSTANCE NAME","ACTIVE INGREDIENTS INFO","NDC PACKAGE CODE","PACKAGE DESCRIPTION","REPORTING PERIOD","DEA SCHEDULE"
"71285-0001","HUMAN COMPOUNDED DRUG","Microplegia (MSA/MSG 0.92 Molar) 125ml Bag","SOLUTION","INTRACORONARY","OUTSOURCING FACILITY COMPOUNDED HUMAN DRUG PRODUCT (EXEMPT FROM APPROVAL REQUIREMENTS)","Central Admixture Pharmacy Services, Inc.","ASPARTIC ACID; GLUTAMIC ACID","9.8 g/125 mL; 10.7 g/125 mL","71285-0001-1","125 mL in 1 BAG (71285-0001-1)","2021-2, 2022-1, 2022-2",""
"71285-0001","HUMAN COMPOUNDED DRUG","Microplegia (MSA/MSG 0.92 Molar) 125ml Bag","SOLUTION","INTRACORONARY","OUTSOURCING FACILITY COMPOUNDED HUMAN DRUG PRODUCT (EXEMPT FROM APPROVAL REQUIREMENTS)","Central Admixture Pharmacy Services, Inc.","ASPARTIC ACID; GLUTAMIC ACID","9.8 g/125 mL; 10.7 g/125 mL","71285-0001-1","125 mL in 1 BAG (71285-0001-1)","2021-2, 2022-1, 2022-2",""
"71285-0001","HUMAN COMPOUNDED DRUG","Microplegia (MSA/MSG 0.92 Molar) 125ml Bag","SOLUTION","INTRACORONARY","OUTSOURCING FACILITY COMPOUNDED HUMAN DRUG PRODUCT (EXEMPT FROM APPROVAL REQUIREMENTS)","Central Admixture Pharmacy Services, Inc.","ASPARTIC ACID; GLUTAMIC ACID","9.8 g/125 mL; 10.7 g/125 mL","71285-0001-1","125 mL in 1 BAG (71285-0001-1)","2021-2, 2022-1, 2022-2",""
"71285-0002","HUMAN COMPOUNDED DRUG","Warm Induction 4 to1 High K (40mEq) 500ml","SOLUTION","INTRACORONARY","OUTSOURCING FACILITY COMPOUNDED HUMAN DRUG PRODUCT (EXEMPT FROM APPROVAL REQUIREMENTS)","Central Admixture Pharmacy Services, Inc.","POTASSIUM CHLORIDE; ASPARTIC ACID; TROMETHAMINE; GLUTAMIC ACID; DEXTROSE MONOHYDRATE; TRISODIUM CITRATE DIHYDRATE; SODIUM PHOSPHATE, MONOBASIC, MONOHYDRATE; ANHYDROUS DEXTROSE; CITRIC ACID MONOHYDRATE","40 meq/500 mL; 4.9 g/500 mL; 4.05 g/500 mL; 5.35 g/500 mL; 12.6 g/500 mL; 29.5875 g/500 mL; 2.4975 g/500 mL; 52.2 g/500 mL; 3.67875 g/500 mL","71285-0002-1","500 mL in 1 BAG (71285-0002-1)","2021-2, 2022-2, 2022-1",""
"71285-0002","HUMAN COMPOUNDED DRUG","Warm Induction 4 to1 High K (40mEq) 500ml","SOLUTION","INTRACORONARY","OUTSOURCING FACILITY COMPOUNDED HUMAN DRUG PRODUCT (EXEMPT FROM APPROVAL REQUIREMENTS)","Central Admixture Pharmacy Services, Inc.","POTASSIUM CHLORIDE; ASPARTIC ACID; TROMETHAMINE; GLUTAMIC ACID; DEXTROSE MONOHYDRATE; TRISODIUM CITRATE DIHYDRATE; SODIUM PHOSPHATE, MONOBASIC, MONOHYDRATE; ANHYDROUS DEXTROSE; CITRIC ACID MONOHYDRATE","40 meq/500 mL; 4.9 g/500 mL; 4.05 g/500 mL; 5.35 g/500 mL; 12.6 g/500 mL; 29.5875 g/500 mL; 2.4975 g/500 mL; 52.2 g/500 mL; 3.67875 g/500 mL","71285-0002-1","500 mL in 1 BAG (71285-0002-1)","2021-2, 2022-2, 2022-1",""
"71285-0002","HUMAN COMPOUNDED DRUG","Warm Induction 4 to1 High K (40mEq) 500ml","SOLUTION","INTRACORONARY","OUTSOURCING FACILITY COMPOUNDED HUMAN DRUG PRODUCT (EXEMPT FROM APPROVAL REQUIREMENTS)","Central Admixture Pharmacy Services, Inc.","POTASSIUM CHLORIDE; ASPARTIC ACID; TROMETHAMINE; GLUTAMIC ACID; DEXTROSE MONOHYDRATE; TRISODIUM CITRATE DIHYDRATE; SODIUM PHOSPHATE, MONOBASIC, MONOHYDRATE; ANHYDROUS DEXTROSE; CITRIC ACID MONOHYDRATE","40 meq/500 mL; 4.9 g/500 mL; 4.05 g/500 mL; 5.35 g/500 mL; 12.6 g/500 mL; 29.5875 g/500 mL; 2.4975 g/500 mL; 52.2 g/500 mL; 3.67875 g/500 mL","71285-0002-1","500 mL in 1 BAG (71285-0002-1)","2021-2, 2022-2, 2022-1",""
"71285-0005","HUMAN COMPOUNDED DRUG","Reperfusate 4 to1 NO K 238.75ml Bag","SOLUTION","INTRACORONARY","OUTSOURCING FACILITY COMPOUNDED HUMAN DRUG PRODUCT (EXEMPT FROM APPROVAL REQUIREMENTS)","Central Admixture Pharmacy Services, Inc.","ASPARTIC ACID; TROMETHAMINE; GLUTAMIC ACID; DEXTROSE MONOHYDRATE; TRISODIUM CITRATE DIHYDRATE; ANHYDROUS DEXTROSE; CITRIC ACID MONOHYDRATE; SODIUM PHOSPHATE, MONOBASIC, MONOHYDRATE","2.45392 g/238.75 mL; 2.0268 g/238.75 mL; 2.67928 g/238.75 mL; 6.09 g/238.75 mL; 14.8069 g/238.75 mL; 26.1232 g/238.75 mL; 1.84101 g/238.75 mL; 1.24986 g/238.75 mL","71285-0005-1","238.75 mL in 1 BAG (71285-0005-1)","2021-2, 2022-2, 2022-1",""
"71285-0005","HUMAN COMPOUNDED DRUG","Reperfusate 4 to1 NO K 238.75ml Bag","SOLUTION","INTRACORONARY","OUTSOURCING FACILITY COMPOUNDED HUMAN DRUG PRODUCT (EXEMPT FROM APPROVAL REQUIREMENTS)","Central Admixture Pharmacy Services, Inc.","ASPARTIC ACID; TROMETHAMINE; GLUTAMIC ACID; DEXTROSE MONOHYDRATE; TRISODIUM CITRATE DIHYDRATE; ANHYDROUS DEXTROSE; CITRIC ACID MONOHYDRATE; SODIUM PHOSPHATE, MONOBASIC, MONOHYDRATE","2.45392 g/238.75 mL; 2.0268 g/238.75 mL; 2.67928 g/238.75 mL; 6.09 g/238.75 mL; 14.8069 g/238.75 mL; 26.1232 g/238.75 mL; 1.84101 g/238.75 mL; 1.24986 g/238.75 mL","71285-0005-1","238.75 mL in 1 BAG (71285-0005-1)","2021-2, 2022-2, 2022-1",""
"71285-0005","HUMAN COMPOUNDED DRUG","Reperfusate 4 to1 NO K 238.75ml Bag","SOLUTION","INTRACORONARY","OUTSOURCING FACILITY COMPOUNDED HUMAN DRUG PRODUCT (EXEMPT FROM APPROVAL REQUIREMENTS)","Central Admixture Pharmacy Services, Inc.","ASPARTIC ACID; TROMETHAMINE; GLUTAMIC ACID; DEXTROSE MONOHYDRATE; TRISODIUM CITRATE DIHYDRATE; ANHYDROUS DEXTROSE; CITRIC ACID MONOHYDRATE; SODIUM PHOSPHATE, MONOBASIC, MONOHYDRATE","2.45392 g/238.75 mL; 2.0268 g/238.75 mL; 2.67928 g/238.75 mL; 6.09 g/238.75 mL; 14.8069 g/238.75 mL; 26.1232 g/238.75 mL; 1.84101 g/238.75 mL; 1.24986 g/238.75 mL","71285-0005-1","238.75 mL in 1 BAG (71285-0005-1)","2021-2, 2022-2, 2022-1",""
"71285-0006","HUMAN COMPOUNDED DRUG","Reperfusate 4 to1 NO K 477.5ml Bag","SOLUTION","INTRACORONARY","OUTSOURCING FACILITY COMPOUNDED HUMAN DRUG PRODUCT (EXEMPT FROM APPROVAL REQUIREMENTS)","Central Admixture Pharmacy Services, Inc.","CITRIC ACID MONOHYDRATE; TRISODIUM CITRATE DIHYDRATE; SODIUM PHOSPHATE, MONOBASIC, MONOHYDRATE; ANHYDROUS DEXTROSE; ASPARTIC ACID; TROMETHAMINE; GLUTAMIC ACID; DEXTROSE MONOHYDRATE","3.67875 g/477.5 mL; 29.5875 g/477.5 mL; 2.4975 g/477.5 mL; 52.2 g/477.5 mL; 4.9 g/477.5 mL; 4.05 g/477.5 mL; 5.35 g/477.5 mL; 12.11 g/477.5 mL","71285-0006-1","477.5 mL in 1 BAG (71285-0006-1)","2022-1, 2021-2, 2022-2",""
"71285-0006","HUMAN COMPOUNDED DRUG","Reperfusate 4 to1 NO K 477.5ml Bag","SOLUTION","INTRACORONARY","OUTSOURCING FACILITY COMPOUNDED HUMAN DRUG PRODUCT (EXEMPT FROM APPROVAL REQUIREMENTS)","Central Admixture Pharmacy Services, Inc.","CITRIC ACID MONOHYDRATE; TRISODIUM CITRATE DIHYDRATE; SODIUM PHOSPHATE, MONOBASIC, MONOHYDRATE; ANHYDROUS DEXTROSE; ASPARTIC ACID; TROMETHAMINE; GLUTAMIC ACID; DEXTROSE MONOHYDRATE","3.67875 g/477.5 mL; 29.5875 g/477.5 mL; 2.4975 g/477.5 mL; 52.2 g/477.5 mL; 4.9 g/477.5 mL; 4.05 g/477.5 mL; 5.35 g/477.5 mL; 12.11 g/477.5 mL","71285-0006-1","477.5 mL in 1 BAG (71285-0006-1)","2022-1, 2021-2, 2022-2",""
"71285-0006","HUMAN COMPOUNDED DRUG","Reperfusate 4 to1 NO K 477.5ml Bag","SOLUTION","INTRACORONARY","OUTSOURCING FACILITY COMPOUNDED HUMAN DRUG PRODUCT (EXEMPT FROM APPROVAL REQUIREMENTS)","Central Admixture Pharmacy Services, Inc.","CITRIC ACID MONOHYDRATE; TRISODIUM CITRATE DIHYDRATE; SODIUM PHOSPHATE, MONOBASIC, MONOHYDRATE; ANHYDROUS DEXTROSE; ASPARTIC ACID; TROMETHAMINE; GLUTAMIC ACID; DEXTROSE MONOHYDRATE","3.67875 g/477.5 mL; 29.5875 g/477.5 mL; 2.4975 g/477.5 mL; 52.2 g/477.5 mL; 4.9 g/477.5 mL; 4.05 g/477.5 mL; 5.35 g/477.5 mL; 12.11 g/477.5 mL","71285-0006-1","477.5 mL in 1 BAG (71285-0006-1)","2022-1, 2021-2, 2022-2",""
"71285-0007","HUMAN COMPOUNDED DRUG","Reperfusate 4 to 1 Low K (7.5 mEq) 238.75ml Bag","SOLUTION","INTRACORONARY","OUTSOURCING FACILITY COMPOUNDED HUMAN DRUG PRODUCT (EXEMPT FROM APPROVAL REQUIREMENTS)","Central Admixture Pharmacy Services, Inc.","POTASSIUM CHLORIDE; ASPARTIC ACID; TROMETHAMINE; GLUTAMIC ACID; DEXTROSE MONOHYDRATE; CITRIC ACID MONOHYDRATE; TRISODIUM CITRATE DIHYDRATE; SODIUM PHOSPHATE, MONOBASIC, MONOHYDRATE; ANHYDROUS DEXTROSE",".55875 g/238.75 mL; 2.45392 g/238.75 mL; 2.0268 g/238.75 mL; 2.67928 g/238.75 mL; 6.09 g/238.75 mL; 1.84101 g/238.75 mL; 14.8069 g/238.75 mL; 1.24986 g/238.75 mL; 26.1232 g/238.75 mL","71285-0007-1","238.75 mL in 1 BAG (71285-0007-1)","2022-1, 2021-2, 2022-2",""
"71285-0007","HUMAN COMPOUNDED DRUG","Reperfusate 4 to 1 Low K (7.5 mEq) 238.75ml Bag","SOLUTION","INTRACORONARY","OUTSOURCING FACILITY COMPOUNDED HUMAN DRUG PRODUCT (EXEMPT FROM APPROVAL REQUIREMENTS)","Central Admixture Pharmacy Services, Inc.","POTASSIUM CHLORIDE; ASPARTIC ACID; TROMETHAMINE; GLUTAMIC ACID; DEXTROSE MONOHYDRATE; CITRIC ACID MONOHYDRATE; TRISODIUM CITRATE DIHYDRATE; SODIUM PHOSPHATE, MONOBASIC, MONOHYDRATE; ANHYDROUS DEXTROSE",".55875 g/238.75 mL; 2.45392 g/238.75 mL; 2.0268 g/238.75 mL; 2.67928 g/238.75 mL; 6.09 g/238.75 mL; 1.84101 g/238.75 mL; 14.8069 g/238.75 mL; 1.24986 g/238.75 mL; 26.1232 g/238.75 mL","71285-0007-1","238.75 mL in 1 BAG (71285-0007-1)","2022-1, 2021-2, 2022-2",""
"71285-0007","HUMAN COMPOUNDED DRUG","Reperfusate 4 to 1 Low K (7.5 mEq) 238.75ml Bag","SOLUTION","INTRACORONARY","OUTSOURCING FACILITY COMPOUNDED HUMAN DRUG PRODUCT (EXEMPT FROM APPROVAL REQUIREMENTS)","Central Admixture Pharmacy Services, Inc.","POTASSIUM CHLORIDE; ASPARTIC ACID; TROMETHAMINE; GLUTAMIC ACID; DEXTROSE MONOHYDRATE; CITRIC ACID MONOHYDRATE; TRISODIUM CITRATE DIHYDRATE; SODIUM PHOSPHATE, MONOBASIC, MONOHYDRATE; ANHYDROUS DEXTROSE",".55875 g/238.75 mL; 2.45392 g/238.75 mL; 2.0268 g/238.75 mL; 2.67928 g/238.75 mL; 6.09 g/238.75 mL; 1.84101 g/238.75 mL; 14.8069 g/238.75 mL; 1.24986 g/238.75 mL; 26.1232 g/238.75 mL","71285-0007-1","238.75 mL in 1 BAG (71285-0007-1)","2022-1, 2021-2, 2022-2",""
"71285-0008","HUMAN COMPOUNDED DRUG","Reperfusate 4 to 1 Low K (15 mEq) 477.5ml Bag","SOLUTION","INTRACORONARY","OUTSOURCING FACILITY COMPOUNDED HUMAN DRUG PRODUCT (EXEMPT FROM APPROVAL REQUIREMENTS)","Central Admixture Pharmacy Services, Inc.","POTASSIUM CHLORIDE; ASPARTIC ACID; TROMETHAMINE; GLUTAMIC ACID; DEXTROSE MONOHYDRATE; CITRIC ACID MONOHYDRATE; SODIUM PHOSPHATE, MONOBASIC, MONOHYDRATE; ANHYDROUS DEXTROSE; TRISODIUM CITRATE DIHYDRATE","15 meq/477.5 mL; 4.9 g/477.5 mL; 4.05 g/477.5 mL; 5.35 g/477.5 mL; 12.11 g/477.5 mL; 3.67875 g/477.5 mL; 2.4975 g/477.5 mL; 52.2 g/477.5 mL; 29.5875 g/477.5 mL","71285-0008-1","477.5 mL in 1 BAG (71285-0008-1)","2022-1, 2021-2, 2022-2",""
"71285-0008","HUMAN COMPOUNDED DRUG","Reperfusate 4 to 1 Low K (15 mEq) 477.5ml Bag","SOLUTION","INTRACORONARY","OUTSOURCING FACILITY COMPOUNDED HUMAN DRUG PRODUCT (EXEMPT FROM APPROVAL REQUIREMENTS)","Central Admixture Pharmacy Services, Inc.","POTASSIUM CHLORIDE; ASPARTIC ACID; TROMETHAMINE; GLUTAMIC ACID; DEXTROSE MONOHYDRATE; CITRIC ACID MONOHYDRATE; SODIUM PHOSPHATE, MONOBASIC, MONOHYDRATE; ANHYDROUS DEXTROSE; TRISODIUM CITRATE DIHYDRATE","15 meq/477.5 mL; 4.9 g/477.5 mL; 4.05 g/477.5 mL; 5.35 g/477.5 mL; 12.11 g/477.5 mL; 3.67875 g/477.5 mL; 2.4975 g/477.5 mL; 52.2 g/477.5 mL; 29.5875 g/477.5 mL","71285-0008-1","477.5 mL in 1 BAG (71285-0008-1)","2022-1, 2021-2, 2022-2",""
"71285-0008","HUMAN COMPOUNDED DRUG","Reperfusate 4 to 1 Low K (15 mEq) 477.5ml Bag","SOLUTION","INTRACORONARY","OUTSOURCING FACILITY COMPOUNDED HUMAN DRUG PRODUCT (EXEMPT FROM APPROVAL REQUIREMENTS)","Central Admixture Pharmacy Services, Inc.","POTASSIUM CHLORIDE; ASPARTIC ACID; TROMETHAMINE; GLUTAMIC ACID; DEXTROSE MONOHYDRATE; CITRIC ACID MONOHYDRATE; SODIUM PHOSPHATE, MONOBASIC, MONOHYDRATE; ANHYDROUS DEXTROSE; TRISODIUM CITRATE DIHYDRATE","15 meq/477.5 mL; 4.9 g/477.5 mL; 4.05 g/477.5 mL; 5.35 g/477.5 mL; 12.11 g/477.5 mL; 3.67875 g/477.5 mL; 2.4975 g/477.5 mL; 52.2 g/477.5 mL; 29.5875 g/477.5 mL","71285-0008-1","477.5 mL in 1 BAG (71285-0008-1)","2022-1, 2021-2, 2022-2",""
"71285-0009","HUMAN COMPOUNDED DRUG","Reperfusate 4 to 1 Low K (15 mEq) Low Tromethamine 500ml Bag","SOLUTION","INTRACORONARY","OUTSOURCING FACILITY COMPOUNDED HUMAN DRUG PRODUCT (EXEMPT FROM APPROVAL REQUIREMENTS)","Central Admixture Pharmacy Services, Inc.","POTASSIUM CHLORIDE; ASPARTIC ACID; TROMETHAMINE; GLUTAMIC ACID; DEXTROSE MONOHYDRATE; CITRIC ACID MONOHYDRATE; TRISODIUM CITRATE DIHYDRATE; SODIUM PHOSPHATE, MONOBASIC, MONOHYDRATE; ANHYDROUS DEXTROSE","15 meq/500 mL; 4.9 g/500 mL; 2.016 g/500 mL; 5.35 g/500 mL; 18.2 g/500 mL; 3.6951 g/500 mL; 29.719 g/500 mL; 2.5086 g/500 mL; 52.432 g/500 mL","71285-0009-1","500 mL in 1 BAG (71285-0009-1)","2022-1, 2021-2, 2022-2",""
"71285-0009","HUMAN COMPOUNDED DRUG","Reperfusate 4 to 1 Low K (15 mEq) Low Tromethamine 500ml Bag","SOLUTION","INTRACORONARY","OUTSOURCING FACILITY COMPOUNDED HUMAN DRUG PRODUCT (EXEMPT FROM APPROVAL REQUIREMENTS)","Central Admixture Pharmacy Services, Inc.","POTASSIUM CHLORIDE; ASPARTIC ACID; TROMETHAMINE; GLUTAMIC ACID; DEXTROSE MONOHYDRATE; CITRIC ACID MONOHYDRATE; TRISODIUM CITRATE DIHYDRATE; SODIUM PHOSPHATE, MONOBASIC, MONOHYDRATE; ANHYDROUS DEXTROSE","15 meq/500 mL; 4.9 g/500 mL; 2.016 g/500 mL; 5.35 g/500 mL; 18.2 g/500 mL; 3.6951 g/500 mL; 29.719 g/500 mL; 2.5086 g/500 mL; 52.432 g/500 mL","71285-0009-1","500 mL in 1 BAG (71285-0009-1)","2022-1, 2021-2, 2022-2",""
"71285-0009","HUMAN COMPOUNDED DRUG","Reperfusate 4 to 1 Low K (15 mEq) Low Tromethamine 500ml Bag","SOLUTION","INTRACORONARY","OUTSOURCING FACILITY COMPOUNDED HUMAN DRUG PRODUCT (EXEMPT FROM APPROVAL REQUIREMENTS)","Central Admixture Pharmacy Services, Inc.","POTASSIUM CHLORIDE; ASPARTIC ACID; TROMETHAMINE; GLUTAMIC ACID; DEXTROSE MONOHYDRATE; CITRIC ACID MONOHYDRATE; TRISODIUM CITRATE DIHYDRATE; SODIUM PHOSPHATE, MONOBASIC, MONOHYDRATE; ANHYDROUS DEXTROSE","15 meq/500 mL; 4.9 g/500 mL; 2.016 g/500 mL; 5.35 g/500 mL; 18.2 g/500 mL; 3.6951 g/500 mL; 29.719 g/500 mL; 2.5086 g/500 mL; 52.432 g/500 mL","71285-0009-1","500 mL in 1 BAG (71285-0009-1)","2022-1, 2021-2, 2022-2",""
"71285-0011","HUMAN COMPOUNDED DRUG","Warm Induction 4 to 1 High K (40 mEq) Low Tromethamine 500ml Bag","SOLUTION","INTRACORONARY","OUTSOURCING FACILITY COMPOUNDED HUMAN DRUG PRODUCT (EXEMPT FROM APPROVAL REQUIREMENTS)","Central Admixture Pharmacy Services, Inc.","POTASSIUM CHLORIDE; ASPARTIC ACID; TROMETHAMINE; GLUTAMIC ACID; DEXTROSE MONOHYDRATE; CITRIC ACID MONOHYDRATE; TRISODIUM CITRATE DIHYDRATE; SODIUM PHOSPHATE, MONOBASIC, MONOHYDRATE; ANHYDROUS DEXTROSE","40 meq/500 mL; 4.9 g/500 mL; 2.0268 g/500 mL; 5.35 g/500 mL; 12.6 g/500 mL; 3.67875 g/500 mL; 29.5875 g/500 mL; 2.4975 g/500 mL; 52.2 g/500 mL","71285-0011-1","500 mL in 1 BAG (71285-0011-1)","2022-1, 2021-2, 2022-2",""
"71285-0011","HUMAN COMPOUNDED DRUG","Warm Induction 4 to 1 High K (40 mEq) Low Tromethamine 500ml Bag","SOLUTION","INTRACORONARY","OUTSOURCING FACILITY COMPOUNDED HUMAN DRUG PRODUCT (EXEMPT FROM APPROVAL REQUIREMENTS)","Central Admixture Pharmacy Services, Inc.","POTASSIUM CHLORIDE; ASPARTIC ACID; TROMETHAMINE; GLUTAMIC ACID; DEXTROSE MONOHYDRATE; CITRIC ACID MONOHYDRATE; TRISODIUM CITRATE DIHYDRATE; SODIUM PHOSPHATE, MONOBASIC, MONOHYDRATE; ANHYDROUS DEXTROSE","40 meq/500 mL; 4.9 g/500 mL; 2.0268 g/500 mL; 5.35 g/500 mL; 12.6 g/500 mL; 3.67875 g/500 mL; 29.5875 g/500 mL; 2.4975 g/500 mL; 52.2 g/500 mL","71285-0011-1","500 mL in 1 BAG (71285-0011-1)","2022-1, 2021-2, 2022-2",""
"71285-0011","HUMAN COMPOUNDED DRUG","Warm Induction 4 to 1 High K (40 mEq) Low Tromethamine 500ml Bag","SOLUTION","INTRACORONARY","OUTSOURCING FACILITY COMPOUNDED HUMAN DRUG PRODUCT (EXEMPT FROM APPROVAL REQUIREMENTS)","Central Admixture Pharmacy Services, Inc.","POTASSIUM CHLORIDE; ASPARTIC ACID; TROMETHAMINE; GLUTAMIC ACID; DEXTROSE MONOHYDRATE; CITRIC ACID MONOHYDRATE; TRISODIUM CITRATE DIHYDRATE; SODIUM PHOSPHATE, MONOBASIC, MONOHYDRATE; ANHYDROUS DEXTROSE","40 meq/500 mL; 4.9 g/500 mL; 2.0268 g/500 mL; 5.35 g/500 mL; 12.6 g/500 mL; 3.67875 g/500 mL; 29.5875 g/500 mL; 2.4975 g/500 mL; 52.2 g/500 mL","71285-0011-1","500 mL in 1 BAG (71285-0011-1)","2022-1, 2021-2, 2022-2",""
"71285-0012","HUMAN COMPOUNDED DRUG","Microplegia (MSA/MSG 0.92 Molar) with CP2D","SOLUTION","INTRACORONARY","OUTSOURCING FACILITY COMPOUNDED HUMAN DRUG PRODUCT (EXEMPT FROM APPROVAL REQUIREMENTS)","Central Admixture Pharmacy Services, Inc.","SODIUM PHOSPHATE, MONOBASIC, MONOHYDRATE; ANHYDROUS DEXTROSE; ASPARTIC ACID; GLUTAMIC ACID; CITRIC ACID MONOHYDRATE; TRISODIUM CITRATE DIHYDRATE",".00833 g/1 mL; .174 g/1 mL; .03769 g/1 mL; .04206 g/1 mL; .01226 g/1 mL; .09863 g/1 mL","71285-0012-2","120 mL in 1 BAG (71285-0012-2)","2022-1, 2021-2, 2022-2",""
"71285-0012","HUMAN COMPOUNDED DRUG","Microplegia (MSA/MSG 0.92 Molar) with CP2D","SOLUTION","INTRACORONARY","OUTSOURCING FACILITY COMPOUNDED HUMAN DRUG PRODUCT (EXEMPT FROM APPROVAL REQUIREMENTS)","Central Admixture Pharmacy Services, Inc.","SODIUM PHOSPHATE, MONOBASIC, MONOHYDRATE; ANHYDROUS DEXTROSE; ASPARTIC ACID; GLUTAMIC ACID; CITRIC ACID MONOHYDRATE; TRISODIUM CITRATE DIHYDRATE",".00833 g/1 mL; .174 g/1 mL; .03769 g/1 mL; .04206 g/1 mL; .01226 g/1 mL; .09863 g/1 mL","71285-0012-2","120 mL in 1 BAG (71285-0012-2)","2022-1, 2021-2, 2022-2",""
"71285-0012","HUMAN COMPOUNDED DRUG","Microplegia (MSA/MSG 0.92 Molar) with CP2D","SOLUTION","INTRACORONARY","OUTSOURCING FACILITY COMPOUNDED HUMAN DRUG PRODUCT (EXEMPT FROM APPROVAL REQUIREMENTS)","Central Admixture Pharmacy Services, Inc.","SODIUM PHOSPHATE, MONOBASIC, MONOHYDRATE; ANHYDROUS DEXTROSE; ASPARTIC ACID; GLUTAMIC ACID; CITRIC ACID MONOHYDRATE; TRISODIUM CITRATE DIHYDRATE",".00833 g/1 mL; .174 g/1 mL; .03769 g/1 mL; .04206 g/1 mL; .01226 g/1 mL; .09863 g/1 mL","71285-0012-2","120 mL in 1 BAG (71285-0012-2)","2022-1, 2021-2, 2022-2",""
"71285-0014","HUMAN COMPOUNDED DRUG","Transplant Solution (Plasmalyte A, pH 7.4)","SOLUTION","INTRACORONARY","OUTSOURCING FACILITY COMPOUNDED HUMAN DRUG PRODUCT (EXEMPT FROM APPROVAL REQUIREMENTS)","Central Admixture Pharmacy Services, Inc.","ASPARTIC ACID; GLUTAMIC ACID; DEXTROSE MONOHYDRATE; SODIUM CHLORIDE; SODIUM GLUCONATE; SODIUM ACETATE; POTASSIUM CHLORIDE; MAGNESIUM CHLORIDE",".02193 g/1 mL; .03059 g/1 mL; .09036 g/1 mL; 2.39091 mg/1 mL; 2.28182 mg/1 mL; 1.67273 mg/1 mL; .16818 mg/1 mL; .13636 mg/1 mL","71285-0014-2","165 mL in 1 BAG (71285-0014-2)","2022-1, 2021-2, 2022-2",""
"71285-0014","HUMAN COMPOUNDED DRUG","Transplant Solution (Plasmalyte A, pH 7.4)","SOLUTION","INTRACORONARY","OUTSOURCING FACILITY COMPOUNDED HUMAN DRUG PRODUCT (EXEMPT FROM APPROVAL REQUIREMENTS)","Central Admixture Pharmacy Services, Inc.","ASPARTIC ACID; GLUTAMIC ACID; DEXTROSE MONOHYDRATE; SODIUM CHLORIDE; SODIUM GLUCONATE; SODIUM ACETATE; POTASSIUM CHLORIDE; MAGNESIUM CHLORIDE",".02193 g/1 mL; .03059 g/1 mL; .09036 g/1 mL; 2.39091 mg/1 mL; 2.28182 mg/1 mL; 1.67273 mg/1 mL; .16818 mg/1 mL; .13636 mg/1 mL","71285-0014-2","165 mL in 1 BAG (71285-0014-2)","2022-1, 2021-2, 2022-2",""
"71285-0014","HUMAN COMPOUNDED DRUG","Transplant Solution (Plasmalyte A, pH 7.4)","SOLUTION","INTRACORONARY","OUTSOURCING FACILITY COMPOUNDED HUMAN DRUG PRODUCT (EXEMPT FROM APPROVAL REQUIREMENTS)","Central Admixture Pharmacy Services, Inc.","ASPARTIC ACID; GLUTAMIC ACID; DEXTROSE MONOHYDRATE; SODIUM CHLORIDE; SODIUM GLUCONATE; SODIUM ACETATE; POTASSIUM CHLORIDE; MAGNESIUM CHLORIDE",".02193 g/1 mL; .03059 g/1 mL; .09036 g/1 mL; 2.39091 mg/1 mL; 2.28182 mg/1 mL; 1.67273 mg/1 mL; .16818 mg/1 mL; .13636 mg/1 mL","71285-0014-2","165 mL in 1 BAG (71285-0014-2)","2022-1, 2021-2, 2022-2",""
"71285-0015","HUMAN COMPOUNDED DRUG","Advocate Cardioplegia Solution C","SOLUTION","INTRACORONARY","OUTSOURCING FACILITY COMPOUNDED HUMAN DRUG PRODUCT (EXEMPT FROM APPROVAL REQUIREMENTS)","Central Admixture Pharmacy Services, Inc.","TRISODIUM CITRATE DIHYDRATE; SODIUM PHOSPHATE, MONOBASIC, MONOHYDRATE; ANHYDROUS DEXTROSE; DEXTROSE MONOHYDRATE; POTASSIUM CHLORIDE; ASPARTIC ACID; TROMETHAMINE; GLUTAMIC ACID; MAGNESIUM SULFATE HEPTAHYDRATE; CITRIC ACID MONOHYDRATE","5.26 g/988 mL; .444 g/988 mL; 9.28 g/988 mL; 46.9 g/988 mL; 2.384 g/988 mL; 9.8 g/988 mL; 7.2 g/988 mL; 10.7 g/988 mL; 2 g/988 mL; .654 g/988 mL","71285-0015-1","988 mL in 1 BAG (71285-0015-1)","2021-2",""
"71285-0100","HUMAN COMPOUNDED DRUG","Induction 4 to1 High K (60mEq) 830ml Bag","SOLUTION","INTRACORONARY","OUTSOURCING FACILITY COMPOUNDED HUMAN DRUG PRODUCT (EXEMPT FROM APPROVAL REQUIREMENTS)","Central Admixture Pharmacy Services, Inc.","SODIUM CHLORIDE; CITRIC ACID MONOHYDRATE; TRISODIUM CITRATE DIHYDRATE; ANHYDROUS DEXTROSE; TROMETHAMINE; POTASSIUM CHLORIDE; SODIUM PHOSPHATE, MONOBASIC, MONOHYDRATE; DEXTROSE MONOHYDRATE","18.8 meq/830 mL; 1.635 g/830 mL; 13.15 g/830 mL; 23.2 g/830 mL; 7.2 g/830 mL; 60 meq/830 mL; 1.11 g/830 mL; 49.45 g/830 mL","71285-0100-1","830 mL in 1 BAG (71285-0100-1)","2021-2, 2022-2, 2022-1",""
"71285-0100","HUMAN COMPOUNDED DRUG","Induction 4 to1 High K (60mEq) 830ml Bag","SOLUTION","INTRACORONARY","OUTSOURCING FACILITY COMPOUNDED HUMAN DRUG PRODUCT (EXEMPT FROM APPROVAL REQUIREMENTS)","Central Admixture Pharmacy Services, Inc.","SODIUM CHLORIDE; CITRIC ACID MONOHYDRATE; TRISODIUM CITRATE DIHYDRATE; ANHYDROUS DEXTROSE; TROMETHAMINE; POTASSIUM CHLORIDE; SODIUM PHOSPHATE, MONOBASIC, MONOHYDRATE; DEXTROSE MONOHYDRATE","18.8 meq/830 mL; 1.635 g/830 mL; 13.15 g/830 mL; 23.2 g/830 mL; 7.2 g/830 mL; 60 meq/830 mL; 1.11 g/830 mL; 49.45 g/830 mL","71285-0100-1","830 mL in 1 BAG (71285-0100-1)","2021-2, 2022-2, 2022-1",""
"71285-0100","HUMAN COMPOUNDED DRUG","Induction 4 to1 High K (60mEq) 830ml Bag","SOLUTION","INTRACORONARY","OUTSOURCING FACILITY COMPOUNDED HUMAN DRUG PRODUCT (EXEMPT FROM APPROVAL REQUIREMENTS)","Central Admixture Pharmacy Services, Inc.","SODIUM CHLORIDE; CITRIC ACID MONOHYDRATE; TRISODIUM CITRATE DIHYDRATE; ANHYDROUS DEXTROSE; TROMETHAMINE; POTASSIUM CHLORIDE; SODIUM PHOSPHATE, MONOBASIC, MONOHYDRATE; DEXTROSE MONOHYDRATE","18.8 meq/830 mL; 1.635 g/830 mL; 13.15 g/830 mL; 23.2 g/830 mL; 7.2 g/830 mL; 60 meq/830 mL; 1.11 g/830 mL; 49.45 g/830 mL","71285-0100-1","830 mL in 1 BAG (71285-0100-1)","2021-2, 2022-2, 2022-1",""
"71285-0101","HUMAN COMPOUNDED DRUG","Induction 4 to1 High K (36mEq) Low Tromethamine 500ml Bag","SOLUTION","INTRACORONARY","OUTSOURCING FACILITY COMPOUNDED HUMAN DRUG PRODUCT (EXEMPT FROM APPROVAL REQUIREMENTS)","Central Admixture Pharmacy Services, Inc.","SODIUM PHOSPHATE, MONOBASIC, MONOHYDRATE; ANHYDROUS DEXTROSE; CITRIC ACID MONOHYDRATE; TRISODIUM CITRATE DIHYDRATE; SODIUM CHLORIDE; TROMETHAMINE; POTASSIUM CHLORIDE; DEXTROSE MONOHYDRATE",".666 g/500 mL; 13.92 g/500 mL; .981 g/500 mL; 7.89 g/500 mL; 13.6 meq/500 mL; 2.16 g/500 mL; 36 meq/500 mL; 19.6 g/500 mL","71285-0101-1","500 mL in 1 BAG (71285-0101-1)","2021-2, 2022-2, 2022-1",""
"71285-0101","HUMAN COMPOUNDED DRUG","Induction 4 to1 High K (36mEq) Low Tromethamine 500ml Bag","SOLUTION","INTRACORONARY","OUTSOURCING FACILITY COMPOUNDED HUMAN DRUG PRODUCT (EXEMPT FROM APPROVAL REQUIREMENTS)","Central Admixture Pharmacy Services, Inc.","SODIUM PHOSPHATE, MONOBASIC, MONOHYDRATE; ANHYDROUS DEXTROSE; CITRIC ACID MONOHYDRATE; TRISODIUM CITRATE DIHYDRATE; SODIUM CHLORIDE; TROMETHAMINE; POTASSIUM CHLORIDE; DEXTROSE MONOHYDRATE",".666 g/500 mL; 13.92 g/500 mL; .981 g/500 mL; 7.89 g/500 mL; 13.6 meq/500 mL; 2.16 g/500 mL; 36 meq/500 mL; 19.6 g/500 mL","71285-0101-1","500 mL in 1 BAG (71285-0101-1)","2021-2, 2022-2, 2022-1",""
"71285-0101","HUMAN COMPOUNDED DRUG","Induction 4 to1 High K (36mEq) Low Tromethamine 500ml Bag","SOLUTION","INTRACORONARY","OUTSOURCING FACILITY COMPOUNDED HUMAN DRUG PRODUCT (EXEMPT FROM APPROVAL REQUIREMENTS)","Central Admixture Pharmacy Services, Inc.","SODIUM PHOSPHATE, MONOBASIC, MONOHYDRATE; ANHYDROUS DEXTROSE; CITRIC ACID MONOHYDRATE; TRISODIUM CITRATE DIHYDRATE; SODIUM CHLORIDE; TROMETHAMINE; POTASSIUM CHLORIDE; DEXTROSE MONOHYDRATE",".666 g/500 mL; 13.92 g/500 mL; .981 g/500 mL; 7.89 g/500 mL; 13.6 meq/500 mL; 2.16 g/500 mL; 36 meq/500 mL; 19.6 g/500 mL","71285-0101-1","500 mL in 1 BAG (71285-0101-1)","2021-2, 2022-2, 2022-1",""
"71285-0102","HUMAN COMPOUNDED DRUG","Induction 8 to1 High K (108 mEq) 500ml Bag","SOLUTION","INTRACORONARY","OUTSOURCING FACILITY COMPOUNDED HUMAN DRUG PRODUCT (EXEMPT FROM APPROVAL REQUIREMENTS)","Central Admixture Pharmacy Services, Inc.","POTASSIUM CHLORIDE; DEXTROSE MONOHYDRATE; CITRIC ACID MONOHYDRATE; TRISODIUM CITRATE DIHYDRATE; SODIUM PHOSPHATE, MONOBASIC, MONOHYDRATE; ANHYDROUS DEXTROSE; SODIUM CHLORIDE; TROMETHAMINE","108 meq/500 mL; 35.15 g/500 mL; 1.5696 g/500 mL; 12.624 g/500 mL; 1.0656 g/500 mL; 22.272 g/500 mL; 9.6 meq/500 mL; 4.896 g/500 mL","71285-0102-1","500 mL in 1 BAG (71285-0102-1)","2021-2, 2022-2, 2022-1",""
"71285-0102","HUMAN COMPOUNDED DRUG","Induction 8 to1 High K (108 mEq) 500ml Bag","SOLUTION","INTRACORONARY","OUTSOURCING FACILITY COMPOUNDED HUMAN DRUG PRODUCT (EXEMPT FROM APPROVAL REQUIREMENTS)","Central Admixture Pharmacy Services, Inc.","POTASSIUM CHLORIDE; DEXTROSE MONOHYDRATE; CITRIC ACID MONOHYDRATE; TRISODIUM CITRATE DIHYDRATE; SODIUM PHOSPHATE, MONOBASIC, MONOHYDRATE; ANHYDROUS DEXTROSE; SODIUM CHLORIDE; TROMETHAMINE","108 meq/500 mL; 35.15 g/500 mL; 1.5696 g/500 mL; 12.624 g/500 mL; 1.0656 g/500 mL; 22.272 g/500 mL; 9.6 meq/500 mL; 4.896 g/500 mL","71285-0102-1","500 mL in 1 BAG (71285-0102-1)","2021-2, 2022-2, 2022-1",""
"71285-0102","HUMAN COMPOUNDED DRUG","Induction 8 to1 High K (108 mEq) 500ml Bag","SOLUTION","INTRACORONARY","OUTSOURCING FACILITY COMPOUNDED HUMAN DRUG PRODUCT (EXEMPT FROM APPROVAL REQUIREMENTS)","Central Admixture Pharmacy Services, Inc.","POTASSIUM CHLORIDE; DEXTROSE MONOHYDRATE; CITRIC ACID MONOHYDRATE; TRISODIUM CITRATE DIHYDRATE; SODIUM PHOSPHATE, MONOBASIC, MONOHYDRATE; ANHYDROUS DEXTROSE; SODIUM CHLORIDE; TROMETHAMINE","108 meq/500 mL; 35.15 g/500 mL; 1.5696 g/500 mL; 12.624 g/500 mL; 1.0656 g/500 mL; 22.272 g/500 mL; 9.6 meq/500 mL; 4.896 g/500 mL","71285-0102-1","500 mL in 1 BAG (71285-0102-1)","2021-2, 2022-2, 2022-1",""
"71285-0103","HUMAN COMPOUNDED DRUG","Maintenance 4 to1 Low K (20 mEq) 810ml Bag","SOLUTION","INTRACORONARY","OUTSOURCING FACILITY COMPOUNDED HUMAN DRUG PRODUCT (EXEMPT FROM APPROVAL REQUIREMENTS)","Central Admixture Pharmacy Services, Inc.","CITRIC ACID MONOHYDRATE; TRISODIUM CITRATE DIHYDRATE; SODIUM PHOSPHATE, MONOBASIC, MONOHYDRATE; ANHYDROUS DEXTROSE; SODIUM CHLORIDE; TROMETHAMINE; POTASSIUM CHLORIDE; DEXTROSE MONOHYDRATE","1.635 g/810 mL; 13.15 g/810 mL; 1.11 g/810 mL; 23.2 g/810 mL; 18.8 meq/810 mL; 7.2 g/810 mL; 20 meq/810 mL; 49.45 g/810 mL","71285-0103-1","810 mL in 1 BAG (71285-0103-1)","2021-2, 2022-2, 2022-1",""
"71285-0103","HUMAN COMPOUNDED DRUG","Maintenance 4 to1 Low K (20 mEq) 810ml Bag","SOLUTION","INTRACORONARY","OUTSOURCING FACILITY COMPOUNDED HUMAN DRUG PRODUCT (EXEMPT FROM APPROVAL REQUIREMENTS)","Central Admixture Pharmacy Services, Inc.","CITRIC ACID MONOHYDRATE; TRISODIUM CITRATE DIHYDRATE; SODIUM PHOSPHATE, MONOBASIC, MONOHYDRATE; ANHYDROUS DEXTROSE; SODIUM CHLORIDE; TROMETHAMINE; POTASSIUM CHLORIDE; DEXTROSE MONOHYDRATE","1.635 g/810 mL; 13.15 g/810 mL; 1.11 g/810 mL; 23.2 g/810 mL; 18.8 meq/810 mL; 7.2 g/810 mL; 20 meq/810 mL; 49.45 g/810 mL","71285-0103-1","810 mL in 1 BAG (71285-0103-1)","2021-2, 2022-2, 2022-1",""
"71285-0103","HUMAN COMPOUNDED DRUG","Maintenance 4 to1 Low K (20 mEq) 810ml Bag","SOLUTION","INTRACORONARY","OUTSOURCING FACILITY COMPOUNDED HUMAN DRUG PRODUCT (EXEMPT FROM APPROVAL REQUIREMENTS)","Central Admixture Pharmacy Services, Inc.","CITRIC ACID MONOHYDRATE; TRISODIUM CITRATE DIHYDRATE; SODIUM PHOSPHATE, MONOBASIC, MONOHYDRATE; ANHYDROUS DEXTROSE; SODIUM CHLORIDE; TROMETHAMINE; POTASSIUM CHLORIDE; DEXTROSE MONOHYDRATE","1.635 g/810 mL; 13.15 g/810 mL; 1.11 g/810 mL; 23.2 g/810 mL; 18.8 meq/810 mL; 7.2 g/810 mL; 20 meq/810 mL; 49.45 g/810 mL","71285-0103-1","810 mL in 1 BAG (71285-0103-1)","2021-2, 2022-2, 2022-1",""
"71285-0104","HUMAN COMPOUNDED DRUG","Maintenance 4 to 1 Low K (36 mEq) Low Tromethamine 1000ml Bag","SOLUTION","INTRACORONARY","OUTSOURCING FACILITY COMPOUNDED HUMAN DRUG PRODUCT (EXEMPT FROM APPROVAL REQUIREMENTS)","Central Admixture Pharmacy Services, Inc.","CITRIC ACID MONOHYDRATE; SODIUM PHOSPHATE, MONOBASIC, MONOHYDRATE; ANHYDROUS DEXTROSE; SODIUM CHLORIDE; TROMETHAMINE; POTASSIUM CHLORIDE; DEXTROSE MONOHYDRATE; TRISODIUM CITRATE DIHYDRATE","1.9947 g/1000 mL; 1.3542 g/1000 mL; 28.304 g/1000 mL; 27.2 meq/1000 mL; 4.428 g/1000 mL; 36 meq/1000 mL; 68.2 g/1000 mL; 16.043 g/1000 mL","71285-0104-1","1000 mL in 1 BAG (71285-0104-1)","2021-2, 2022-2, 2022-1",""
"71285-0104","HUMAN COMPOUNDED DRUG","Maintenance 4 to 1 Low K (36 mEq) Low Tromethamine 1000ml Bag","SOLUTION","INTRACORONARY","OUTSOURCING FACILITY COMPOUNDED HUMAN DRUG PRODUCT (EXEMPT FROM APPROVAL REQUIREMENTS)","Central Admixture Pharmacy Services, Inc.","CITRIC ACID MONOHYDRATE; SODIUM PHOSPHATE, MONOBASIC, MONOHYDRATE; ANHYDROUS DEXTROSE; SODIUM CHLORIDE; TROMETHAMINE; POTASSIUM CHLORIDE; DEXTROSE MONOHYDRATE; TRISODIUM CITRATE DIHYDRATE","1.9947 g/1000 mL; 1.3542 g/1000 mL; 28.304 g/1000 mL; 27.2 meq/1000 mL; 4.428 g/1000 mL; 36 meq/1000 mL; 68.2 g/1000 mL; 16.043 g/1000 mL","71285-0104-1","1000 mL in 1 BAG (71285-0104-1)","2021-2, 2022-2, 2022-1",""
"71285-0104","HUMAN COMPOUNDED DRUG","Maintenance 4 to 1 Low K (36 mEq) Low Tromethamine 1000ml Bag","SOLUTION","INTRACORONARY","OUTSOURCING FACILITY COMPOUNDED HUMAN DRUG PRODUCT (EXEMPT FROM APPROVAL REQUIREMENTS)","Central Admixture Pharmacy Services, Inc.","CITRIC ACID MONOHYDRATE; SODIUM PHOSPHATE, MONOBASIC, MONOHYDRATE; ANHYDROUS DEXTROSE; SODIUM CHLORIDE; TROMETHAMINE; POTASSIUM CHLORIDE; DEXTROSE MONOHYDRATE; TRISODIUM CITRATE DIHYDRATE","1.9947 g/1000 mL; 1.3542 g/1000 mL; 28.304 g/1000 mL; 27.2 meq/1000 mL; 4.428 g/1000 mL; 36 meq/1000 mL; 68.2 g/1000 mL; 16.043 g/1000 mL","71285-0104-1","1000 mL in 1 BAG (71285-0104-1)","2021-2, 2022-2, 2022-1",""
"71285-0105","HUMAN COMPOUNDED DRUG","Maintenance 8 to1 Low K (24 mEq) 500ml Bag","SOLUTION","INTRACORONARY","OUTSOURCING FACILITY COMPOUNDED HUMAN DRUG PRODUCT (EXEMPT FROM APPROVAL REQUIREMENTS)","Central Admixture Pharmacy Services, Inc.","CITRIC ACID MONOHYDRATE; SODIUM PHOSPHATE, MONOBASIC, MONOHYDRATE; ANHYDROUS DEXTROSE; TRISODIUM CITRATE DIHYDRATE; SODIUM CHLORIDE; TROMETHAMINE; POTASSIUM CHLORIDE; DEXTROSE MONOHYDRATE","1.5696 g/500 mL; 1.0656 g/500 mL; 22.272 g/500 mL; 12.624 g/500 mL; 10.4 meq/500 mL; 4.896 g/500 mL; 24 meq/500 mL; 36.272 g/500 mL","71285-0105-1","500 mL in 1 BAG (71285-0105-1)","2021-2, 2022-2, 2022-1",""
"71285-0105","HUMAN COMPOUNDED DRUG","Maintenance 8 to1 Low K (24 mEq) 500ml Bag","SOLUTION","INTRACORONARY","OUTSOURCING FACILITY COMPOUNDED HUMAN DRUG PRODUCT (EXEMPT FROM APPROVAL REQUIREMENTS)","Central Admixture Pharmacy Services, Inc.","CITRIC ACID MONOHYDRATE; SODIUM PHOSPHATE, MONOBASIC, MONOHYDRATE; ANHYDROUS DEXTROSE; TRISODIUM CITRATE DIHYDRATE; SODIUM CHLORIDE; TROMETHAMINE; POTASSIUM CHLORIDE; DEXTROSE MONOHYDRATE","1.5696 g/500 mL; 1.0656 g/500 mL; 22.272 g/500 mL; 12.624 g/500 mL; 10.4 meq/500 mL; 4.896 g/500 mL; 24 meq/500 mL; 36.272 g/500 mL","71285-0105-1","500 mL in 1 BAG (71285-0105-1)","2021-2, 2022-2, 2022-1",""
"71285-0105","HUMAN COMPOUNDED DRUG","Maintenance 8 to1 Low K (24 mEq) 500ml Bag","SOLUTION","INTRACORONARY","OUTSOURCING FACILITY COMPOUNDED HUMAN DRUG PRODUCT (EXEMPT FROM APPROVAL REQUIREMENTS)","Central Admixture Pharmacy Services, Inc.","CITRIC ACID MONOHYDRATE; SODIUM PHOSPHATE, MONOBASIC, MONOHYDRATE; ANHYDROUS DEXTROSE; TRISODIUM CITRATE DIHYDRATE; SODIUM CHLORIDE; TROMETHAMINE; POTASSIUM CHLORIDE; DEXTROSE MONOHYDRATE","1.5696 g/500 mL; 1.0656 g/500 mL; 22.272 g/500 mL; 12.624 g/500 mL; 10.4 meq/500 mL; 4.896 g/500 mL; 24 meq/500 mL; 36.272 g/500 mL","71285-0105-1","500 mL in 1 BAG (71285-0105-1)","2021-2, 2022-2, 2022-1",""
"71285-0106","HUMAN COMPOUNDED DRUG","Induction 4 to 1 High K (30mEq) 415ml Bag","SOLUTION","INTRACORONARY","OUTSOURCING FACILITY COMPOUNDED HUMAN DRUG PRODUCT (EXEMPT FROM APPROVAL REQUIREMENTS)","Central Admixture Pharmacy Services, Inc.","SODIUM PHOSPHATE, MONOBASIC, MONOHYDRATE; ANHYDROUS DEXTROSE; CITRIC ACID MONOHYDRATE; TRISODIUM CITRATE DIHYDRATE; SODIUM CHLORIDE; TROMETHAMINE; POTASSIUM CHLORIDE; DEXTROSE MONOHYDRATE",".555 g/415 mL; 11.6 g/415 mL; .8175 g/415 mL; 6.575 g/415 mL; 9.6 meq/415 mL; 3.6 g/415 mL; 30 meq/415 mL; 24.76 g/415 mL","71285-0106-1","415 mL in 1 BAG (71285-0106-1)","2022-1, 2021-2, 2022-2",""
"71285-0106","HUMAN COMPOUNDED DRUG","Induction 4 to 1 High K (30mEq) 415ml Bag","SOLUTION","INTRACORONARY","OUTSOURCING FACILITY COMPOUNDED HUMAN DRUG PRODUCT (EXEMPT FROM APPROVAL REQUIREMENTS)","Central Admixture Pharmacy Services, Inc.","SODIUM PHOSPHATE, MONOBASIC, MONOHYDRATE; ANHYDROUS DEXTROSE; CITRIC ACID MONOHYDRATE; TRISODIUM CITRATE DIHYDRATE; SODIUM CHLORIDE; TROMETHAMINE; POTASSIUM CHLORIDE; DEXTROSE MONOHYDRATE",".555 g/415 mL; 11.6 g/415 mL; .8175 g/415 mL; 6.575 g/415 mL; 9.6 meq/415 mL; 3.6 g/415 mL; 30 meq/415 mL; 24.76 g/415 mL","71285-0106-1","415 mL in 1 BAG (71285-0106-1)","2022-1, 2021-2, 2022-2",""
"71285-0106","HUMAN COMPOUNDED DRUG","Induction 4 to 1 High K (30mEq) 415ml Bag","SOLUTION","INTRACORONARY","OUTSOURCING FACILITY COMPOUNDED HUMAN DRUG PRODUCT (EXEMPT FROM APPROVAL REQUIREMENTS)","Central Admixture Pharmacy Services, Inc.","SODIUM PHOSPHATE, MONOBASIC, MONOHYDRATE; ANHYDROUS DEXTROSE; CITRIC ACID MONOHYDRATE; TRISODIUM CITRATE DIHYDRATE; SODIUM CHLORIDE; TROMETHAMINE; POTASSIUM CHLORIDE; DEXTROSE MONOHYDRATE",".555 g/415 mL; 11.6 g/415 mL; .8175 g/415 mL; 6.575 g/415 mL; 9.6 meq/415 mL; 3.6 g/415 mL; 30 meq/415 mL; 24.76 g/415 mL","71285-0106-1","415 mL in 1 BAG (71285-0106-1)","2022-1, 2021-2, 2022-2",""
"71285-0107","HUMAN COMPOUNDED DRUG","Induction 8 to High K (100 mEq) LOW DEXTROSE 500ml Bag","SOLUTION","INTRACORONARY","OUTSOURCING FACILITY COMPOUNDED HUMAN DRUG PRODUCT (EXEMPT FROM APPROVAL REQUIREMENTS)","Central Admixture Pharmacy Services, Inc.","CITRIC ACID MONOHYDRATE; TRISODIUM CITRATE DIHYDRATE; SODIUM PHOSPHATE, MONOBASIC, MONOHYDRATE; ANHYDROUS DEXTROSE; SODIUM CHLORIDE; TROMETHAMINE; POTASSIUM CHLORIDE","1.03332 g/500 mL; 8.3108 g/500 mL; .70152 g/500 mL; 14.6624 g/500 mL; 12.4 meq/500 mL; 45.576 g/500 mL; 100 meq/500 mL","71285-0107-1","500 mL in 1 BAG (71285-0107-1)","2022-1, 2021-2, 2022-2",""
"71285-0107","HUMAN COMPOUNDED DRUG","Induction 8 to High K (100 mEq) LOW DEXTROSE 500ml Bag","SOLUTION","INTRACORONARY","OUTSOURCING FACILITY COMPOUNDED HUMAN DRUG PRODUCT (EXEMPT FROM APPROVAL REQUIREMENTS)","Central Admixture Pharmacy Services, Inc.","CITRIC ACID MONOHYDRATE; TRISODIUM CITRATE DIHYDRATE; SODIUM PHOSPHATE, MONOBASIC, MONOHYDRATE; ANHYDROUS DEXTROSE; SODIUM CHLORIDE; TROMETHAMINE; POTASSIUM CHLORIDE","1.03332 g/500 mL; 8.3108 g/500 mL; .70152 g/500 mL; 14.6624 g/500 mL; 12.4 meq/500 mL; 45.576 g/500 mL; 100 meq/500 mL","71285-0107-1","500 mL in 1 BAG (71285-0107-1)","2022-1, 2021-2, 2022-2",""
"71285-0107","HUMAN COMPOUNDED DRUG","Induction 8 to High K (100 mEq) LOW DEXTROSE 500ml Bag","SOLUTION","INTRACORONARY","OUTSOURCING FACILITY COMPOUNDED HUMAN DRUG PRODUCT (EXEMPT FROM APPROVAL REQUIREMENTS)","Central Admixture Pharmacy Services, Inc.","CITRIC ACID MONOHYDRATE; TRISODIUM CITRATE DIHYDRATE; SODIUM PHOSPHATE, MONOBASIC, MONOHYDRATE; ANHYDROUS DEXTROSE; SODIUM CHLORIDE; TROMETHAMINE; POTASSIUM CHLORIDE","1.03332 g/500 mL; 8.3108 g/500 mL; .70152 g/500 mL; 14.6624 g/500 mL; 12.4 meq/500 mL; 45.576 g/500 mL; 100 meq/500 mL","71285-0107-1","500 mL in 1 BAG (71285-0107-1)","2022-1, 2021-2, 2022-2",""
"71285-0111","HUMAN COMPOUNDED DRUG","Induction 4 to1 High K (50 mEq) In Plasmalyte A, ph 7.4 with Tromethamine 500ml Bag","SOLUTION","INTRACORONARY","OUTSOURCING FACILITY COMPOUNDED HUMAN DRUG PRODUCT (EXEMPT FROM APPROVAL REQUIREMENTS)","Central Admixture Pharmacy Services, Inc.","MANNITOL; MAGNESIUM SULFATE HEPTAHYDRATE; SODIUM CHLORIDE; POTASSIUM CHLORIDE; MAGNESIUM CHLORIDE; TROMETHAMINE; DEXTROSE MONOHYDRATE; SODIUM ACETATE; SODIUM GLUCONATE","3.6 g/500 mL; 20.3 meq/500 mL; 1.9725 g/500 mL; 3.86375 g/500 mL; .1125 g/500 mL; 2.268 g/500 mL; 6.51 g/500 mL; 1.38 g/500 mL; 1.8825 g/500 mL","71285-0111-1","500 mL in 1 BAG (71285-0111-1)","2021-2, 2022-2, 2022-1",""
"71285-0111","HUMAN COMPOUNDED DRUG","Induction 4 to1 High K (50 mEq) In Plasmalyte A, ph 7.4 with Tromethamine 500ml Bag","SOLUTION","INTRACORONARY","OUTSOURCING FACILITY COMPOUNDED HUMAN DRUG PRODUCT (EXEMPT FROM APPROVAL REQUIREMENTS)","Central Admixture Pharmacy Services, Inc.","MANNITOL; MAGNESIUM SULFATE HEPTAHYDRATE; SODIUM CHLORIDE; POTASSIUM CHLORIDE; MAGNESIUM CHLORIDE; TROMETHAMINE; DEXTROSE MONOHYDRATE; SODIUM ACETATE; SODIUM GLUCONATE","3.6 g/500 mL; 20.3 meq/500 mL; 1.9725 g/500 mL; 3.86375 g/500 mL; .1125 g/500 mL; 2.268 g/500 mL; 6.51 g/500 mL; 1.38 g/500 mL; 1.8825 g/500 mL","71285-0111-1","500 mL in 1 BAG (71285-0111-1)","2021-2, 2022-2, 2022-1",""
"71285-0111","HUMAN COMPOUNDED DRUG","Induction 4 to1 High K (50 mEq) In Plasmalyte A, ph 7.4 with Tromethamine 500ml Bag","SOLUTION","INTRACORONARY","OUTSOURCING FACILITY COMPOUNDED HUMAN DRUG PRODUCT (EXEMPT FROM APPROVAL REQUIREMENTS)","Central Admixture Pharmacy Services, Inc.","MANNITOL; MAGNESIUM SULFATE HEPTAHYDRATE; SODIUM CHLORIDE; POTASSIUM CHLORIDE; MAGNESIUM CHLORIDE; TROMETHAMINE; DEXTROSE MONOHYDRATE; SODIUM ACETATE; SODIUM GLUCONATE","3.6 g/500 mL; 20.3 meq/500 mL; 1.9725 g/500 mL; 3.86375 g/500 mL; .1125 g/500 mL; 2.268 g/500 mL; 6.51 g/500 mL; 1.38 g/500 mL; 1.8825 g/500 mL","71285-0111-1","500 mL in 1 BAG (71285-0111-1)","2021-2, 2022-2, 2022-1",""
"71285-0112","HUMAN COMPOUNDED DRUG","Maintenance 4 to1 Low K (40 mEq) In Plasmalyte A, ph 7.4 with Tromethamine","SOLUTION","INTRACORONARY","OUTSOURCING FACILITY COMPOUNDED HUMAN DRUG PRODUCT (EXEMPT FROM APPROVAL REQUIREMENTS)","Central Admixture Pharmacy Services, Inc.","SODIUM CHLORIDE; SODIUM GLUCONATE; MAGNESIUM CHLORIDE; SODIUM ACETATE; POTASSIUM CHLORIDE; MANNITOL; MAGNESIUM SULFATE HEPTAHYDRATE; TROMETHAMINE; DEXTROSE MONOHYDRATE","4.1028 g/1000 mL; 3.9156 g/1000 mL; .234 g/1000 mL; 2.8704 g/1000 mL; 3.2686 g/1000 mL; 7 g/1000 mL; 40.6 meq/1000 mL; 4.536 g/1000 mL; 12.53 g/1000 mL","71285-0112-1","1000 mL in 1 BAG (71285-0112-1)","2022-1, 2021-2, 2022-2",""
"71285-0112","HUMAN COMPOUNDED DRUG","Maintenance 4 to1 Low K (40 mEq) In Plasmalyte A, ph 7.4 with Tromethamine","SOLUTION","INTRACORONARY","OUTSOURCING FACILITY COMPOUNDED HUMAN DRUG PRODUCT (EXEMPT FROM APPROVAL REQUIREMENTS)","Central Admixture Pharmacy Services, Inc.","SODIUM CHLORIDE; SODIUM GLUCONATE; MAGNESIUM CHLORIDE; SODIUM ACETATE; POTASSIUM CHLORIDE; MANNITOL; MAGNESIUM SULFATE HEPTAHYDRATE; TROMETHAMINE; DEXTROSE MONOHYDRATE","4.1028 g/1000 mL; 3.9156 g/1000 mL; .234 g/1000 mL; 2.8704 g/1000 mL; 3.2686 g/1000 mL; 7 g/1000 mL; 40.6 meq/1000 mL; 4.536 g/1000 mL; 12.53 g/1000 mL","71285-0112-1","1000 mL in 1 BAG (71285-0112-1)","2022-1, 2021-2, 2022-2",""
"71285-0112","HUMAN COMPOUNDED DRUG","Maintenance 4 to1 Low K (40 mEq) In Plasmalyte A, ph 7.4 with Tromethamine","SOLUTION","INTRACORONARY","OUTSOURCING FACILITY COMPOUNDED HUMAN DRUG PRODUCT (EXEMPT FROM APPROVAL REQUIREMENTS)","Central Admixture Pharmacy Services, Inc.","SODIUM CHLORIDE; SODIUM GLUCONATE; MAGNESIUM CHLORIDE; SODIUM ACETATE; POTASSIUM CHLORIDE; MANNITOL; MAGNESIUM SULFATE HEPTAHYDRATE; TROMETHAMINE; DEXTROSE MONOHYDRATE","4.1028 g/1000 mL; 3.9156 g/1000 mL; .234 g/1000 mL; 2.8704 g/1000 mL; 3.2686 g/1000 mL; 7 g/1000 mL; 40.6 meq/1000 mL; 4.536 g/1000 mL; 12.53 g/1000 mL","71285-0112-1","1000 mL in 1 BAG (71285-0112-1)","2022-1, 2021-2, 2022-2",""
"71285-0113","HUMAN COMPOUNDED DRUG","Advocate Cardioplegia Solution A","SOLUTION","INTRACORONARY","OUTSOURCING FACILITY COMPOUNDED HUMAN DRUG PRODUCT (EXEMPT FROM APPROVAL REQUIREMENTS)","Central Admixture Pharmacy Services, Inc.","CITRIC ACID MONOHYDRATE; TRISODIUM CITRATE DIHYDRATE; SODIUM PHOSPHATE, MONOBASIC, MONOHYDRATE; MAGNESIUM SULFATE HEPTAHYDRATE; TROMETHAMINE; POTASSIUM CHLORIDE; DEXTROSE MONOHYDRATE; ANHYDROUS DEXTROSE; SODIUM CHLORIDE",".654 g/990.5 mL; 5.26 g/990.5 mL; .444 g/990.5 mL; 16.24 meq/990.5 mL; 7.2 g/990.5 mL; 60 meq/990.5 mL; 35.952 g/990.5 mL; 9.28 g/990.5 mL; 34 meq/990.5 mL","71285-0113-1","990.5 mL in 1 BAG (71285-0113-1)","2021-2",""
"71285-0202","HUMAN COMPOUNDED DRUG","del Nido Plasmalyte-A","SOLUTION","INTRACORONARY","OUTSOURCING FACILITY COMPOUNDED HUMAN DRUG PRODUCT (EXEMPT FROM APPROVAL REQUIREMENTS)","Central Admixture Pharmacy Services, Inc.","MANNITOL; LIDOCAINE HYDROCHLORIDE; MAGNESIUM SULFATE HEPTAHYDRATE; MAGNESIUM CHLORIDE; SODIUM GLUCONATE; SODIUM ACETATE; POTASSIUM CHLORIDE; SODIUM CHLORIDE; SODIUM BICARBONATE","3.26 g/1052.8 mL; 130 mg/1052.8 mL; 16.24 meq/1052.8 mL; .3 g/1052.8 mL; 5.02 g/1052.8 mL; 3.68 g/1052.8 mL; 2.307 g/1052.8 mL; 5.26 g/1052.8 mL; 1.092 g/1052.8 mL","71285-0202-1","1052.8 mL in 1 BAG (71285-0202-1)","2022-1, 2021-2, 2022-2",""
"71285-0202","HUMAN COMPOUNDED DRUG","del Nido Plasmalyte-A","SOLUTION","INTRACORONARY","OUTSOURCING FACILITY COMPOUNDED HUMAN DRUG PRODUCT (EXEMPT FROM APPROVAL REQUIREMENTS)","Central Admixture Pharmacy Services, Inc.","MANNITOL; LIDOCAINE HYDROCHLORIDE; MAGNESIUM SULFATE HEPTAHYDRATE; MAGNESIUM CHLORIDE; SODIUM GLUCONATE; SODIUM ACETATE; POTASSIUM CHLORIDE; SODIUM CHLORIDE; SODIUM BICARBONATE","3.26 g/1052.8 mL; 130 mg/1052.8 mL; 16.24 meq/1052.8 mL; .3 g/1052.8 mL; 5.02 g/1052.8 mL; 3.68 g/1052.8 mL; 2.307 g/1052.8 mL; 5.26 g/1052.8 mL; 1.092 g/1052.8 mL","71285-0202-1","1052.8 mL in 1 BAG (71285-0202-1)","2022-1, 2021-2, 2022-2",""
"71285-0202","HUMAN COMPOUNDED DRUG","del Nido Plasmalyte-A","SOLUTION","INTRACORONARY","OUTSOURCING FACILITY COMPOUNDED HUMAN DRUG PRODUCT (EXEMPT FROM APPROVAL REQUIREMENTS)","Central Admixture Pharmacy Services, Inc.","MANNITOL; LIDOCAINE HYDROCHLORIDE; MAGNESIUM SULFATE HEPTAHYDRATE; MAGNESIUM CHLORIDE; SODIUM GLUCONATE; SODIUM ACETATE; POTASSIUM CHLORIDE; SODIUM CHLORIDE; SODIUM BICARBONATE","3.26 g/1052.8 mL; 130 mg/1052.8 mL; 16.24 meq/1052.8 mL; .3 g/1052.8 mL; 5.02 g/1052.8 mL; 3.68 g/1052.8 mL; 2.307 g/1052.8 mL; 5.26 g/1052.8 mL; 1.092 g/1052.8 mL","71285-0202-1","1052.8 mL in 1 BAG (71285-0202-1)","2022-1, 2021-2, 2022-2",""
"71285-0203","HUMAN COMPOUNDED DRUG","Modified St. Thomas Low K (62 mEq) High Sodium Bicarbonate 1000 mL Bag","SOLUTION","INTRACORONARY","OUTSOURCING FACILITY COMPOUNDED HUMAN DRUG PRODUCT (EXEMPT FROM APPROVAL REQUIREMENTS)","Central Admixture Pharmacy Services, Inc.","SODIUM CHLORIDE; MAGNESIUM SULFATE HEPTAHYDRATE; POTASSIUM CHLORIDE; SODIUM BICARBONATE; CALCIUM CHLORIDE","100 meq/1000 mL; 29.232 meq/1000 mL; 62 meq/1000 mL; 3.864 g/1000 mL; 2.176 meq/1000 mL","71285-0203-1","1052.8 mL in 1 BAG (71285-0203-1)","2022-1, 2021-2, 2022-2",""
"71285-0203","HUMAN COMPOUNDED DRUG","Modified St. Thomas Low K (62 mEq) High Sodium Bicarbonate 1000 mL Bag","SOLUTION","INTRACORONARY","OUTSOURCING FACILITY COMPOUNDED HUMAN DRUG PRODUCT (EXEMPT FROM APPROVAL REQUIREMENTS)","Central Admixture Pharmacy Services, Inc.","SODIUM CHLORIDE; MAGNESIUM SULFATE HEPTAHYDRATE; POTASSIUM CHLORIDE; SODIUM BICARBONATE; CALCIUM CHLORIDE","100 meq/1000 mL; 29.232 meq/1000 mL; 62 meq/1000 mL; 3.864 g/1000 mL; 2.176 meq/1000 mL","71285-0203-1","1052.8 mL in 1 BAG (71285-0203-1)","2022-1, 2021-2, 2022-2",""
"71285-0203","HUMAN COMPOUNDED DRUG","Modified St. Thomas Low K (62 mEq) High Sodium Bicarbonate 1000 mL Bag","SOLUTION","INTRACORONARY","OUTSOURCING FACILITY COMPOUNDED HUMAN DRUG PRODUCT (EXEMPT FROM APPROVAL REQUIREMENTS)","Central Admixture Pharmacy Services, Inc.","SODIUM CHLORIDE; MAGNESIUM SULFATE HEPTAHYDRATE; POTASSIUM CHLORIDE; SODIUM BICARBONATE; CALCIUM CHLORIDE","100 meq/1000 mL; 29.232 meq/1000 mL; 62 meq/1000 mL; 3.864 g/1000 mL; 2.176 meq/1000 mL","71285-0203-1","1052.8 mL in 1 BAG (71285-0203-1)","2022-1, 2021-2, 2022-2",""
"71285-0204","HUMAN COMPOUNDED DRUG","Modified St. Thomas High K (106 mEq) High Sodium Bicarbonate 1000 mL Bag","SOLUTION","INTRACORONARY","OUTSOURCING FACILITY COMPOUNDED HUMAN DRUG PRODUCT (EXEMPT FROM APPROVAL REQUIREMENTS)","Central Admixture Pharmacy Services, Inc.","SODIUM CHLORIDE; MAGNESIUM SULFATE HEPTAHYDRATE; POTASSIUM CHLORIDE; SODIUM BICARBONATE; CALCIUM CHLORIDE","100 meq/1000 mL; 29.232 meq/1000 mL; 106 meq/1000 mL; 3.864 g/1000 mL; 2.176 meq/1000 mL","71285-0204-1","1000 mL in 1 BAG (71285-0204-1)","2022-1, 2021-2, 2022-2",""
"71285-0204","HUMAN COMPOUNDED DRUG","Modified St. Thomas High K (106 mEq) High Sodium Bicarbonate 1000 mL Bag","SOLUTION","INTRACORONARY","OUTSOURCING FACILITY COMPOUNDED HUMAN DRUG PRODUCT (EXEMPT FROM APPROVAL REQUIREMENTS)","Central Admixture Pharmacy Services, Inc.","SODIUM CHLORIDE; MAGNESIUM SULFATE HEPTAHYDRATE; POTASSIUM CHLORIDE; SODIUM BICARBONATE; CALCIUM CHLORIDE","100 meq/1000 mL; 29.232 meq/1000 mL; 106 meq/1000 mL; 3.864 g/1000 mL; 2.176 meq/1000 mL","71285-0204-1","1000 mL in 1 BAG (71285-0204-1)","2022-1, 2021-2, 2022-2",""
"71285-0204","HUMAN COMPOUNDED DRUG","Modified St. Thomas High K (106 mEq) High Sodium Bicarbonate 1000 mL Bag","SOLUTION","INTRACORONARY","OUTSOURCING FACILITY COMPOUNDED HUMAN DRUG PRODUCT (EXEMPT FROM APPROVAL REQUIREMENTS)","Central Admixture Pharmacy Services, Inc.","SODIUM CHLORIDE; MAGNESIUM SULFATE HEPTAHYDRATE; POTASSIUM CHLORIDE; SODIUM BICARBONATE; CALCIUM CHLORIDE","100 meq/1000 mL; 29.232 meq/1000 mL; 106 meq/1000 mL; 3.864 g/1000 mL; 2.176 meq/1000 mL","71285-0204-1","1000 mL in 1 BAG (71285-0204-1)","2022-1, 2021-2, 2022-2",""
"71285-0205","HUMAN COMPOUNDED DRUG","Maintenance 4 to1 Low K (12 meq) in LR","SOLUTION","INTRACORONARY","OUTSOURCING FACILITY COMPOUNDED HUMAN DRUG PRODUCT (EXEMPT FROM APPROVAL REQUIREMENTS)","Central Admixture Pharmacy Services, Inc.","MANNITOL; LIDOCAINE HYDROCHLORIDE; SODIUM BICARBONATE; SODIUM CHLORIDE; POTASSIUM CHLORIDE; CALCIUM CHLORIDE","31.26 g/504.8 mL; 250 mg/504.8 mL; .924 g/504.8 mL; 2.743 g/504.8 mL; .99 g/504.8 mL; .105 g/504.8 mL","71285-0205-1","504.8 mL in 1 BAG (71285-0205-1)","2022-1, 2021-2, 2022-2",""
"71285-0205","HUMAN COMPOUNDED DRUG","Maintenance 4 to1 Low K (12 meq) in LR","SOLUTION","INTRACORONARY","OUTSOURCING FACILITY COMPOUNDED HUMAN DRUG PRODUCT (EXEMPT FROM APPROVAL REQUIREMENTS)","Central Admixture Pharmacy Services, Inc.","MANNITOL; LIDOCAINE HYDROCHLORIDE; SODIUM BICARBONATE; SODIUM CHLORIDE; POTASSIUM CHLORIDE; CALCIUM CHLORIDE","31.26 g/504.8 mL; 250 mg/504.8 mL; .924 g/504.8 mL; 2.743 g/504.8 mL; .99 g/504.8 mL; .105 g/504.8 mL","71285-0205-1","504.8 mL in 1 BAG (71285-0205-1)","2022-1, 2021-2, 2022-2",""
"71285-0205","HUMAN COMPOUNDED DRUG","Maintenance 4 to1 Low K (12 meq) in LR","SOLUTION","INTRACORONARY","OUTSOURCING FACILITY COMPOUNDED HUMAN DRUG PRODUCT (EXEMPT FROM APPROVAL REQUIREMENTS)","Central Admixture Pharmacy Services, Inc.","MANNITOL; LIDOCAINE HYDROCHLORIDE; SODIUM BICARBONATE; SODIUM CHLORIDE; POTASSIUM CHLORIDE; CALCIUM CHLORIDE","31.26 g/504.8 mL; 250 mg/504.8 mL; .924 g/504.8 mL; 2.743 g/504.8 mL; .99 g/504.8 mL; .105 g/504.8 mL","71285-0205-1","504.8 mL in 1 BAG (71285-0205-1)","2022-1, 2021-2, 2022-2",""
"71285-0206","HUMAN COMPOUNDED DRUG","Induction 4 to1 High K (48 meq) in RL","SOLUTION","INTRACORONARY","OUTSOURCING FACILITY COMPOUNDED HUMAN DRUG PRODUCT (EXEMPT FROM APPROVAL REQUIREMENTS)","Central Admixture Pharmacy Services, Inc.","CALCIUM CHLORIDE; SODIUM CHLORIDE; POTASSIUM CHLORIDE; MANNITOL; LIDOCAINE HYDROCHLORIDE; SODIUM BICARBONATE",".105 g/522.8 mL; 2.743 g/522.8 mL; 3.672 g/522.8 mL; 31.26 g/522.8 mL; 250 mg/522.8 mL; .924 g/522.8 mL","71285-0206-1","522.8 mL in 1 BAG (71285-0206-1)","2022-1, 2021-2, 2022-2",""
"71285-0206","HUMAN COMPOUNDED DRUG","Induction 4 to1 High K (48 meq) in RL","SOLUTION","INTRACORONARY","OUTSOURCING FACILITY COMPOUNDED HUMAN DRUG PRODUCT (EXEMPT FROM APPROVAL REQUIREMENTS)","Central Admixture Pharmacy Services, Inc.","CALCIUM CHLORIDE; SODIUM CHLORIDE; POTASSIUM CHLORIDE; MANNITOL; LIDOCAINE HYDROCHLORIDE; SODIUM BICARBONATE",".105 g/522.8 mL; 2.743 g/522.8 mL; 3.672 g/522.8 mL; 31.26 g/522.8 mL; 250 mg/522.8 mL; .924 g/522.8 mL","71285-0206-1","522.8 mL in 1 BAG (71285-0206-1)","2022-1, 2021-2, 2022-2",""
"71285-0206","HUMAN COMPOUNDED DRUG","Induction 4 to1 High K (48 meq) in RL","SOLUTION","INTRACORONARY","OUTSOURCING FACILITY COMPOUNDED HUMAN DRUG PRODUCT (EXEMPT FROM APPROVAL REQUIREMENTS)","Central Admixture Pharmacy Services, Inc.","CALCIUM CHLORIDE; SODIUM CHLORIDE; POTASSIUM CHLORIDE; MANNITOL; LIDOCAINE HYDROCHLORIDE; SODIUM BICARBONATE",".105 g/522.8 mL; 2.743 g/522.8 mL; 3.672 g/522.8 mL; 31.26 g/522.8 mL; 250 mg/522.8 mL; .924 g/522.8 mL","71285-0206-1","522.8 mL in 1 BAG (71285-0206-1)","2022-1, 2021-2, 2022-2",""
"71285-0209","HUMAN COMPOUNDED DRUG","Modified St. Thomas Formula High K (122 mEq) 1000 mL Bag","SOLUTION","INTRACORONARY","OUTSOURCING FACILITY COMPOUNDED HUMAN DRUG PRODUCT (EXEMPT FROM APPROVAL REQUIREMENTS)","Central Admixture Pharmacy Services, Inc.","SODIUM CHLORIDE; MAGNESIUM SULFATE HEPTAHYDRATE; POTASSIUM CHLORIDE; SODIUM BICARBONATE; CALCIUM CHLORIDE","100 meq/1000 mL; 29.232 meq/1000 mL; 122 meq/1000 mL; 840 mg/1000 mL; 2.176 meq/1000 mL","71285-0209-1","1000 mL in 1 BAG (71285-0209-1)","2022-1, 2021-2, 2022-2",""
"71285-0209","HUMAN COMPOUNDED DRUG","Modified St. Thomas Formula High K (122 mEq) 1000 mL Bag","SOLUTION","INTRACORONARY","OUTSOURCING FACILITY COMPOUNDED HUMAN DRUG PRODUCT (EXEMPT FROM APPROVAL REQUIREMENTS)","Central Admixture Pharmacy Services, Inc.","SODIUM CHLORIDE; MAGNESIUM SULFATE HEPTAHYDRATE; POTASSIUM CHLORIDE; SODIUM BICARBONATE; CALCIUM CHLORIDE","100 meq/1000 mL; 29.232 meq/1000 mL; 122 meq/1000 mL; 840 mg/1000 mL; 2.176 meq/1000 mL","71285-0209-1","1000 mL in 1 BAG (71285-0209-1)","2022-1, 2021-2, 2022-2",""
"71285-0209","HUMAN COMPOUNDED DRUG","Modified St. Thomas Formula High K (122 mEq) 1000 mL Bag","SOLUTION","INTRACORONARY","OUTSOURCING FACILITY COMPOUNDED HUMAN DRUG PRODUCT (EXEMPT FROM APPROVAL REQUIREMENTS)","Central Admixture Pharmacy Services, Inc.","SODIUM CHLORIDE; MAGNESIUM SULFATE HEPTAHYDRATE; POTASSIUM CHLORIDE; SODIUM BICARBONATE; CALCIUM CHLORIDE","100 meq/1000 mL; 29.232 meq/1000 mL; 122 meq/1000 mL; 840 mg/1000 mL; 2.176 meq/1000 mL","71285-0209-1","1000 mL in 1 BAG (71285-0209-1)","2022-1, 2021-2, 2022-2",""
"71285-0210","HUMAN COMPOUNDED DRUG","Modified St. Thomas Formula Low K (70 mEq) 1000 mL Bag","SOLUTION","INTRACORONARY","OUTSOURCING FACILITY COMPOUNDED HUMAN DRUG PRODUCT (EXEMPT FROM APPROVAL REQUIREMENTS)","Central Admixture Pharmacy Services, Inc.","SODIUM CHLORIDE; MAGNESIUM SULFATE HEPTAHYDRATE; POTASSIUM CHLORIDE; SODIUM BICARBONATE; CALCIUM CHLORIDE","100 meq/1000 mL; 29.232 meq/1000 mL; 70 meq/1000 mL; 840 mg/1000 mL; 2.176 meq/1000 mL","71285-0210-1","1000 mL in 1 BAG (71285-0210-1)","2022-1, 2021-2, 2022-2",""
"71285-0210","HUMAN COMPOUNDED DRUG","Modified St. Thomas Formula Low K (70 mEq) 1000 mL Bag","SOLUTION","INTRACORONARY","OUTSOURCING FACILITY COMPOUNDED HUMAN DRUG PRODUCT (EXEMPT FROM APPROVAL REQUIREMENTS)","Central Admixture Pharmacy Services, Inc.","SODIUM CHLORIDE; MAGNESIUM SULFATE HEPTAHYDRATE; POTASSIUM CHLORIDE; SODIUM BICARBONATE; CALCIUM CHLORIDE","100 meq/1000 mL; 29.232 meq/1000 mL; 70 meq/1000 mL; 840 mg/1000 mL; 2.176 meq/1000 mL","71285-0210-1","1000 mL in 1 BAG (71285-0210-1)","2022-1, 2021-2, 2022-2",""
"71285-0210","HUMAN COMPOUNDED DRUG","Modified St. Thomas Formula Low K (70 mEq) 1000 mL Bag","SOLUTION","INTRACORONARY","OUTSOURCING FACILITY COMPOUNDED HUMAN DRUG PRODUCT (EXEMPT FROM APPROVAL REQUIREMENTS)","Central Admixture Pharmacy Services, Inc.","SODIUM CHLORIDE; MAGNESIUM SULFATE HEPTAHYDRATE; POTASSIUM CHLORIDE; SODIUM BICARBONATE; CALCIUM CHLORIDE","100 meq/1000 mL; 29.232 meq/1000 mL; 70 meq/1000 mL; 840 mg/1000 mL; 2.176 meq/1000 mL","71285-0210-1","1000 mL in 1 BAG (71285-0210-1)","2022-1, 2021-2, 2022-2",""
"71285-0211","HUMAN COMPOUNDED DRUG","Maintenance 4 to1 Low K (30 meq) In PL A","SOLUTION","INTRACORONARY","OUTSOURCING FACILITY COMPOUNDED HUMAN DRUG PRODUCT (EXEMPT FROM APPROVAL REQUIREMENTS)","Central Admixture Pharmacy Services, Inc.","LIDOCAINE HYDROCHLORIDE; SODIUM BICARBONATE; SODIUM ACETATE; POTASSIUM CHLORIDE; MAGNESIUM CHLORIDE; SODIUM CHLORIDE; SODIUM GLUCONATE","200 mg/1047 mL; 1.848 g/1047 mL; 3.68 g/1047 mL; 2.605 g/1047 mL; .3 g/1047 mL; 5.26 g/1047 mL; 5.02 g/1047 mL","71285-0211-1","1047 mL in 1 BAG (71285-0211-1)","2021-2, 2022-1, 2022-2",""
"71285-0211","HUMAN COMPOUNDED DRUG","Maintenance 4 to1 Low K (30 meq) In PL A","SOLUTION","INTRACORONARY","OUTSOURCING FACILITY COMPOUNDED HUMAN DRUG PRODUCT (EXEMPT FROM APPROVAL REQUIREMENTS)","Central Admixture Pharmacy Services, Inc.","LIDOCAINE HYDROCHLORIDE; SODIUM BICARBONATE; SODIUM ACETATE; POTASSIUM CHLORIDE; MAGNESIUM CHLORIDE; SODIUM CHLORIDE; SODIUM GLUCONATE","200 mg/1047 mL; 1.848 g/1047 mL; 3.68 g/1047 mL; 2.605 g/1047 mL; .3 g/1047 mL; 5.26 g/1047 mL; 5.02 g/1047 mL","71285-0211-1","1047 mL in 1 BAG (71285-0211-1)","2021-2, 2022-1, 2022-2",""
"71285-0211","HUMAN COMPOUNDED DRUG","Maintenance 4 to1 Low K (30 meq) In PL A","SOLUTION","INTRACORONARY","OUTSOURCING FACILITY COMPOUNDED HUMAN DRUG PRODUCT (EXEMPT FROM APPROVAL REQUIREMENTS)","Central Admixture Pharmacy Services, Inc.","LIDOCAINE HYDROCHLORIDE; SODIUM BICARBONATE; SODIUM ACETATE; POTASSIUM CHLORIDE; MAGNESIUM CHLORIDE; SODIUM CHLORIDE; SODIUM GLUCONATE","200 mg/1047 mL; 1.848 g/1047 mL; 3.68 g/1047 mL; 2.605 g/1047 mL; .3 g/1047 mL; 5.26 g/1047 mL; 5.02 g/1047 mL","71285-0211-1","1047 mL in 1 BAG (71285-0211-1)","2021-2, 2022-1, 2022-2",""
"71285-0212","HUMAN COMPOUNDED DRUG","Induction 4 to1 High K (30 meq) In PL A","SOLUTION","INTRACORONARY","OUTSOURCING FACILITY COMPOUNDED HUMAN DRUG PRODUCT (EXEMPT FROM APPROVAL REQUIREMENTS)","Central Admixture Pharmacy Services, Inc.","SODIUM CHLORIDE; SODIUM GLUCONATE; SODIUM ACETATE; POTASSIUM CHLORIDE; MAGNESIUM CHLORIDE; LIDOCAINE HYDROCHLORIDE; SODIUM BICARBONATE","2.63 g/542 mL; 2.51 g/542 mL; 1.84 g/542 mL; 2.42 g/542 mL; .15 g/542 mL; 100 mg/542 mL; 1.848 g/542 mL","71285-0212-1","542 mL in 1 BAG (71285-0212-1)","2022-1, 2021-2, 2022-2",""
"71285-0212","HUMAN COMPOUNDED DRUG","Induction 4 to1 High K (30 meq) In PL A","SOLUTION","INTRACORONARY","OUTSOURCING FACILITY COMPOUNDED HUMAN DRUG PRODUCT (EXEMPT FROM APPROVAL REQUIREMENTS)","Central Admixture Pharmacy Services, Inc.","SODIUM CHLORIDE; SODIUM GLUCONATE; SODIUM ACETATE; POTASSIUM CHLORIDE; MAGNESIUM CHLORIDE; LIDOCAINE HYDROCHLORIDE; SODIUM BICARBONATE","2.63 g/542 mL; 2.51 g/542 mL; 1.84 g/542 mL; 2.42 g/542 mL; .15 g/542 mL; 100 mg/542 mL; 1.848 g/542 mL","71285-0212-1","542 mL in 1 BAG (71285-0212-1)","2022-1, 2021-2, 2022-2",""
"71285-0212","HUMAN COMPOUNDED DRUG","Induction 4 to1 High K (30 meq) In PL A","SOLUTION","INTRACORONARY","OUTSOURCING FACILITY COMPOUNDED HUMAN DRUG PRODUCT (EXEMPT FROM APPROVAL REQUIREMENTS)","Central Admixture Pharmacy Services, Inc.","SODIUM CHLORIDE; SODIUM GLUCONATE; SODIUM ACETATE; POTASSIUM CHLORIDE; MAGNESIUM CHLORIDE; LIDOCAINE HYDROCHLORIDE; SODIUM BICARBONATE","2.63 g/542 mL; 2.51 g/542 mL; 1.84 g/542 mL; 2.42 g/542 mL; .15 g/542 mL; 100 mg/542 mL; 1.848 g/542 mL","71285-0212-1","542 mL in 1 BAG (71285-0212-1)","2022-1, 2021-2, 2022-2",""
"71285-0213","HUMAN COMPOUNDED DRUG","Microplegia High K (100 mEq) 200 ml, Bag","SOLUTION","INTRACORONARY","OUTSOURCING FACILITY COMPOUNDED HUMAN DRUG PRODUCT (EXEMPT FROM APPROVAL REQUIREMENTS)","Central Admixture Pharmacy Services, Inc.","MAGNESIUM SULFATE HEPTAHYDRATE; SODIUM CHLORIDE; POTASSIUM CHLORIDE","20.3 meq/200 mL; 11.2 meq/200 mL; 100 meq/200 mL","71285-0213-1","200 mL in 1 BAG (71285-0213-1)","2022-1, 2021-2, 2022-2",""
"71285-0213","HUMAN COMPOUNDED DRUG","Microplegia High K (100 mEq) 200 ml, Bag","SOLUTION","INTRACORONARY","OUTSOURCING FACILITY COMPOUNDED HUMAN DRUG PRODUCT (EXEMPT FROM APPROVAL REQUIREMENTS)","Central Admixture Pharmacy Services, Inc.","MAGNESIUM SULFATE HEPTAHYDRATE; SODIUM CHLORIDE; POTASSIUM CHLORIDE","20.3 meq/200 mL; 11.2 meq/200 mL; 100 meq/200 mL","71285-0213-1","200 mL in 1 BAG (71285-0213-1)","2022-1, 2021-2, 2022-2",""
"71285-0213","HUMAN COMPOUNDED DRUG","Microplegia High K (100 mEq) 200 ml, Bag","SOLUTION","INTRACORONARY","OUTSOURCING FACILITY COMPOUNDED HUMAN DRUG PRODUCT (EXEMPT FROM APPROVAL REQUIREMENTS)","Central Admixture Pharmacy Services, Inc.","MAGNESIUM SULFATE HEPTAHYDRATE; SODIUM CHLORIDE; POTASSIUM CHLORIDE","20.3 meq/200 mL; 11.2 meq/200 mL; 100 meq/200 mL","71285-0213-1","200 mL in 1 BAG (71285-0213-1)","2022-1, 2021-2, 2022-2",""
"71285-0214","HUMAN COMPOUNDED DRUG","Induction 8 to1 High K (70 meq) NE","SOLUTION","INTRACORONARY","OUTSOURCING FACILITY COMPOUNDED HUMAN DRUG PRODUCT (EXEMPT FROM APPROVAL REQUIREMENTS)","Central Admixture Pharmacy Services, Inc.","MAGNESIUM SULFATE HEPTAHYDRATE; SODIUM CHLORIDE; POTASSIUM CHLORIDE","18.676 meq/300 mL; 40 meq/300 mL; 70 meq/300 mL","71285-0214-1","300 mL in 1 BAG (71285-0214-1)","2021-2, 2022-1, 2022-2",""
"71285-0214","HUMAN COMPOUNDED DRUG","Induction 8 to1 High K (70 meq) NE","SOLUTION","INTRACORONARY","OUTSOURCING FACILITY COMPOUNDED HUMAN DRUG PRODUCT (EXEMPT FROM APPROVAL REQUIREMENTS)","Central Admixture Pharmacy Services, Inc.","MAGNESIUM SULFATE HEPTAHYDRATE; SODIUM CHLORIDE; POTASSIUM CHLORIDE","18.676 meq/300 mL; 40 meq/300 mL; 70 meq/300 mL","71285-0214-1","300 mL in 1 BAG (71285-0214-1)","2021-2, 2022-1, 2022-2",""
"71285-0214","HUMAN COMPOUNDED DRUG","Induction 8 to1 High K (70 meq) NE","SOLUTION","INTRACORONARY","OUTSOURCING FACILITY COMPOUNDED HUMAN DRUG PRODUCT (EXEMPT FROM APPROVAL REQUIREMENTS)","Central Admixture Pharmacy Services, Inc.","MAGNESIUM SULFATE HEPTAHYDRATE; SODIUM CHLORIDE; POTASSIUM CHLORIDE","18.676 meq/300 mL; 40 meq/300 mL; 70 meq/300 mL","71285-0214-1","300 mL in 1 BAG (71285-0214-1)","2021-2, 2022-1, 2022-2",""
"71285-0215","HUMAN COMPOUNDED DRUG","Maintenance 8 to1 Low K (24 meq) NE","SOLUTION","INTRACORONARY","OUTSOURCING FACILITY COMPOUNDED HUMAN DRUG PRODUCT (EXEMPT FROM APPROVAL REQUIREMENTS)","Central Admixture Pharmacy Services, Inc.","MAGNESIUM SULFATE HEPTAHYDRATE; SODIUM CHLORIDE; POTASSIUM CHLORIDE","20.3 meq/300 mL; 44 meq/300 mL; 24 meq/300 mL","71285-0215-1","300 mL in 1 BAG (71285-0215-1)","2021-2, 2022-1, 2022-2",""
"71285-0215","HUMAN COMPOUNDED DRUG","Maintenance 8 to1 Low K (24 meq) NE","SOLUTION","INTRACORONARY","OUTSOURCING FACILITY COMPOUNDED HUMAN DRUG PRODUCT (EXEMPT FROM APPROVAL REQUIREMENTS)","Central Admixture Pharmacy Services, Inc.","MAGNESIUM SULFATE HEPTAHYDRATE; SODIUM CHLORIDE; POTASSIUM CHLORIDE","20.3 meq/300 mL; 44 meq/300 mL; 24 meq/300 mL","71285-0215-1","300 mL in 1 BAG (71285-0215-1)","2021-2, 2022-1, 2022-2",""
"71285-0215","HUMAN COMPOUNDED DRUG","Maintenance 8 to1 Low K (24 meq) NE","SOLUTION","INTRACORONARY","OUTSOURCING FACILITY COMPOUNDED HUMAN DRUG PRODUCT (EXEMPT FROM APPROVAL REQUIREMENTS)","Central Admixture Pharmacy Services, Inc.","MAGNESIUM SULFATE HEPTAHYDRATE; SODIUM CHLORIDE; POTASSIUM CHLORIDE","20.3 meq/300 mL; 44 meq/300 mL; 24 meq/300 mL","71285-0215-1","300 mL in 1 BAG (71285-0215-1)","2021-2, 2022-1, 2022-2",""
"71285-0218","HUMAN COMPOUNDED DRUG","Leesburg Cardioplegia","SOLUTION","INTRACORONARY","OUTSOURCING FACILITY COMPOUNDED HUMAN DRUG PRODUCT (EXEMPT FROM APPROVAL REQUIREMENTS)","Central Admixture Pharmacy Services, Inc.","POTASSIUM CHLORIDE; DEXTROSE MONOHYDRATE; CALCIUM CHLORIDE; SODIUM CHLORIDE; MAGNESIUM SULFATE HEPTAHYDRATE","40 meq/1030.2 mL; 49.98 g/1030.2 mL; 3.944 meq/1030.2 mL; 76.92 meq/1030.2 mL; 29.638 meq/1030.2 mL","71285-0218-1","1030.2 mL in 1 BAG (71285-0218-1)","2021-2, 2022-2, 2022-1",""
"71285-0218","HUMAN COMPOUNDED DRUG","Leesburg Cardioplegia","SOLUTION","INTRACORONARY","OUTSOURCING FACILITY COMPOUNDED HUMAN DRUG PRODUCT (EXEMPT FROM APPROVAL REQUIREMENTS)","Central Admixture Pharmacy Services, Inc.","POTASSIUM CHLORIDE; DEXTROSE MONOHYDRATE; CALCIUM CHLORIDE; SODIUM CHLORIDE; MAGNESIUM SULFATE HEPTAHYDRATE","40 meq/1030.2 mL; 49.98 g/1030.2 mL; 3.944 meq/1030.2 mL; 76.92 meq/1030.2 mL; 29.638 meq/1030.2 mL","71285-0218-1","1030.2 mL in 1 BAG (71285-0218-1)","2021-2, 2022-2, 2022-1",""
"71285-0218","HUMAN COMPOUNDED DRUG","Leesburg Cardioplegia","SOLUTION","INTRACORONARY","OUTSOURCING FACILITY COMPOUNDED HUMAN DRUG PRODUCT (EXEMPT FROM APPROVAL REQUIREMENTS)","Central Admixture Pharmacy Services, Inc.","POTASSIUM CHLORIDE; DEXTROSE MONOHYDRATE; CALCIUM CHLORIDE; SODIUM CHLORIDE; MAGNESIUM SULFATE HEPTAHYDRATE","40 meq/1030.2 mL; 49.98 g/1030.2 mL; 3.944 meq/1030.2 mL; 76.92 meq/1030.2 mL; 29.638 meq/1030.2 mL","71285-0218-1","1030.2 mL in 1 BAG (71285-0218-1)","2021-2, 2022-2, 2022-1",""
"71285-0219","HUMAN COMPOUNDED DRUG","Modified del Nido Microplegia","SOLUTION","INTRACORONARY","OUTSOURCING FACILITY COMPOUNDED HUMAN DRUG PRODUCT (EXEMPT FROM APPROVAL REQUIREMENTS)","Central Admixture Pharmacy Services, Inc.","MANNITOL; LIDOCAINE HYDROCHLORIDE; MAGNESIUM SULFATE HEPTAHYDRATE; SODIUM BICARBONATE","3.264 g/40 mL; 131 mg/40 mL; 16.362 meq/40 mL; 1.1 g/40 mL","71285-0219-1","40 mL in 1 SYRINGE (71285-0219-1)","2022-1, 2021-2, 2022-2",""
"71285-0219","HUMAN COMPOUNDED DRUG","Modified del Nido Microplegia","SOLUTION","INTRACORONARY","OUTSOURCING FACILITY COMPOUNDED HUMAN DRUG PRODUCT (EXEMPT FROM APPROVAL REQUIREMENTS)","Central Admixture Pharmacy Services, Inc.","MANNITOL; LIDOCAINE HYDROCHLORIDE; MAGNESIUM SULFATE HEPTAHYDRATE; SODIUM BICARBONATE","3.264 g/40 mL; 131 mg/40 mL; 16.362 meq/40 mL; 1.1 g/40 mL","71285-0219-1","40 mL in 1 SYRINGE (71285-0219-1)","2022-1, 2021-2, 2022-2",""
"71285-0219","HUMAN COMPOUNDED DRUG","Modified del Nido Microplegia","SOLUTION","INTRACORONARY","OUTSOURCING FACILITY COMPOUNDED HUMAN DRUG PRODUCT (EXEMPT FROM APPROVAL REQUIREMENTS)","Central Admixture Pharmacy Services, Inc.","MANNITOL; LIDOCAINE HYDROCHLORIDE; MAGNESIUM SULFATE HEPTAHYDRATE; SODIUM BICARBONATE","3.264 g/40 mL; 131 mg/40 mL; 16.362 meq/40 mL; 1.1 g/40 mL","71285-0219-1","40 mL in 1 SYRINGE (71285-0219-1)","2022-1, 2021-2, 2022-2",""
"71285-0400","HUMAN COMPOUNDED DRUG","Trophamine 2% / Dextrose 10% 250ml in 250ml bag","SOLUTION","INTRAVENOUS","OUTSOURCING FACILITY COMPOUNDED HUMAN DRUG PRODUCT (EXEMPT FROM APPROVAL REQUIREMENTS)","Central Admixture Pharmacy Services, Inc.","GLUTAMIC ACID; LYSINE ACETATE; SERINE; TYROSINE; N-ACETYLTYROSINE; THREONINE; CYSTEINE HYDROCHLORIDE; HISTIDINE; ARGININE; TAURINE; DEXTROSE MONOHYDRATE; LEUCINE; METHIONINE; PROLINE; ASPARTIC ACID; ISOLEUCINE; ALANINE; GLYCINE; VALINE; PHENYLALANINE; TRYPTOPHAN",".25 g/250 mL; .6 g/250 mL; .19 g/250 mL; .022 g/250 mL; .12 g/250 mL; .21 g/250 mL; .012 g/250 mL; .24 g/250 mL; .6 g/250 mL; .0125 g/250 mL; 25 g/250 mL; .7 g/250 mL; .17 g/250 mL; .34 g/250 mL; .16 g/250 mL; .41 g/250 mL; .27 g/250 mL; .18 g/250 mL; .39 g/250 mL; .24 g/250 mL; .1 g/250 mL","71285-0400-1","250 mL in 1 BAG (71285-0400-1)","2021-2, 2022-2, 2022-1",""
"71285-0400","HUMAN COMPOUNDED DRUG","Trophamine 2% / Dextrose 10% 250ml in 250ml bag","SOLUTION","INTRAVENOUS","OUTSOURCING FACILITY COMPOUNDED HUMAN DRUG PRODUCT (EXEMPT FROM APPROVAL REQUIREMENTS)","Central Admixture Pharmacy Services, Inc.","GLUTAMIC ACID; LYSINE ACETATE; SERINE; TYROSINE; N-ACETYLTYROSINE; THREONINE; CYSTEINE HYDROCHLORIDE; HISTIDINE; ARGININE; TAURINE; DEXTROSE MONOHYDRATE; LEUCINE; METHIONINE; PROLINE; ASPARTIC ACID; ISOLEUCINE; ALANINE; GLYCINE; VALINE; PHENYLALANINE; TRYPTOPHAN",".25 g/250 mL; .6 g/250 mL; .19 g/250 mL; .022 g/250 mL; .12 g/250 mL; .21 g/250 mL; .012 g/250 mL; .24 g/250 mL; .6 g/250 mL; .0125 g/250 mL; 25 g/250 mL; .7 g/250 mL; .17 g/250 mL; .34 g/250 mL; .16 g/250 mL; .41 g/250 mL; .27 g/250 mL; .18 g/250 mL; .39 g/250 mL; .24 g/250 mL; .1 g/250 mL","71285-0400-1","250 mL in 1 BAG (71285-0400-1)","2021-2, 2022-2, 2022-1",""
"71285-0400","HUMAN COMPOUNDED DRUG","Trophamine 2% / Dextrose 10% 250ml in 250ml bag","SOLUTION","INTRAVENOUS","OUTSOURCING FACILITY COMPOUNDED HUMAN DRUG PRODUCT (EXEMPT FROM APPROVAL REQUIREMENTS)","Central Admixture Pharmacy Services, Inc.","GLUTAMIC ACID; LYSINE ACETATE; SERINE; TYROSINE; N-ACETYLTYROSINE; THREONINE; CYSTEINE HYDROCHLORIDE; HISTIDINE; ARGININE; TAURINE; DEXTROSE MONOHYDRATE; LEUCINE; METHIONINE; PROLINE; ASPARTIC ACID; ISOLEUCINE; ALANINE; GLYCINE; VALINE; PHENYLALANINE; TRYPTOPHAN",".25 g/250 mL; .6 g/250 mL; .19 g/250 mL; .022 g/250 mL; .12 g/250 mL; .21 g/250 mL; .012 g/250 mL; .24 g/250 mL; .6 g/250 mL; .0125 g/250 mL; 25 g/250 mL; .7 g/250 mL; .17 g/250 mL; .34 g/250 mL; .16 g/250 mL; .41 g/250 mL; .27 g/250 mL; .18 g/250 mL; .39 g/250 mL; .24 g/250 mL; .1 g/250 mL","71285-0400-1","250 mL in 1 BAG (71285-0400-1)","2021-2, 2022-2, 2022-1",""
"71285-0401","HUMAN COMPOUNDED DRUG","Trophamine 2% / Dextrose 10% With Calcium Gluconate 3.75 mEq 250ml in 250ml Bag","SOLUTION","INTRAVENOUS","OUTSOURCING FACILITY COMPOUNDED HUMAN DRUG PRODUCT (EXEMPT FROM APPROVAL REQUIREMENTS)","Central Admixture Pharmacy Services, Inc.","LYSINE ACETATE; SERINE; GLUTAMIC ACID; TYROSINE; N-ACETYLTYROSINE; THREONINE; CYSTEINE HYDROCHLORIDE; HISTIDINE; ARGININE; TAURINE; DEXTROSE MONOHYDRATE; CALCIUM GLUCONATE MONOHYDRATE; LEUCINE; METHIONINE; PROLINE; ASPARTIC ACID; ISOLEUCINE; ALANINE; GLYCINE; PHENYLALANINE; TRYPTOPHAN; VALINE",".6 g/250 mL; .19 g/250 mL; .25 g/250 mL; .022 g/250 mL; .12 g/250 mL; .21 g/250 mL; .012 g/250 mL; .24 g/250 mL; .6 g/250 mL; .0125 g/250 mL; 25 g/250 mL; 3.75 meq/250 mL; .7 g/250 mL; .17 g/250 mL; .34 g/250 mL; .16 g/250 mL; .41 g/250 mL; .27 g/250 mL; .18 g/250 mL; .24 g/250 mL; .1 g/250 mL; .39 g/250 mL","71285-0401-1","250 mL in 1 BAG (71285-0401-1)","2021-2, 2022-2, 2022-1",""
"71285-0401","HUMAN COMPOUNDED DRUG","Trophamine 2% / Dextrose 10% With Calcium Gluconate 3.75 mEq 250ml in 250ml Bag","SOLUTION","INTRAVENOUS","OUTSOURCING FACILITY COMPOUNDED HUMAN DRUG PRODUCT (EXEMPT FROM APPROVAL REQUIREMENTS)","Central Admixture Pharmacy Services, Inc.","LYSINE ACETATE; SERINE; GLUTAMIC ACID; TYROSINE; N-ACETYLTYROSINE; THREONINE; CYSTEINE HYDROCHLORIDE; HISTIDINE; ARGININE; TAURINE; DEXTROSE MONOHYDRATE; CALCIUM GLUCONATE MONOHYDRATE; LEUCINE; METHIONINE; PROLINE; ASPARTIC ACID; ISOLEUCINE; ALANINE; GLYCINE; PHENYLALANINE; TRYPTOPHAN; VALINE",".6 g/250 mL; .19 g/250 mL; .25 g/250 mL; .022 g/250 mL; .12 g/250 mL; .21 g/250 mL; .012 g/250 mL; .24 g/250 mL; .6 g/250 mL; .0125 g/250 mL; 25 g/250 mL; 3.75 meq/250 mL; .7 g/250 mL; .17 g/250 mL; .34 g/250 mL; .16 g/250 mL; .41 g/250 mL; .27 g/250 mL; .18 g/250 mL; .24 g/250 mL; .1 g/250 mL; .39 g/250 mL","71285-0401-1","250 mL in 1 BAG (71285-0401-1)","2021-2, 2022-2, 2022-1",""
"71285-0401","HUMAN COMPOUNDED DRUG","Trophamine 2% / Dextrose 10% With Calcium Gluconate 3.75 mEq 250ml in 250ml Bag","SOLUTION","INTRAVENOUS","OUTSOURCING FACILITY COMPOUNDED HUMAN DRUG PRODUCT (EXEMPT FROM APPROVAL REQUIREMENTS)","Central Admixture Pharmacy Services, Inc.","LYSINE ACETATE; SERINE; GLUTAMIC ACID; TYROSINE; N-ACETYLTYROSINE; THREONINE; CYSTEINE HYDROCHLORIDE; HISTIDINE; ARGININE; TAURINE; DEXTROSE MONOHYDRATE; CALCIUM GLUCONATE MONOHYDRATE; LEUCINE; METHIONINE; PROLINE; ASPARTIC ACID; ISOLEUCINE; ALANINE; GLYCINE; PHENYLALANINE; TRYPTOPHAN; VALINE",".6 g/250 mL; .19 g/250 mL; .25 g/250 mL; .022 g/250 mL; .12 g/250 mL; .21 g/250 mL; .012 g/250 mL; .24 g/250 mL; .6 g/250 mL; .0125 g/250 mL; 25 g/250 mL; 3.75 meq/250 mL; .7 g/250 mL; .17 g/250 mL; .34 g/250 mL; .16 g/250 mL; .41 g/250 mL; .27 g/250 mL; .18 g/250 mL; .24 g/250 mL; .1 g/250 mL; .39 g/250 mL","71285-0401-1","250 mL in 1 BAG (71285-0401-1)","2021-2, 2022-2, 2022-1",""
"71285-0405","HUMAN COMPOUNDED DRUG","Trophamine 3% / Dextrose 10% With Calcium Gluconate 3.75 mEq 250ml in 250ml bag","SOLUTION","INTRAVENOUS","OUTSOURCING FACILITY COMPOUNDED HUMAN DRUG PRODUCT (EXEMPT FROM APPROVAL REQUIREMENTS)","Central Admixture Pharmacy Services, Inc.","GLUTAMIC ACID; LYSINE ACETATE; SERINE; TYROSINE; N-ACETYLTYROSINE; THREONINE; CYSTEINE HYDROCHLORIDE; HISTIDINE; ARGININE; TAURINE; DEXTROSE MONOHYDRATE; LEUCINE; METHIONINE; PROLINE; ASPARTIC ACID; ISOLEUCINE; ALANINE; GLYCINE; PHENYLALANINE; TRYPTOPHAN; VALINE; CALCIUM GLUCONATE MONOHYDRATE",".375 g/250 mL; .9 g/250 mL; .285 g/250 mL; .033 g/250 mL; .18 g/250 mL; .315 g/250 mL; .018 g/250 mL; .36 g/250 mL; .9 g/250 mL; .01875 g/250 mL; 25 g/250 mL; 1.05 g/250 mL; .255 g/250 mL; .51 g/250 mL; .24 g/250 mL; .615 g/250 mL; .405 g/250 mL; .27 g/250 mL; .36 g/250 mL; .15 g/250 mL; .585 g/250 mL; 3.75 meq/250 mL","71285-0405-1","250 mL in 1 BAG (71285-0405-1)","2021-2, 2022-2, 2022-1",""
"71285-0405","HUMAN COMPOUNDED DRUG","Trophamine 3% / Dextrose 10% With Calcium Gluconate 3.75 mEq 250ml in 250ml bag","SOLUTION","INTRAVENOUS","OUTSOURCING FACILITY COMPOUNDED HUMAN DRUG PRODUCT (EXEMPT FROM APPROVAL REQUIREMENTS)","Central Admixture Pharmacy Services, Inc.","GLUTAMIC ACID; LYSINE ACETATE; SERINE; TYROSINE; N-ACETYLTYROSINE; THREONINE; CYSTEINE HYDROCHLORIDE; HISTIDINE; ARGININE; TAURINE; DEXTROSE MONOHYDRATE; LEUCINE; METHIONINE; PROLINE; ASPARTIC ACID; ISOLEUCINE; ALANINE; GLYCINE; PHENYLALANINE; TRYPTOPHAN; VALINE; CALCIUM GLUCONATE MONOHYDRATE",".375 g/250 mL; .9 g/250 mL; .285 g/250 mL; .033 g/250 mL; .18 g/250 mL; .315 g/250 mL; .018 g/250 mL; .36 g/250 mL; .9 g/250 mL; .01875 g/250 mL; 25 g/250 mL; 1.05 g/250 mL; .255 g/250 mL; .51 g/250 mL; .24 g/250 mL; .615 g/250 mL; .405 g/250 mL; .27 g/250 mL; .36 g/250 mL; .15 g/250 mL; .585 g/250 mL; 3.75 meq/250 mL","71285-0405-1","250 mL in 1 BAG (71285-0405-1)","2021-2, 2022-2, 2022-1",""
"71285-0405","HUMAN COMPOUNDED DRUG","Trophamine 3% / Dextrose 10% With Calcium Gluconate 3.75 mEq 250ml in 250ml bag","SOLUTION","INTRAVENOUS","OUTSOURCING FACILITY COMPOUNDED HUMAN DRUG PRODUCT (EXEMPT FROM APPROVAL REQUIREMENTS)","Central Admixture Pharmacy Services, Inc.","GLUTAMIC ACID; LYSINE ACETATE; SERINE; TYROSINE; N-ACETYLTYROSINE; THREONINE; CYSTEINE HYDROCHLORIDE; HISTIDINE; ARGININE; TAURINE; DEXTROSE MONOHYDRATE; LEUCINE; METHIONINE; PROLINE; ASPARTIC ACID; ISOLEUCINE; ALANINE; GLYCINE; PHENYLALANINE; TRYPTOPHAN; VALINE; CALCIUM GLUCONATE MONOHYDRATE",".375 g/250 mL; .9 g/250 mL; .285 g/250 mL; .033 g/250 mL; .18 g/250 mL; .315 g/250 mL; .018 g/250 mL; .36 g/250 mL; .9 g/250 mL; .01875 g/250 mL; 25 g/250 mL; 1.05 g/250 mL; .255 g/250 mL; .51 g/250 mL; .24 g/250 mL; .615 g/250 mL; .405 g/250 mL; .27 g/250 mL; .36 g/250 mL; .15 g/250 mL; .585 g/250 mL; 3.75 meq/250 mL","71285-0405-1","250 mL in 1 BAG (71285-0405-1)","2021-2, 2022-2, 2022-1",""
"71285-0406","HUMAN COMPOUNDED DRUG","Trophamine 3.5% / Dextrose 10% 250ml in 250ml bag","SOLUTION","INTRAVENOUS","OUTSOURCING FACILITY COMPOUNDED HUMAN DRUG PRODUCT (EXEMPT FROM APPROVAL REQUIREMENTS)","Central Admixture Pharmacy Services, Inc.","LYSINE ACETATE; SERINE; TYROSINE; N-ACETYLTYROSINE; THREONINE; CYSTEINE HYDROCHLORIDE; HISTIDINE; ARGININE; TAURINE; DEXTROSE MONOHYDRATE; LEUCINE; METHIONINE; GLUTAMIC ACID; PROLINE; ASPARTIC ACID; ISOLEUCINE; ALANINE; GLYCINE; PHENYLALANINE; TRYPTOPHAN; VALINE","1.05 g/250 mL; .3325 g/250 mL; .0385 g/250 mL; .21 g/250 mL; .3675 g/250 mL; .021 g/250 mL; .42 g/250 mL; 1.05 g/250 mL; .021875 g/250 mL; 25 g/250 mL; 1.225 g/250 mL; .2975 g/250 mL; .4375 g/250 mL; .595 g/250 mL; .28 g/250 mL; .7175 g/250 mL; .4725 g/250 mL; .315 g/250 mL; .42 g/250 mL; .175 g/250 mL; .6825 g/250 mL","71285-0406-1","250 mL in 1 BAG (71285-0406-1)","2021-2, 2022-1, 2022-2",""
"71285-0406","HUMAN COMPOUNDED DRUG","Trophamine 3.5% / Dextrose 10% 250ml in 250ml bag","SOLUTION","INTRAVENOUS","OUTSOURCING FACILITY COMPOUNDED HUMAN DRUG PRODUCT (EXEMPT FROM APPROVAL REQUIREMENTS)","Central Admixture Pharmacy Services, Inc.","LYSINE ACETATE; SERINE; TYROSINE; N-ACETYLTYROSINE; THREONINE; CYSTEINE HYDROCHLORIDE; HISTIDINE; ARGININE; TAURINE; DEXTROSE MONOHYDRATE; LEUCINE; METHIONINE; GLUTAMIC ACID; PROLINE; ASPARTIC ACID; ISOLEUCINE; ALANINE; GLYCINE; PHENYLALANINE; TRYPTOPHAN; VALINE","1.05 g/250 mL; .3325 g/250 mL; .0385 g/250 mL; .21 g/250 mL; .3675 g/250 mL; .021 g/250 mL; .42 g/250 mL; 1.05 g/250 mL; .021875 g/250 mL; 25 g/250 mL; 1.225 g/250 mL; .2975 g/250 mL; .4375 g/250 mL; .595 g/250 mL; .28 g/250 mL; .7175 g/250 mL; .4725 g/250 mL; .315 g/250 mL; .42 g/250 mL; .175 g/250 mL; .6825 g/250 mL","71285-0406-1","250 mL in 1 BAG (71285-0406-1)","2021-2, 2022-1, 2022-2",""
"71285-0406","HUMAN COMPOUNDED DRUG","Trophamine 3.5% / Dextrose 10% 250ml in 250ml bag","SOLUTION","INTRAVENOUS","OUTSOURCING FACILITY COMPOUNDED HUMAN DRUG PRODUCT (EXEMPT FROM APPROVAL REQUIREMENTS)","Central Admixture Pharmacy Services, Inc.","LYSINE ACETATE; SERINE; TYROSINE; N-ACETYLTYROSINE; THREONINE; CYSTEINE HYDROCHLORIDE; HISTIDINE; ARGININE; TAURINE; DEXTROSE MONOHYDRATE; LEUCINE; METHIONINE; GLUTAMIC ACID; PROLINE; ASPARTIC ACID; ISOLEUCINE; ALANINE; GLYCINE; PHENYLALANINE; TRYPTOPHAN; VALINE","1.05 g/250 mL; .3325 g/250 mL; .0385 g/250 mL; .21 g/250 mL; .3675 g/250 mL; .021 g/250 mL; .42 g/250 mL; 1.05 g/250 mL; .021875 g/250 mL; 25 g/250 mL; 1.225 g/250 mL; .2975 g/250 mL; .4375 g/250 mL; .595 g/250 mL; .28 g/250 mL; .7175 g/250 mL; .4725 g/250 mL; .315 g/250 mL; .42 g/250 mL; .175 g/250 mL; .6825 g/250 mL","71285-0406-1","250 mL in 1 BAG (71285-0406-1)","2021-2, 2022-1, 2022-2",""
"71285-0407","HUMAN COMPOUNDED DRUG","Trophamine 3.5% / Dextrose 10% With Calcium Gluconate 3.75 mEq 250ml in 250ml bag","SOLUTION","INTRAVENOUS","OUTSOURCING FACILITY COMPOUNDED HUMAN DRUG PRODUCT (EXEMPT FROM APPROVAL REQUIREMENTS)","Central Admixture Pharmacy Services, Inc.","N-ACETYLTYROSINE; THREONINE; CYSTEINE HYDROCHLORIDE; HISTIDINE; ARGININE; TAURINE; DEXTROSE MONOHYDRATE; LEUCINE; METHIONINE; GLUTAMIC ACID; PROLINE; ASPARTIC ACID; ISOLEUCINE; ALANINE; GLYCINE; PHENYLALANINE; TRYPTOPHAN; VALINE; CALCIUM GLUCONATE MONOHYDRATE; LYSINE ACETATE; SERINE; TYROSINE",".21 g/250 mL; .3675 g/250 mL; .021 g/250 mL; .42 g/250 mL; 1.05 g/250 mL; .021875 g/250 mL; 25 g/250 mL; 1.225 g/250 mL; .2975 g/250 mL; .4375 g/250 mL; .595 g/250 mL; .28 g/250 mL; .7175 g/250 mL; .4725 g/250 mL; .315 g/250 mL; .42 g/250 mL; .175 g/250 mL; .6825 g/250 mL; 3.75 meq/250 mL; 1.05 g/250 mL; .3325 g/250 mL; .0385 g/250 mL","71285-0407-1","250 mL in 1 BAG (71285-0407-1)","2021-2, 2022-1, 2022-2",""
"71285-0407","HUMAN COMPOUNDED DRUG","Trophamine 3.5% / Dextrose 10% With Calcium Gluconate 3.75 mEq 250ml in 250ml bag","SOLUTION","INTRAVENOUS","OUTSOURCING FACILITY COMPOUNDED HUMAN DRUG PRODUCT (EXEMPT FROM APPROVAL REQUIREMENTS)","Central Admixture Pharmacy Services, Inc.","N-ACETYLTYROSINE; THREONINE; CYSTEINE HYDROCHLORIDE; HISTIDINE; ARGININE; TAURINE; DEXTROSE MONOHYDRATE; LEUCINE; METHIONINE; GLUTAMIC ACID; PROLINE; ASPARTIC ACID; ISOLEUCINE; ALANINE; GLYCINE; PHENYLALANINE; TRYPTOPHAN; VALINE; CALCIUM GLUCONATE MONOHYDRATE; LYSINE ACETATE; SERINE; TYROSINE",".21 g/250 mL; .3675 g/250 mL; .021 g/250 mL; .42 g/250 mL; 1.05 g/250 mL; .021875 g/250 mL; 25 g/250 mL; 1.225 g/250 mL; .2975 g/250 mL; .4375 g/250 mL; .595 g/250 mL; .28 g/250 mL; .7175 g/250 mL; .4725 g/250 mL; .315 g/250 mL; .42 g/250 mL; .175 g/250 mL; .6825 g/250 mL; 3.75 meq/250 mL; 1.05 g/250 mL; .3325 g/250 mL; .0385 g/250 mL","71285-0407-1","250 mL in 1 BAG (71285-0407-1)","2021-2, 2022-1, 2022-2",""
"71285-0407","HUMAN COMPOUNDED DRUG","Trophamine 3.5% / Dextrose 10% With Calcium Gluconate 3.75 mEq 250ml in 250ml bag","SOLUTION","INTRAVENOUS","OUTSOURCING FACILITY COMPOUNDED HUMAN DRUG PRODUCT (EXEMPT FROM APPROVAL REQUIREMENTS)","Central Admixture Pharmacy Services, Inc.","N-ACETYLTYROSINE; THREONINE; CYSTEINE HYDROCHLORIDE; HISTIDINE; ARGININE; TAURINE; DEXTROSE MONOHYDRATE; LEUCINE; METHIONINE; GLUTAMIC ACID; PROLINE; ASPARTIC ACID; ISOLEUCINE; ALANINE; GLYCINE; PHENYLALANINE; TRYPTOPHAN; VALINE; CALCIUM GLUCONATE MONOHYDRATE; LYSINE ACETATE; SERINE; TYROSINE",".21 g/250 mL; .3675 g/250 mL; .021 g/250 mL; .42 g/250 mL; 1.05 g/250 mL; .021875 g/250 mL; 25 g/250 mL; 1.225 g/250 mL; .2975 g/250 mL; .4375 g/250 mL; .595 g/250 mL; .28 g/250 mL; .7175 g/250 mL; .4725 g/250 mL; .315 g/250 mL; .42 g/250 mL; .175 g/250 mL; .6825 g/250 mL; 3.75 meq/250 mL; 1.05 g/250 mL; .3325 g/250 mL; .0385 g/250 mL","71285-0407-1","250 mL in 1 BAG (71285-0407-1)","2021-2, 2022-1, 2022-2",""
"71285-0408","HUMAN COMPOUNDED DRUG","Trophamine 4% / Dextrose 10% 250ml in 250ml bag","SOLUTION","INTRAVENOUS","OUTSOURCING FACILITY COMPOUNDED HUMAN DRUG PRODUCT (EXEMPT FROM APPROVAL REQUIREMENTS)","Central Admixture Pharmacy Services, Inc.","LYSINE ACETATE; SERINE; GLUTAMIC ACID; TYROSINE; N-ACETYLTYROSINE; THREONINE; CYSTEINE HYDROCHLORIDE; HISTIDINE; ARGININE; TAURINE; DEXTROSE MONOHYDRATE; LEUCINE; METHIONINE; PROLINE; ASPARTIC ACID; ISOLEUCINE; ALANINE; GLYCINE; PHENYLALANINE; TRYPTOPHAN; VALINE","1.2 g/250 mL; .38 g/250 mL; .5 g/250 mL; .044 g/250 mL; .24 g/250 mL; .42 g/250 mL; .024 g/250 mL; .48 g/250 mL; 1.2 g/250 mL; .025 g/250 mL; 25 g/250 mL; 1.4 g/250 mL; .34 g/250 mL; .68 g/250 mL; .32 g/250 mL; .82 g/250 mL; .54 g/250 mL; .36 g/250 mL; .48 g/250 mL; .2 g/250 mL; .78 g/250 mL","71285-0408-1","250 mL in 1 BAG (71285-0408-1)","2022-1, 2021-2, 2022-2",""
"71285-0408","HUMAN COMPOUNDED DRUG","Trophamine 4% / Dextrose 10% 250ml in 250ml bag","SOLUTION","INTRAVENOUS","OUTSOURCING FACILITY COMPOUNDED HUMAN DRUG PRODUCT (EXEMPT FROM APPROVAL REQUIREMENTS)","Central Admixture Pharmacy Services, Inc.","LYSINE ACETATE; SERINE; GLUTAMIC ACID; TYROSINE; N-ACETYLTYROSINE; THREONINE; CYSTEINE HYDROCHLORIDE; HISTIDINE; ARGININE; TAURINE; DEXTROSE MONOHYDRATE; LEUCINE; METHIONINE; PROLINE; ASPARTIC ACID; ISOLEUCINE; ALANINE; GLYCINE; PHENYLALANINE; TRYPTOPHAN; VALINE","1.2 g/250 mL; .38 g/250 mL; .5 g/250 mL; .044 g/250 mL; .24 g/250 mL; .42 g/250 mL; .024 g/250 mL; .48 g/250 mL; 1.2 g/250 mL; .025 g/250 mL; 25 g/250 mL; 1.4 g/250 mL; .34 g/250 mL; .68 g/250 mL; .32 g/250 mL; .82 g/250 mL; .54 g/250 mL; .36 g/250 mL; .48 g/250 mL; .2 g/250 mL; .78 g/250 mL","71285-0408-1","250 mL in 1 BAG (71285-0408-1)","2022-1, 2021-2, 2022-2",""
"71285-0408","HUMAN COMPOUNDED DRUG","Trophamine 4% / Dextrose 10% 250ml in 250ml bag","SOLUTION","INTRAVENOUS","OUTSOURCING FACILITY COMPOUNDED HUMAN DRUG PRODUCT (EXEMPT FROM APPROVAL REQUIREMENTS)","Central Admixture Pharmacy Services, Inc.","LYSINE ACETATE; SERINE; GLUTAMIC ACID; TYROSINE; N-ACETYLTYROSINE; THREONINE; CYSTEINE HYDROCHLORIDE; HISTIDINE; ARGININE; TAURINE; DEXTROSE MONOHYDRATE; LEUCINE; METHIONINE; PROLINE; ASPARTIC ACID; ISOLEUCINE; ALANINE; GLYCINE; PHENYLALANINE; TRYPTOPHAN; VALINE","1.2 g/250 mL; .38 g/250 mL; .5 g/250 mL; .044 g/250 mL; .24 g/250 mL; .42 g/250 mL; .024 g/250 mL; .48 g/250 mL; 1.2 g/250 mL; .025 g/250 mL; 25 g/250 mL; 1.4 g/250 mL; .34 g/250 mL; .68 g/250 mL; .32 g/250 mL; .82 g/250 mL; .54 g/250 mL; .36 g/250 mL; .48 g/250 mL; .2 g/250 mL; .78 g/250 mL","71285-0408-1","250 mL in 1 BAG (71285-0408-1)","2022-1, 2021-2, 2022-2",""
"71285-0413","HUMAN COMPOUNDED DRUG","Trophamine 3% / Dextrose 5% With Calcium Gluconate 3.75 mEq 250ml in 250ml bag","SOLUTION","INTRAVENOUS","OUTSOURCING FACILITY COMPOUNDED HUMAN DRUG PRODUCT (EXEMPT FROM APPROVAL REQUIREMENTS)","Central Admixture Pharmacy Services, Inc.","ISOLEUCINE; ALANINE; GLYCINE; PHENYLALANINE; TRYPTOPHAN; VALINE; CALCIUM GLUCONATE MONOHYDRATE; GLUTAMIC ACID; LYSINE ACETATE; SERINE; TYROSINE; N-ACETYLTYROSINE; THREONINE; CYSTEINE HYDROCHLORIDE; DEXTROSE MONOHYDRATE; HISTIDINE; ARGININE; TAURINE; LEUCINE; METHIONINE; PROLINE; ASPARTIC ACID",".615 g/250 mL; .405 g/250 mL; .27 g/250 mL; .36 g/250 mL; .15 g/250 mL; .585 g/250 mL; 3.75 meq/250 mL; .375 g/250 mL; .9 g/250 mL; .285 g/250 mL; .033 g/250 mL; .18 g/250 mL; .315 g/250 mL; .018 g/250 mL; 12.5 g/250 mL; .36 g/250 mL; .9 g/250 mL; .01875 g/250 mL; 1.05 g/250 mL; .255 g/250 mL; .51 g/250 mL; .24 g/250 mL","71285-0413-1","250 mL in 1 BAG (71285-0413-1)","2021-2, 2022-2, 2022-1",""
"71285-0413","HUMAN COMPOUNDED DRUG","Trophamine 3% / Dextrose 5% With Calcium Gluconate 3.75 mEq 250ml in 250ml bag","SOLUTION","INTRAVENOUS","OUTSOURCING FACILITY COMPOUNDED HUMAN DRUG PRODUCT (EXEMPT FROM APPROVAL REQUIREMENTS)","Central Admixture Pharmacy Services, Inc.","ISOLEUCINE; ALANINE; GLYCINE; PHENYLALANINE; TRYPTOPHAN; VALINE; CALCIUM GLUCONATE MONOHYDRATE; GLUTAMIC ACID; LYSINE ACETATE; SERINE; TYROSINE; N-ACETYLTYROSINE; THREONINE; CYSTEINE HYDROCHLORIDE; DEXTROSE MONOHYDRATE; HISTIDINE; ARGININE; TAURINE; LEUCINE; METHIONINE; PROLINE; ASPARTIC ACID",".615 g/250 mL; .405 g/250 mL; .27 g/250 mL; .36 g/250 mL; .15 g/250 mL; .585 g/250 mL; 3.75 meq/250 mL; .375 g/250 mL; .9 g/250 mL; .285 g/250 mL; .033 g/250 mL; .18 g/250 mL; .315 g/250 mL; .018 g/250 mL; 12.5 g/250 mL; .36 g/250 mL; .9 g/250 mL; .01875 g/250 mL; 1.05 g/250 mL; .255 g/250 mL; .51 g/250 mL; .24 g/250 mL","71285-0413-1","250 mL in 1 BAG (71285-0413-1)","2021-2, 2022-2, 2022-1",""
"71285-0413","HUMAN COMPOUNDED DRUG","Trophamine 3% / Dextrose 5% With Calcium Gluconate 3.75 mEq 250ml in 250ml bag","SOLUTION","INTRAVENOUS","OUTSOURCING FACILITY COMPOUNDED HUMAN DRUG PRODUCT (EXEMPT FROM APPROVAL REQUIREMENTS)","Central Admixture Pharmacy Services, Inc.","ISOLEUCINE; ALANINE; GLYCINE; PHENYLALANINE; TRYPTOPHAN; VALINE; CALCIUM GLUCONATE MONOHYDRATE; GLUTAMIC ACID; LYSINE ACETATE; SERINE; TYROSINE; N-ACETYLTYROSINE; THREONINE; CYSTEINE HYDROCHLORIDE; DEXTROSE MONOHYDRATE; HISTIDINE; ARGININE; TAURINE; LEUCINE; METHIONINE; PROLINE; ASPARTIC ACID",".615 g/250 mL; .405 g/250 mL; .27 g/250 mL; .36 g/250 mL; .15 g/250 mL; .585 g/250 mL; 3.75 meq/250 mL; .375 g/250 mL; .9 g/250 mL; .285 g/250 mL; .033 g/250 mL; .18 g/250 mL; .315 g/250 mL; .018 g/250 mL; 12.5 g/250 mL; .36 g/250 mL; .9 g/250 mL; .01875 g/250 mL; 1.05 g/250 mL; .255 g/250 mL; .51 g/250 mL; .24 g/250 mL","71285-0413-1","250 mL in 1 BAG (71285-0413-1)","2021-2, 2022-2, 2022-1",""
"71285-0415","HUMAN COMPOUNDED DRUG","Trophamine 2%/Dextrose 5% With Calcium Gluconate 3.75mEq and Heparin 125 units 250ml in 250ml bag","SOLUTION","INTRAVENOUS","OUTSOURCING FACILITY COMPOUNDED HUMAN DRUG PRODUCT (EXEMPT FROM APPROVAL REQUIREMENTS)","Central Admixture Pharmacy Services, Inc.","LYSINE ACETATE; SERINE; GLUTAMIC ACID; TYROSINE; N-ACETYLTYROSINE; THREONINE; CYSTEINE HYDROCHLORIDE; HISTIDINE; ARGININE; TAURINE; DEXTROSE MONOHYDRATE; CALCIUM GLUCONATE MONOHYDRATE; LEUCINE; METHIONINE; PROLINE; ASPARTIC ACID; ISOLEUCINE; ALANINE; GLYCINE; PHENYLALANINE; TRYPTOPHAN; VALINE; HEPARIN SODIUM",".6 g/250 mL; .19 g/250 mL; .25 g/250 mL; .022 g/250 mL; .12 g/250 mL; .21 g/250 mL; .012 g/250 mL; .24 g/250 mL; .6 g/250 mL; .0125 g/250 mL; 12.5 g/250 mL; 3.75 meq/250 mL; .7 g/250 mL; .17 g/250 mL; .34 g/250 mL; .16 g/250 mL; .041 g/250 mL; .27 g/250 mL; .18 g/250 mL; .24 g/250 mL; .1 g/250 mL; .39 g/250 mL; 125 U/250 mL","71285-0415-1","250 mL in 1 BAG (71285-0415-1)","2021-2, 2022-2, 2022-1",""
"71285-0415","HUMAN COMPOUNDED DRUG","Trophamine 2%/Dextrose 5% With Calcium Gluconate 3.75mEq and Heparin 125 units 250ml in 250ml bag","SOLUTION","INTRAVENOUS","OUTSOURCING FACILITY COMPOUNDED HUMAN DRUG PRODUCT (EXEMPT FROM APPROVAL REQUIREMENTS)","Central Admixture Pharmacy Services, Inc.","LYSINE ACETATE; SERINE; GLUTAMIC ACID; TYROSINE; N-ACETYLTYROSINE; THREONINE; CYSTEINE HYDROCHLORIDE; HISTIDINE; ARGININE; TAURINE; DEXTROSE MONOHYDRATE; CALCIUM GLUCONATE MONOHYDRATE; LEUCINE; METHIONINE; PROLINE; ASPARTIC ACID; ISOLEUCINE; ALANINE; GLYCINE; PHENYLALANINE; TRYPTOPHAN; VALINE; HEPARIN SODIUM",".6 g/250 mL; .19 g/250 mL; .25 g/250 mL; .022 g/250 mL; .12 g/250 mL; .21 g/250 mL; .012 g/250 mL; .24 g/250 mL; .6 g/250 mL; .0125 g/250 mL; 12.5 g/250 mL; 3.75 meq/250 mL; .7 g/250 mL; .17 g/250 mL; .34 g/250 mL; .16 g/250 mL; .041 g/250 mL; .27 g/250 mL; .18 g/250 mL; .24 g/250 mL; .1 g/250 mL; .39 g/250 mL; 125 U/250 mL","71285-0415-1","250 mL in 1 BAG (71285-0415-1)","2021-2, 2022-2, 2022-1",""
"71285-0415","HUMAN COMPOUNDED DRUG","Trophamine 2%/Dextrose 5% With Calcium Gluconate 3.75mEq and Heparin 125 units 250ml in 250ml bag","SOLUTION","INTRAVENOUS","OUTSOURCING FACILITY COMPOUNDED HUMAN DRUG PRODUCT (EXEMPT FROM APPROVAL REQUIREMENTS)","Central Admixture Pharmacy Services, Inc.","LYSINE ACETATE; SERINE; GLUTAMIC ACID; TYROSINE; N-ACETYLTYROSINE; THREONINE; CYSTEINE HYDROCHLORIDE; HISTIDINE; ARGININE; TAURINE; DEXTROSE MONOHYDRATE; CALCIUM GLUCONATE MONOHYDRATE; LEUCINE; METHIONINE; PROLINE; ASPARTIC ACID; ISOLEUCINE; ALANINE; GLYCINE; PHENYLALANINE; TRYPTOPHAN; VALINE; HEPARIN SODIUM",".6 g/250 mL; .19 g/250 mL; .25 g/250 mL; .022 g/250 mL; .12 g/250 mL; .21 g/250 mL; .012 g/250 mL; .24 g/250 mL; .6 g/250 mL; .0125 g/250 mL; 12.5 g/250 mL; 3.75 meq/250 mL; .7 g/250 mL; .17 g/250 mL; .34 g/250 mL; .16 g/250 mL; .041 g/250 mL; .27 g/250 mL; .18 g/250 mL; .24 g/250 mL; .1 g/250 mL; .39 g/250 mL; 125 U/250 mL","71285-0415-1","250 mL in 1 BAG (71285-0415-1)","2021-2, 2022-2, 2022-1",""
"71285-0416","HUMAN COMPOUNDED DRUG","Trophamine 2% / Dextrose 10% With Calcium Gluconate 3.75mEq and Heparin 125 units 250ml in 250ml bag","SOLUTION","INTRAVENOUS","OUTSOURCING FACILITY COMPOUNDED HUMAN DRUG PRODUCT (EXEMPT FROM APPROVAL REQUIREMENTS)","Central Admixture Pharmacy Services, Inc.","CALCIUM GLUCONATE MONOHYDRATE; LEUCINE; METHIONINE; PROLINE; ASPARTIC ACID; ISOLEUCINE; ALANINE; GLYCINE; PHENYLALANINE; TRYPTOPHAN; LYSINE ACETATE; SERINE; GLUTAMIC ACID; TYROSINE; N-ACETYLTYROSINE; THREONINE; CYSTEINE HYDROCHLORIDE; HISTIDINE; ARGININE; TAURINE; DEXTROSE MONOHYDRATE; VALINE; HEPARIN SODIUM","3.75 meq/250 mL; .7 g/250 mL; .17 g/250 mL; .34 g/250 mL; .16 g/250 mL; 41 g/250 mL; .27 g/250 mL; .18 g/250 mL; .24 g/250 mL; .1 g/250 mL; .6 g/250 mL; .19 g/250 mL; .25 g/250 mL; .022 g/250 mL; .12 g/250 mL; .21 g/250 mL; .012 g/250 mL; .24 g/250 mL; .6 g/250 mL; .0125 g/250 mL; 25 g/250 mL; .39 g/250 mL; 125 U/250 mL","71285-0416-1","250 mL in 1 BAG (71285-0416-1)","2022-1, 2021-2, 2022-2",""
"71285-0416","HUMAN COMPOUNDED DRUG","Trophamine 2% / Dextrose 10% With Calcium Gluconate 3.75mEq and Heparin 125 units 250ml in 250ml bag","SOLUTION","INTRAVENOUS","OUTSOURCING FACILITY COMPOUNDED HUMAN DRUG PRODUCT (EXEMPT FROM APPROVAL REQUIREMENTS)","Central Admixture Pharmacy Services, Inc.","CALCIUM GLUCONATE MONOHYDRATE; LEUCINE; METHIONINE; PROLINE; ASPARTIC ACID; ISOLEUCINE; ALANINE; GLYCINE; PHENYLALANINE; TRYPTOPHAN; LYSINE ACETATE; SERINE; GLUTAMIC ACID; TYROSINE; N-ACETYLTYROSINE; THREONINE; CYSTEINE HYDROCHLORIDE; HISTIDINE; ARGININE; TAURINE; DEXTROSE MONOHYDRATE; VALINE; HEPARIN SODIUM","3.75 meq/250 mL; .7 g/250 mL; .17 g/250 mL; .34 g/250 mL; .16 g/250 mL; 41 g/250 mL; .27 g/250 mL; .18 g/250 mL; .24 g/250 mL; .1 g/250 mL; .6 g/250 mL; .19 g/250 mL; .25 g/250 mL; .022 g/250 mL; .12 g/250 mL; .21 g/250 mL; .012 g/250 mL; .24 g/250 mL; .6 g/250 mL; .0125 g/250 mL; 25 g/250 mL; .39 g/250 mL; 125 U/250 mL","71285-0416-1","250 mL in 1 BAG (71285-0416-1)","2022-1, 2021-2, 2022-2",""
"71285-0416","HUMAN COMPOUNDED DRUG","Trophamine 2% / Dextrose 10% With Calcium Gluconate 3.75mEq and Heparin 125 units 250ml in 250ml bag","SOLUTION","INTRAVENOUS","OUTSOURCING FACILITY COMPOUNDED HUMAN DRUG PRODUCT (EXEMPT FROM APPROVAL REQUIREMENTS)","Central Admixture Pharmacy Services, Inc.","CALCIUM GLUCONATE MONOHYDRATE; LEUCINE; METHIONINE; PROLINE; ASPARTIC ACID; ISOLEUCINE; ALANINE; GLYCINE; PHENYLALANINE; TRYPTOPHAN; LYSINE ACETATE; SERINE; GLUTAMIC ACID; TYROSINE; N-ACETYLTYROSINE; THREONINE; CYSTEINE HYDROCHLORIDE; HISTIDINE; ARGININE; TAURINE; DEXTROSE MONOHYDRATE; VALINE; HEPARIN SODIUM","3.75 meq/250 mL; .7 g/250 mL; .17 g/250 mL; .34 g/250 mL; .16 g/250 mL; 41 g/250 mL; .27 g/250 mL; .18 g/250 mL; .24 g/250 mL; .1 g/250 mL; .6 g/250 mL; .19 g/250 mL; .25 g/250 mL; .022 g/250 mL; .12 g/250 mL; .21 g/250 mL; .012 g/250 mL; .24 g/250 mL; .6 g/250 mL; .0125 g/250 mL; 25 g/250 mL; .39 g/250 mL; 125 U/250 mL","71285-0416-1","250 mL in 1 BAG (71285-0416-1)","2022-1, 2021-2, 2022-2",""
"71285-0418","HUMAN COMPOUNDED DRUG","Trophamine 2.5%/Dextrose 10% With Calcium Gluconate 3.75mEq and Heparin 125 units 250ml in 250ml bag","SOLUTION","INTRAVENOUS","OUTSOURCING FACILITY COMPOUNDED HUMAN DRUG PRODUCT (EXEMPT FROM APPROVAL REQUIREMENTS)","Central Admixture Pharmacy Services, Inc.","CALCIUM GLUCONATE MONOHYDRATE; GLUTAMIC ACID; LYSINE ACETATE; SERINE; TYROSINE; N-ACETYLTYROSINE; THREONINE; CYSTEINE HYDROCHLORIDE; HISTIDINE; ARGININE; TAURINE; DEXTROSE MONOHYDRATE; LEUCINE; METHIONINE; PROLINE; ASPARTIC ACID; ISOLEUCINE; ALANINE; GLYCINE; PHENYLALANINE; TRYPTOPHAN; VALINE; HEPARIN SODIUM","3.75 meq/250 mL; .3125 g/250 mL; .75 g/250 mL; .2375 g/250 mL; .0275 g/250 mL; .15 g/250 mL; .2625 g/250 mL; .015 g/250 mL; .3 g/250 mL; .75 g/250 mL; .01563 g/250 mL; 25 g/250 mL; .875 g/250 mL; .2125 g/250 mL; .425 g/250 mL; .2 g/250 mL; .5125 g/250 mL; .3375 g/250 mL; .225 g/250 mL; .3 g/250 mL; .125 g/250 mL; .4875 g/250 mL; 125 U/250 mL","71285-0418-1","250 mL in 1 BAG (71285-0418-1)","2021-2, 2022-2, 2022-1",""
"71285-0418","HUMAN COMPOUNDED DRUG","Trophamine 2.5%/Dextrose 10% With Calcium Gluconate 3.75mEq and Heparin 125 units 250ml in 250ml bag","SOLUTION","INTRAVENOUS","OUTSOURCING FACILITY COMPOUNDED HUMAN DRUG PRODUCT (EXEMPT FROM APPROVAL REQUIREMENTS)","Central Admixture Pharmacy Services, Inc.","CALCIUM GLUCONATE MONOHYDRATE; GLUTAMIC ACID; LYSINE ACETATE; SERINE; TYROSINE; N-ACETYLTYROSINE; THREONINE; CYSTEINE HYDROCHLORIDE; HISTIDINE; ARGININE; TAURINE; DEXTROSE MONOHYDRATE; LEUCINE; METHIONINE; PROLINE; ASPARTIC ACID; ISOLEUCINE; ALANINE; GLYCINE; PHENYLALANINE; TRYPTOPHAN; VALINE; HEPARIN SODIUM","3.75 meq/250 mL; .3125 g/250 mL; .75 g/250 mL; .2375 g/250 mL; .0275 g/250 mL; .15 g/250 mL; .2625 g/250 mL; .015 g/250 mL; .3 g/250 mL; .75 g/250 mL; .01563 g/250 mL; 25 g/250 mL; .875 g/250 mL; .2125 g/250 mL; .425 g/250 mL; .2 g/250 mL; .5125 g/250 mL; .3375 g/250 mL; .225 g/250 mL; .3 g/250 mL; .125 g/250 mL; .4875 g/250 mL; 125 U/250 mL","71285-0418-1","250 mL in 1 BAG (71285-0418-1)","2021-2, 2022-2, 2022-1",""
"71285-0418","HUMAN COMPOUNDED DRUG","Trophamine 2.5%/Dextrose 10% With Calcium Gluconate 3.75mEq and Heparin 125 units 250ml in 250ml bag","SOLUTION","INTRAVENOUS","OUTSOURCING FACILITY COMPOUNDED HUMAN DRUG PRODUCT (EXEMPT FROM APPROVAL REQUIREMENTS)","Central Admixture Pharmacy Services, Inc.","CALCIUM GLUCONATE MONOHYDRATE; GLUTAMIC ACID; LYSINE ACETATE; SERINE; TYROSINE; N-ACETYLTYROSINE; THREONINE; CYSTEINE HYDROCHLORIDE; HISTIDINE; ARGININE; TAURINE; DEXTROSE MONOHYDRATE; LEUCINE; METHIONINE; PROLINE; ASPARTIC ACID; ISOLEUCINE; ALANINE; GLYCINE; PHENYLALANINE; TRYPTOPHAN; VALINE; HEPARIN SODIUM","3.75 meq/250 mL; .3125 g/250 mL; .75 g/250 mL; .2375 g/250 mL; .0275 g/250 mL; .15 g/250 mL; .2625 g/250 mL; .015 g/250 mL; .3 g/250 mL; .75 g/250 mL; .01563 g/250 mL; 25 g/250 mL; .875 g/250 mL; .2125 g/250 mL; .425 g/250 mL; .2 g/250 mL; .5125 g/250 mL; .3375 g/250 mL; .225 g/250 mL; .3 g/250 mL; .125 g/250 mL; .4875 g/250 mL; 125 U/250 mL","71285-0418-1","250 mL in 1 BAG (71285-0418-1)","2021-2, 2022-2, 2022-1",""
"71285-0419","HUMAN COMPOUNDED DRUG","Trophamine 3% / Dextrose 5% With Calcium Gluconate 3.75mEq and Heparin 125 units 250ml in 250ml bag","SOLUTION","INTRAVENOUS","OUTSOURCING FACILITY COMPOUNDED HUMAN DRUG PRODUCT (EXEMPT FROM APPROVAL REQUIREMENTS)","Central Admixture Pharmacy Services, Inc.","ALANINE; GLYCINE; PHENYLALANINE; TRYPTOPHAN; VALINE; GLUTAMIC ACID; LYSINE ACETATE; SERINE; TYROSINE; N-ACETYLTYROSINE; THREONINE; CYSTEINE HYDROCHLORIDE; HISTIDINE; ARGININE; TAURINE; DEXTROSE MONOHYDRATE; LEUCINE; METHIONINE; PROLINE; ASPARTIC ACID; ISOLEUCINE; CALCIUM GLUCONATE MONOHYDRATE; HEPARIN SODIUM",".405 g/250 mL; .27 g/250 mL; .36 g/250 mL; .15 g/250 mL; .585 g/250 mL; .375 g/250 mL; .9 g/250 mL; .285 g/250 mL; .033 g/250 mL; .18 g/250 mL; .315 g/250 mL; .018 g/250 mL; .36 g/250 mL; .9 g/250 mL; .01875 g/250 mL; 12.5 g/250 mL; 1.05 g/250 mL; .255 g/250 mL; .51 g/250 mL; .24 g/250 mL; .615 g/250 mL; 3.75 meq/250 mL; 125 U/250 mL","71285-0419-1","250 mL in 1 BAG (71285-0419-1)","2022-1, 2021-2, 2022-2",""
"71285-0419","HUMAN COMPOUNDED DRUG","Trophamine 3% / Dextrose 5% With Calcium Gluconate 3.75mEq and Heparin 125 units 250ml in 250ml bag","SOLUTION","INTRAVENOUS","OUTSOURCING FACILITY COMPOUNDED HUMAN DRUG PRODUCT (EXEMPT FROM APPROVAL REQUIREMENTS)","Central Admixture Pharmacy Services, Inc.","ALANINE; GLYCINE; PHENYLALANINE; TRYPTOPHAN; VALINE; GLUTAMIC ACID; LYSINE ACETATE; SERINE; TYROSINE; N-ACETYLTYROSINE; THREONINE; CYSTEINE HYDROCHLORIDE; HISTIDINE; ARGININE; TAURINE; DEXTROSE MONOHYDRATE; LEUCINE; METHIONINE; PROLINE; ASPARTIC ACID; ISOLEUCINE; CALCIUM GLUCONATE MONOHYDRATE; HEPARIN SODIUM",".405 g/250 mL; .27 g/250 mL; .36 g/250 mL; .15 g/250 mL; .585 g/250 mL; .375 g/250 mL; .9 g/250 mL; .285 g/250 mL; .033 g/250 mL; .18 g/250 mL; .315 g/250 mL; .018 g/250 mL; .36 g/250 mL; .9 g/250 mL; .01875 g/250 mL; 12.5 g/250 mL; 1.05 g/250 mL; .255 g/250 mL; .51 g/250 mL; .24 g/250 mL; .615 g/250 mL; 3.75 meq/250 mL; 125 U/250 mL","71285-0419-1","250 mL in 1 BAG (71285-0419-1)","2022-1, 2021-2, 2022-2",""
"71285-0419","HUMAN COMPOUNDED DRUG","Trophamine 3% / Dextrose 5% With Calcium Gluconate 3.75mEq and Heparin 125 units 250ml in 250ml bag","SOLUTION","INTRAVENOUS","OUTSOURCING FACILITY COMPOUNDED HUMAN DRUG PRODUCT (EXEMPT FROM APPROVAL REQUIREMENTS)","Central Admixture Pharmacy Services, Inc.","ALANINE; GLYCINE; PHENYLALANINE; TRYPTOPHAN; VALINE; GLUTAMIC ACID; LYSINE ACETATE; SERINE; TYROSINE; N-ACETYLTYROSINE; THREONINE; CYSTEINE HYDROCHLORIDE; HISTIDINE; ARGININE; TAURINE; DEXTROSE MONOHYDRATE; LEUCINE; METHIONINE; PROLINE; ASPARTIC ACID; ISOLEUCINE; CALCIUM GLUCONATE MONOHYDRATE; HEPARIN SODIUM",".405 g/250 mL; .27 g/250 mL; .36 g/250 mL; .15 g/250 mL; .585 g/250 mL; .375 g/250 mL; .9 g/250 mL; .285 g/250 mL; .033 g/250 mL; .18 g/250 mL; .315 g/250 mL; .018 g/250 mL; .36 g/250 mL; .9 g/250 mL; .01875 g/250 mL; 12.5 g/250 mL; 1.05 g/250 mL; .255 g/250 mL; .51 g/250 mL; .24 g/250 mL; .615 g/250 mL; 3.75 meq/250 mL; 125 U/250 mL","71285-0419-1","250 mL in 1 BAG (71285-0419-1)","2022-1, 2021-2, 2022-2",""
"71285-0420","HUMAN COMPOUNDED DRUG","Trophamine 3%/Dextrose 10% With Calcium Gluconate 3.75mEq and Heparin 125 units 250ml in 250ml bag","SOLUTION","INTRAVENOUS","OUTSOURCING FACILITY COMPOUNDED HUMAN DRUG PRODUCT (EXEMPT FROM APPROVAL REQUIREMENTS)","Central Admixture Pharmacy Services, Inc.","GLUTAMIC ACID; LYSINE ACETATE; SERINE; TYROSINE; N-ACETYLTYROSINE; THREONINE; CYSTEINE HYDROCHLORIDE; HISTIDINE; ARGININE; TAURINE; DEXTROSE MONOHYDRATE; LEUCINE; METHIONINE; PROLINE; ASPARTIC ACID; ISOLEUCINE; ALANINE; GLYCINE; PHENYLALANINE; TRYPTOPHAN; VALINE; CALCIUM GLUCONATE MONOHYDRATE; HEPARIN SODIUM",".375 g/250 mL; .9 g/250 mL; .285 g/250 mL; .033 g/250 mL; .18 g/250 mL; .315 g/250 mL; .018 g/250 mL; .36 g/250 mL; .9 g/250 mL; .01875 g/250 mL; 25 g/250 mL; 1.05 g/250 mL; .255 g/250 mL; .51 g/250 mL; .24 g/250 mL; .615 g/250 mL; .405 g/250 mL; .27 g/250 mL; .36 g/250 mL; .15 g/250 mL; .585 g/250 mL; 3.75 meq/250 mL; 125 U/250 mL","71285-0420-1","250 mL in 1 BAG (71285-0420-1)","2022-1, 2021-2, 2022-2",""
"71285-0420","HUMAN COMPOUNDED DRUG","Trophamine 3%/Dextrose 10% With Calcium Gluconate 3.75mEq and Heparin 125 units 250ml in 250ml bag","SOLUTION","INTRAVENOUS","OUTSOURCING FACILITY COMPOUNDED HUMAN DRUG PRODUCT (EXEMPT FROM APPROVAL REQUIREMENTS)","Central Admixture Pharmacy Services, Inc.","GLUTAMIC ACID; LYSINE ACETATE; SERINE; TYROSINE; N-ACETYLTYROSINE; THREONINE; CYSTEINE HYDROCHLORIDE; HISTIDINE; ARGININE; TAURINE; DEXTROSE MONOHYDRATE; LEUCINE; METHIONINE; PROLINE; ASPARTIC ACID; ISOLEUCINE; ALANINE; GLYCINE; PHENYLALANINE; TRYPTOPHAN; VALINE; CALCIUM GLUCONATE MONOHYDRATE; HEPARIN SODIUM",".375 g/250 mL; .9 g/250 mL; .285 g/250 mL; .033 g/250 mL; .18 g/250 mL; .315 g/250 mL; .018 g/250 mL; .36 g/250 mL; .9 g/250 mL; .01875 g/250 mL; 25 g/250 mL; 1.05 g/250 mL; .255 g/250 mL; .51 g/250 mL; .24 g/250 mL; .615 g/250 mL; .405 g/250 mL; .27 g/250 mL; .36 g/250 mL; .15 g/250 mL; .585 g/250 mL; 3.75 meq/250 mL; 125 U/250 mL","71285-0420-1","250 mL in 1 BAG (71285-0420-1)","2022-1, 2021-2, 2022-2",""
"71285-0420","HUMAN COMPOUNDED DRUG","Trophamine 3%/Dextrose 10% With Calcium Gluconate 3.75mEq and Heparin 125 units 250ml in 250ml bag","SOLUTION","INTRAVENOUS","OUTSOURCING FACILITY COMPOUNDED HUMAN DRUG PRODUCT (EXEMPT FROM APPROVAL REQUIREMENTS)","Central Admixture Pharmacy Services, Inc.","GLUTAMIC ACID; LYSINE ACETATE; SERINE; TYROSINE; N-ACETYLTYROSINE; THREONINE; CYSTEINE HYDROCHLORIDE; HISTIDINE; ARGININE; TAURINE; DEXTROSE MONOHYDRATE; LEUCINE; METHIONINE; PROLINE; ASPARTIC ACID; ISOLEUCINE; ALANINE; GLYCINE; PHENYLALANINE; TRYPTOPHAN; VALINE; CALCIUM GLUCONATE MONOHYDRATE; HEPARIN SODIUM",".375 g/250 mL; .9 g/250 mL; .285 g/250 mL; .033 g/250 mL; .18 g/250 mL; .315 g/250 mL; .018 g/250 mL; .36 g/250 mL; .9 g/250 mL; .01875 g/250 mL; 25 g/250 mL; 1.05 g/250 mL; .255 g/250 mL; .51 g/250 mL; .24 g/250 mL; .615 g/250 mL; .405 g/250 mL; .27 g/250 mL; .36 g/250 mL; .15 g/250 mL; .585 g/250 mL; 3.75 meq/250 mL; 125 U/250 mL","71285-0420-1","250 mL in 1 BAG (71285-0420-1)","2022-1, 2021-2, 2022-2",""
"71285-0421","HUMAN COMPOUNDED DRUG","Trophamine 3.5%/Dextrose 10% With Calcium Gluconate 3.75mEq and Heparin 125 units 250ml in 250ml bag","SOLUTION","INTRAVENOUS","OUTSOURCING FACILITY COMPOUNDED HUMAN DRUG PRODUCT (EXEMPT FROM APPROVAL REQUIREMENTS)","Central Admixture Pharmacy Services, Inc.","HEPARIN SODIUM; CALCIUM GLUCONATE MONOHYDRATE; LYSINE ACETATE; SERINE; TYROSINE; N-ACETYLTYROSINE; THREONINE; CYSTEINE HYDROCHLORIDE; HISTIDINE; ARGININE; TAURINE; DEXTROSE MONOHYDRATE; LEUCINE; METHIONINE; GLUTAMIC ACID; PROLINE; ASPARTIC ACID; ISOLEUCINE; ALANINE; GLYCINE; PHENYLALANINE; TRYPTOPHAN; VALINE","125 U/250 mL; 3.75 meq/250 mL; 1.05 g/250 mL; .3325 g/250 mL; .0385 g/250 mL; .21 g/250 mL; .3675 g/250 mL; .021 g/250 mL; .42 g/250 mL; 1.05 g/250 mL; .021875 g/250 mL; 25 g/250 mL; 1.225 g/250 mL; .2975 g/250 mL; .4375 g/250 mL; .595 g/250 mL; .28 g/250 mL; .7175 g/250 mL; .4725 g/250 mL; .315 g/250 mL; .42 g/250 mL; .175 g/250 mL; .6825 g/250 mL","71285-0421-1","250 mL in 1 BAG (71285-0421-1)","2022-1, 2021-2, 2022-2",""
"71285-0421","HUMAN COMPOUNDED DRUG","Trophamine 3.5%/Dextrose 10% With Calcium Gluconate 3.75mEq and Heparin 125 units 250ml in 250ml bag","SOLUTION","INTRAVENOUS","OUTSOURCING FACILITY COMPOUNDED HUMAN DRUG PRODUCT (EXEMPT FROM APPROVAL REQUIREMENTS)","Central Admixture Pharmacy Services, Inc.","HEPARIN SODIUM; CALCIUM GLUCONATE MONOHYDRATE; LYSINE ACETATE; SERINE; TYROSINE; N-ACETYLTYROSINE; THREONINE; CYSTEINE HYDROCHLORIDE; HISTIDINE; ARGININE; TAURINE; DEXTROSE MONOHYDRATE; LEUCINE; METHIONINE; GLUTAMIC ACID; PROLINE; ASPARTIC ACID; ISOLEUCINE; ALANINE; GLYCINE; PHENYLALANINE; TRYPTOPHAN; VALINE","125 U/250 mL; 3.75 meq/250 mL; 1.05 g/250 mL; .3325 g/250 mL; .0385 g/250 mL; .21 g/250 mL; .3675 g/250 mL; .021 g/250 mL; .42 g/250 mL; 1.05 g/250 mL; .021875 g/250 mL; 25 g/250 mL; 1.225 g/250 mL; .2975 g/250 mL; .4375 g/250 mL; .595 g/250 mL; .28 g/250 mL; .7175 g/250 mL; .4725 g/250 mL; .315 g/250 mL; .42 g/250 mL; .175 g/250 mL; .6825 g/250 mL","71285-0421-1","250 mL in 1 BAG (71285-0421-1)","2022-1, 2021-2, 2022-2",""
"71285-0421","HUMAN COMPOUNDED DRUG","Trophamine 3.5%/Dextrose 10% With Calcium Gluconate 3.75mEq and Heparin 125 units 250ml in 250ml bag","SOLUTION","INTRAVENOUS","OUTSOURCING FACILITY COMPOUNDED HUMAN DRUG PRODUCT (EXEMPT FROM APPROVAL REQUIREMENTS)","Central Admixture Pharmacy Services, Inc.","HEPARIN SODIUM; CALCIUM GLUCONATE MONOHYDRATE; LYSINE ACETATE; SERINE; TYROSINE; N-ACETYLTYROSINE; THREONINE; CYSTEINE HYDROCHLORIDE; HISTIDINE; ARGININE; TAURINE; DEXTROSE MONOHYDRATE; LEUCINE; METHIONINE; GLUTAMIC ACID; PROLINE; ASPARTIC ACID; ISOLEUCINE; ALANINE; GLYCINE; PHENYLALANINE; TRYPTOPHAN; VALINE","125 U/250 mL; 3.75 meq/250 mL; 1.05 g/250 mL; .3325 g/250 mL; .0385 g/250 mL; .21 g/250 mL; .3675 g/250 mL; .021 g/250 mL; .42 g/250 mL; 1.05 g/250 mL; .021875 g/250 mL; 25 g/250 mL; 1.225 g/250 mL; .2975 g/250 mL; .4375 g/250 mL; .595 g/250 mL; .28 g/250 mL; .7175 g/250 mL; .4725 g/250 mL; .315 g/250 mL; .42 g/250 mL; .175 g/250 mL; .6825 g/250 mL","71285-0421-1","250 mL in 1 BAG (71285-0421-1)","2022-1, 2021-2, 2022-2",""
"71285-0422","HUMAN COMPOUNDED DRUG","Trophamine 4% / Dextrose 10% With Calcium Gluconate 3.75mEq and Heparin 125 units 250ml in 250ml bag","SOLUTION","INTRAVENOUS","OUTSOURCING FACILITY COMPOUNDED HUMAN DRUG PRODUCT (EXEMPT FROM APPROVAL REQUIREMENTS)","Central Admixture Pharmacy Services, Inc.","LYSINE ACETATE; SERINE; GLUTAMIC ACID; TYROSINE; N-ACETYLTYROSINE; THREONINE; CYSTEINE HYDROCHLORIDE; HISTIDINE; ARGININE; TAURINE; DEXTROSE MONOHYDRATE; CALCIUM GLUCONATE MONOHYDRATE; LEUCINE; METHIONINE; PROLINE; ASPARTIC ACID; ISOLEUCINE; ALANINE; GLYCINE; PHENYLALANINE; TRYPTOPHAN; VALINE; HEPARIN SODIUM","1.2 g/250 mL; .38 g/250 mL; .5 g/250 mL; .044 g/250 mL; .24 g/250 mL; .42 g/250 mL; .024 g/250 mL; .48 g/250 mL; 1.2 g/250 mL; .025 g/250 mL; 25 g/250 mL; 3.75 meq/250 mL; 1.4 g/250 mL; .34 g/250 mL; .68 g/250 mL; .32 g/250 mL; .82 g/250 mL; .54 g/250 mL; .36 g/250 mL; .48 g/250 mL; .2 g/250 mL; .78 g/250 mL; 125 U/250 mL","71285-0422-1","250 mL in 1 BAG (71285-0422-1)","2021-2, 2022-2, 2022-1",""
"71285-0422","HUMAN COMPOUNDED DRUG","Trophamine 4% / Dextrose 10% With Calcium Gluconate 3.75mEq and Heparin 125 units 250ml in 250ml bag","SOLUTION","INTRAVENOUS","OUTSOURCING FACILITY COMPOUNDED HUMAN DRUG PRODUCT (EXEMPT FROM APPROVAL REQUIREMENTS)","Central Admixture Pharmacy Services, Inc.","LYSINE ACETATE; SERINE; GLUTAMIC ACID; TYROSINE; N-ACETYLTYROSINE; THREONINE; CYSTEINE HYDROCHLORIDE; HISTIDINE; ARGININE; TAURINE; DEXTROSE MONOHYDRATE; CALCIUM GLUCONATE MONOHYDRATE; LEUCINE; METHIONINE; PROLINE; ASPARTIC ACID; ISOLEUCINE; ALANINE; GLYCINE; PHENYLALANINE; TRYPTOPHAN; VALINE; HEPARIN SODIUM","1.2 g/250 mL; .38 g/250 mL; .5 g/250 mL; .044 g/250 mL; .24 g/250 mL; .42 g/250 mL; .024 g/250 mL; .48 g/250 mL; 1.2 g/250 mL; .025 g/250 mL; 25 g/250 mL; 3.75 meq/250 mL; 1.4 g/250 mL; .34 g/250 mL; .68 g/250 mL; .32 g/250 mL; .82 g/250 mL; .54 g/250 mL; .36 g/250 mL; .48 g/250 mL; .2 g/250 mL; .78 g/250 mL; 125 U/250 mL","71285-0422-1","250 mL in 1 BAG (71285-0422-1)","2021-2, 2022-2, 2022-1",""
"71285-0422","HUMAN COMPOUNDED DRUG","Trophamine 4% / Dextrose 10% With Calcium Gluconate 3.75mEq and Heparin 125 units 250ml in 250ml bag","SOLUTION","INTRAVENOUS","OUTSOURCING FACILITY COMPOUNDED HUMAN DRUG PRODUCT (EXEMPT FROM APPROVAL REQUIREMENTS)","Central Admixture Pharmacy Services, Inc.","LYSINE ACETATE; SERINE; GLUTAMIC ACID; TYROSINE; N-ACETYLTYROSINE; THREONINE; CYSTEINE HYDROCHLORIDE; HISTIDINE; ARGININE; TAURINE; DEXTROSE MONOHYDRATE; CALCIUM GLUCONATE MONOHYDRATE; LEUCINE; METHIONINE; PROLINE; ASPARTIC ACID; ISOLEUCINE; ALANINE; GLYCINE; PHENYLALANINE; TRYPTOPHAN; VALINE; HEPARIN SODIUM","1.2 g/250 mL; .38 g/250 mL; .5 g/250 mL; .044 g/250 mL; .24 g/250 mL; .42 g/250 mL; .024 g/250 mL; .48 g/250 mL; 1.2 g/250 mL; .025 g/250 mL; 25 g/250 mL; 3.75 meq/250 mL; 1.4 g/250 mL; .34 g/250 mL; .68 g/250 mL; .32 g/250 mL; .82 g/250 mL; .54 g/250 mL; .36 g/250 mL; .48 g/250 mL; .2 g/250 mL; .78 g/250 mL; 125 U/250 mL","71285-0422-1","250 mL in 1 BAG (71285-0422-1)","2021-2, 2022-2, 2022-1",""
"71285-0423","HUMAN COMPOUNDED DRUG","Trophamine 6% / Dextrose 10% With Calcium Gluconate 3.75mEq and Heparin 125 units 250ml in 250ml bag","SOLUTION","INTRAVENOUS","OUTSOURCING FACILITY COMPOUNDED HUMAN DRUG PRODUCT (EXEMPT FROM APPROVAL REQUIREMENTS)","Central Admixture Pharmacy Services, Inc.","LEUCINE; METHIONINE; PROLINE; ASPARTIC ACID; ISOLEUCINE; ALANINE; GLYCINE; PHENYLALANINE; TRYPTOPHAN; VALINE; HEPARIN SODIUM; LYSINE ACETATE; SERINE; THREONINE; GLUTAMIC ACID; TYROSINE; N-ACETYLTYROSINE; CYSTEINE HYDROCHLORIDE; HISTIDINE; ARGININE; TAURINE; DEXTROSE MONOHYDRATE; CALCIUM GLUCONATE MONOHYDRATE","2.1 g/250 mL; .51 g/250 mL; 1.02 g/250 mL; .48 g/250 mL; 1.23 g/250 mL; .81 g/250 mL; .54 g/250 mL; .72 g/250 mL; .3 g/250 mL; 1.17 g/250 mL; 125 U/250 mL; 1.8 g/250 mL; .57 g/250 mL; .63 g/250 mL; .75 g/250 mL; .066 g/250 mL; .36 g/250 mL; .036 g/250 mL; .72 g/250 mL; 1.8 g/250 mL; .0375 g/250 mL; 25 g/250 mL; 3.75 meq/250 mL","71285-0423-1","250 mL in 1 BAG (71285-0423-1)","2021-2, 2022-2, 2022-1",""
"71285-0423","HUMAN COMPOUNDED DRUG","Trophamine 6% / Dextrose 10% With Calcium Gluconate 3.75mEq and Heparin 125 units 250ml in 250ml bag","SOLUTION","INTRAVENOUS","OUTSOURCING FACILITY COMPOUNDED HUMAN DRUG PRODUCT (EXEMPT FROM APPROVAL REQUIREMENTS)","Central Admixture Pharmacy Services, Inc.","LEUCINE; METHIONINE; PROLINE; ASPARTIC ACID; ISOLEUCINE; ALANINE; GLYCINE; PHENYLALANINE; TRYPTOPHAN; VALINE; HEPARIN SODIUM; LYSINE ACETATE; SERINE; THREONINE; GLUTAMIC ACID; TYROSINE; N-ACETYLTYROSINE; CYSTEINE HYDROCHLORIDE; HISTIDINE; ARGININE; TAURINE; DEXTROSE MONOHYDRATE; CALCIUM GLUCONATE MONOHYDRATE","2.1 g/250 mL; .51 g/250 mL; 1.02 g/250 mL; .48 g/250 mL; 1.23 g/250 mL; .81 g/250 mL; .54 g/250 mL; .72 g/250 mL; .3 g/250 mL; 1.17 g/250 mL; 125 U/250 mL; 1.8 g/250 mL; .57 g/250 mL; .63 g/250 mL; .75 g/250 mL; .066 g/250 mL; .36 g/250 mL; .036 g/250 mL; .72 g/250 mL; 1.8 g/250 mL; .0375 g/250 mL; 25 g/250 mL; 3.75 meq/250 mL","71285-0423-1","250 mL in 1 BAG (71285-0423-1)","2021-2, 2022-2, 2022-1",""
"71285-0423","HUMAN COMPOUNDED DRUG","Trophamine 6% / Dextrose 10% With Calcium Gluconate 3.75mEq and Heparin 125 units 250ml in 250ml bag","SOLUTION","INTRAVENOUS","OUTSOURCING FACILITY COMPOUNDED HUMAN DRUG PRODUCT (EXEMPT FROM APPROVAL REQUIREMENTS)","Central Admixture Pharmacy Services, Inc.","LEUCINE; METHIONINE; PROLINE; ASPARTIC ACID; ISOLEUCINE; ALANINE; GLYCINE; PHENYLALANINE; TRYPTOPHAN; VALINE; HEPARIN SODIUM; LYSINE ACETATE; SERINE; THREONINE; GLUTAMIC ACID; TYROSINE; N-ACETYLTYROSINE; CYSTEINE HYDROCHLORIDE; HISTIDINE; ARGININE; TAURINE; DEXTROSE MONOHYDRATE; CALCIUM GLUCONATE MONOHYDRATE","2.1 g/250 mL; .51 g/250 mL; 1.02 g/250 mL; .48 g/250 mL; 1.23 g/250 mL; .81 g/250 mL; .54 g/250 mL; .72 g/250 mL; .3 g/250 mL; 1.17 g/250 mL; 125 U/250 mL; 1.8 g/250 mL; .57 g/250 mL; .63 g/250 mL; .75 g/250 mL; .066 g/250 mL; .36 g/250 mL; .036 g/250 mL; .72 g/250 mL; 1.8 g/250 mL; .0375 g/250 mL; 25 g/250 mL; 3.75 meq/250 mL","71285-0423-1","250 mL in 1 BAG (71285-0423-1)","2021-2, 2022-2, 2022-1",""
"71285-0425","HUMAN COMPOUNDED DRUG","Trophamine 2% / Dextrose 10% With Calcium Gluconate 2.33mEq and Heparin 125 units 250ml in 250ml bag","SOLUTION","INTRAVENOUS","OUTSOURCING FACILITY COMPOUNDED HUMAN DRUG PRODUCT (EXEMPT FROM APPROVAL REQUIREMENTS)","Central Admixture Pharmacy Services, Inc.","LYSINE ACETATE; SERINE; GLUTAMIC ACID; TYROSINE; N-ACETYLTYROSINE; THREONINE; CYSTEINE HYDROCHLORIDE; HISTIDINE; ARGININE; TAURINE; DEXTROSE MONOHYDRATE; CALCIUM GLUCONATE MONOHYDRATE; LEUCINE; METHIONINE; PROLINE; ASPARTIC ACID; ISOLEUCINE; ALANINE; GLYCINE; PHENYLALANINE; TRYPTOPHAN; VALINE; HEPARIN SODIUM",".6 g/250 mL; .19 g/250 mL; .25 g/250 mL; .022 g/250 mL; .12 g/250 mL; .21 g/250 mL; .012 g/250 mL; .24 g/250 mL; .6 g/250 mL; .0125 g/250 mL; 25 g/250 mL; 2.33 meq/250 mL; .7 g/250 mL; .17 g/250 mL; .34 g/250 mL; .16 g/250 mL; .41 g/250 mL; .27 g/250 mL; .18 g/250 mL; .24 g/250 mL; .1 g/250 mL; .39 g/250 mL; 125 U/250 mL","71285-0425-1","250 mL in 1 BAG (71285-0425-1)","2022-1, 2021-2, 2022-2",""
"71285-0425","HUMAN COMPOUNDED DRUG","Trophamine 2% / Dextrose 10% With Calcium Gluconate 2.33mEq and Heparin 125 units 250ml in 250ml bag","SOLUTION","INTRAVENOUS","OUTSOURCING FACILITY COMPOUNDED HUMAN DRUG PRODUCT (EXEMPT FROM APPROVAL REQUIREMENTS)","Central Admixture Pharmacy Services, Inc.","LYSINE ACETATE; SERINE; GLUTAMIC ACID; TYROSINE; N-ACETYLTYROSINE; THREONINE; CYSTEINE HYDROCHLORIDE; HISTIDINE; ARGININE; TAURINE; DEXTROSE MONOHYDRATE; CALCIUM GLUCONATE MONOHYDRATE; LEUCINE; METHIONINE; PROLINE; ASPARTIC ACID; ISOLEUCINE; ALANINE; GLYCINE; PHENYLALANINE; TRYPTOPHAN; VALINE; HEPARIN SODIUM",".6 g/250 mL; .19 g/250 mL; .25 g/250 mL; .022 g/250 mL; .12 g/250 mL; .21 g/250 mL; .012 g/250 mL; .24 g/250 mL; .6 g/250 mL; .0125 g/250 mL; 25 g/250 mL; 2.33 meq/250 mL; .7 g/250 mL; .17 g/250 mL; .34 g/250 mL; .16 g/250 mL; .41 g/250 mL; .27 g/250 mL; .18 g/250 mL; .24 g/250 mL; .1 g/250 mL; .39 g/250 mL; 125 U/250 mL","71285-0425-1","250 mL in 1 BAG (71285-0425-1)","2022-1, 2021-2, 2022-2",""
"71285-0425","HUMAN COMPOUNDED DRUG","Trophamine 2% / Dextrose 10% With Calcium Gluconate 2.33mEq and Heparin 125 units 250ml in 250ml bag","SOLUTION","INTRAVENOUS","OUTSOURCING FACILITY COMPOUNDED HUMAN DRUG PRODUCT (EXEMPT FROM APPROVAL REQUIREMENTS)","Central Admixture Pharmacy Services, Inc.","LYSINE ACETATE; SERINE; GLUTAMIC ACID; TYROSINE; N-ACETYLTYROSINE; THREONINE; CYSTEINE HYDROCHLORIDE; HISTIDINE; ARGININE; TAURINE; DEXTROSE MONOHYDRATE; CALCIUM GLUCONATE MONOHYDRATE; LEUCINE; METHIONINE; PROLINE; ASPARTIC ACID; ISOLEUCINE; ALANINE; GLYCINE; PHENYLALANINE; TRYPTOPHAN; VALINE; HEPARIN SODIUM",".6 g/250 mL; .19 g/250 mL; .25 g/250 mL; .022 g/250 mL; .12 g/250 mL; .21 g/250 mL; .012 g/250 mL; .24 g/250 mL; .6 g/250 mL; .0125 g/250 mL; 25 g/250 mL; 2.33 meq/250 mL; .7 g/250 mL; .17 g/250 mL; .34 g/250 mL; .16 g/250 mL; .41 g/250 mL; .27 g/250 mL; .18 g/250 mL; .24 g/250 mL; .1 g/250 mL; .39 g/250 mL; 125 U/250 mL","71285-0425-1","250 mL in 1 BAG (71285-0425-1)","2022-1, 2021-2, 2022-2",""
"71285-0427","HUMAN COMPOUNDED DRUG","Trophamine 3% / Dextrose 5% With Calcium Gluconate 3.75mEq and Heparin 125 units 250ml in 250ml bag","SOLUTION","INTRAVENOUS","OUTSOURCING FACILITY COMPOUNDED HUMAN DRUG PRODUCT (EXEMPT FROM APPROVAL REQUIREMENTS)","Central Admixture Pharmacy Services, Inc.","VALINE; CALCIUM GLUCONATE MONOHYDRATE; HEPARIN SODIUM; GLUTAMIC ACID; LYSINE ACETATE; SERINE; TYROSINE; N-ACETYLTYROSINE; THREONINE; CYSTEINE HYDROCHLORIDE; HISTIDINE; ARGININE; TAURINE; DEXTROSE MONOHYDRATE; LEUCINE; METHIONINE; PROLINE; ASPARTIC ACID; ISOLEUCINE; ALANINE; GLYCINE; PHENYLALANINE; TRYPTOPHAN",".585 g/250 mL; 2.33 meq/250 mL; 125 U/250 mL; .375 g/250 mL; .9 g/250 mL; .285 g/250 mL; .033 g/250 mL; .18 g/250 mL; .315 g/250 mL; .018 g/250 mL; .36 g/250 mL; .9 g/250 mL; .01875 g/250 mL; 12.5 g/250 mL; 1.05 g/250 mL; .255 g/250 mL; .51 g/250 mL; .24 g/250 mL; .615 g/250 mL; .405 g/250 mL; .27 g/250 mL; .36 g/250 mL; .15 g/250 mL","71285-0427-1","250 mL in 1 BAG (71285-0427-1)","2022-1, 2021-2, 2022-2",""
"71285-0427","HUMAN COMPOUNDED DRUG","Trophamine 3% / Dextrose 5% With Calcium Gluconate 3.75mEq and Heparin 125 units 250ml in 250ml bag","SOLUTION","INTRAVENOUS","OUTSOURCING FACILITY COMPOUNDED HUMAN DRUG PRODUCT (EXEMPT FROM APPROVAL REQUIREMENTS)","Central Admixture Pharmacy Services, Inc.","VALINE; CALCIUM GLUCONATE MONOHYDRATE; HEPARIN SODIUM; GLUTAMIC ACID; LYSINE ACETATE; SERINE; TYROSINE; N-ACETYLTYROSINE; THREONINE; CYSTEINE HYDROCHLORIDE; HISTIDINE; ARGININE; TAURINE; DEXTROSE MONOHYDRATE; LEUCINE; METHIONINE; PROLINE; ASPARTIC ACID; ISOLEUCINE; ALANINE; GLYCINE; PHENYLALANINE; TRYPTOPHAN",".585 g/250 mL; 2.33 meq/250 mL; 125 U/250 mL; .375 g/250 mL; .9 g/250 mL; .285 g/250 mL; .033 g/250 mL; .18 g/250 mL; .315 g/250 mL; .018 g/250 mL; .36 g/250 mL; .9 g/250 mL; .01875 g/250 mL; 12.5 g/250 mL; 1.05 g/250 mL; .255 g/250 mL; .51 g/250 mL; .24 g/250 mL; .615 g/250 mL; .405 g/250 mL; .27 g/250 mL; .36 g/250 mL; .15 g/250 mL","71285-0427-1","250 mL in 1 BAG (71285-0427-1)","2022-1, 2021-2, 2022-2",""
"71285-0427","HUMAN COMPOUNDED DRUG","Trophamine 3% / Dextrose 5% With Calcium Gluconate 3.75mEq and Heparin 125 units 250ml in 250ml bag","SOLUTION","INTRAVENOUS","OUTSOURCING FACILITY COMPOUNDED HUMAN DRUG PRODUCT (EXEMPT FROM APPROVAL REQUIREMENTS)","Central Admixture Pharmacy Services, Inc.","VALINE; CALCIUM GLUCONATE MONOHYDRATE; HEPARIN SODIUM; GLUTAMIC ACID; LYSINE ACETATE; SERINE; TYROSINE; N-ACETYLTYROSINE; THREONINE; CYSTEINE HYDROCHLORIDE; HISTIDINE; ARGININE; TAURINE; DEXTROSE MONOHYDRATE; LEUCINE; METHIONINE; PROLINE; ASPARTIC ACID; ISOLEUCINE; ALANINE; GLYCINE; PHENYLALANINE; TRYPTOPHAN",".585 g/250 mL; 2.33 meq/250 mL; 125 U/250 mL; .375 g/250 mL; .9 g/250 mL; .285 g/250 mL; .033 g/250 mL; .18 g/250 mL; .315 g/250 mL; .018 g/250 mL; .36 g/250 mL; .9 g/250 mL; .01875 g/250 mL; 12.5 g/250 mL; 1.05 g/250 mL; .255 g/250 mL; .51 g/250 mL; .24 g/250 mL; .615 g/250 mL; .405 g/250 mL; .27 g/250 mL; .36 g/250 mL; .15 g/250 mL","71285-0427-1","250 mL in 1 BAG (71285-0427-1)","2022-1, 2021-2, 2022-2",""
"71285-0428","HUMAN COMPOUNDED DRUG","Trophamine 3% / Dextrose 10% With Calcium Gluconate 2.33mEq and Heparin 125 units 250ml in 250ml bag","SOLUTION","INTRAVENOUS","OUTSOURCING FACILITY COMPOUNDED HUMAN DRUG PRODUCT (EXEMPT FROM APPROVAL REQUIREMENTS)","Central Admixture Pharmacy Services, Inc.","GLUTAMIC ACID; LYSINE ACETATE; SERINE; TYROSINE; N-ACETYLTYROSINE; THREONINE; CYSTEINE HYDROCHLORIDE; HISTIDINE; ARGININE; TAURINE; DEXTROSE MONOHYDRATE; ASPARTIC ACID; LEUCINE; METHIONINE; PROLINE; ISOLEUCINE; ALANINE; GLYCINE; PHENYLALANINE; TRYPTOPHAN; VALINE; CALCIUM GLUCONATE MONOHYDRATE; HEPARIN SODIUM",".375 g/250 mL; .9 g/250 mL; .285 g/250 mL; .033 g/250 mL; .18 g/250 mL; .315 g/250 mL; .018 g/250 mL; .36 g/250 mL; .9 g/250 mL; .01875 g/250 mL; 25 g/250 mL; .24 g/250 mL; 1.05 g/250 mL; .255 g/250 mL; .51 g/250 mL; .615 g/250 mL; .405 g/250 mL; .27 g/250 mL; .36 g/250 mL; .15 g/250 mL; .585 g/250 mL; 2.33 meq/250 mL; 125 U/250 mL","71285-0428-1","250 mL in 1 BAG (71285-0428-1)","2022-1, 2021-2, 2022-2",""
"71285-0428","HUMAN COMPOUNDED DRUG","Trophamine 3% / Dextrose 10% With Calcium Gluconate 2.33mEq and Heparin 125 units 250ml in 250ml bag","SOLUTION","INTRAVENOUS","OUTSOURCING FACILITY COMPOUNDED HUMAN DRUG PRODUCT (EXEMPT FROM APPROVAL REQUIREMENTS)","Central Admixture Pharmacy Services, Inc.","GLUTAMIC ACID; LYSINE ACETATE; SERINE; TYROSINE; N-ACETYLTYROSINE; THREONINE; CYSTEINE HYDROCHLORIDE; HISTIDINE; ARGININE; TAURINE; DEXTROSE MONOHYDRATE; ASPARTIC ACID; LEUCINE; METHIONINE; PROLINE; ISOLEUCINE; ALANINE; GLYCINE; PHENYLALANINE; TRYPTOPHAN; VALINE; CALCIUM GLUCONATE MONOHYDRATE; HEPARIN SODIUM",".375 g/250 mL; .9 g/250 mL; .285 g/250 mL; .033 g/250 mL; .18 g/250 mL; .315 g/250 mL; .018 g/250 mL; .36 g/250 mL; .9 g/250 mL; .01875 g/250 mL; 25 g/250 mL; .24 g/250 mL; 1.05 g/250 mL; .255 g/250 mL; .51 g/250 mL; .615 g/250 mL; .405 g/250 mL; .27 g/250 mL; .36 g/250 mL; .15 g/250 mL; .585 g/250 mL; 2.33 meq/250 mL; 125 U/250 mL","71285-0428-1","250 mL in 1 BAG (71285-0428-1)","2022-1, 2021-2, 2022-2",""
"71285-0428","HUMAN COMPOUNDED DRUG","Trophamine 3% / Dextrose 10% With Calcium Gluconate 2.33mEq and Heparin 125 units 250ml in 250ml bag","SOLUTION","INTRAVENOUS","OUTSOURCING FACILITY COMPOUNDED HUMAN DRUG PRODUCT (EXEMPT FROM APPROVAL REQUIREMENTS)","Central Admixture Pharmacy Services, Inc.","GLUTAMIC ACID; LYSINE ACETATE; SERINE; TYROSINE; N-ACETYLTYROSINE; THREONINE; CYSTEINE HYDROCHLORIDE; HISTIDINE; ARGININE; TAURINE; DEXTROSE MONOHYDRATE; ASPARTIC ACID; LEUCINE; METHIONINE; PROLINE; ISOLEUCINE; ALANINE; GLYCINE; PHENYLALANINE; TRYPTOPHAN; VALINE; CALCIUM GLUCONATE MONOHYDRATE; HEPARIN SODIUM",".375 g/250 mL; .9 g/250 mL; .285 g/250 mL; .033 g/250 mL; .18 g/250 mL; .315 g/250 mL; .018 g/250 mL; .36 g/250 mL; .9 g/250 mL; .01875 g/250 mL; 25 g/250 mL; .24 g/250 mL; 1.05 g/250 mL; .255 g/250 mL; .51 g/250 mL; .615 g/250 mL; .405 g/250 mL; .27 g/250 mL; .36 g/250 mL; .15 g/250 mL; .585 g/250 mL; 2.33 meq/250 mL; 125 U/250 mL","71285-0428-1","250 mL in 1 BAG (71285-0428-1)","2022-1, 2021-2, 2022-2",""
"71285-0429","HUMAN COMPOUNDED DRUG","Trophamine 3.5%/Dextrose 10% With Calcium Gluconate 2.33mEq and Heparin 125 units 250ml in 250ml bag","SOLUTION","INTRAVENOUS","OUTSOURCING FACILITY COMPOUNDED HUMAN DRUG PRODUCT (EXEMPT FROM APPROVAL REQUIREMENTS)","Central Admixture Pharmacy Services, Inc.","HEPARIN SODIUM; CALCIUM GLUCONATE MONOHYDRATE; LYSINE ACETATE; SERINE; TYROSINE; N-ACETYLTYROSINE; THREONINE; CYSTEINE HYDROCHLORIDE; HISTIDINE; ARGININE; TAURINE; DEXTROSE MONOHYDRATE; LEUCINE; METHIONINE; GLUTAMIC ACID; PROLINE; ASPARTIC ACID; ISOLEUCINE; ALANINE; GLYCINE; PHENYLALANINE; TRYPTOPHAN; VALINE","125 U/250 mL; 2.33 meq/250 mL; 1.05 g/250 mL; .3325 g/250 mL; .0385 g/250 mL; .21 g/250 mL; .3675 g/250 mL; .021 g/250 mL; .42 g/250 mL; 1.05 g/250 mL; .021875 g/250 mL; 25 g/250 mL; 1.225 g/250 mL; .2975 g/250 mL; .4375 g/250 mL; .595 g/250 mL; .28 g/250 mL; .7175 g/250 mL; .4725 g/250 mL; .315 g/250 mL; .42 g/250 mL; .175 g/250 mL; .6825 g/250 mL","71285-0429-1","250 mL in 1 BAG (71285-0429-1)","2021-2, 2022-2, 2022-1",""
"71285-0429","HUMAN COMPOUNDED DRUG","Trophamine 3.5%/Dextrose 10% With Calcium Gluconate 2.33mEq and Heparin 125 units 250ml in 250ml bag","SOLUTION","INTRAVENOUS","OUTSOURCING FACILITY COMPOUNDED HUMAN DRUG PRODUCT (EXEMPT FROM APPROVAL REQUIREMENTS)","Central Admixture Pharmacy Services, Inc.","HISTIDINE; ARGININE; TAURINE; DEXTROSE MONOHYDRATE; LEUCINE; METHIONINE; GLUTAMIC ACID; PROLINE; ASPARTIC ACID; ISOLEUCINE; ALANINE; GLYCINE; PHENYLALANINE; TRYPTOPHAN; VALINE; HEPARIN SODIUM; CALCIUM GLUCONATE MONOHYDRATE; LYSINE ACETATE; SERINE; TYROSINE; N-ACETYLTYROSINE; THREONINE; CYSTEINE HYDROCHLORIDE",".42 g/250 mL; 1.05 g/250 mL; .021875 g/250 mL; 25 g/250 mL; 1.225 g/250 mL; .2975 g/250 mL; .4375 g/250 mL; .595 g/250 mL; .28 g/250 mL; .7175 g/250 mL; .4725 g/250 mL; .315 g/250 mL; .42 g/250 mL; .175 g/250 mL; .6825 g/250 mL; 125 U/250 mL; 2.33 meq/250 mL; 1.05 g/250 mL; .3325 g/250 mL; .0385 g/250 mL; .21 g/250 mL; .3675 g/250 mL; .021 g/250 mL","71285-0429-1","250 mL in 1 BAG (71285-0429-1)","2021-2, 2022-2, 2022-1",""
"71285-0429","HUMAN COMPOUNDED DRUG","Trophamine 3.5%/Dextrose 10% With Calcium Gluconate 2.33mEq and Heparin 125 units 250ml in 250ml bag","SOLUTION","INTRAVENOUS","OUTSOURCING FACILITY COMPOUNDED HUMAN DRUG PRODUCT (EXEMPT FROM APPROVAL REQUIREMENTS)","Central Admixture Pharmacy Services, Inc.","HISTIDINE; ARGININE; TAURINE; DEXTROSE MONOHYDRATE; LEUCINE; METHIONINE; GLUTAMIC ACID; PROLINE; ASPARTIC ACID; ISOLEUCINE; ALANINE; GLYCINE; PHENYLALANINE; TRYPTOPHAN; VALINE; HEPARIN SODIUM; CALCIUM GLUCONATE MONOHYDRATE; LYSINE ACETATE; SERINE; TYROSINE; N-ACETYLTYROSINE; THREONINE; CYSTEINE HYDROCHLORIDE",".42 g/250 mL; 1.05 g/250 mL; .021875 g/250 mL; 25 g/250 mL; 1.225 g/250 mL; .2975 g/250 mL; .4375 g/250 mL; .595 g/250 mL; .28 g/250 mL; .7175 g/250 mL; .4725 g/250 mL; .315 g/250 mL; .42 g/250 mL; .175 g/250 mL; .6825 g/250 mL; 125 U/250 mL; 2.33 meq/250 mL; 1.05 g/250 mL; .3325 g/250 mL; .0385 g/250 mL; .21 g/250 mL; .3675 g/250 mL; .021 g/250 mL","71285-0429-1","250 mL in 1 BAG (71285-0429-1)","2021-2, 2022-2, 2022-1",""
"71285-0430","HUMAN COMPOUNDED DRUG","Trophamine 6% / Dextrose 10% With Calcium Gluconate 3.75mEq and Heparin 125 units 250ml in 250ml bag","SOLUTION","INTRAVENOUS","OUTSOURCING FACILITY COMPOUNDED HUMAN DRUG PRODUCT (EXEMPT FROM APPROVAL REQUIREMENTS)","Central Admixture Pharmacy Services, Inc.","LYSINE ACETATE; SERINE; GLUTAMIC ACID; TYROSINE; N-ACETYLTYROSINE; THREONINE; CYSTEINE HYDROCHLORIDE; HISTIDINE; ARGININE; TAURINE; DEXTROSE MONOHYDRATE; CALCIUM GLUCONATE MONOHYDRATE; LEUCINE; METHIONINE; PROLINE; ASPARTIC ACID; ISOLEUCINE; ALANINE; GLYCINE; PHENYLALANINE; TRYPTOPHAN; VALINE; HEPARIN SODIUM","1.8 g/250 mL; .57 g/250 mL; .75 g/250 mL; .066 g/250 mL; .36 g/250 mL; .63 g/250 mL; .036 g/250 mL; .72 g/250 mL; 1.8 g/250 mL; .0375 g/250 mL; 25 g/250 mL; 2.33 meq/250 mL; 2.1 g/250 mL; .51 g/250 mL; 1.02 g/250 mL; .48 g/250 mL; 1.23 g/250 mL; .81 g/250 mL; .54 g/250 mL; .72 g/250 mL; .3 g/250 mL; 1.17 g/250 mL; 125 U/250 mL","71285-0430-1","250 mL in 1 BAG (71285-0430-1)","2021-2, 2022-2, 2022-1",""
"71285-0430","HUMAN COMPOUNDED DRUG","Trophamine 6% / Dextrose 10% With Calcium Gluconate 3.75mEq and Heparin 125 units 250ml in 250ml bag","SOLUTION","INTRAVENOUS","OUTSOURCING FACILITY COMPOUNDED HUMAN DRUG PRODUCT (EXEMPT FROM APPROVAL REQUIREMENTS)","Central Admixture Pharmacy Services, Inc.","LYSINE ACETATE; SERINE; GLUTAMIC ACID; TYROSINE; N-ACETYLTYROSINE; THREONINE; CYSTEINE HYDROCHLORIDE; HISTIDINE; ARGININE; TAURINE; DEXTROSE MONOHYDRATE; CALCIUM GLUCONATE MONOHYDRATE; LEUCINE; METHIONINE; PROLINE; ASPARTIC ACID; ISOLEUCINE; ALANINE; GLYCINE; PHENYLALANINE; TRYPTOPHAN; VALINE; HEPARIN SODIUM","1.8 g/250 mL; .57 g/250 mL; .75 g/250 mL; .066 g/250 mL; .36 g/250 mL; .63 g/250 mL; .036 g/250 mL; .72 g/250 mL; 1.8 g/250 mL; .0375 g/250 mL; 25 g/250 mL; 2.33 meq/250 mL; 2.1 g/250 mL; .51 g/250 mL; 1.02 g/250 mL; .48 g/250 mL; 1.23 g/250 mL; .81 g/250 mL; .54 g/250 mL; .72 g/250 mL; .3 g/250 mL; 1.17 g/250 mL; 125 U/250 mL","71285-0430-1","250 mL in 1 BAG (71285-0430-1)","2021-2, 2022-2, 2022-1",""
"71285-0430","HUMAN COMPOUNDED DRUG","Trophamine 6% / Dextrose 10% With Calcium Gluconate 3.75mEq and Heparin 125 units 250ml in 250ml bag","SOLUTION","INTRAVENOUS","OUTSOURCING FACILITY COMPOUNDED HUMAN DRUG PRODUCT (EXEMPT FROM APPROVAL REQUIREMENTS)","Central Admixture Pharmacy Services, Inc.","LYSINE ACETATE; SERINE; GLUTAMIC ACID; TYROSINE; N-ACETYLTYROSINE; THREONINE; CYSTEINE HYDROCHLORIDE; HISTIDINE; ARGININE; TAURINE; DEXTROSE MONOHYDRATE; CALCIUM GLUCONATE MONOHYDRATE; LEUCINE; METHIONINE; PROLINE; ASPARTIC ACID; ISOLEUCINE; ALANINE; GLYCINE; PHENYLALANINE; TRYPTOPHAN; VALINE; HEPARIN SODIUM","1.8 g/250 mL; .57 g/250 mL; .75 g/250 mL; .066 g/250 mL; .36 g/250 mL; .63 g/250 mL; .036 g/250 mL; .72 g/250 mL; 1.8 g/250 mL; .0375 g/250 mL; 25 g/250 mL; 2.33 meq/250 mL; 2.1 g/250 mL; .51 g/250 mL; 1.02 g/250 mL; .48 g/250 mL; 1.23 g/250 mL; .81 g/250 mL; .54 g/250 mL; .72 g/250 mL; .3 g/250 mL; 1.17 g/250 mL; 125 U/250 mL","71285-0430-1","250 mL in 1 BAG (71285-0430-1)","2021-2, 2022-2, 2022-1",""
"71285-0432","HUMAN COMPOUNDED DRUG","Trophamine 4.5%/Dextrose 10% With Heparin 125 units 250ml in 250ml bag","SOLUTION","INTRAVENOUS","OUTSOURCING FACILITY COMPOUNDED HUMAN DRUG PRODUCT (EXEMPT FROM APPROVAL REQUIREMENTS)","Central Admixture Pharmacy Services, Inc.","SERINE; GLUTAMIC ACID; TYROSINE; N-ACETYLTYROSINE; THREONINE; CYSTEINE HYDROCHLORIDE; HISTIDINE; ARGININE; TAURINE; DEXTROSE MONOHYDRATE; LEUCINE; METHIONINE; PROLINE; ASPARTIC ACID; ISOLEUCINE; ALANINE; GLYCINE; PHENYLALANINE; TRYPTOPHAN; VALINE; HEPARIN SODIUM; LYSINE ACETATE",".4275 g/250 mL; .5625 g/250 mL; .0495 g/250 mL; .27 g/250 mL; .4725 g/250 mL; .027 g/250 mL; .54 g/250 mL; 1.35 g/250 mL; .028125 g/250 mL; 25 g/250 mL; 1.575 g/250 mL; .3825 g/250 mL; .765 g/250 mL; .36 g/250 mL; .09225 g/250 mL; .6075 g/250 mL; .405 g/250 mL; .54 g/250 mL; .225 g/250 mL; .8775 g/250 mL; 125 U/250 mL; 1.35 g/250 mL","71285-0432-1","250 mL in 1 BAG (71285-0432-1)","2022-1, 2022-2",""
"71285-0432","HUMAN COMPOUNDED DRUG","Trophamine 4.5%/Dextrose 10% With Heparin 125 units 250ml in 250ml bag","SOLUTION","INTRAVENOUS","OUTSOURCING FACILITY COMPOUNDED HUMAN DRUG PRODUCT (EXEMPT FROM APPROVAL REQUIREMENTS)","Central Admixture Pharmacy Services, Inc.","LYSINE ACETATE; SERINE; GLUTAMIC ACID; TYROSINE; N-ACETYLTYROSINE; THREONINE; CYSTEINE HYDROCHLORIDE; HISTIDINE; ARGININE; TAURINE; DEXTROSE MONOHYDRATE; LEUCINE; METHIONINE; PROLINE; ASPARTIC ACID; ISOLEUCINE; ALANINE; GLYCINE; PHENYLALANINE; TRYPTOPHAN; VALINE; HEPARIN SODIUM","1.35 g/250 mL; .4275 g/250 mL; .5625 g/250 mL; .0495 g/250 mL; .27 g/250 mL; .4725 g/250 mL; .027 g/250 mL; .54 g/250 mL; 1.35 g/250 mL; .028125 g/250 mL; 25 g/250 mL; 1.575 g/250 mL; .3825 g/250 mL; .765 g/250 mL; .36 g/250 mL; .09225 g/250 mL; .6075 g/250 mL; .405 g/250 mL; .54 g/250 mL; .225 g/250 mL; .8775 g/250 mL; 125 U/250 mL","71285-0432-1","250 mL in 1 BAG (71285-0432-1)","2022-1, 2022-2",""
"71285-6018","HUMAN COMPOUNDED DRUG","Calcium Gluconate 1gm added to 50ml D5W","SOLUTION","INTRAVENOUS","OUTSOURCING FACILITY COMPOUNDED HUMAN DRUG PRODUCT (EXEMPT FROM APPROVAL REQUIREMENTS)","Central Admixture Pharmacy Services, Inc.","CALCIUM GLUCONATE","1 g/50 mL","71285-6018-1","50 mL in 1 BAG (71285-6018-1)","2022-1, 2021-2",""
"71285-6018","HUMAN COMPOUNDED DRUG","Calcium Gluconate 1gm added to 50ml D5W","SOLUTION","INTRAVENOUS","OUTSOURCING FACILITY COMPOUNDED HUMAN DRUG PRODUCT (EXEMPT FROM APPROVAL REQUIREMENTS)","Central Admixture Pharmacy Services, Inc.","CALCIUM GLUCONATE","1 g/50 mL","71285-6018-1","50 mL in 1 BAG (71285-6018-1)","2022-1, 2021-2",""
"71285-6019","HUMAN COMPOUNDED DRUG","Calcium Gluconate 2gm added to 50ml NS","SOLUTION","INTRAVENOUS","OUTSOURCING FACILITY COMPOUNDED HUMAN DRUG PRODUCT (EXEMPT FROM APPROVAL REQUIREMENTS)","Central Admixture Pharmacy Services, Inc.","CALCIUM GLUCONATE","2 g/50 mL","71285-6019-1","50 mL in 1 BAG (71285-6019-1)","2021-2, 2022-1",""
"71285-6019","HUMAN COMPOUNDED DRUG","Calcium Gluconate 2gm added to 50ml NS","SOLUTION","INTRAVENOUS","OUTSOURCING FACILITY COMPOUNDED HUMAN DRUG PRODUCT (EXEMPT FROM APPROVAL REQUIREMENTS)","Central Admixture Pharmacy Services, Inc.","CALCIUM GLUCONATE","2 g/50 mL","71285-6019-1","50 mL in 1 BAG (71285-6019-1)","2021-2, 2022-1",""
"71285-6030","HUMAN COMPOUNDED DRUG","Epinephrine 2mg added to D5W","SOLUTION","INTRAVENOUS","OUTSOURCING FACILITY COMPOUNDED HUMAN DRUG PRODUCT (EXEMPT FROM APPROVAL REQUIREMENTS)","Central Admixture Pharmacy Services, Inc.","EPINEPHRINE","2 mg/250 mL","71285-6030-1","250 mL in 1 BAG (71285-6030-1)","2022-1, 2021-2, 2022-2",""
"71285-6030","HUMAN COMPOUNDED DRUG","Epinephrine 2mg added to D5W","SOLUTION","INTRAVENOUS","OUTSOURCING FACILITY COMPOUNDED HUMAN DRUG PRODUCT (EXEMPT FROM APPROVAL REQUIREMENTS)","Central Admixture Pharmacy Services, Inc.","EPINEPHRINE","2 mg/250 mL","71285-6030-1","250 mL in 1 BAG (71285-6030-1)","2022-1, 2021-2, 2022-2",""
"71285-6030","HUMAN COMPOUNDED DRUG","Epinephrine 2mg added to D5W","SOLUTION","INTRAVENOUS","OUTSOURCING FACILITY COMPOUNDED HUMAN DRUG PRODUCT (EXEMPT FROM APPROVAL REQUIREMENTS)","Central Admixture Pharmacy Services, Inc.","EPINEPHRINE","2 mg/250 mL","71285-6030-1","250 mL in 1 BAG (71285-6030-1)","2022-1, 2021-2, 2022-2",""
"71285-6031","HUMAN COMPOUNDED DRUG","Oxytocin 20units added to D5LR","SOLUTION","INTRAVENOUS","OUTSOURCING FACILITY COMPOUNDED HUMAN DRUG PRODUCT (EXEMPT FROM APPROVAL REQUIREMENTS)","Central Admixture Pharmacy Services, Inc.","OXYTOCIN","20 [USP'U]/1000 mL","71285-6031-1","1000 mL in 1 BAG (71285-6031-1)","2022-1, 2021-2, 2022-2",""
"71285-6031","HUMAN COMPOUNDED DRUG","Oxytocin 20units added to D5LR","SOLUTION","INTRAVENOUS","OUTSOURCING FACILITY COMPOUNDED HUMAN DRUG PRODUCT (EXEMPT FROM APPROVAL REQUIREMENTS)","Central Admixture Pharmacy Services, Inc.","OXYTOCIN","20 [USP'U]/1000 mL","71285-6031-1","1000 mL in 1 BAG (71285-6031-1)","2022-1, 2021-2, 2022-2",""
"71285-6031","HUMAN COMPOUNDED DRUG","Oxytocin 20units added to D5LR","SOLUTION","INTRAVENOUS","OUTSOURCING FACILITY COMPOUNDED HUMAN DRUG PRODUCT (EXEMPT FROM APPROVAL REQUIREMENTS)","Central Admixture Pharmacy Services, Inc.","OXYTOCIN","20 [USP'U]/1000 mL","71285-6031-1","1000 mL in 1 BAG (71285-6031-1)","2022-1, 2021-2, 2022-2",""
"71285-6032","HUMAN COMPOUNDED DRUG","Oxytocin 30units added to D5LR","SOLUTION","INTRAVENOUS","OUTSOURCING FACILITY COMPOUNDED HUMAN DRUG PRODUCT (EXEMPT FROM APPROVAL REQUIREMENTS)","Central Admixture Pharmacy Services, Inc.","OXYTOCIN","30 [USP'U]/500 mL","71285-6032-1","500 mL in 1 BAG (71285-6032-1)","2022-1, 2021-2, 2022-2",""
"71285-6032","HUMAN COMPOUNDED DRUG","Oxytocin 30units added to D5LR","SOLUTION","INTRAVENOUS","OUTSOURCING FACILITY COMPOUNDED HUMAN DRUG PRODUCT (EXEMPT FROM APPROVAL REQUIREMENTS)","Central Admixture Pharmacy Services, Inc.","OXYTOCIN","30 [USP'U]/500 mL","71285-6032-1","500 mL in 1 BAG (71285-6032-1)","2022-1, 2021-2, 2022-2",""
"71285-6032","HUMAN COMPOUNDED DRUG","Oxytocin 30units added to D5LR","SOLUTION","INTRAVENOUS","OUTSOURCING FACILITY COMPOUNDED HUMAN DRUG PRODUCT (EXEMPT FROM APPROVAL REQUIREMENTS)","Central Admixture Pharmacy Services, Inc.","OXYTOCIN","30 [USP'U]/500 mL","71285-6032-1","500 mL in 1 BAG (71285-6032-1)","2022-1, 2021-2, 2022-2",""
"71285-6036","HUMAN COMPOUNDED DRUG","Oxytocin 10units added to LR","SOLUTION","INTRAVENOUS","OUTSOURCING FACILITY COMPOUNDED HUMAN DRUG PRODUCT (EXEMPT FROM APPROVAL REQUIREMENTS)","Central Admixture Pharmacy Services, Inc.","OXYTOCIN","10 [USP'U]/500 mL","71285-6036-1","500 mL in 1 BAG (71285-6036-1)","2022-1, 2021-2, 2022-2",""
"71285-6036","HUMAN COMPOUNDED DRUG","Oxytocin 10units added to LR","SOLUTION","INTRAVENOUS","OUTSOURCING FACILITY COMPOUNDED HUMAN DRUG PRODUCT (EXEMPT FROM APPROVAL REQUIREMENTS)","Central Admixture Pharmacy Services, Inc.","OXYTOCIN","10 [USP'U]/500 mL","71285-6036-1","500 mL in 1 BAG (71285-6036-1)","2022-1, 2021-2, 2022-2",""
"71285-6036","HUMAN COMPOUNDED DRUG","Oxytocin 10units added to LR","SOLUTION","INTRAVENOUS","OUTSOURCING FACILITY COMPOUNDED HUMAN DRUG PRODUCT (EXEMPT FROM APPROVAL REQUIREMENTS)","Central Admixture Pharmacy Services, Inc.","OXYTOCIN","10 [USP'U]/500 mL","71285-6036-1","500 mL in 1 BAG (71285-6036-1)","2022-1, 2021-2, 2022-2",""
"71285-6037","HUMAN COMPOUNDED DRUG","Oxytocin 15units added to LR","SOLUTION","INTRAVENOUS","OUTSOURCING FACILITY COMPOUNDED HUMAN DRUG PRODUCT (EXEMPT FROM APPROVAL REQUIREMENTS)","Central Admixture Pharmacy Services, Inc.","OXYTOCIN","15 [USP'U]/250 mL","71285-6037-1","250 mL in 1 BAG (71285-6037-1)","2022-1, 2021-2, 2022-2",""
"71285-6037","HUMAN COMPOUNDED DRUG","Oxytocin 15units added to LR","SOLUTION","INTRAVENOUS","OUTSOURCING FACILITY COMPOUNDED HUMAN DRUG PRODUCT (EXEMPT FROM APPROVAL REQUIREMENTS)","Central Admixture Pharmacy Services, Inc.","OXYTOCIN","15 [USP'U]/250 mL","71285-6037-1","250 mL in 1 BAG (71285-6037-1)","2022-1, 2021-2, 2022-2",""
"71285-6037","HUMAN COMPOUNDED DRUG","Oxytocin 15units added to LR","SOLUTION","INTRAVENOUS","OUTSOURCING FACILITY COMPOUNDED HUMAN DRUG PRODUCT (EXEMPT FROM APPROVAL REQUIREMENTS)","Central Admixture Pharmacy Services, Inc.","OXYTOCIN","15 [USP'U]/250 mL","71285-6037-1","250 mL in 1 BAG (71285-6037-1)","2022-1, 2021-2, 2022-2",""
"71285-6038","HUMAN COMPOUNDED DRUG","Oxytocin 20units added to LR","SOLUTION","INTRAVENOUS","OUTSOURCING FACILITY COMPOUNDED HUMAN DRUG PRODUCT (EXEMPT FROM APPROVAL REQUIREMENTS)","Central Admixture Pharmacy Services, Inc.","OXYTOCIN","20 [USP'U]/1000 mL","71285-6038-1","1000 mL in 1 BAG (71285-6038-1)","2022-1, 2021-2, 2022-2",""
"71285-6038","HUMAN COMPOUNDED DRUG","Oxytocin 20units added to LR","SOLUTION","INTRAVENOUS","OUTSOURCING FACILITY COMPOUNDED HUMAN DRUG PRODUCT (EXEMPT FROM APPROVAL REQUIREMENTS)","Central Admixture Pharmacy Services, Inc.","OXYTOCIN","20 [USP'U]/1000 mL","71285-6038-1","1000 mL in 1 BAG (71285-6038-1)","2022-1, 2021-2, 2022-2",""
"71285-6038","HUMAN COMPOUNDED DRUG","Oxytocin 20units added to LR","SOLUTION","INTRAVENOUS","OUTSOURCING FACILITY COMPOUNDED HUMAN DRUG PRODUCT (EXEMPT FROM APPROVAL REQUIREMENTS)","Central Admixture Pharmacy Services, Inc.","OXYTOCIN","20 [USP'U]/1000 mL","71285-6038-1","1000 mL in 1 BAG (71285-6038-1)","2022-1, 2021-2, 2022-2",""
"71285-6039","HUMAN COMPOUNDED DRUG","Oxytocin 30units added to LR","SOLUTION","INTRAVENOUS","OUTSOURCING FACILITY COMPOUNDED HUMAN DRUG PRODUCT (EXEMPT FROM APPROVAL REQUIREMENTS)","Central Admixture Pharmacy Services, Inc.","OXYTOCIN","30 [USP'U]/500 mL","71285-6039-1","500 mL in 1 BAG (71285-6039-1)","2022-1, 2021-2, 2022-2",""
"71285-6039","HUMAN COMPOUNDED DRUG","Oxytocin 30units added to LR","SOLUTION","INTRAVENOUS","OUTSOURCING FACILITY COMPOUNDED HUMAN DRUG PRODUCT (EXEMPT FROM APPROVAL REQUIREMENTS)","Central Admixture Pharmacy Services, Inc.","OXYTOCIN","30 [USP'U]/500 mL","71285-6039-1","500 mL in 1 BAG (71285-6039-1)","2022-1, 2021-2, 2022-2",""
"71285-6039","HUMAN COMPOUNDED DRUG","Oxytocin 30units added to LR","SOLUTION","INTRAVENOUS","OUTSOURCING FACILITY COMPOUNDED HUMAN DRUG PRODUCT (EXEMPT FROM APPROVAL REQUIREMENTS)","Central Admixture Pharmacy Services, Inc.","OXYTOCIN","30 [USP'U]/500 mL","71285-6039-1","500 mL in 1 BAG (71285-6039-1)","2022-1, 2021-2, 2022-2",""
"71285-6042","HUMAN COMPOUNDED DRUG","Oxytocin 15units added to NS","SOLUTION","INTRAVENOUS","OUTSOURCING FACILITY COMPOUNDED HUMAN DRUG PRODUCT (EXEMPT FROM APPROVAL REQUIREMENTS)","Central Admixture Pharmacy Services, Inc.","OXYTOCIN","15 [USP'U]/250 mL","71285-6042-1","250 mL in 1 BAG (71285-6042-1)","2022-1, 2021-2, 2022-2",""
"71285-6042","HUMAN COMPOUNDED DRUG","Oxytocin 15units added to NS","SOLUTION","INTRAVENOUS","OUTSOURCING FACILITY COMPOUNDED HUMAN DRUG PRODUCT (EXEMPT FROM APPROVAL REQUIREMENTS)","Central Admixture Pharmacy Services, Inc.","OXYTOCIN","15 [USP'U]/250 mL","71285-6042-1","250 mL in 1 BAG (71285-6042-1)","2022-1, 2021-2, 2022-2",""
"71285-6042","HUMAN COMPOUNDED DRUG","Oxytocin 15units added to NS","SOLUTION","INTRAVENOUS","OUTSOURCING FACILITY COMPOUNDED HUMAN DRUG PRODUCT (EXEMPT FROM APPROVAL REQUIREMENTS)","Central Admixture Pharmacy Services, Inc.","OXYTOCIN","15 [USP'U]/250 mL","71285-6042-1","250 mL in 1 BAG (71285-6042-1)","2022-1, 2021-2, 2022-2",""
"71285-6043","HUMAN COMPOUNDED DRUG","Oxytocin 20units added to NS","SOLUTION","INTRAVENOUS","OUTSOURCING FACILITY COMPOUNDED HUMAN DRUG PRODUCT (EXEMPT FROM APPROVAL REQUIREMENTS)","Central Admixture Pharmacy Services, Inc.","OXYTOCIN","20 [USP'U]/1000 mL","71285-6043-1","1000 mL in 1 BAG (71285-6043-1)","2021-2, 2022-2, 2022-1",""
"71285-6043","HUMAN COMPOUNDED DRUG","Oxytocin 20units added to NS","SOLUTION","INTRAVENOUS","OUTSOURCING FACILITY COMPOUNDED HUMAN DRUG PRODUCT (EXEMPT FROM APPROVAL REQUIREMENTS)","Central Admixture Pharmacy Services, Inc.","OXYTOCIN","20 [USP'U]/1000 mL","71285-6043-1","1000 mL in 1 BAG (71285-6043-1)","2021-2, 2022-2, 2022-1",""
"71285-6043","HUMAN COMPOUNDED DRUG","Oxytocin 20units added to NS","SOLUTION","INTRAVENOUS","OUTSOURCING FACILITY COMPOUNDED HUMAN DRUG PRODUCT (EXEMPT FROM APPROVAL REQUIREMENTS)","Central Admixture Pharmacy Services, Inc.","OXYTOCIN","20 [USP'U]/1000 mL","71285-6043-1","1000 mL in 1 BAG (71285-6043-1)","2021-2, 2022-2, 2022-1",""
"71285-6044","HUMAN COMPOUNDED DRUG","Oxytocin 30units added to NS","SOLUTION","INTRAVENOUS","OUTSOURCING FACILITY COMPOUNDED HUMAN DRUG PRODUCT (EXEMPT FROM APPROVAL REQUIREMENTS)","Central Admixture Pharmacy Services, Inc.","OXYTOCIN","30 [USP'U]/500 mL","71285-6044-1","500 mL in 1 BAG (71285-6044-1)","2022-1, 2021-2, 2022-2",""
"71285-6044","HUMAN COMPOUNDED DRUG","Oxytocin 30units added to NS","SOLUTION","INTRAVENOUS","OUTSOURCING FACILITY COMPOUNDED HUMAN DRUG PRODUCT (EXEMPT FROM APPROVAL REQUIREMENTS)","Central Admixture Pharmacy Services, Inc.","OXYTOCIN","30 [USP'U]/500 mL","71285-6044-1","500 mL in 1 BAG (71285-6044-1)","2022-1, 2021-2, 2022-2",""
"71285-6044","HUMAN COMPOUNDED DRUG","Oxytocin 30units added to NS","SOLUTION","INTRAVENOUS","OUTSOURCING FACILITY COMPOUNDED HUMAN DRUG PRODUCT (EXEMPT FROM APPROVAL REQUIREMENTS)","Central Admixture Pharmacy Services, Inc.","OXYTOCIN","30 [USP'U]/500 mL","71285-6044-1","500 mL in 1 BAG (71285-6044-1)","2022-1, 2021-2, 2022-2",""
"71285-6045","HUMAN COMPOUNDED DRUG","Oxytocin 60units added to NS","SOLUTION","INTRAVENOUS","OUTSOURCING FACILITY COMPOUNDED HUMAN DRUG PRODUCT (EXEMPT FROM APPROVAL REQUIREMENTS)","Central Admixture Pharmacy Services, Inc.","OXYTOCIN","60 [USP'U]/1000 mL","71285-6045-1","1000 mL in 1 BAG (71285-6045-1)","2021-2, 2022-2, 2022-1",""
"71285-6045","HUMAN COMPOUNDED DRUG","Oxytocin 60units added to NS","SOLUTION","INTRAVENOUS","OUTSOURCING FACILITY COMPOUNDED HUMAN DRUG PRODUCT (EXEMPT FROM APPROVAL REQUIREMENTS)","Central Admixture Pharmacy Services, Inc.","OXYTOCIN","60 [USP'U]/1000 mL","71285-6045-1","1000 mL in 1 BAG (71285-6045-1)","2021-2, 2022-2, 2022-1",""
"71285-6045","HUMAN COMPOUNDED DRUG","Oxytocin 60units added to NS","SOLUTION","INTRAVENOUS","OUTSOURCING FACILITY COMPOUNDED HUMAN DRUG PRODUCT (EXEMPT FROM APPROVAL REQUIREMENTS)","Central Admixture Pharmacy Services, Inc.","OXYTOCIN","60 [USP'U]/1000 mL","71285-6045-1","1000 mL in 1 BAG (71285-6045-1)","2021-2, 2022-2, 2022-1",""
"71285-6048","HUMAN COMPOUNDED DRUG","Magnesium Sulfate 2gm added to NS","SOLUTION","INTRAVENOUS","OUTSOURCING FACILITY COMPOUNDED HUMAN DRUG PRODUCT (EXEMPT FROM APPROVAL REQUIREMENTS)","Central Admixture Pharmacy Services, Inc.","MAGNESIUM SULFATE HEPTAHYDRATE","2 g/50 mL","71285-6048-1","50 mL in 1 BAG (71285-6048-1)","2021-2, 2022-1",""
"71285-6048","HUMAN COMPOUNDED DRUG","Magnesium Sulfate 2gm added to NS","SOLUTION","INTRAVENOUS","OUTSOURCING FACILITY COMPOUNDED HUMAN DRUG PRODUCT (EXEMPT FROM APPROVAL REQUIREMENTS)","Central Admixture Pharmacy Services, Inc.","MAGNESIUM SULFATE HEPTAHYDRATE","2 g/50 mL","71285-6048-1","50 mL in 1 BAG (71285-6048-1)","2021-2, 2022-1",""
"71285-6054","HUMAN COMPOUNDED DRUG","Diltiazem 125mg added to D5W","SOLUTION","INTRAVENOUS","OUTSOURCING FACILITY COMPOUNDED HUMAN DRUG PRODUCT (EXEMPT FROM APPROVAL REQUIREMENTS)","Central Admixture Pharmacy Services, Inc.","DILTIAZEM HYDROCHLORIDE","125 mg/125 mL","71285-6054-1","125 mL in 1 BAG (71285-6054-1)","2021-2, 2022-2, 2022-1",""
"71285-6054","HUMAN COMPOUNDED DRUG","Diltiazem 125mg added to D5W","SOLUTION","INTRAVENOUS","OUTSOURCING FACILITY COMPOUNDED HUMAN DRUG PRODUCT (EXEMPT FROM APPROVAL REQUIREMENTS)","Central Admixture Pharmacy Services, Inc.","DILTIAZEM HYDROCHLORIDE","125 mg/125 mL","71285-6054-1","125 mL in 1 BAG (71285-6054-1)","2021-2, 2022-2, 2022-1",""
"71285-6054","HUMAN COMPOUNDED DRUG","Diltiazem 125mg added to D5W","SOLUTION","INTRAVENOUS","OUTSOURCING FACILITY COMPOUNDED HUMAN DRUG PRODUCT (EXEMPT FROM APPROVAL REQUIREMENTS)","Central Admixture Pharmacy Services, Inc.","DILTIAZEM HYDROCHLORIDE","125 mg/125 mL","71285-6054-1","125 mL in 1 BAG (71285-6054-1)","2021-2, 2022-2, 2022-1",""
"71285-6055","HUMAN COMPOUNDED DRUG","Diltiazem 125mg added to NS","SOLUTION","INTRAVENOUS","OUTSOURCING FACILITY COMPOUNDED HUMAN DRUG PRODUCT (EXEMPT FROM APPROVAL REQUIREMENTS)","Central Admixture Pharmacy Services, Inc.","DILTIAZEM HYDROCHLORIDE","125 mg/125 mL","71285-6055-1","125 mL in 1 BAG (71285-6055-1)","2021-2, 2022-2, 2022-1",""
"71285-6055","HUMAN COMPOUNDED DRUG","Diltiazem 125mg added to NS","SOLUTION","INTRAVENOUS","OUTSOURCING FACILITY COMPOUNDED HUMAN DRUG PRODUCT (EXEMPT FROM APPROVAL REQUIREMENTS)","Central Admixture Pharmacy Services, Inc.","DILTIAZEM HYDROCHLORIDE","125 mg/125 mL","71285-6055-1","125 mL in 1 BAG (71285-6055-1)","2021-2, 2022-2, 2022-1",""
"71285-6055","HUMAN COMPOUNDED DRUG","Diltiazem 125mg added to NS","SOLUTION","INTRAVENOUS","OUTSOURCING FACILITY COMPOUNDED HUMAN DRUG PRODUCT (EXEMPT FROM APPROVAL REQUIREMENTS)","Central Admixture Pharmacy Services, Inc.","DILTIAZEM HYDROCHLORIDE","125 mg/125 mL","71285-6055-1","125 mL in 1 BAG (71285-6055-1)","2021-2, 2022-2, 2022-1",""
"71285-6056","HUMAN COMPOUNDED DRUG","Norepinephrine 4mg added to D5W","SOLUTION","INTRAVENOUS","OUTSOURCING FACILITY COMPOUNDED HUMAN DRUG PRODUCT (EXEMPT FROM APPROVAL REQUIREMENTS)","Central Admixture Pharmacy Services, Inc.","NOREPINEPHRINE BITARTRATE","4 mg/250 mL","71285-6056-1","250 mL in 1 BAG (71285-6056-1)","2022-1, 2021-2, 2022-2",""
"71285-6056","HUMAN COMPOUNDED DRUG","Norepinephrine 4mg added to D5W","SOLUTION","INTRAVENOUS","OUTSOURCING FACILITY COMPOUNDED HUMAN DRUG PRODUCT (EXEMPT FROM APPROVAL REQUIREMENTS)","Central Admixture Pharmacy Services, Inc.","NOREPINEPHRINE BITARTRATE","4 mg/250 mL","71285-6056-1","250 mL in 1 BAG (71285-6056-1)","2022-1, 2021-2, 2022-2",""
"71285-6056","HUMAN COMPOUNDED DRUG","Norepinephrine 4mg added to D5W","SOLUTION","INTRAVENOUS","OUTSOURCING FACILITY COMPOUNDED HUMAN DRUG PRODUCT (EXEMPT FROM APPROVAL REQUIREMENTS)","Central Admixture Pharmacy Services, Inc.","NOREPINEPHRINE BITARTRATE","4 mg/250 mL","71285-6056-1","250 mL in 1 BAG (71285-6056-1)","2022-1, 2021-2, 2022-2",""
"71285-6057","HUMAN COMPOUNDED DRUG","Norepinephrine 8mg added to D5W","SOLUTION","INTRAVENOUS","OUTSOURCING FACILITY COMPOUNDED HUMAN DRUG PRODUCT (EXEMPT FROM APPROVAL REQUIREMENTS)","Central Admixture Pharmacy Services, Inc.","NOREPINEPHRINE BITARTRATE","8 mg/250 mL","71285-6057-1","250 mL in 1 BAG (71285-6057-1)","2022-1, 2021-2, 2022-2",""
"71285-6057","HUMAN COMPOUNDED DRUG","Norepinephrine 8mg added to D5W","SOLUTION","INTRAVENOUS","OUTSOURCING FACILITY COMPOUNDED HUMAN DRUG PRODUCT (EXEMPT FROM APPROVAL REQUIREMENTS)","Central Admixture Pharmacy Services, Inc.","NOREPINEPHRINE BITARTRATE","8 mg/250 mL","71285-6057-1","250 mL in 1 BAG (71285-6057-1)","2022-1, 2021-2, 2022-2",""
"71285-6057","HUMAN COMPOUNDED DRUG","Norepinephrine 8mg added to D5W","SOLUTION","INTRAVENOUS","OUTSOURCING FACILITY COMPOUNDED HUMAN DRUG PRODUCT (EXEMPT FROM APPROVAL REQUIREMENTS)","Central Admixture Pharmacy Services, Inc.","NOREPINEPHRINE BITARTRATE","8 mg/250 mL","71285-6057-1","250 mL in 1 BAG (71285-6057-1)","2022-1, 2021-2, 2022-2",""
"71285-6058","HUMAN COMPOUNDED DRUG","Phenylephrine 10mg added to NS","SOLUTION","INTRAVENOUS","OUTSOURCING FACILITY COMPOUNDED HUMAN DRUG PRODUCT (EXEMPT FROM APPROVAL REQUIREMENTS)","Central Admixture Pharmacy Services, Inc.","PHENYLEPHRINE HYDROCHLORIDE","10 mg/250 mL","71285-6058-1","250 mL in 1 BAG (71285-6058-1)","2021-2, 2022-1, 2022-2",""
"71285-6058","HUMAN COMPOUNDED DRUG","Phenylephrine 10mg added to NS","SOLUTION","INTRAVENOUS","OUTSOURCING FACILITY COMPOUNDED HUMAN DRUG PRODUCT (EXEMPT FROM APPROVAL REQUIREMENTS)","Central Admixture Pharmacy Services, Inc.","PHENYLEPHRINE HYDROCHLORIDE","10 mg/250 mL","71285-6058-1","250 mL in 1 BAG (71285-6058-1)","2021-2, 2022-1, 2022-2",""
"71285-6058","HUMAN COMPOUNDED DRUG","Phenylephrine 10mg added to NS","SOLUTION","INTRAVENOUS","OUTSOURCING FACILITY COMPOUNDED HUMAN DRUG PRODUCT (EXEMPT FROM APPROVAL REQUIREMENTS)","Central Admixture Pharmacy Services, Inc.","PHENYLEPHRINE HYDROCHLORIDE","10 mg/250 mL","71285-6058-1","250 mL in 1 BAG (71285-6058-1)","2021-2, 2022-1, 2022-2",""
"71285-6060","HUMAN COMPOUNDED DRUG","Potassium Phosphate 15mmol added to NS","SOLUTION","INTRAVENOUS","OUTSOURCING FACILITY COMPOUNDED HUMAN DRUG PRODUCT (EXEMPT FROM APPROVAL REQUIREMENTS)","Central Admixture Pharmacy Services, Inc.","POTASSIUM PHOSPHATE, DIBASIC","15 mmol/250 mL","71285-6060-1","250 mL in 1 BAG (71285-6060-1)","2021-2, 2022-1, 2022-2",""
"71285-6060","HUMAN COMPOUNDED DRUG","Potassium Phosphate 15mmol added to NS","SOLUTION","INTRAVENOUS","OUTSOURCING FACILITY COMPOUNDED HUMAN DRUG PRODUCT (EXEMPT FROM APPROVAL REQUIREMENTS)","Central Admixture Pharmacy Services, Inc.","POTASSIUM PHOSPHATE, DIBASIC","15 mmol/250 mL","71285-6060-1","250 mL in 1 BAG (71285-6060-1)","2021-2, 2022-1, 2022-2",""
"71285-6060","HUMAN COMPOUNDED DRUG","Potassium Phosphate 15mmol added to NS","SOLUTION","INTRAVENOUS","OUTSOURCING FACILITY COMPOUNDED HUMAN DRUG PRODUCT (EXEMPT FROM APPROVAL REQUIREMENTS)","Central Admixture Pharmacy Services, Inc.","POTASSIUM PHOSPHATE, DIBASIC","15 mmol/250 mL","71285-6060-1","250 mL in 1 BAG (71285-6060-1)","2021-2, 2022-1, 2022-2",""
"71285-6064","HUMAN COMPOUNDED DRUG","Vancomycin 1gm added to NS","SOLUTION","INTRAVENOUS","OUTSOURCING FACILITY COMPOUNDED HUMAN DRUG PRODUCT (EXEMPT FROM APPROVAL REQUIREMENTS)","Central Admixture Pharmacy Services, Inc.","VANCOMYCIN HYDROCHLORIDE","1 g/250 mL","71285-6064-1","250 mL in 1 BAG (71285-6064-1)","2021-2, 2022-1, 2022-2",""
"71285-6064","HUMAN COMPOUNDED DRUG","Vancomycin 1gm added to NS","SOLUTION","INTRAVENOUS","OUTSOURCING FACILITY COMPOUNDED HUMAN DRUG PRODUCT (EXEMPT FROM APPROVAL REQUIREMENTS)","Central Admixture Pharmacy Services, Inc.","VANCOMYCIN HYDROCHLORIDE","1 g/250 mL","71285-6064-1","250 mL in 1 BAG (71285-6064-1)","2021-2, 2022-1, 2022-2",""
"71285-6064","HUMAN COMPOUNDED DRUG","Vancomycin 1gm added to NS","SOLUTION","INTRAVENOUS","OUTSOURCING FACILITY COMPOUNDED HUMAN DRUG PRODUCT (EXEMPT FROM APPROVAL REQUIREMENTS)","Central Admixture Pharmacy Services, Inc.","VANCOMYCIN HYDROCHLORIDE","1 g/250 mL","71285-6064-1","250 mL in 1 BAG (71285-6064-1)","2021-2, 2022-1, 2022-2",""
"71285-6071","HUMAN COMPOUNDED DRUG","Vancomycin 750mg added to NS","SOLUTION","INTRAVENOUS","OUTSOURCING FACILITY COMPOUNDED HUMAN DRUG PRODUCT (EXEMPT FROM APPROVAL REQUIREMENTS)","Central Admixture Pharmacy Services, Inc.","VANCOMYCIN HYDROCHLORIDE","750 mg/250 mL","71285-6071-1","250 mL in 1 BAG (71285-6071-1)","2021-2, 2022-1, 2022-2",""
"71285-6071","HUMAN COMPOUNDED DRUG","Vancomycin 750mg added to NS","SOLUTION","INTRAVENOUS","OUTSOURCING FACILITY COMPOUNDED HUMAN DRUG PRODUCT (EXEMPT FROM APPROVAL REQUIREMENTS)","Central Admixture Pharmacy Services, Inc.","VANCOMYCIN HYDROCHLORIDE","750 mg/250 mL","71285-6071-1","250 mL in 1 BAG (71285-6071-1)","2021-2, 2022-1, 2022-2",""
"71285-6071","HUMAN COMPOUNDED DRUG","Vancomycin 750mg added to NS","SOLUTION","INTRAVENOUS","OUTSOURCING FACILITY COMPOUNDED HUMAN DRUG PRODUCT (EXEMPT FROM APPROVAL REQUIREMENTS)","Central Admixture Pharmacy Services, Inc.","VANCOMYCIN HYDROCHLORIDE","750 mg/250 mL","71285-6071-1","250 mL in 1 BAG (71285-6071-1)","2021-2, 2022-1, 2022-2",""
"71285-6073","HUMAN COMPOUNDED DRUG","Vancomycin 1.25gm added to D5W","SOLUTION","INTRAVENOUS","OUTSOURCING FACILITY COMPOUNDED HUMAN DRUG PRODUCT (EXEMPT FROM APPROVAL REQUIREMENTS)","Central Admixture Pharmacy Services, Inc.","VANCOMYCIN HYDROCHLORIDE","1.25 g/250 mL","71285-6073-1","250 mL in 1 BAG (71285-6073-1)","2021-2, 2022-1, 2022-2",""
"71285-6073","HUMAN COMPOUNDED DRUG","Vancomycin 1.25gm added to D5W","SOLUTION","INTRAVENOUS","OUTSOURCING FACILITY COMPOUNDED HUMAN DRUG PRODUCT (EXEMPT FROM APPROVAL REQUIREMENTS)","Central Admixture Pharmacy Services, Inc.","VANCOMYCIN HYDROCHLORIDE","1.25 g/250 mL","71285-6073-1","250 mL in 1 BAG (71285-6073-1)","2021-2, 2022-1, 2022-2",""
"71285-6073","HUMAN COMPOUNDED DRUG","Vancomycin 1.25gm added to D5W","SOLUTION","INTRAVENOUS","OUTSOURCING FACILITY COMPOUNDED HUMAN DRUG PRODUCT (EXEMPT FROM APPROVAL REQUIREMENTS)","Central Admixture Pharmacy Services, Inc.","VANCOMYCIN HYDROCHLORIDE","1.25 g/250 mL","71285-6073-1","250 mL in 1 BAG (71285-6073-1)","2021-2, 2022-1, 2022-2",""
"71285-6074","HUMAN COMPOUNDED DRUG","Vancomycin 1.25gm added to NS","SOLUTION","INTRAVENOUS","OUTSOURCING FACILITY COMPOUNDED HUMAN DRUG PRODUCT (EXEMPT FROM APPROVAL REQUIREMENTS)","Central Admixture Pharmacy Services, Inc.","VANCOMYCIN HYDROCHLORIDE","1.25 g/250 mL","71285-6074-1","250 mL in 1 BAG (71285-6074-1)","2021-2, 2022-2, 2022-1",""
"71285-6074","HUMAN COMPOUNDED DRUG","Vancomycin 1.25gm added to NS","SOLUTION","INTRAVENOUS","OUTSOURCING FACILITY COMPOUNDED HUMAN DRUG PRODUCT (EXEMPT FROM APPROVAL REQUIREMENTS)","Central Admixture Pharmacy Services, Inc.","VANCOMYCIN HYDROCHLORIDE","1.25 g/250 mL","71285-6074-1","250 mL in 1 BAG (71285-6074-1)","2021-2, 2022-2, 2022-1",""
"71285-6074","HUMAN COMPOUNDED DRUG","Vancomycin 1.25gm added to NS","SOLUTION","INTRAVENOUS","OUTSOURCING FACILITY COMPOUNDED HUMAN DRUG PRODUCT (EXEMPT FROM APPROVAL REQUIREMENTS)","Central Admixture Pharmacy Services, Inc.","VANCOMYCIN HYDROCHLORIDE","1.25 g/250 mL","71285-6074-1","250 mL in 1 BAG (71285-6074-1)","2021-2, 2022-2, 2022-1",""
"71285-6075","HUMAN COMPOUNDED DRUG","Vancomycin 1.5gm added to D5W","SOLUTION","INTRAVENOUS","OUTSOURCING FACILITY COMPOUNDED HUMAN DRUG PRODUCT (EXEMPT FROM APPROVAL REQUIREMENTS)","Central Admixture Pharmacy Services, Inc.","VANCOMYCIN HYDROCHLORIDE","1.5 g/250 mL","71285-6075-1","250 mL in 1 BAG (71285-6075-1)","2021-2, 2022-2, 2022-1",""
"71285-6075","HUMAN COMPOUNDED DRUG","Vancomycin 1.5gm added to D5W","SOLUTION","INTRAVENOUS","OUTSOURCING FACILITY COMPOUNDED HUMAN DRUG PRODUCT (EXEMPT FROM APPROVAL REQUIREMENTS)","Central Admixture Pharmacy Services, Inc.","VANCOMYCIN HYDROCHLORIDE","1.5 g/250 mL","71285-6075-1","250 mL in 1 BAG (71285-6075-1)","2021-2, 2022-2, 2022-1",""
"71285-6075","HUMAN COMPOUNDED DRUG","Vancomycin 1.5gm added to D5W","SOLUTION","INTRAVENOUS","OUTSOURCING FACILITY COMPOUNDED HUMAN DRUG PRODUCT (EXEMPT FROM APPROVAL REQUIREMENTS)","Central Admixture Pharmacy Services, Inc.","VANCOMYCIN HYDROCHLORIDE","1.5 g/250 mL","71285-6075-1","250 mL in 1 BAG (71285-6075-1)","2021-2, 2022-2, 2022-1",""
"71285-6076","HUMAN COMPOUNDED DRUG","Vancomycin 1.5gm added to NS","SOLUTION","INTRAVENOUS","OUTSOURCING FACILITY COMPOUNDED HUMAN DRUG PRODUCT (EXEMPT FROM APPROVAL REQUIREMENTS)","Central Admixture Pharmacy Services, Inc.","VANCOMYCIN HYDROCHLORIDE","1.5 g/250 mL","71285-6076-1","250 mL in 1 BAG (71285-6076-1)","2021-2, 2022-2, 2022-1",""
"71285-6076","HUMAN COMPOUNDED DRUG","Vancomycin 1.5gm added to NS","SOLUTION","INTRAVENOUS","OUTSOURCING FACILITY COMPOUNDED HUMAN DRUG PRODUCT (EXEMPT FROM APPROVAL REQUIREMENTS)","Central Admixture Pharmacy Services, Inc.","VANCOMYCIN HYDROCHLORIDE","1.5 g/250 mL","71285-6076-1","250 mL in 1 BAG (71285-6076-1)","2021-2, 2022-2, 2022-1",""
"71285-6076","HUMAN COMPOUNDED DRUG","Vancomycin 1.5gm added to NS","SOLUTION","INTRAVENOUS","OUTSOURCING FACILITY COMPOUNDED HUMAN DRUG PRODUCT (EXEMPT FROM APPROVAL REQUIREMENTS)","Central Admixture Pharmacy Services, Inc.","VANCOMYCIN HYDROCHLORIDE","1.5 g/250 mL","71285-6076-1","250 mL in 1 BAG (71285-6076-1)","2021-2, 2022-2, 2022-1",""
"71285-6078","HUMAN COMPOUNDED DRUG","Vancomycin 2gm added to NS","SOLUTION","INTRAVENOUS","OUTSOURCING FACILITY COMPOUNDED HUMAN DRUG PRODUCT (EXEMPT FROM APPROVAL REQUIREMENTS)","Central Admixture Pharmacy Services, Inc.","VANCOMYCIN HYDROCHLORIDE","2 g/500 mL","71285-6078-1","500 mL in 1 BAG (71285-6078-1)","2021-2, 2022-2, 2022-1",""
"71285-6078","HUMAN COMPOUNDED DRUG","Vancomycin 2gm added to NS","SOLUTION","INTRAVENOUS","OUTSOURCING FACILITY COMPOUNDED HUMAN DRUG PRODUCT (EXEMPT FROM APPROVAL REQUIREMENTS)","Central Admixture Pharmacy Services, Inc.","VANCOMYCIN HYDROCHLORIDE","2 g/500 mL","71285-6078-1","500 mL in 1 BAG (71285-6078-1)","2021-2, 2022-2, 2022-1",""
"71285-6078","HUMAN COMPOUNDED DRUG","Vancomycin 2gm added to NS","SOLUTION","INTRAVENOUS","OUTSOURCING FACILITY COMPOUNDED HUMAN DRUG PRODUCT (EXEMPT FROM APPROVAL REQUIREMENTS)","Central Admixture Pharmacy Services, Inc.","VANCOMYCIN HYDROCHLORIDE","2 g/500 mL","71285-6078-1","500 mL in 1 BAG (71285-6078-1)","2021-2, 2022-2, 2022-1",""
"71285-6092","HUMAN COMPOUNDED DRUG","Phenylephrine 40mg added to NS","SOLUTION","INTRAVENOUS","OUTSOURCING FACILITY COMPOUNDED HUMAN DRUG PRODUCT (EXEMPT FROM APPROVAL REQUIREMENTS)","Central Admixture Pharmacy Services, Inc.","PHENYLEPHRINE HYDROCHLORIDE","40 mg/250 mL","71285-6092-1","250 mL in 1 BAG (71285-6092-1)","2022-1, 2021-2, 2022-2",""
"71285-6092","HUMAN COMPOUNDED DRUG","Phenylephrine 40mg added to NS","SOLUTION","INTRAVENOUS","OUTSOURCING FACILITY COMPOUNDED HUMAN DRUG PRODUCT (EXEMPT FROM APPROVAL REQUIREMENTS)","Central Admixture Pharmacy Services, Inc.","PHENYLEPHRINE HYDROCHLORIDE","40 mg/250 mL","71285-6092-1","250 mL in 1 BAG (71285-6092-1)","2022-1, 2021-2, 2022-2",""
"71285-6092","HUMAN COMPOUNDED DRUG","Phenylephrine 40mg added to NS","SOLUTION","INTRAVENOUS","OUTSOURCING FACILITY COMPOUNDED HUMAN DRUG PRODUCT (EXEMPT FROM APPROVAL REQUIREMENTS)","Central Admixture Pharmacy Services, Inc.","PHENYLEPHRINE HYDROCHLORIDE","40 mg/250 mL","71285-6092-1","250 mL in 1 BAG (71285-6092-1)","2022-1, 2021-2, 2022-2",""
"71285-6117","HUMAN COMPOUNDED DRUG","Calcium Gluconate 1gm added to 100ml NS","SOLUTION","INTRAVENOUS","OUTSOURCING FACILITY COMPOUNDED HUMAN DRUG PRODUCT (EXEMPT FROM APPROVAL REQUIREMENTS)","Central Admixture Pharmacy Services, Inc.","CALCIUM GLUCONATE","1 g/100 mL","71285-6117-1","100 mL in 1 BAG (71285-6117-1)","2021-2",""
"71285-6118","HUMAN COMPOUNDED DRUG","Calcium Gluconate 1gm added to 100ml D5W","SOLUTION","INTRAVENOUS","OUTSOURCING FACILITY COMPOUNDED HUMAN DRUG PRODUCT (EXEMPT FROM APPROVAL REQUIREMENTS)","Central Admixture Pharmacy Services, Inc.","CALCIUM GLUCONATE","1 g/100 mL","71285-6118-1","100 mL in 1 BAG (71285-6118-1)","2021-2, 2022-1",""
"71285-6118","HUMAN COMPOUNDED DRUG","Calcium Gluconate 1gm added to 100ml D5W","SOLUTION","INTRAVENOUS","OUTSOURCING FACILITY COMPOUNDED HUMAN DRUG PRODUCT (EXEMPT FROM APPROVAL REQUIREMENTS)","Central Admixture Pharmacy Services, Inc.","CALCIUM GLUCONATE","1 g/100 mL","71285-6118-1","100 mL in 1 BAG (71285-6118-1)","2021-2, 2022-1",""
"71285-6147","HUMAN COMPOUNDED DRUG","Magnesium Sulfate 2gm added to D5W","SOLUTION","INTRAVENOUS","OUTSOURCING FACILITY COMPOUNDED HUMAN DRUG PRODUCT (EXEMPT FROM APPROVAL REQUIREMENTS)","Central Admixture Pharmacy Services, Inc.","MAGNESIUM SULFATE HEPTAHYDRATE","2 g/100 mL","71285-6147-1","100 mL in 1 BAG (71285-6147-1)","2021-2, 2022-1",""
"71285-6147","HUMAN COMPOUNDED DRUG","Magnesium Sulfate 2gm added to D5W","SOLUTION","INTRAVENOUS","OUTSOURCING FACILITY COMPOUNDED HUMAN DRUG PRODUCT (EXEMPT FROM APPROVAL REQUIREMENTS)","Central Admixture Pharmacy Services, Inc.","MAGNESIUM SULFATE HEPTAHYDRATE","2 g/100 mL","71285-6147-1","100 mL in 1 BAG (71285-6147-1)","2021-2, 2022-1",""
"71285-6148","HUMAN COMPOUNDED DRUG","Magnesium Sulfate 2gm added to NS","SOLUTION","INTRAVENOUS","OUTSOURCING FACILITY COMPOUNDED HUMAN DRUG PRODUCT (EXEMPT FROM APPROVAL REQUIREMENTS)","Central Admixture Pharmacy Services, Inc.","MAGNESIUM SULFATE HEPTAHYDRATE","2 g/100 mL","71285-6148-1","100 mL in 1 BAG (71285-6148-1)","2021-2, 2022-1",""
"71285-6148","HUMAN COMPOUNDED DRUG","Magnesium Sulfate 2gm added to NS","SOLUTION","INTRAVENOUS","OUTSOURCING FACILITY COMPOUNDED HUMAN DRUG PRODUCT (EXEMPT FROM APPROVAL REQUIREMENTS)","Central Admixture Pharmacy Services, Inc.","MAGNESIUM SULFATE HEPTAHYDRATE","2 g/100 mL","71285-6148-1","100 mL in 1 BAG (71285-6148-1)","2021-2, 2022-1",""
"71285-6176","HUMAN COMPOUNDED DRUG","Vancomycin 1.5gm added to NS","SOLUTION","INTRAVENOUS","OUTSOURCING FACILITY COMPOUNDED HUMAN DRUG PRODUCT (EXEMPT FROM APPROVAL REQUIREMENTS)","Central Admixture Pharmacy Services, Inc.","VANCOMYCIN HYDROCHLORIDE","1.5 g/500 mL","71285-6176-1","500 mL in 1 BAG (71285-6176-1)","2021-2, 2022-2, 2022-1",""
"71285-6176","HUMAN COMPOUNDED DRUG","Vancomycin 1.5gm added to NS","SOLUTION","INTRAVENOUS","OUTSOURCING FACILITY COMPOUNDED HUMAN DRUG PRODUCT (EXEMPT FROM APPROVAL REQUIREMENTS)","Central Admixture Pharmacy Services, Inc.","VANCOMYCIN HYDROCHLORIDE","1.5 g/500 mL","71285-6176-1","500 mL in 1 BAG (71285-6176-1)","2021-2, 2022-2, 2022-1",""
"71285-6176","HUMAN COMPOUNDED DRUG","Vancomycin 1.5gm added to NS","SOLUTION","INTRAVENOUS","OUTSOURCING FACILITY COMPOUNDED HUMAN DRUG PRODUCT (EXEMPT FROM APPROVAL REQUIREMENTS)","Central Admixture Pharmacy Services, Inc.","VANCOMYCIN HYDROCHLORIDE","1.5 g/500 mL","71285-6176-1","500 mL in 1 BAG (71285-6176-1)","2021-2, 2022-2, 2022-1",""
"71285-7009","HUMAN COMPOUNDED DRUG","Heparin 7500units added to NS","SOLUTION","INTRAVENOUS","OUTSOURCING FACILITY COMPOUNDED HUMAN DRUG PRODUCT (EXEMPT FROM APPROVAL REQUIREMENTS)","Central Admixture Pharmacy Services, Inc.","HEPARIN SODIUM","7500 U/1000 mL","71285-7009-1","1000 mL in 1 BAG (71285-7009-1)","2021-2, 2022-2, 2022-1",""
"71285-7009","HUMAN COMPOUNDED DRUG","Heparin 7500units added to NS","SOLUTION","INTRAVENOUS","OUTSOURCING FACILITY COMPOUNDED HUMAN DRUG PRODUCT (EXEMPT FROM APPROVAL REQUIREMENTS)","Central Admixture Pharmacy Services, Inc.","HEPARIN SODIUM","7500 U/1000 mL","71285-7009-1","1000 mL in 1 BAG (71285-7009-1)","2021-2, 2022-2, 2022-1",""
"71285-7009","HUMAN COMPOUNDED DRUG","Heparin 7500units added to NS","SOLUTION","INTRAVENOUS","OUTSOURCING FACILITY COMPOUNDED HUMAN DRUG PRODUCT (EXEMPT FROM APPROVAL REQUIREMENTS)","Central Admixture Pharmacy Services, Inc.","HEPARIN SODIUM","7500 U/1000 mL","71285-7009-1","1000 mL in 1 BAG (71285-7009-1)","2021-2, 2022-2, 2022-1",""
"71285-7011","HUMAN COMPOUNDED DRUG","Phenylephrine 25mg added to NS","SOLUTION","INTRAVENOUS","OUTSOURCING FACILITY COMPOUNDED HUMAN DRUG PRODUCT (EXEMPT FROM APPROVAL REQUIREMENTS)","Central Admixture Pharmacy Services, Inc.","PHENYLEPHRINE HYDROCHLORIDE","25 mg/250 mL","71285-7011-1","250 mL in 1 BAG (71285-7011-1)","2022-1, 2021-2, 2022-2",""
"71285-7011","HUMAN COMPOUNDED DRUG","Phenylephrine 25mg added to NS","SOLUTION","INTRAVENOUS","OUTSOURCING FACILITY COMPOUNDED HUMAN DRUG PRODUCT (EXEMPT FROM APPROVAL REQUIREMENTS)","Central Admixture Pharmacy Services, Inc.","PHENYLEPHRINE HYDROCHLORIDE","25 mg/250 mL","71285-7011-1","250 mL in 1 BAG (71285-7011-1)","2022-1, 2021-2, 2022-2",""
"71285-7011","HUMAN COMPOUNDED DRUG","Phenylephrine 25mg added to NS","SOLUTION","INTRAVENOUS","OUTSOURCING FACILITY COMPOUNDED HUMAN DRUG PRODUCT (EXEMPT FROM APPROVAL REQUIREMENTS)","Central Admixture Pharmacy Services, Inc.","PHENYLEPHRINE HYDROCHLORIDE","25 mg/250 mL","71285-7011-1","250 mL in 1 BAG (71285-7011-1)","2022-1, 2021-2, 2022-2",""
"71285-7016","HUMAN COMPOUNDED DRUG","Potassium Phosphate 30mmol added to NS","SOLUTION","INTRAVENOUS","OUTSOURCING FACILITY COMPOUNDED HUMAN DRUG PRODUCT (EXEMPT FROM APPROVAL REQUIREMENTS)","Central Admixture Pharmacy Services, Inc.","POTASSIUM PHOSPHATE, DIBASIC","30 mmol/500 mL","71285-7016-1","500 mL in 1 BAG (71285-7016-1)","2021-2, 2022-2, 2022-1",""
"71285-7016","HUMAN COMPOUNDED DRUG","Potassium Phosphate 30mmol added to NS","SOLUTION","INTRAVENOUS","OUTSOURCING FACILITY COMPOUNDED HUMAN DRUG PRODUCT (EXEMPT FROM APPROVAL REQUIREMENTS)","Central Admixture Pharmacy Services, Inc.","POTASSIUM PHOSPHATE, DIBASIC","30 mmol/500 mL","71285-7016-1","500 mL in 1 BAG (71285-7016-1)","2021-2, 2022-2, 2022-1",""
"71285-7016","HUMAN COMPOUNDED DRUG","Potassium Phosphate 30mmol added to NS","SOLUTION","INTRAVENOUS","OUTSOURCING FACILITY COMPOUNDED HUMAN DRUG PRODUCT (EXEMPT FROM APPROVAL REQUIREMENTS)","Central Admixture Pharmacy Services, Inc.","POTASSIUM PHOSPHATE, DIBASIC","30 mmol/500 mL","71285-7016-1","500 mL in 1 BAG (71285-7016-1)","2021-2, 2022-2, 2022-1",""
"71285-7018","HUMAN COMPOUNDED DRUG","Epinephrine 4mg added to D5W","SOLUTION","INTRAVENOUS","OUTSOURCING FACILITY COMPOUNDED HUMAN DRUG PRODUCT (EXEMPT FROM APPROVAL REQUIREMENTS)","Central Admixture Pharmacy Services, Inc.","EPINEPHRINE","4 mg/250 mL","71285-7018-1","250 mL in 1 BAG (71285-7018-1)","2021-2, 2022-2, 2022-1",""
"71285-7018","HUMAN COMPOUNDED DRUG","Epinephrine 4mg added to D5W","SOLUTION","INTRAVENOUS","OUTSOURCING FACILITY COMPOUNDED HUMAN DRUG PRODUCT (EXEMPT FROM APPROVAL REQUIREMENTS)","Central Admixture Pharmacy Services, Inc.","EPINEPHRINE","4 mg/250 mL","71285-7018-1","250 mL in 1 BAG (71285-7018-1)","2021-2, 2022-2, 2022-1",""
"71285-7018","HUMAN COMPOUNDED DRUG","Epinephrine 4mg added to D5W","SOLUTION","INTRAVENOUS","OUTSOURCING FACILITY COMPOUNDED HUMAN DRUG PRODUCT (EXEMPT FROM APPROVAL REQUIREMENTS)","Central Admixture Pharmacy Services, Inc.","EPINEPHRINE","4 mg/250 mL","71285-7018-1","250 mL in 1 BAG (71285-7018-1)","2021-2, 2022-2, 2022-1",""
"71285-7019","HUMAN COMPOUNDED DRUG","Epinephrine 8mg added to D5W","SOLUTION","INTRAVENOUS","OUTSOURCING FACILITY COMPOUNDED HUMAN DRUG PRODUCT (EXEMPT FROM APPROVAL REQUIREMENTS)","Central Admixture Pharmacy Services, Inc.","EPINEPHRINE","8 mg/250 mL","71285-7019-1","250 mL in 1 BAG (71285-7019-1)","2021-2, 2022-2, 2022-1",""
"71285-7019","HUMAN COMPOUNDED DRUG","Epinephrine 8mg added to D5W","SOLUTION","INTRAVENOUS","OUTSOURCING FACILITY COMPOUNDED HUMAN DRUG PRODUCT (EXEMPT FROM APPROVAL REQUIREMENTS)","Central Admixture Pharmacy Services, Inc.","EPINEPHRINE","8 mg/250 mL","71285-7019-1","250 mL in 1 BAG (71285-7019-1)","2021-2, 2022-2, 2022-1",""
"71285-7019","HUMAN COMPOUNDED DRUG","Epinephrine 8mg added to D5W","SOLUTION","INTRAVENOUS","OUTSOURCING FACILITY COMPOUNDED HUMAN DRUG PRODUCT (EXEMPT FROM APPROVAL REQUIREMENTS)","Central Admixture Pharmacy Services, Inc.","EPINEPHRINE","8 mg/250 mL","71285-7019-1","250 mL in 1 BAG (71285-7019-1)","2021-2, 2022-2, 2022-1",""
"71285-7022","HUMAN COMPOUNDED DRUG","Heparin 4000units added to NS","SOLUTION","INTRAVENOUS","OUTSOURCING FACILITY COMPOUNDED HUMAN DRUG PRODUCT (EXEMPT FROM APPROVAL REQUIREMENTS)","Central Admixture Pharmacy Services, Inc.","HEPARIN SODIUM","4000 U/1000 mL","71285-7022-1","1000 mL in 1 BAG (71285-7022-1)","2021-2, 2022-2, 2022-1",""
"71285-7022","HUMAN COMPOUNDED DRUG","Heparin 4000units added to NS","SOLUTION","INTRAVENOUS","OUTSOURCING FACILITY COMPOUNDED HUMAN DRUG PRODUCT (EXEMPT FROM APPROVAL REQUIREMENTS)","Central Admixture Pharmacy Services, Inc.","HEPARIN SODIUM","4000 U/1000 mL","71285-7022-1","1000 mL in 1 BAG (71285-7022-1)","2021-2, 2022-2, 2022-1",""
"71285-7022","HUMAN COMPOUNDED DRUG","Heparin 4000units added to NS","SOLUTION","INTRAVENOUS","OUTSOURCING FACILITY COMPOUNDED HUMAN DRUG PRODUCT (EXEMPT FROM APPROVAL REQUIREMENTS)","Central Admixture Pharmacy Services, Inc.","HEPARIN SODIUM","4000 U/1000 mL","71285-7022-1","1000 mL in 1 BAG (71285-7022-1)","2021-2, 2022-2, 2022-1",""
"71285-7023","HUMAN COMPOUNDED DRUG","Heparin 5000units added to NS","SOLUTION","INTRAVENOUS","OUTSOURCING FACILITY COMPOUNDED HUMAN DRUG PRODUCT (EXEMPT FROM APPROVAL REQUIREMENTS)","Central Admixture Pharmacy Services, Inc.","HEPARIN SODIUM","5000 U/500 mL","71285-7023-1","500 mL in 1 BAG (71285-7023-1)","2021-2, 2022-2, 2022-1",""
"71285-7023","HUMAN COMPOUNDED DRUG","Heparin 5000units added to NS","SOLUTION","INTRAVENOUS","OUTSOURCING FACILITY COMPOUNDED HUMAN DRUG PRODUCT (EXEMPT FROM APPROVAL REQUIREMENTS)","Central Admixture Pharmacy Services, Inc.","HEPARIN SODIUM","5000 U/500 mL","71285-7023-1","500 mL in 1 BAG (71285-7023-1)","2021-2, 2022-2, 2022-1",""
"71285-7023","HUMAN COMPOUNDED DRUG","Heparin 5000units added to NS","SOLUTION","INTRAVENOUS","OUTSOURCING FACILITY COMPOUNDED HUMAN DRUG PRODUCT (EXEMPT FROM APPROVAL REQUIREMENTS)","Central Admixture Pharmacy Services, Inc.","HEPARIN SODIUM","5000 U/500 mL","71285-7023-1","500 mL in 1 BAG (71285-7023-1)","2021-2, 2022-2, 2022-1",""
"71285-7025","HUMAN COMPOUNDED DRUG","Phenylephrine 20mg added to NS","SOLUTION","INTRAVENOUS","OUTSOURCING FACILITY COMPOUNDED HUMAN DRUG PRODUCT (EXEMPT FROM APPROVAL REQUIREMENTS)","Central Admixture Pharmacy Services, Inc.","PHENYLEPHRINE HYDROCHLORIDE","20 mg/250 mL","71285-7025-1","250 mL in 1 BAG (71285-7025-1)","2022-1, 2022-2",""
"71285-7025","HUMAN COMPOUNDED DRUG","Phenylephrine 20mg added to NS","SOLUTION","INTRAVENOUS","OUTSOURCING FACILITY COMPOUNDED HUMAN DRUG PRODUCT (EXEMPT FROM APPROVAL REQUIREMENTS)","Central Admixture Pharmacy Services, Inc.","PHENYLEPHRINE HYDROCHLORIDE","20 mg/250 mL","71285-7025-1","250 mL in 1 BAG (71285-7025-1)","2022-1, 2022-2",""
"71285-7036","HUMAN COMPOUNDED DRUG","Norepinephrine 16mg added to NS","SOLUTION","INTRAVENOUS","OUTSOURCING FACILITY COMPOUNDED HUMAN DRUG PRODUCT (EXEMPT FROM APPROVAL REQUIREMENTS)","Central Admixture Pharmacy Services, Inc.","NOREPINEPHRINE BITARTRATE","16 mg/250 mL","71285-7036-1","250 mL in 1 BAG (71285-7036-1)","2021-2, 2022-2, 2022-1",""
"71285-7036","HUMAN COMPOUNDED DRUG","Norepinephrine 16mg added to NS","SOLUTION","INTRAVENOUS","OUTSOURCING FACILITY COMPOUNDED HUMAN DRUG PRODUCT (EXEMPT FROM APPROVAL REQUIREMENTS)","Central Admixture Pharmacy Services, Inc.","NOREPINEPHRINE BITARTRATE","16 mg/250 mL","71285-7036-1","250 mL in 1 BAG (71285-7036-1)","2021-2, 2022-2, 2022-1",""
"71285-7036","HUMAN COMPOUNDED DRUG","Norepinephrine 16mg added to NS","SOLUTION","INTRAVENOUS","OUTSOURCING FACILITY COMPOUNDED HUMAN DRUG PRODUCT (EXEMPT FROM APPROVAL REQUIREMENTS)","Central Admixture Pharmacy Services, Inc.","NOREPINEPHRINE BITARTRATE","16 mg/250 mL","71285-7036-1","250 mL in 1 BAG (71285-7036-1)","2021-2, 2022-2, 2022-1",""
"71285-7060","HUMAN COMPOUNDED DRUG","Vancomycin 1.75gm added to NS","SOLUTION","INTRAVENOUS","OUTSOURCING FACILITY COMPOUNDED HUMAN DRUG PRODUCT (EXEMPT FROM APPROVAL REQUIREMENTS)","Central Admixture Pharmacy Services, Inc.","VANCOMYCIN HYDROCHLORIDE","1.75 g/500 mL","71285-7060-1","500 mL in 1 BAG (71285-7060-1)","2021-2, 2022-2, 2022-1",""
"71285-7060","HUMAN COMPOUNDED DRUG","Vancomycin 1.75gm added to NS","SOLUTION","INTRAVENOUS","OUTSOURCING FACILITY COMPOUNDED HUMAN DRUG PRODUCT (EXEMPT FROM APPROVAL REQUIREMENTS)","Central Admixture Pharmacy Services, Inc.","VANCOMYCIN HYDROCHLORIDE","1.75 g/500 mL","71285-7060-1","500 mL in 1 BAG (71285-7060-1)","2021-2, 2022-2, 2022-1",""
"71285-7060","HUMAN COMPOUNDED DRUG","Vancomycin 1.75gm added to NS","SOLUTION","INTRAVENOUS","OUTSOURCING FACILITY COMPOUNDED HUMAN DRUG PRODUCT (EXEMPT FROM APPROVAL REQUIREMENTS)","Central Admixture Pharmacy Services, Inc.","VANCOMYCIN HYDROCHLORIDE","1.75 g/500 mL","71285-7060-1","500 mL in 1 BAG (71285-7060-1)","2021-2, 2022-2, 2022-1",""
"71285-7080","HUMAN COMPOUNDED DRUG","Magnesium Sulfate 10gm added to NS","SOLUTION","INTRAVENOUS","OUTSOURCING FACILITY COMPOUNDED HUMAN DRUG PRODUCT (EXEMPT FROM APPROVAL REQUIREMENTS)","Central Admixture Pharmacy Services, Inc.","MAGNESIUM SULFATE HEPTAHYDRATE","10 g/250 mL","71285-7080-1","250 mL in 1 BAG (71285-7080-1)","2021-2, 2022-1",""
"71285-7080","HUMAN COMPOUNDED DRUG","Magnesium Sulfate 10gm added to NS","SOLUTION","INTRAVENOUS","OUTSOURCING FACILITY COMPOUNDED HUMAN DRUG PRODUCT (EXEMPT FROM APPROVAL REQUIREMENTS)","Central Admixture Pharmacy Services, Inc.","MAGNESIUM SULFATE HEPTAHYDRATE","10 g/250 mL","71285-7080-1","250 mL in 1 BAG (71285-7080-1)","2021-2, 2022-1",""
"71285-7089","HUMAN COMPOUNDED DRUG","Diphenhydramine 25mg added to NS","SOLUTION","INTRAVENOUS","OUTSOURCING FACILITY COMPOUNDED HUMAN DRUG PRODUCT (EXEMPT FROM APPROVAL REQUIREMENTS)","Central Admixture Pharmacy Services, Inc.","DIPHENHYDRAMINE HYDROCHLORIDE","25 mg/50 mL","71285-7089-1","50 mL in 1 BAG (71285-7089-1)","2021-2, 2022-2, 2022-1",""
"71285-7089","HUMAN COMPOUNDED DRUG","Diphenhydramine 25mg added to NS","SOLUTION","INTRAVENOUS","OUTSOURCING FACILITY COMPOUNDED HUMAN DRUG PRODUCT (EXEMPT FROM APPROVAL REQUIREMENTS)","Central Admixture Pharmacy Services, Inc.","DIPHENHYDRAMINE HYDROCHLORIDE","25 mg/50 mL","71285-7089-1","50 mL in 1 BAG (71285-7089-1)","2021-2, 2022-2, 2022-1",""
"71285-7089","HUMAN COMPOUNDED DRUG","Diphenhydramine 25mg added to NS","SOLUTION","INTRAVENOUS","OUTSOURCING FACILITY COMPOUNDED HUMAN DRUG PRODUCT (EXEMPT FROM APPROVAL REQUIREMENTS)","Central Admixture Pharmacy Services, Inc.","DIPHENHYDRAMINE HYDROCHLORIDE","25 mg/50 mL","71285-7089-1","50 mL in 1 BAG (71285-7089-1)","2021-2, 2022-2, 2022-1",""
"71285-7090","HUMAN COMPOUNDED DRUG","Diphenhydramine 50mg added to NS","SOLUTION","INTRAVENOUS","OUTSOURCING FACILITY COMPOUNDED HUMAN DRUG PRODUCT (EXEMPT FROM APPROVAL REQUIREMENTS)","Central Admixture Pharmacy Services, Inc.","DIPHENHYDRAMINE HYDROCHLORIDE","50 mg/50 mL","71285-7090-1","50 mL in 1 BAG (71285-7090-1)","2021-2, 2022-2, 2022-1",""
"71285-7090","HUMAN COMPOUNDED DRUG","Diphenhydramine 50mg added to NS","SOLUTION","INTRAVENOUS","OUTSOURCING FACILITY COMPOUNDED HUMAN DRUG PRODUCT (EXEMPT FROM APPROVAL REQUIREMENTS)","Central Admixture Pharmacy Services, Inc.","DIPHENHYDRAMINE HYDROCHLORIDE","50 mg/50 mL","71285-7090-1","50 mL in 1 BAG (71285-7090-1)","2021-2, 2022-2, 2022-1",""
"71285-7090","HUMAN COMPOUNDED DRUG","Diphenhydramine 50mg added to NS","SOLUTION","INTRAVENOUS","OUTSOURCING FACILITY COMPOUNDED HUMAN DRUG PRODUCT (EXEMPT FROM APPROVAL REQUIREMENTS)","Central Admixture Pharmacy Services, Inc.","DIPHENHYDRAMINE HYDROCHLORIDE","50 mg/50 mL","71285-7090-1","50 mL in 1 BAG (71285-7090-1)","2021-2, 2022-2, 2022-1",""
"71285-8000","HUMAN COMPOUNDED DRUG","Heparin 2500units added to NS","SOLUTION","INTRAVENOUS","OUTSOURCING FACILITY COMPOUNDED HUMAN DRUG PRODUCT (EXEMPT FROM APPROVAL REQUIREMENTS)","Central Admixture Pharmacy Services, Inc.","HEPARIN SODIUM","2500 U/250 mL","71285-8000-1","250 mL in 1 BAG (71285-8000-1)","2021-2, 2022-2, 2022-1",""
"71285-8000","HUMAN COMPOUNDED DRUG","Heparin 2500units added to NS","SOLUTION","INTRAVENOUS","OUTSOURCING FACILITY COMPOUNDED HUMAN DRUG PRODUCT (EXEMPT FROM APPROVAL REQUIREMENTS)","Central Admixture Pharmacy Services, Inc.","HEPARIN SODIUM","2500 U/250 mL","71285-8000-1","250 mL in 1 BAG (71285-8000-1)","2021-2, 2022-2, 2022-1",""
"71285-8000","HUMAN COMPOUNDED DRUG","Heparin 2500units added to NS","SOLUTION","INTRAVENOUS","OUTSOURCING FACILITY COMPOUNDED HUMAN DRUG PRODUCT (EXEMPT FROM APPROVAL REQUIREMENTS)","Central Admixture Pharmacy Services, Inc.","HEPARIN SODIUM","2500 U/250 mL","71285-8000-1","250 mL in 1 BAG (71285-8000-1)","2021-2, 2022-2, 2022-1",""
"71285-8029","HUMAN COMPOUNDED DRUG","MSA 7.84% MSG 8.56% 0.92 Molar Compounded Solution","SOLUTION","INTRAVENOUS","OUTSOURCING FACILITY COMPOUNDED HUMAN DRUG PRODUCT (EXEMPT FROM APPROVAL REQUIREMENTS)","Central Admixture Pharmacy Services, Inc.","GLUTAMIC ACID; ASPARTIC ACID","67.29 g/1000 mL; 60.3 g/1000 mL","71285-8029-1","1000 mL in 1 BAG (71285-8029-1)","2022-1, 2021-2, 2022-2",""
"71285-8029","HUMAN COMPOUNDED DRUG","MSA 7.84% MSG 8.56% 0.92 Molar Compounded Solution","SOLUTION","INTRAVENOUS","OUTSOURCING FACILITY COMPOUNDED HUMAN DRUG PRODUCT (EXEMPT FROM APPROVAL REQUIREMENTS)","Central Admixture Pharmacy Services, Inc.","GLUTAMIC ACID; ASPARTIC ACID","67.29 g/1000 mL; 60.3 g/1000 mL","71285-8029-1","1000 mL in 1 BAG (71285-8029-1)","2022-1, 2021-2, 2022-2",""
"71285-8029","HUMAN COMPOUNDED DRUG","MSA 7.84% MSG 8.56% 0.92 Molar Compounded Solution","SOLUTION","INTRAVENOUS","OUTSOURCING FACILITY COMPOUNDED HUMAN DRUG PRODUCT (EXEMPT FROM APPROVAL REQUIREMENTS)","Central Admixture Pharmacy Services, Inc.","GLUTAMIC ACID; ASPARTIC ACID","67.29 g/1000 mL; 60.3 g/1000 mL","71285-8029-1","1000 mL in 1 BAG (71285-8029-1)","2022-1, 2021-2, 2022-2",""
"71285-8035","HUMAN COMPOUNDED DRUG","Sodium Chloride 23.4% Compounded Solution","SOLUTION","INTRAVENOUS","OUTSOURCING FACILITY COMPOUNDED HUMAN DRUG PRODUCT (EXEMPT FROM APPROVAL REQUIREMENTS)","Central Admixture Pharmacy Services, Inc.","SODIUM CHLORIDE","117 g/500 mL","71285-8035-1","500 mL in 1 BAG (71285-8035-1)","2022-1, 2021-2, 2022-2",""
"71285-8035","HUMAN COMPOUNDED DRUG","Sodium Chloride 23.4% Compounded Solution","SOLUTION","INTRAVENOUS","OUTSOURCING FACILITY COMPOUNDED HUMAN DRUG PRODUCT (EXEMPT FROM APPROVAL REQUIREMENTS)","Central Admixture Pharmacy Services, Inc.","SODIUM CHLORIDE","117 g/500 mL","71285-8035-1","500 mL in 1 BAG (71285-8035-1)","2022-1, 2021-2, 2022-2",""
"71285-8035","HUMAN COMPOUNDED DRUG","Sodium Chloride 23.4% Compounded Solution","SOLUTION","INTRAVENOUS","OUTSOURCING FACILITY COMPOUNDED HUMAN DRUG PRODUCT (EXEMPT FROM APPROVAL REQUIREMENTS)","Central Admixture Pharmacy Services, Inc.","SODIUM CHLORIDE","117 g/500 mL","71285-8035-1","500 mL in 1 BAG (71285-8035-1)","2022-1, 2021-2, 2022-2",""
"71285-8035","HUMAN COMPOUNDED DRUG","Sodium Chloride 23.4% Compounded Solution","SOLUTION","INTRAVENOUS","OUTSOURCING FACILITY COMPOUNDED HUMAN DRUG PRODUCT (EXEMPT FROM APPROVAL REQUIREMENTS)","Central Admixture Pharmacy Services, Inc.","SODIUM CHLORIDE","117 g/500 mL","71285-8035-2","1000 mL in 1 BAG (71285-8035-2)","2022-1",""
"71285-8069","HUMAN COMPOUNDED DRUG","Oxytocin 40units added to NS","SOLUTION","INTRAVENOUS","OUTSOURCING FACILITY COMPOUNDED HUMAN DRUG PRODUCT (EXEMPT FROM APPROVAL REQUIREMENTS)","Central Admixture Pharmacy Services, Inc.","OXYTOCIN","40 [USP'U]/1000 mL","71285-8069-1","1000 mL in 1 BAG (71285-8069-1)","2022-1, 2021-2, 2022-2",""
"71285-8069","HUMAN COMPOUNDED DRUG","Oxytocin 40units added to NS","SOLUTION","INTRAVENOUS","OUTSOURCING FACILITY COMPOUNDED HUMAN DRUG PRODUCT (EXEMPT FROM APPROVAL REQUIREMENTS)","Central Admixture Pharmacy Services, Inc.","OXYTOCIN","40 [USP'U]/1000 mL","71285-8069-1","1000 mL in 1 BAG (71285-8069-1)","2022-1, 2021-2, 2022-2",""
"71285-8069","HUMAN COMPOUNDED DRUG","Oxytocin 40units added to NS","SOLUTION","INTRAVENOUS","OUTSOURCING FACILITY COMPOUNDED HUMAN DRUG PRODUCT (EXEMPT FROM APPROVAL REQUIREMENTS)","Central Admixture Pharmacy Services, Inc.","OXYTOCIN","40 [USP'U]/1000 mL","71285-8069-1","1000 mL in 1 BAG (71285-8069-1)","2022-1, 2021-2, 2022-2",""
"71285-8073","HUMAN COMPOUNDED DRUG","Magnesium Sulfate 50% (4.06mEq/ml) Compounded Solution","SOLUTION","INTRAVENOUS","OUTSOURCING FACILITY COMPOUNDED HUMAN DRUG PRODUCT (EXEMPT FROM APPROVAL REQUIREMENTS)","Central Admixture Pharmacy Services, Inc.","MAGNESIUM SULFATE HEPTAHYDRATE","255 g/500 mL","71285-8073-1","500 mL in 1 BAG (71285-8073-1)","2022-1, 2021-2, 2022-2",""
"71285-8073","HUMAN COMPOUNDED DRUG","Magnesium Sulfate 50% (4.06mEq/ml) Compounded Solution","SOLUTION","INTRAVENOUS","OUTSOURCING FACILITY COMPOUNDED HUMAN DRUG PRODUCT (EXEMPT FROM APPROVAL REQUIREMENTS)","Central Admixture Pharmacy Services, Inc.","MAGNESIUM SULFATE HEPTAHYDRATE","255 g/500 mL","71285-8073-1","500 mL in 1 BAG (71285-8073-1)","2022-1, 2021-2, 2022-2",""
"71285-8073","HUMAN COMPOUNDED DRUG","Magnesium Sulfate 50% (4.06mEq/ml) Compounded Solution","SOLUTION","INTRAVENOUS","OUTSOURCING FACILITY COMPOUNDED HUMAN DRUG PRODUCT (EXEMPT FROM APPROVAL REQUIREMENTS)","Central Admixture Pharmacy Services, Inc.","MAGNESIUM SULFATE HEPTAHYDRATE","255 g/500 mL","71285-8073-1","500 mL in 1 BAG (71285-8073-1)","2022-1, 2021-2, 2022-2",""
"71285-8075","HUMAN COMPOUNDED DRUG","Sodium Acetate 2mEq/ml Compounded Solution","SOLUTION","INTRAVENOUS","OUTSOURCING FACILITY COMPOUNDED HUMAN DRUG PRODUCT (EXEMPT FROM APPROVAL REQUIREMENTS)","Central Admixture Pharmacy Services, Inc.","SODIUM ACETATE ANHYDROUS","1000 meq/500 mL","71285-8075-1","500 mL in 1 BAG (71285-8075-1)","2021-2, 2022-1, 2022-2",""
"71285-8075","HUMAN COMPOUNDED DRUG","Sodium Acetate 2mEq/ml Compounded Solution","SOLUTION","INTRAVENOUS","OUTSOURCING FACILITY COMPOUNDED HUMAN DRUG PRODUCT (EXEMPT FROM APPROVAL REQUIREMENTS)","Central Admixture Pharmacy Services, Inc.","SODIUM ACETATE ANHYDROUS","1000 meq/500 mL","71285-8075-1","500 mL in 1 BAG (71285-8075-1)","2021-2, 2022-1, 2022-2",""
"71285-8075","HUMAN COMPOUNDED DRUG","Sodium Acetate 2mEq/ml Compounded Solution","SOLUTION","INTRAVENOUS","OUTSOURCING FACILITY COMPOUNDED HUMAN DRUG PRODUCT (EXEMPT FROM APPROVAL REQUIREMENTS)","Central Admixture Pharmacy Services, Inc.","SODIUM ACETATE ANHYDROUS","1000 meq/500 mL","71285-8075-1","500 mL in 1 BAG (71285-8075-1)","2021-2, 2022-1, 2022-2",""
"71285-8075","HUMAN COMPOUNDED DRUG","Sodium Acetate 2mEq/ml Compounded Solution","SOLUTION","INTRAVENOUS","OUTSOURCING FACILITY COMPOUNDED HUMAN DRUG PRODUCT (EXEMPT FROM APPROVAL REQUIREMENTS)","Central Admixture Pharmacy Services, Inc.","SODIUM ACETATE ANHYDROUS","1000 meq/500 mL","71285-8075-2","1000 mL in 1 BAG (71285-8075-2)","2022-1",""
"71285-8077","HUMAN COMPOUNDED DRUG","Sodium Phosphate (4mEq/3mmol)/ml Compounded Solution","SOLUTION","INTRAVENOUS","OUTSOURCING FACILITY COMPOUNDED HUMAN DRUG PRODUCT (EXEMPT FROM APPROVAL REQUIREMENTS)","Central Admixture Pharmacy Services, Inc.","SODIUM PHOSPHATE, MONOBASIC, MONOHYDRATE; SODIUM PHOSPHATE, DIBASIC, ANHYDROUS","34.5 g/500 mL; 35.5 g/500 mL","71285-8077-1","500 mL in 1 BAG (71285-8077-1)","2021-2, 2022-2, 2022-1",""
"71285-8077","HUMAN COMPOUNDED DRUG","Sodium Phosphate (4mEq/3mmol)/ml Compounded Solution","SOLUTION","INTRAVENOUS","OUTSOURCING FACILITY COMPOUNDED HUMAN DRUG PRODUCT (EXEMPT FROM APPROVAL REQUIREMENTS)","Central Admixture Pharmacy Services, Inc.","SODIUM PHOSPHATE, MONOBASIC, MONOHYDRATE; SODIUM PHOSPHATE, DIBASIC, ANHYDROUS","34.5 g/500 mL; 35.5 g/500 mL","71285-8077-1","500 mL in 1 BAG (71285-8077-1)","2021-2, 2022-2, 2022-1",""
"71285-8077","HUMAN COMPOUNDED DRUG","Sodium Phosphate (4mEq/3mmol)/ml Compounded Solution","SOLUTION","INTRAVENOUS","OUTSOURCING FACILITY COMPOUNDED HUMAN DRUG PRODUCT (EXEMPT FROM APPROVAL REQUIREMENTS)","Central Admixture Pharmacy Services, Inc.","SODIUM PHOSPHATE, MONOBASIC, MONOHYDRATE; SODIUM PHOSPHATE, DIBASIC, ANHYDROUS","34.5 g/500 mL; 35.5 g/500 mL","71285-8077-1","500 mL in 1 BAG (71285-8077-1)","2021-2, 2022-2, 2022-1",""
"71285-8078","HUMAN COMPOUNDED DRUG","Potassium Acetate 2mEq/ml Compounded Solution","SOLUTION","INTRAVENOUS","OUTSOURCING FACILITY COMPOUNDED HUMAN DRUG PRODUCT (EXEMPT FROM APPROVAL REQUIREMENTS)","Central Admixture Pharmacy Services, Inc.","POTASSIUM ACETATE","2 meq/1 mL","71285-8078-1","500 mL in 1 BAG (71285-8078-1)","2021-2, 2022-2, 2022-1",""
"71285-8078","HUMAN COMPOUNDED DRUG","Potassium Acetate 2mEq/ml Compounded Solution","SOLUTION","INTRAVENOUS","OUTSOURCING FACILITY COMPOUNDED HUMAN DRUG PRODUCT (EXEMPT FROM APPROVAL REQUIREMENTS)","Central Admixture Pharmacy Services, Inc.","POTASSIUM ACETATE","2 meq/1 mL","71285-8078-1","500 mL in 1 BAG (71285-8078-1)","2021-2, 2022-2, 2022-1",""
"71285-8078","HUMAN COMPOUNDED DRUG","Potassium Acetate 2mEq/ml Compounded Solution","SOLUTION","INTRAVENOUS","OUTSOURCING FACILITY COMPOUNDED HUMAN DRUG PRODUCT (EXEMPT FROM APPROVAL REQUIREMENTS)","Central Admixture Pharmacy Services, Inc.","POTASSIUM ACETATE","2 meq/1 mL","71285-8078-1","500 mL in 1 BAG (71285-8078-1)","2021-2, 2022-2, 2022-1",""
"71285-8086","HUMAN COMPOUNDED DRUG","Tromethamine 0.3M","SOLUTION","EXTRACORPOREAL","OUTSOURCING FACILITY COMPOUNDED HUMAN DRUG PRODUCT (EXEMPT FROM APPROVAL REQUIREMENTS)","Central Admixture Pharmacy Services, Inc.","TROMETHAMINE",".036 g/1 mL","71285-8086-2","50 mL in 1 SYRINGE (71285-8086-2)","2021-2, 2022-2, 2022-1",""
"71285-8086","HUMAN COMPOUNDED DRUG","Tromethamine 0.3M","SOLUTION","EXTRACORPOREAL","OUTSOURCING FACILITY COMPOUNDED HUMAN DRUG PRODUCT (EXEMPT FROM APPROVAL REQUIREMENTS)","Central Admixture Pharmacy Services, Inc.","TROMETHAMINE",".036 g/1 mL","71285-8086-2","50 mL in 1 SYRINGE (71285-8086-2)","2021-2, 2022-2, 2022-1",""
"71285-8086","HUMAN COMPOUNDED DRUG","Tromethamine 0.3M","SOLUTION","EXTRACORPOREAL","OUTSOURCING FACILITY COMPOUNDED HUMAN DRUG PRODUCT (EXEMPT FROM APPROVAL REQUIREMENTS)","Central Admixture Pharmacy Services, Inc.","TROMETHAMINE",".036 g/1 mL","71285-8086-2","50 mL in 1 SYRINGE (71285-8086-2)","2021-2, 2022-2, 2022-1",""
"71285-8088","HUMAN COMPOUNDED DRUG","Lidocaine 250mg added to NS","SOLUTION","INTRAVENOUS","OUTSOURCING FACILITY COMPOUNDED HUMAN DRUG PRODUCT (EXEMPT FROM APPROVAL REQUIREMENTS)","Central Admixture Pharmacy Services, Inc.","LIDOCAINE HYDROCHLORIDE ANHYDROUS","250 mg/250 mL","71285-8088-1","250 mL in 1 BAG (71285-8088-1)","2021-2, 2022-2, 2022-1",""
"71285-8088","HUMAN COMPOUNDED DRUG","Lidocaine 250mg added to NS","SOLUTION","INTRAVENOUS","OUTSOURCING FACILITY COMPOUNDED HUMAN DRUG PRODUCT (EXEMPT FROM APPROVAL REQUIREMENTS)","Central Admixture Pharmacy Services, Inc.","LIDOCAINE HYDROCHLORIDE ANHYDROUS","250 mg/250 mL","71285-8088-1","250 mL in 1 BAG (71285-8088-1)","2021-2, 2022-2, 2022-1",""
"71285-8088","HUMAN COMPOUNDED DRUG","Lidocaine 250mg added to NS","SOLUTION","INTRAVENOUS","OUTSOURCING FACILITY COMPOUNDED HUMAN DRUG PRODUCT (EXEMPT FROM APPROVAL REQUIREMENTS)","Central Admixture Pharmacy Services, Inc.","LIDOCAINE HYDROCHLORIDE ANHYDROUS","250 mg/250 mL","71285-8088-1","250 mL in 1 BAG (71285-8088-1)","2021-2, 2022-2, 2022-1",""
"71285-8089","HUMAN COMPOUNDED DRUG","Lidocaine 500mg added to NS","SOLUTION","INTRAVENOUS","OUTSOURCING FACILITY COMPOUNDED HUMAN DRUG PRODUCT (EXEMPT FROM APPROVAL REQUIREMENTS)","Central Admixture Pharmacy Services, Inc.","LIDOCAINE HYDROCHLORIDE ANHYDROUS","500 mg/500 mL","71285-8089-1","500 mL in 1 BAG (71285-8089-1)","2021-2, 2022-2, 2022-1",""
"71285-8089","HUMAN COMPOUNDED DRUG","Lidocaine 500mg added to NS","SOLUTION","INTRAVENOUS","OUTSOURCING FACILITY COMPOUNDED HUMAN DRUG PRODUCT (EXEMPT FROM APPROVAL REQUIREMENTS)","Central Admixture Pharmacy Services, Inc.","LIDOCAINE HYDROCHLORIDE ANHYDROUS","500 mg/500 mL","71285-8089-1","500 mL in 1 BAG (71285-8089-1)","2021-2, 2022-2, 2022-1",""
"71285-8089","HUMAN COMPOUNDED DRUG","Lidocaine 500mg added to NS","SOLUTION","INTRAVENOUS","OUTSOURCING FACILITY COMPOUNDED HUMAN DRUG PRODUCT (EXEMPT FROM APPROVAL REQUIREMENTS)","Central Admixture Pharmacy Services, Inc.","LIDOCAINE HYDROCHLORIDE ANHYDROUS","500 mg/500 mL","71285-8089-1","500 mL in 1 BAG (71285-8089-1)","2021-2, 2022-2, 2022-1",""
"71285-8090","HUMAN COMPOUNDED DRUG","Potassium Chloride 2mEq/ml Compounded Solution","SOLUTION","INTRAVENOUS","OUTSOURCING FACILITY COMPOUNDED HUMAN DRUG PRODUCT (EXEMPT FROM APPROVAL REQUIREMENTS)","Central Admixture Pharmacy Services, Inc.","POTASSIUM CHLORIDE","2 meq/1 mL","71285-8090-1","500 mL in 1 BAG (71285-8090-1)","2022-2",""
"71285-8091","HUMAN COMPOUNDED DRUG","Lidocaine 2% (20mg/ml) Compounded Solution","SOLUTION","INTRAVENOUS","OUTSOURCING FACILITY COMPOUNDED HUMAN DRUG PRODUCT (EXEMPT FROM APPROVAL REQUIREMENTS)","Central Admixture Pharmacy Services, Inc.","LIDOCAINE HYDROCHLORIDE ANHYDROUS","20 mg/1 mL","71285-8091-1","500 mL in 1 BAG (71285-8091-1)","2022-2",""
"71285-8093","HUMAN COMPOUNDED DRUG","Epinephrine 4mg added to NS","SOLUTION","INTRAVENOUS","OUTSOURCING FACILITY COMPOUNDED HUMAN DRUG PRODUCT (EXEMPT FROM APPROVAL REQUIREMENTS)","Central Admixture Pharmacy Services, Inc.","EPINEPHRINE","4 mg/250 mL","71285-8093-1","250 mL in 1 BAG (71285-8093-1)","2022-1, 2021-2, 2022-2",""
"71285-8093","HUMAN COMPOUNDED DRUG","Epinephrine 4mg added to NS","SOLUTION","INTRAVENOUS","OUTSOURCING FACILITY COMPOUNDED HUMAN DRUG PRODUCT (EXEMPT FROM APPROVAL REQUIREMENTS)","Central Admixture Pharmacy Services, Inc.","EPINEPHRINE","4 mg/250 mL","71285-8093-1","250 mL in 1 BAG (71285-8093-1)","2022-1, 2021-2, 2022-2",""
"71285-8093","HUMAN COMPOUNDED DRUG","Epinephrine 4mg added to NS","SOLUTION","INTRAVENOUS","OUTSOURCING FACILITY COMPOUNDED HUMAN DRUG PRODUCT (EXEMPT FROM APPROVAL REQUIREMENTS)","Central Admixture Pharmacy Services, Inc.","EPINEPHRINE","4 mg/250 mL","71285-8093-1","250 mL in 1 BAG (71285-8093-1)","2022-1, 2021-2, 2022-2",""
"71285-8095","HUMAN COMPOUNDED DRUG","Norepinephrine 16mg added to D5W","SOLUTION","INTRAVENOUS","OUTSOURCING FACILITY COMPOUNDED HUMAN DRUG PRODUCT (EXEMPT FROM APPROVAL REQUIREMENTS)","Central Admixture Pharmacy Services, Inc.","NOREPINEPHRINE BITARTRATE","16 mg/250 mL","71285-8095-1","250 mL in 1 BAG (71285-8095-1)","2021-2, 2022-2, 2022-1",""
"71285-8095","HUMAN COMPOUNDED DRUG","Norepinephrine 16mg added to D5W","SOLUTION","INTRAVENOUS","OUTSOURCING FACILITY COMPOUNDED HUMAN DRUG PRODUCT (EXEMPT FROM APPROVAL REQUIREMENTS)","Central Admixture Pharmacy Services, Inc.","NOREPINEPHRINE BITARTRATE","16 mg/250 mL","71285-8095-1","250 mL in 1 BAG (71285-8095-1)","2021-2, 2022-2, 2022-1",""
"71285-8095","HUMAN COMPOUNDED DRUG","Norepinephrine 16mg added to D5W","SOLUTION","INTRAVENOUS","OUTSOURCING FACILITY COMPOUNDED HUMAN DRUG PRODUCT (EXEMPT FROM APPROVAL REQUIREMENTS)","Central Admixture Pharmacy Services, Inc.","NOREPINEPHRINE BITARTRATE","16 mg/250 mL","71285-8095-1","250 mL in 1 BAG (71285-8095-1)","2021-2, 2022-2, 2022-1",""
"71285-8096","HUMAN COMPOUNDED DRUG","Norepinephrine 8mg added to NS","SOLUTION","INTRAVENOUS","OUTSOURCING FACILITY COMPOUNDED HUMAN DRUG PRODUCT (EXEMPT FROM APPROVAL REQUIREMENTS)","Central Admixture Pharmacy Services, Inc.","NOREPINEPHRINE BITARTRATE","8 mg/250 mL","71285-8096-1","250 mL in 1 BAG (71285-8096-1)","2021-2, 2022-2, 2022-1",""
"71285-8096","HUMAN COMPOUNDED DRUG","Norepinephrine 8mg added to NS","SOLUTION","INTRAVENOUS","OUTSOURCING FACILITY COMPOUNDED HUMAN DRUG PRODUCT (EXEMPT FROM APPROVAL REQUIREMENTS)","Central Admixture Pharmacy Services, Inc.","NOREPINEPHRINE BITARTRATE","8 mg/250 mL","71285-8096-1","250 mL in 1 BAG (71285-8096-1)","2021-2, 2022-2, 2022-1",""
"71285-8096","HUMAN COMPOUNDED DRUG","Norepinephrine 8mg added to NS","SOLUTION","INTRAVENOUS","OUTSOURCING FACILITY COMPOUNDED HUMAN DRUG PRODUCT (EXEMPT FROM APPROVAL REQUIREMENTS)","Central Admixture Pharmacy Services, Inc.","NOREPINEPHRINE BITARTRATE","8 mg/250 mL","71285-8096-1","250 mL in 1 BAG (71285-8096-1)","2021-2, 2022-2, 2022-1",""
"71285-8097","HUMAN COMPOUNDED DRUG","Norepinephrine 4mg added to NS","SOLUTION","INTRAVENOUS","OUTSOURCING FACILITY COMPOUNDED HUMAN DRUG PRODUCT (EXEMPT FROM APPROVAL REQUIREMENTS)","Central Admixture Pharmacy Services, Inc.","NOREPINEPHRINE BITARTRATE","4 mg/250 mL","71285-8097-1","250 mL in 1 BAG (71285-8097-1)","2021-2, 2022-2, 2022-1",""
"71285-8097","HUMAN COMPOUNDED DRUG","Norepinephrine 4mg added to NS","SOLUTION","INTRAVENOUS","OUTSOURCING FACILITY COMPOUNDED HUMAN DRUG PRODUCT (EXEMPT FROM APPROVAL REQUIREMENTS)","Central Admixture Pharmacy Services, Inc.","NOREPINEPHRINE BITARTRATE","4 mg/250 mL","71285-8097-1","250 mL in 1 BAG (71285-8097-1)","2021-2, 2022-2, 2022-1",""
"71285-8097","HUMAN COMPOUNDED DRUG","Norepinephrine 4mg added to NS","SOLUTION","INTRAVENOUS","OUTSOURCING FACILITY COMPOUNDED HUMAN DRUG PRODUCT (EXEMPT FROM APPROVAL REQUIREMENTS)","Central Admixture Pharmacy Services, Inc.","NOREPINEPHRINE BITARTRATE","4 mg/250 mL","71285-8097-1","250 mL in 1 BAG (71285-8097-1)","2021-2, 2022-2, 2022-1",""
"71285-8100","HUMAN COMPOUNDED DRUG","Heparin 2500units added to NS","SOLUTION","INTRAVENOUS","OUTSOURCING FACILITY COMPOUNDED HUMAN DRUG PRODUCT (EXEMPT FROM APPROVAL REQUIREMENTS)","Central Admixture Pharmacy Services, Inc.","HEPARIN SODIUM","2500 U/500 mL","71285-8100-1","500 mL in 1 BAG (71285-8100-1)","2022-1, 2021-2, 2022-2",""
"71285-8100","HUMAN COMPOUNDED DRUG","Heparin 2500units added to NS","SOLUTION","INTRAVENOUS","OUTSOURCING FACILITY COMPOUNDED HUMAN DRUG PRODUCT (EXEMPT FROM APPROVAL REQUIREMENTS)","Central Admixture Pharmacy Services, Inc.","HEPARIN SODIUM","2500 U/500 mL","71285-8100-1","500 mL in 1 BAG (71285-8100-1)","2022-1, 2021-2, 2022-2",""
"71285-8100","HUMAN COMPOUNDED DRUG","Heparin 2500units added to NS","SOLUTION","INTRAVENOUS","OUTSOURCING FACILITY COMPOUNDED HUMAN DRUG PRODUCT (EXEMPT FROM APPROVAL REQUIREMENTS)","Central Admixture Pharmacy Services, Inc.","HEPARIN SODIUM","2500 U/500 mL","71285-8100-1","500 mL in 1 BAG (71285-8100-1)","2022-1, 2021-2, 2022-2",""
"71285-9000","HUMAN COMPOUNDED DRUG","Vasopressin 20 units added to NS","SOLUTION","INTRAVENOUS","OUTSOURCING FACILITY COMPOUNDED HUMAN DRUG PRODUCT (EXEMPT FROM APPROVAL REQUIREMENTS)","Central Admixture Pharmacy Services, Inc.","VASOPRESSIN","20 U/100 mL","71285-9000-1","100 mL in 1 BAG (71285-9000-1)","2021-2, 2022-2, 2022-1",""
"71285-9000","HUMAN COMPOUNDED DRUG","Vasopressin 20 units added to NS","SOLUTION","INTRAVENOUS","OUTSOURCING FACILITY COMPOUNDED HUMAN DRUG PRODUCT (EXEMPT FROM APPROVAL REQUIREMENTS)","Central Admixture Pharmacy Services, Inc.","VASOPRESSIN","20 U/100 mL","71285-9000-1","100 mL in 1 BAG (71285-9000-1)","2021-2, 2022-2, 2022-1",""
"71285-9000","HUMAN COMPOUNDED DRUG","Vasopressin 20 units added to NS","SOLUTION","INTRAVENOUS","OUTSOURCING FACILITY COMPOUNDED HUMAN DRUG PRODUCT (EXEMPT FROM APPROVAL REQUIREMENTS)","Central Admixture Pharmacy Services, Inc.","VASOPRESSIN","20 U/100 mL","71285-9000-1","100 mL in 1 BAG (71285-9000-1)","2021-2, 2022-2, 2022-1",""
"71285-9001","HUMAN COMPOUNDED DRUG","Vasopressin 40 units added to NS","SOLUTION","INTRAVENOUS","OUTSOURCING FACILITY COMPOUNDED HUMAN DRUG PRODUCT (EXEMPT FROM APPROVAL REQUIREMENTS)","Central Admixture Pharmacy Services, Inc.","VASOPRESSIN","40 U/100 mL","71285-9001-1","100 mL in 1 BAG (71285-9001-1)","2021-2, 2022-2, 2022-1",""
"71285-9001","HUMAN COMPOUNDED DRUG","Vasopressin 40 units added to NS","SOLUTION","INTRAVENOUS","OUTSOURCING FACILITY COMPOUNDED HUMAN DRUG PRODUCT (EXEMPT FROM APPROVAL REQUIREMENTS)","Central Admixture Pharmacy Services, Inc.","VASOPRESSIN","40 U/100 mL","71285-9001-1","100 mL in 1 BAG (71285-9001-1)","2021-2, 2022-2, 2022-1",""
"71285-9001","HUMAN COMPOUNDED DRUG","Vasopressin 40 units added to NS","SOLUTION","INTRAVENOUS","OUTSOURCING FACILITY COMPOUNDED HUMAN DRUG PRODUCT (EXEMPT FROM APPROVAL REQUIREMENTS)","Central Admixture Pharmacy Services, Inc.","VASOPRESSIN","40 U/100 mL","71285-9001-1","100 mL in 1 BAG (71285-9001-1)","2021-2, 2022-2, 2022-1",""
"71285-9002","HUMAN COMPOUNDED DRUG","Vasopressin 50 units added to NS","SOLUTION","INTRAVENOUS","OUTSOURCING FACILITY COMPOUNDED HUMAN DRUG PRODUCT (EXEMPT FROM APPROVAL REQUIREMENTS)","Central Admixture Pharmacy Services, Inc.","VASOPRESSIN","50 U/50 mL","71285-9002-1","50 mL in 1 BAG (71285-9002-1)","2021-2, 2022-2, 2022-1",""
"71285-9002","HUMAN COMPOUNDED DRUG","Vasopressin 50 units added to NS","SOLUTION","INTRAVENOUS","OUTSOURCING FACILITY COMPOUNDED HUMAN DRUG PRODUCT (EXEMPT FROM APPROVAL REQUIREMENTS)","Central Admixture Pharmacy Services, Inc.","VASOPRESSIN","50 U/50 mL","71285-9002-1","50 mL in 1 BAG (71285-9002-1)","2021-2, 2022-2, 2022-1",""
"71285-9002","HUMAN COMPOUNDED DRUG","Vasopressin 50 units added to NS","SOLUTION","INTRAVENOUS","OUTSOURCING FACILITY COMPOUNDED HUMAN DRUG PRODUCT (EXEMPT FROM APPROVAL REQUIREMENTS)","Central Admixture Pharmacy Services, Inc.","VASOPRESSIN","50 U/50 mL","71285-9002-1","50 mL in 1 BAG (71285-9002-1)","2021-2, 2022-2, 2022-1",""
"71286-2001","HUMAN COMPOUNDED DRUG","Fentanyl 10mcg/ml in D5W","SOLUTION","EPIDURAL; INTRAVENOUS","OUTSOURCING FACILITY COMPOUNDED HUMAN DRUG PRODUCT (EXEMPT FROM APPROVAL REQUIREMENTS)","Central Admixture Pharmacy Services, Inc.","FENTANYL CITRATE","10 ug/1 mL","71286-2001-2","30 mL in 1 SYRINGE (71286-2001-2)","2022-1, 2021-2, 2022-2","CII"
"71286-2001","HUMAN COMPOUNDED DRUG","Fentanyl 10mcg/ml in D5W","SOLUTION","EPIDURAL; INTRAVENOUS","OUTSOURCING FACILITY COMPOUNDED HUMAN DRUG PRODUCT (EXEMPT FROM APPROVAL REQUIREMENTS)","Central Admixture Pharmacy Services, Inc.","FENTANYL CITRATE","10 ug/1 mL","71286-2001-2","30 mL in 1 SYRINGE (71286-2001-2)","2022-1, 2021-2, 2022-2","CII"
"71286-2001","HUMAN COMPOUNDED DRUG","Fentanyl 10mcg/ml in D5W","SOLUTION","EPIDURAL; INTRAVENOUS","OUTSOURCING FACILITY COMPOUNDED HUMAN DRUG PRODUCT (EXEMPT FROM APPROVAL REQUIREMENTS)","Central Admixture Pharmacy Services, Inc.","FENTANYL CITRATE","10 ug/1 mL","71286-2001-2","30 mL in 1 SYRINGE (71286-2001-2)","2022-1, 2021-2, 2022-2","CII"
"71286-2003","HUMAN COMPOUNDED DRUG","Fentanyl Citrate 50mcg/ml","SOLUTION","EPIDURAL; INTRAVENOUS","OUTSOURCING FACILITY COMPOUNDED HUMAN DRUG PRODUCT (EXEMPT FROM APPROVAL REQUIREMENTS)","Central Admixture Pharmacy Services, Inc.","FENTANYL CITRATE","50 ug/1 mL","71286-2003-1","2 mL in 1 SYRINGE (71286-2003-1)","2021-2, 2022-1, 2022-2","CII"
"71286-2003","HUMAN COMPOUNDED DRUG","Fentanyl Citrate 50mcg/ml","SOLUTION","EPIDURAL; INTRAVENOUS","OUTSOURCING FACILITY COMPOUNDED HUMAN DRUG PRODUCT (EXEMPT FROM APPROVAL REQUIREMENTS)","Central Admixture Pharmacy Services, Inc.","FENTANYL CITRATE","50 ug/1 mL","71286-2003-1","2 mL in 1 SYRINGE (71286-2003-1)","2021-2, 2022-1, 2022-2","CII"
"71286-2003","HUMAN COMPOUNDED DRUG","Fentanyl Citrate 50mcg/ml","SOLUTION","EPIDURAL; INTRAVENOUS","OUTSOURCING FACILITY COMPOUNDED HUMAN DRUG PRODUCT (EXEMPT FROM APPROVAL REQUIREMENTS)","Central Admixture Pharmacy Services, Inc.","FENTANYL CITRATE","50 ug/1 mL","71286-2003-1","2 mL in 1 SYRINGE (71286-2003-1)","2021-2, 2022-1, 2022-2","CII"
"71286-2003","HUMAN COMPOUNDED DRUG","Fentanyl Citrate 50mcg/ml","SOLUTION","EPIDURAL; INTRAVENOUS","OUTSOURCING FACILITY COMPOUNDED HUMAN DRUG PRODUCT (EXEMPT FROM APPROVAL REQUIREMENTS)","Central Admixture Pharmacy Services, Inc.","FENTANYL CITRATE","50 ug/1 mL","71286-2003-2","5 mL in 1 SYRINGE (71286-2003-2)","2021-2, 2022-1, 2022-2","CII"
"71286-2003","HUMAN COMPOUNDED DRUG","Fentanyl Citrate 50mcg/ml","SOLUTION","EPIDURAL; INTRAVENOUS","OUTSOURCING FACILITY COMPOUNDED HUMAN DRUG PRODUCT (EXEMPT FROM APPROVAL REQUIREMENTS)","Central Admixture Pharmacy Services, Inc.","FENTANYL CITRATE","50 ug/1 mL","71286-2003-2","5 mL in 1 SYRINGE (71286-2003-2)","2021-2, 2022-1, 2022-2","CII"
"71286-2003","HUMAN COMPOUNDED DRUG","Fentanyl Citrate 50mcg/ml","SOLUTION","EPIDURAL; INTRAVENOUS","OUTSOURCING FACILITY COMPOUNDED HUMAN DRUG PRODUCT (EXEMPT FROM APPROVAL REQUIREMENTS)","Central Admixture Pharmacy Services, Inc.","FENTANYL CITRATE","50 ug/1 mL","71286-2003-2","5 mL in 1 SYRINGE (71286-2003-2)","2021-2, 2022-1, 2022-2","CII"
"71286-2003","HUMAN COMPOUNDED DRUG","Fentanyl Citrate 50mcg/ml","SOLUTION","EPIDURAL; INTRAVENOUS","OUTSOURCING FACILITY COMPOUNDED HUMAN DRUG PRODUCT (EXEMPT FROM APPROVAL REQUIREMENTS)","Central Admixture Pharmacy Services, Inc.","FENTANYL CITRATE","50 ug/1 mL","71286-2003-3","50 mL in 1 SYRINGE (71286-2003-3)","2022-1, 2021-2, 2022-2","CII"
"71286-2003","HUMAN COMPOUNDED DRUG","Fentanyl Citrate 50mcg/ml","SOLUTION","EPIDURAL; INTRAVENOUS","OUTSOURCING FACILITY COMPOUNDED HUMAN DRUG PRODUCT (EXEMPT FROM APPROVAL REQUIREMENTS)","Central Admixture Pharmacy Services, Inc.","FENTANYL CITRATE","50 ug/1 mL","71286-2003-3","50 mL in 1 SYRINGE (71286-2003-3)","2022-1, 2021-2, 2022-2","CII"
"71286-2003","HUMAN COMPOUNDED DRUG","Fentanyl Citrate 50mcg/ml","SOLUTION","EPIDURAL; INTRAVENOUS","OUTSOURCING FACILITY COMPOUNDED HUMAN DRUG PRODUCT (EXEMPT FROM APPROVAL REQUIREMENTS)","Central Admixture Pharmacy Services, Inc.","FENTANYL CITRATE","50 ug/1 mL","71286-2003-3","50 mL in 1 SYRINGE (71286-2003-3)","2022-1, 2021-2, 2022-2","CII"
"71286-2003","HUMAN COMPOUNDED DRUG","Fentanyl Citrate 50mcg/ml","SOLUTION","EPIDURAL; INTRAVENOUS","OUTSOURCING FACILITY COMPOUNDED HUMAN DRUG PRODUCT (EXEMPT FROM APPROVAL REQUIREMENTS)","Central Admixture Pharmacy Services, Inc.","FENTANYL CITRATE","50 ug/1 mL","71286-2003-4","50 mL in 1 BAG (71286-2003-4)","2021-2, 2022-1, 2022-2","CII"
"71286-2003","HUMAN COMPOUNDED DRUG","Fentanyl Citrate 50mcg/ml","SOLUTION","EPIDURAL; INTRAVENOUS","OUTSOURCING FACILITY COMPOUNDED HUMAN DRUG PRODUCT (EXEMPT FROM APPROVAL REQUIREMENTS)","Central Admixture Pharmacy Services, Inc.","FENTANYL CITRATE","50 ug/1 mL","71286-2003-4","50 mL in 1 BAG (71286-2003-4)","2021-2, 2022-1, 2022-2","CII"
"71286-2003","HUMAN COMPOUNDED DRUG","Fentanyl Citrate 50mcg/ml","SOLUTION","EPIDURAL; INTRAVENOUS","OUTSOURCING FACILITY COMPOUNDED HUMAN DRUG PRODUCT (EXEMPT FROM APPROVAL REQUIREMENTS)","Central Admixture Pharmacy Services, Inc.","FENTANYL CITRATE","50 ug/1 mL","71286-2003-4","50 mL in 1 BAG (71286-2003-4)","2021-2, 2022-1, 2022-2","CII"
"71286-2003","HUMAN COMPOUNDED DRUG","Fentanyl Citrate 50mcg/ml","SOLUTION","EPIDURAL; INTRAVENOUS","OUTSOURCING FACILITY COMPOUNDED HUMAN DRUG PRODUCT (EXEMPT FROM APPROVAL REQUIREMENTS)","Central Admixture Pharmacy Services, Inc.","FENTANYL CITRATE","50 ug/1 mL","71286-2003-5","100 mL in 1 BAG (71286-2003-5)","2021-2, 2022-1, 2022-2","CII"
"71286-2003","HUMAN COMPOUNDED DRUG","Fentanyl Citrate 50mcg/ml","SOLUTION","EPIDURAL; INTRAVENOUS","OUTSOURCING FACILITY COMPOUNDED HUMAN DRUG PRODUCT (EXEMPT FROM APPROVAL REQUIREMENTS)","Central Admixture Pharmacy Services, Inc.","FENTANYL CITRATE","50 ug/1 mL","71286-2003-5","100 mL in 1 BAG (71286-2003-5)","2021-2, 2022-1, 2022-2","CII"
"71286-2003","HUMAN COMPOUNDED DRUG","Fentanyl Citrate 50mcg/ml","SOLUTION","EPIDURAL; INTRAVENOUS","OUTSOURCING FACILITY COMPOUNDED HUMAN DRUG PRODUCT (EXEMPT FROM APPROVAL REQUIREMENTS)","Central Admixture Pharmacy Services, Inc.","FENTANYL CITRATE","50 ug/1 mL","71286-2003-5","100 mL in 1 BAG (71286-2003-5)","2021-2, 2022-1, 2022-2","CII"
"71286-2003","HUMAN COMPOUNDED DRUG","Fentanyl Citrate 50mcg/ml","SOLUTION","EPIDURAL; INTRAVENOUS","OUTSOURCING FACILITY COMPOUNDED HUMAN DRUG PRODUCT (EXEMPT FROM APPROVAL REQUIREMENTS)","Central Admixture Pharmacy Services, Inc.","FENTANYL CITRATE","50 ug/1 mL","71286-2003-7","25 mL in 1 SYRINGE (71286-2003-7)","2021-2, 2022-1, 2022-2","CII"
"71286-2003","HUMAN COMPOUNDED DRUG","Fentanyl Citrate 50mcg/ml","SOLUTION","EPIDURAL; INTRAVENOUS","OUTSOURCING FACILITY COMPOUNDED HUMAN DRUG PRODUCT (EXEMPT FROM APPROVAL REQUIREMENTS)","Central Admixture Pharmacy Services, Inc.","FENTANYL CITRATE","50 ug/1 mL","71286-2003-7","25 mL in 1 SYRINGE (71286-2003-7)","2021-2, 2022-1, 2022-2","CII"
"71286-2003","HUMAN COMPOUNDED DRUG","Fentanyl Citrate 50mcg/ml","SOLUTION","EPIDURAL; INTRAVENOUS","OUTSOURCING FACILITY COMPOUNDED HUMAN DRUG PRODUCT (EXEMPT FROM APPROVAL REQUIREMENTS)","Central Admixture Pharmacy Services, Inc.","FENTANYL CITRATE","50 ug/1 mL","71286-2003-7","25 mL in 1 SYRINGE (71286-2003-7)","2021-2, 2022-1, 2022-2","CII"
"71286-2010","HUMAN COMPOUNDED DRUG","Hydromorphone HCL 0.2mg/ml in NS","SOLUTION","EPIDURAL; INTRAVENOUS","OUTSOURCING FACILITY COMPOUNDED HUMAN DRUG PRODUCT (EXEMPT FROM APPROVAL REQUIREMENTS)","Central Admixture Pharmacy Services, Inc.","HYDROMORPHONE HYDROCHLORIDE",".2 mg/1 mL","71286-2010-1","30 mL in 1 SYRINGE (71286-2010-1)","2022-1, 2021-2, 2022-2","CII"
"71286-2010","HUMAN COMPOUNDED DRUG","Hydromorphone HCL 0.2mg/ml in NS","SOLUTION","EPIDURAL; INTRAVENOUS","OUTSOURCING FACILITY COMPOUNDED HUMAN DRUG PRODUCT (EXEMPT FROM APPROVAL REQUIREMENTS)","Central Admixture Pharmacy Services, Inc.","HYDROMORPHONE HYDROCHLORIDE",".2 mg/1 mL","71286-2010-1","30 mL in 1 SYRINGE (71286-2010-1)","2022-1, 2021-2, 2022-2","CII"
"71286-2010","HUMAN COMPOUNDED DRUG","Hydromorphone HCL 0.2mg/ml in NS","SOLUTION","EPIDURAL; INTRAVENOUS","OUTSOURCING FACILITY COMPOUNDED HUMAN DRUG PRODUCT (EXEMPT FROM APPROVAL REQUIREMENTS)","Central Admixture Pharmacy Services, Inc.","HYDROMORPHONE HYDROCHLORIDE",".2 mg/1 mL","71286-2010-1","30 mL in 1 SYRINGE (71286-2010-1)","2022-1, 2021-2, 2022-2","CII"
"71286-2010","HUMAN COMPOUNDED DRUG","Hydromorphone HCL 0.2mg/ml in NS","SOLUTION","EPIDURAL; INTRAVENOUS","OUTSOURCING FACILITY COMPOUNDED HUMAN DRUG PRODUCT (EXEMPT FROM APPROVAL REQUIREMENTS)","Central Admixture Pharmacy Services, Inc.","HYDROMORPHONE HYDROCHLORIDE",".2 mg/1 mL","71286-2010-2","50 mL in 1 SYRINGE (71286-2010-2)","2022-1, 2021-2, 2022-2","CII"
"71286-2010","HUMAN COMPOUNDED DRUG","Hydromorphone HCL 0.2mg/ml in NS","SOLUTION","EPIDURAL; INTRAVENOUS","OUTSOURCING FACILITY COMPOUNDED HUMAN DRUG PRODUCT (EXEMPT FROM APPROVAL REQUIREMENTS)","Central Admixture Pharmacy Services, Inc.","HYDROMORPHONE HYDROCHLORIDE",".2 mg/1 mL","71286-2010-2","50 mL in 1 SYRINGE (71286-2010-2)","2022-1, 2021-2, 2022-2","CII"
"71286-2010","HUMAN COMPOUNDED DRUG","Hydromorphone HCL 0.2mg/ml in NS","SOLUTION","EPIDURAL; INTRAVENOUS","OUTSOURCING FACILITY COMPOUNDED HUMAN DRUG PRODUCT (EXEMPT FROM APPROVAL REQUIREMENTS)","Central Admixture Pharmacy Services, Inc.","HYDROMORPHONE HYDROCHLORIDE",".2 mg/1 mL","71286-2010-2","50 mL in 1 SYRINGE (71286-2010-2)","2022-1, 2021-2, 2022-2","CII"
"71286-2010","HUMAN COMPOUNDED DRUG","Hydromorphone HCL 0.2mg/ml in NS","SOLUTION","EPIDURAL; INTRAVENOUS","OUTSOURCING FACILITY COMPOUNDED HUMAN DRUG PRODUCT (EXEMPT FROM APPROVAL REQUIREMENTS)","Central Admixture Pharmacy Services, Inc.","HYDROMORPHONE HYDROCHLORIDE",".2 mg/1 mL","71286-2010-3","50 mL in 1 BAG (71286-2010-3)","2022-1, 2021-2, 2022-2","CII"
"71286-2010","HUMAN COMPOUNDED DRUG","Hydromorphone HCL 0.2mg/ml in NS","SOLUTION","EPIDURAL; INTRAVENOUS","OUTSOURCING FACILITY COMPOUNDED HUMAN DRUG PRODUCT (EXEMPT FROM APPROVAL REQUIREMENTS)","Central Admixture Pharmacy Services, Inc.","HYDROMORPHONE HYDROCHLORIDE",".2 mg/1 mL","71286-2010-3","50 mL in 1 BAG (71286-2010-3)","2022-1, 2021-2, 2022-2","CII"
"71286-2010","HUMAN COMPOUNDED DRUG","Hydromorphone HCL 0.2mg/ml in NS","SOLUTION","EPIDURAL; INTRAVENOUS","OUTSOURCING FACILITY COMPOUNDED HUMAN DRUG PRODUCT (EXEMPT FROM APPROVAL REQUIREMENTS)","Central Admixture Pharmacy Services, Inc.","HYDROMORPHONE HYDROCHLORIDE",".2 mg/1 mL","71286-2010-3","50 mL in 1 BAG (71286-2010-3)","2022-1, 2021-2, 2022-2","CII"
"71286-2011","HUMAN COMPOUNDED DRUG","Hydromorphone HCL 0.5mg/ml in NS","SOLUTION","EPIDURAL; INTRAVENOUS","OUTSOURCING FACILITY COMPOUNDED HUMAN DRUG PRODUCT (EXEMPT FROM APPROVAL REQUIREMENTS)","Central Admixture Pharmacy Services, Inc.","HYDROMORPHONE HYDROCHLORIDE",".5 mg/1 mL","71286-2011-1","30 mL in 1 SYRINGE (71286-2011-1)","2022-1, 2021-2, 2022-2","CII"
"71286-2011","HUMAN COMPOUNDED DRUG","Hydromorphone HCL 0.5mg/ml in NS","SOLUTION","EPIDURAL; INTRAVENOUS","OUTSOURCING FACILITY COMPOUNDED HUMAN DRUG PRODUCT (EXEMPT FROM APPROVAL REQUIREMENTS)","Central Admixture Pharmacy Services, Inc.","HYDROMORPHONE HYDROCHLORIDE",".5 mg/1 mL","71286-2011-1","30 mL in 1 SYRINGE (71286-2011-1)","2022-1, 2021-2, 2022-2","CII"
"71286-2011","HUMAN COMPOUNDED DRUG","Hydromorphone HCL 0.5mg/ml in NS","SOLUTION","EPIDURAL; INTRAVENOUS","OUTSOURCING FACILITY COMPOUNDED HUMAN DRUG PRODUCT (EXEMPT FROM APPROVAL REQUIREMENTS)","Central Admixture Pharmacy Services, Inc.","HYDROMORPHONE HYDROCHLORIDE",".5 mg/1 mL","71286-2011-1","30 mL in 1 SYRINGE (71286-2011-1)","2022-1, 2021-2, 2022-2","CII"
"71286-2012","HUMAN COMPOUNDED DRUG","Hydromorphone HCL 1mg/ml in NS","SOLUTION","EPIDURAL; INTRAVENOUS","OUTSOURCING FACILITY COMPOUNDED HUMAN DRUG PRODUCT (EXEMPT FROM APPROVAL REQUIREMENTS)","Central Admixture Pharmacy Services, Inc.","HYDROMORPHONE HYDROCHLORIDE","1 mg/1 mL","71286-2012-1","30 mL in 1 SYRINGE (71286-2012-1)","2022-1, 2021-2, 2022-2","CII"
"71286-2012","HUMAN COMPOUNDED DRUG","Hydromorphone HCL 1mg/ml in NS","SOLUTION","EPIDURAL; INTRAVENOUS","OUTSOURCING FACILITY COMPOUNDED HUMAN DRUG PRODUCT (EXEMPT FROM APPROVAL REQUIREMENTS)","Central Admixture Pharmacy Services, Inc.","HYDROMORPHONE HYDROCHLORIDE","1 mg/1 mL","71286-2012-1","30 mL in 1 SYRINGE (71286-2012-1)","2022-1, 2021-2, 2022-2","CII"
"71286-2012","HUMAN COMPOUNDED DRUG","Hydromorphone HCL 1mg/ml in NS","SOLUTION","EPIDURAL; INTRAVENOUS","OUTSOURCING FACILITY COMPOUNDED HUMAN DRUG PRODUCT (EXEMPT FROM APPROVAL REQUIREMENTS)","Central Admixture Pharmacy Services, Inc.","HYDROMORPHONE HYDROCHLORIDE","1 mg/1 mL","71286-2012-1","30 mL in 1 SYRINGE (71286-2012-1)","2022-1, 2021-2, 2022-2","CII"
"71286-2013","HUMAN COMPOUNDED DRUG","Hydromorphone HCL 0.1mg/ml in D5W","SOLUTION","EPIDURAL; INTRAVENOUS","OUTSOURCING FACILITY COMPOUNDED HUMAN DRUG PRODUCT (EXEMPT FROM APPROVAL REQUIREMENTS)","Central Admixture Pharmacy Services, Inc.","HYDROMORPHONE HYDROCHLORIDE",".1 mg/1 mL","71286-2013-1","5 mL in 1 SYRINGE (71286-2013-1)","2022-1, 2021-2, 2022-2","CII"
"71286-2013","HUMAN COMPOUNDED DRUG","Hydromorphone HCL 0.1mg/ml in D5W","SOLUTION","EPIDURAL; INTRAVENOUS","OUTSOURCING FACILITY COMPOUNDED HUMAN DRUG PRODUCT (EXEMPT FROM APPROVAL REQUIREMENTS)","Central Admixture Pharmacy Services, Inc.","HYDROMORPHONE HYDROCHLORIDE",".1 mg/1 mL","71286-2013-1","5 mL in 1 SYRINGE (71286-2013-1)","2022-1, 2021-2, 2022-2","CII"
"71286-2013","HUMAN COMPOUNDED DRUG","Hydromorphone HCL 0.1mg/ml in D5W","SOLUTION","EPIDURAL; INTRAVENOUS","OUTSOURCING FACILITY COMPOUNDED HUMAN DRUG PRODUCT (EXEMPT FROM APPROVAL REQUIREMENTS)","Central Admixture Pharmacy Services, Inc.","HYDROMORPHONE HYDROCHLORIDE",".1 mg/1 mL","71286-2013-1","5 mL in 1 SYRINGE (71286-2013-1)","2022-1, 2021-2, 2022-2","CII"
"71286-2013","HUMAN COMPOUNDED DRUG","Hydromorphone HCL 0.1mg/ml in D5W","SOLUTION","EPIDURAL; INTRAVENOUS","OUTSOURCING FACILITY COMPOUNDED HUMAN DRUG PRODUCT (EXEMPT FROM APPROVAL REQUIREMENTS)","Central Admixture Pharmacy Services, Inc.","HYDROMORPHONE HYDROCHLORIDE",".1 mg/1 mL","71286-2013-2","30 mL in 1 SYRINGE (71286-2013-2)","2022-1, 2021-2, 2022-2","CII"
"71286-2013","HUMAN COMPOUNDED DRUG","Hydromorphone HCL 0.1mg/ml in D5W","SOLUTION","EPIDURAL; INTRAVENOUS","OUTSOURCING FACILITY COMPOUNDED HUMAN DRUG PRODUCT (EXEMPT FROM APPROVAL REQUIREMENTS)","Central Admixture Pharmacy Services, Inc.","HYDROMORPHONE HYDROCHLORIDE",".1 mg/1 mL","71286-2013-2","30 mL in 1 SYRINGE (71286-2013-2)","2022-1, 2021-2, 2022-2","CII"
"71286-2013","HUMAN COMPOUNDED DRUG","Hydromorphone HCL 0.1mg/ml in D5W","SOLUTION","EPIDURAL; INTRAVENOUS","OUTSOURCING FACILITY COMPOUNDED HUMAN DRUG PRODUCT (EXEMPT FROM APPROVAL REQUIREMENTS)","Central Admixture Pharmacy Services, Inc.","HYDROMORPHONE HYDROCHLORIDE",".1 mg/1 mL","71286-2013-2","30 mL in 1 SYRINGE (71286-2013-2)","2022-1, 2021-2, 2022-2","CII"
"71286-2040","HUMAN COMPOUNDED DRUG","Morphine Sulfate 1mg/ml in NS","SOLUTION","EPIDURAL; INTRAVENOUS","OUTSOURCING FACILITY COMPOUNDED HUMAN DRUG PRODUCT (EXEMPT FROM APPROVAL REQUIREMENTS)","Central Admixture Pharmacy Services, Inc.","MORPHINE SULFATE","1 mg/1 mL","71286-2040-1","1 mL in 1 SYRINGE (71286-2040-1)","2022-1, 2021-2, 2022-2","CII"
"71286-2040","HUMAN COMPOUNDED DRUG","Morphine Sulfate 1mg/ml in NS","SOLUTION","EPIDURAL; INTRAVENOUS","OUTSOURCING FACILITY COMPOUNDED HUMAN DRUG PRODUCT (EXEMPT FROM APPROVAL REQUIREMENTS)","Central Admixture Pharmacy Services, Inc.","MORPHINE SULFATE","1 mg/1 mL","71286-2040-1","1 mL in 1 SYRINGE (71286-2040-1)","2022-1, 2021-2, 2022-2","CII"
"71286-2040","HUMAN COMPOUNDED DRUG","Morphine Sulfate 1mg/ml in NS","SOLUTION","EPIDURAL; INTRAVENOUS","OUTSOURCING FACILITY COMPOUNDED HUMAN DRUG PRODUCT (EXEMPT FROM APPROVAL REQUIREMENTS)","Central Admixture Pharmacy Services, Inc.","MORPHINE SULFATE","1 mg/1 mL","71286-2040-1","1 mL in 1 SYRINGE (71286-2040-1)","2022-1, 2021-2, 2022-2","CII"
"71286-2040","HUMAN COMPOUNDED DRUG","Morphine Sulfate 1mg/ml in NS","SOLUTION","EPIDURAL; INTRAVENOUS","OUTSOURCING FACILITY COMPOUNDED HUMAN DRUG PRODUCT (EXEMPT FROM APPROVAL REQUIREMENTS)","Central Admixture Pharmacy Services, Inc.","MORPHINE SULFATE","1 mg/1 mL","71286-2040-3","30 mL in 1 SYRINGE (71286-2040-3)","2022-1, 2021-2, 2022-2","CII"
"71286-2040","HUMAN COMPOUNDED DRUG","Morphine Sulfate 1mg/ml in NS","SOLUTION","EPIDURAL; INTRAVENOUS","OUTSOURCING FACILITY COMPOUNDED HUMAN DRUG PRODUCT (EXEMPT FROM APPROVAL REQUIREMENTS)","Central Admixture Pharmacy Services, Inc.","MORPHINE SULFATE","1 mg/1 mL","71286-2040-3","30 mL in 1 SYRINGE (71286-2040-3)","2022-1, 2021-2, 2022-2","CII"
"71286-2040","HUMAN COMPOUNDED DRUG","Morphine Sulfate 1mg/ml in NS","SOLUTION","EPIDURAL; INTRAVENOUS","OUTSOURCING FACILITY COMPOUNDED HUMAN DRUG PRODUCT (EXEMPT FROM APPROVAL REQUIREMENTS)","Central Admixture Pharmacy Services, Inc.","MORPHINE SULFATE","1 mg/1 mL","71286-2040-3","30 mL in 1 SYRINGE (71286-2040-3)","2022-1, 2021-2, 2022-2","CII"
"71286-2040","HUMAN COMPOUNDED DRUG","Morphine Sulfate 1mg/ml in NS","SOLUTION","EPIDURAL; INTRAVENOUS","OUTSOURCING FACILITY COMPOUNDED HUMAN DRUG PRODUCT (EXEMPT FROM APPROVAL REQUIREMENTS)","Central Admixture Pharmacy Services, Inc.","MORPHINE SULFATE","1 mg/1 mL","71286-2040-4","50 mL in 1 SYRINGE (71286-2040-4)","2022-1, 2021-2","CII"
"71286-2040","HUMAN COMPOUNDED DRUG","Morphine Sulfate 1mg/ml in NS","SOLUTION","EPIDURAL; INTRAVENOUS","OUTSOURCING FACILITY COMPOUNDED HUMAN DRUG PRODUCT (EXEMPT FROM APPROVAL REQUIREMENTS)","Central Admixture Pharmacy Services, Inc.","MORPHINE SULFATE","1 mg/1 mL","71286-2040-4","50 mL in 1 SYRINGE (71286-2040-4)","2022-1, 2021-2","CII"
"71286-2040","HUMAN COMPOUNDED DRUG","Morphine Sulfate 1mg/ml in NS","SOLUTION","EPIDURAL; INTRAVENOUS","OUTSOURCING FACILITY COMPOUNDED HUMAN DRUG PRODUCT (EXEMPT FROM APPROVAL REQUIREMENTS)","Central Admixture Pharmacy Services, Inc.","MORPHINE SULFATE","1 mg/1 mL","71286-2040-5","50 mL in 1 BAG (71286-2040-5)","2022-1, 2021-2","CII"
"71286-2040","HUMAN COMPOUNDED DRUG","Morphine Sulfate 1mg/ml in NS","SOLUTION","EPIDURAL; INTRAVENOUS","OUTSOURCING FACILITY COMPOUNDED HUMAN DRUG PRODUCT (EXEMPT FROM APPROVAL REQUIREMENTS)","Central Admixture Pharmacy Services, Inc.","MORPHINE SULFATE","1 mg/1 mL","71286-2040-5","50 mL in 1 BAG (71286-2040-5)","2022-1, 2021-2","CII"
"71286-2040","HUMAN COMPOUNDED DRUG","Morphine Sulfate 1mg/ml in NS","SOLUTION","EPIDURAL; INTRAVENOUS","OUTSOURCING FACILITY COMPOUNDED HUMAN DRUG PRODUCT (EXEMPT FROM APPROVAL REQUIREMENTS)","Central Admixture Pharmacy Services, Inc.","MORPHINE SULFATE","1 mg/1 mL","71286-2040-6","100 mL in 1 BAG (71286-2040-6)","2022-1, 2021-2","CII"
"71286-2040","HUMAN COMPOUNDED DRUG","Morphine Sulfate 1mg/ml in NS","SOLUTION","EPIDURAL; INTRAVENOUS","OUTSOURCING FACILITY COMPOUNDED HUMAN DRUG PRODUCT (EXEMPT FROM APPROVAL REQUIREMENTS)","Central Admixture Pharmacy Services, Inc.","MORPHINE SULFATE","1 mg/1 mL","71286-2040-6","100 mL in 1 BAG (71286-2040-6)","2022-1, 2021-2","CII"
"71286-2041","HUMAN COMPOUNDED DRUG","Morphine Sulfate 5mg/ml in NS","SOLUTION","EPIDURAL; INTRAVENOUS","OUTSOURCING FACILITY COMPOUNDED HUMAN DRUG PRODUCT (EXEMPT FROM APPROVAL REQUIREMENTS)","Central Admixture Pharmacy Services, Inc.","MORPHINE SULFATE","5 mg/1 mL","71286-2041-2","25 mL in 1 SYRINGE (71286-2041-2)","2022-1, 2021-2","CII"
"71286-2041","HUMAN COMPOUNDED DRUG","Morphine Sulfate 5mg/ml in NS","SOLUTION","EPIDURAL; INTRAVENOUS","OUTSOURCING FACILITY COMPOUNDED HUMAN DRUG PRODUCT (EXEMPT FROM APPROVAL REQUIREMENTS)","Central Admixture Pharmacy Services, Inc.","MORPHINE SULFATE","5 mg/1 mL","71286-2041-2","25 mL in 1 SYRINGE (71286-2041-2)","2022-1, 2021-2","CII"
"71286-2071","HUMAN COMPOUNDED DRUG","Fentanyl 10mcg/ml in NS","SOLUTION","EPIDURAL; INTRAVENOUS","OUTSOURCING FACILITY COMPOUNDED HUMAN DRUG PRODUCT (EXEMPT FROM APPROVAL REQUIREMENTS)","Central Admixture Pharmacy Services, Inc.","FENTANYL CITRATE","10 ug/1 mL","71286-2071-1","1 mL in 1 SYRINGE (71286-2071-1)","2022-1, 2021-2, 2022-2","CII"
"71286-2071","HUMAN COMPOUNDED DRUG","Fentanyl 10mcg/ml in NS","SOLUTION","EPIDURAL; INTRAVENOUS","OUTSOURCING FACILITY COMPOUNDED HUMAN DRUG PRODUCT (EXEMPT FROM APPROVAL REQUIREMENTS)","Central Admixture Pharmacy Services, Inc.","FENTANYL CITRATE","10 ug/1 mL","71286-2071-1","1 mL in 1 SYRINGE (71286-2071-1)","2022-1, 2021-2, 2022-2","CII"
"71286-2071","HUMAN COMPOUNDED DRUG","Fentanyl 10mcg/ml in NS","SOLUTION","EPIDURAL; INTRAVENOUS","OUTSOURCING FACILITY COMPOUNDED HUMAN DRUG PRODUCT (EXEMPT FROM APPROVAL REQUIREMENTS)","Central Admixture Pharmacy Services, Inc.","FENTANYL CITRATE","10 ug/1 mL","71286-2071-1","1 mL in 1 SYRINGE (71286-2071-1)","2022-1, 2021-2, 2022-2","CII"
"71286-2071","HUMAN COMPOUNDED DRUG","Fentanyl 10mcg/ml in NS","SOLUTION","EPIDURAL; INTRAVENOUS","OUTSOURCING FACILITY COMPOUNDED HUMAN DRUG PRODUCT (EXEMPT FROM APPROVAL REQUIREMENTS)","Central Admixture Pharmacy Services, Inc.","FENTANYL CITRATE","10 ug/1 mL","71286-2071-2","10 mL in 1 SYRINGE (71286-2071-2)","2022-1, 2021-2, 2022-2","CII"
"71286-2071","HUMAN COMPOUNDED DRUG","Fentanyl 10mcg/ml in NS","SOLUTION","EPIDURAL; INTRAVENOUS","OUTSOURCING FACILITY COMPOUNDED HUMAN DRUG PRODUCT (EXEMPT FROM APPROVAL REQUIREMENTS)","Central Admixture Pharmacy Services, Inc.","FENTANYL CITRATE","10 ug/1 mL","71286-2071-2","10 mL in 1 SYRINGE (71286-2071-2)","2022-1, 2021-2, 2022-2","CII"
"71286-2071","HUMAN COMPOUNDED DRUG","Fentanyl 10mcg/ml in NS","SOLUTION","EPIDURAL; INTRAVENOUS","OUTSOURCING FACILITY COMPOUNDED HUMAN DRUG PRODUCT (EXEMPT FROM APPROVAL REQUIREMENTS)","Central Admixture Pharmacy Services, Inc.","FENTANYL CITRATE","10 ug/1 mL","71286-2071-2","10 mL in 1 SYRINGE (71286-2071-2)","2022-1, 2021-2, 2022-2","CII"
"71286-2071","HUMAN COMPOUNDED DRUG","Fentanyl 10mcg/ml in NS","SOLUTION","EPIDURAL; INTRAVENOUS","OUTSOURCING FACILITY COMPOUNDED HUMAN DRUG PRODUCT (EXEMPT FROM APPROVAL REQUIREMENTS)","Central Admixture Pharmacy Services, Inc.","FENTANYL CITRATE","10 ug/1 mL","71286-2071-3","50 mL in 1 SYRINGE (71286-2071-3)","2022-1, 2021-2, 2022-2","CII"
"71286-2071","HUMAN COMPOUNDED DRUG","Fentanyl 10mcg/ml in NS","SOLUTION","EPIDURAL; INTRAVENOUS","OUTSOURCING FACILITY COMPOUNDED HUMAN DRUG PRODUCT (EXEMPT FROM APPROVAL REQUIREMENTS)","Central Admixture Pharmacy Services, Inc.","FENTANYL CITRATE","10 ug/1 mL","71286-2071-3","50 mL in 1 SYRINGE (71286-2071-3)","2022-1, 2021-2, 2022-2","CII"
"71286-2071","HUMAN COMPOUNDED DRUG","Fentanyl 10mcg/ml in NS","SOLUTION","EPIDURAL; INTRAVENOUS","OUTSOURCING FACILITY COMPOUNDED HUMAN DRUG PRODUCT (EXEMPT FROM APPROVAL REQUIREMENTS)","Central Admixture Pharmacy Services, Inc.","FENTANYL CITRATE","10 ug/1 mL","71286-2071-3","50 mL in 1 SYRINGE (71286-2071-3)","2022-1, 2021-2, 2022-2","CII"
"71286-2071","HUMAN COMPOUNDED DRUG","Fentanyl 10mcg/ml in NS","SOLUTION","EPIDURAL; INTRAVENOUS","OUTSOURCING FACILITY COMPOUNDED HUMAN DRUG PRODUCT (EXEMPT FROM APPROVAL REQUIREMENTS)","Central Admixture Pharmacy Services, Inc.","FENTANYL CITRATE","10 ug/1 mL","71286-2071-4","100 mL in 1 BAG (71286-2071-4)","2022-1, 2021-2, 2022-2","CII"
"71286-2071","HUMAN COMPOUNDED DRUG","Fentanyl 10mcg/ml in NS","SOLUTION","EPIDURAL; INTRAVENOUS","OUTSOURCING FACILITY COMPOUNDED HUMAN DRUG PRODUCT (EXEMPT FROM APPROVAL REQUIREMENTS)","Central Admixture Pharmacy Services, Inc.","FENTANYL CITRATE","10 ug/1 mL","71286-2071-4","100 mL in 1 BAG (71286-2071-4)","2022-1, 2021-2, 2022-2","CII"
"71286-2071","HUMAN COMPOUNDED DRUG","Fentanyl 10mcg/ml in NS","SOLUTION","EPIDURAL; INTRAVENOUS","OUTSOURCING FACILITY COMPOUNDED HUMAN DRUG PRODUCT (EXEMPT FROM APPROVAL REQUIREMENTS)","Central Admixture Pharmacy Services, Inc.","FENTANYL CITRATE","10 ug/1 mL","71286-2071-4","100 mL in 1 BAG (71286-2071-4)","2022-1, 2021-2, 2022-2","CII"
"71286-2071","HUMAN COMPOUNDED DRUG","Fentanyl 10mcg/ml in NS","SOLUTION","EPIDURAL; INTRAVENOUS","OUTSOURCING FACILITY COMPOUNDED HUMAN DRUG PRODUCT (EXEMPT FROM APPROVAL REQUIREMENTS)","Central Admixture Pharmacy Services, Inc.","FENTANYL CITRATE","10 ug/1 mL","71286-2071-5","250 mL in 1 BAG (71286-2071-5)","2022-1, 2021-2, 2022-2","CII"
"71286-2071","HUMAN COMPOUNDED DRUG","Fentanyl 10mcg/ml in NS","SOLUTION","EPIDURAL; INTRAVENOUS","OUTSOURCING FACILITY COMPOUNDED HUMAN DRUG PRODUCT (EXEMPT FROM APPROVAL REQUIREMENTS)","Central Admixture Pharmacy Services, Inc.","FENTANYL CITRATE","10 ug/1 mL","71286-2071-5","250 mL in 1 BAG (71286-2071-5)","2022-1, 2021-2, 2022-2","CII"
"71286-2071","HUMAN COMPOUNDED DRUG","Fentanyl 10mcg/ml in NS","SOLUTION","EPIDURAL; INTRAVENOUS","OUTSOURCING FACILITY COMPOUNDED HUMAN DRUG PRODUCT (EXEMPT FROM APPROVAL REQUIREMENTS)","Central Admixture Pharmacy Services, Inc.","FENTANYL CITRATE","10 ug/1 mL","71286-2071-5","250 mL in 1 BAG (71286-2071-5)","2022-1, 2021-2, 2022-2","CII"
"71286-2071","HUMAN COMPOUNDED DRUG","Fentanyl 10mcg/ml in NS","SOLUTION","EPIDURAL; INTRAVENOUS","OUTSOURCING FACILITY COMPOUNDED HUMAN DRUG PRODUCT (EXEMPT FROM APPROVAL REQUIREMENTS)","Central Admixture Pharmacy Services, Inc.","FENTANYL CITRATE","10 ug/1 mL","71286-2071-7","1 mL in 1 SYRINGE (71286-2071-7)","2022-1, 2021-2, 2022-2","CII"
"71286-2071","HUMAN COMPOUNDED DRUG","Fentanyl 10mcg/ml in NS","SOLUTION","EPIDURAL; INTRAVENOUS","OUTSOURCING FACILITY COMPOUNDED HUMAN DRUG PRODUCT (EXEMPT FROM APPROVAL REQUIREMENTS)","Central Admixture Pharmacy Services, Inc.","FENTANYL CITRATE","10 ug/1 mL","71286-2071-7","1 mL in 1 SYRINGE (71286-2071-7)","2022-1, 2021-2, 2022-2","CII"
"71286-2071","HUMAN COMPOUNDED DRUG","Fentanyl 10mcg/ml in NS","SOLUTION","EPIDURAL; INTRAVENOUS","OUTSOURCING FACILITY COMPOUNDED HUMAN DRUG PRODUCT (EXEMPT FROM APPROVAL REQUIREMENTS)","Central Admixture Pharmacy Services, Inc.","FENTANYL CITRATE","10 ug/1 mL","71286-2071-7","1 mL in 1 SYRINGE (71286-2071-7)","2022-1, 2021-2, 2022-2","CII"
"71286-2073","HUMAN COMPOUNDED DRUG","Fentanyl 5mcg/ml in NS","SOLUTION","EPIDURAL; INTRAVENOUS","OUTSOURCING FACILITY COMPOUNDED HUMAN DRUG PRODUCT (EXEMPT FROM APPROVAL REQUIREMENTS)","Central Admixture Pharmacy Services, Inc.","FENTANYL CITRATE","5 ug/1 mL","71286-2073-1","250 mL in 1 BAG (71286-2073-1)","2022-1, 2021-2, 2022-2","CII"
"71286-2073","HUMAN COMPOUNDED DRUG","Fentanyl 5mcg/ml in NS","SOLUTION","EPIDURAL; INTRAVENOUS","OUTSOURCING FACILITY COMPOUNDED HUMAN DRUG PRODUCT (EXEMPT FROM APPROVAL REQUIREMENTS)","Central Admixture Pharmacy Services, Inc.","FENTANYL CITRATE","5 ug/1 mL","71286-2073-1","250 mL in 1 BAG (71286-2073-1)","2022-1, 2021-2, 2022-2","CII"
"71286-2073","HUMAN COMPOUNDED DRUG","Fentanyl 5mcg/ml in NS","SOLUTION","EPIDURAL; INTRAVENOUS","OUTSOURCING FACILITY COMPOUNDED HUMAN DRUG PRODUCT (EXEMPT FROM APPROVAL REQUIREMENTS)","Central Admixture Pharmacy Services, Inc.","FENTANYL CITRATE","5 ug/1 mL","71286-2073-1","250 mL in 1 BAG (71286-2073-1)","2022-1, 2021-2, 2022-2","CII"
"71286-2074","HUMAN COMPOUNDED DRUG","Fentanyl 20mcg/ml in NS","SOLUTION","EPIDURAL; INTRAVENOUS","OUTSOURCING FACILITY COMPOUNDED HUMAN DRUG PRODUCT (EXEMPT FROM APPROVAL REQUIREMENTS)","Central Admixture Pharmacy Services, Inc.","FENTANYL CITRATE","20 ug/1 mL","71286-2074-1","250 mL in 1 BAG (71286-2074-1)","2022-1, 2021-2, 2022-2","CII"
"71286-2074","HUMAN COMPOUNDED DRUG","Fentanyl 20mcg/ml in NS","SOLUTION","EPIDURAL; INTRAVENOUS","OUTSOURCING FACILITY COMPOUNDED HUMAN DRUG PRODUCT (EXEMPT FROM APPROVAL REQUIREMENTS)","Central Admixture Pharmacy Services, Inc.","FENTANYL CITRATE","20 ug/1 mL","71286-2074-1","250 mL in 1 BAG (71286-2074-1)","2022-1, 2021-2, 2022-2","CII"
"71286-2074","HUMAN COMPOUNDED DRUG","Fentanyl 20mcg/ml in NS","SOLUTION","EPIDURAL; INTRAVENOUS","OUTSOURCING FACILITY COMPOUNDED HUMAN DRUG PRODUCT (EXEMPT FROM APPROVAL REQUIREMENTS)","Central Admixture Pharmacy Services, Inc.","FENTANYL CITRATE","20 ug/1 mL","71286-2074-1","250 mL in 1 BAG (71286-2074-1)","2022-1, 2021-2, 2022-2","CII"
"71286-2080","HUMAN COMPOUNDED DRUG","Fentanyl 1.5mcg/ml Bupivacaine 0.125% in NS","SOLUTION","EPIDURAL; INTRAVENOUS","OUTSOURCING FACILITY COMPOUNDED HUMAN DRUG PRODUCT (EXEMPT FROM APPROVAL REQUIREMENTS)","Central Admixture Pharmacy Services, Inc.","FENTANYL CITRATE","1.5 ug/1 mL","71286-2080-2","50 mL in 1 SYRINGE (71286-2080-2)","2022-1, 2021-2, 2022-2","CII"
"71286-2080","HUMAN COMPOUNDED DRUG","Fentanyl 1.5mcg/ml Bupivacaine 0.125% in NS","SOLUTION","EPIDURAL; INTRAVENOUS","OUTSOURCING FACILITY COMPOUNDED HUMAN DRUG PRODUCT (EXEMPT FROM APPROVAL REQUIREMENTS)","Central Admixture Pharmacy Services, Inc.","FENTANYL CITRATE","1.5 ug/1 mL","71286-2080-2","50 mL in 1 SYRINGE (71286-2080-2)","2022-1, 2021-2, 2022-2","CII"
"71286-2080","HUMAN COMPOUNDED DRUG","Fentanyl 1.5mcg/ml Bupivacaine 0.125% in NS","SOLUTION","EPIDURAL; INTRAVENOUS","OUTSOURCING FACILITY COMPOUNDED HUMAN DRUG PRODUCT (EXEMPT FROM APPROVAL REQUIREMENTS)","Central Admixture Pharmacy Services, Inc.","FENTANYL CITRATE","1.5 ug/1 mL","71286-2080-2","50 mL in 1 SYRINGE (71286-2080-2)","2022-1, 2021-2, 2022-2","CII"
"71286-2081","HUMAN COMPOUNDED DRUG","Fentanyl 2mcg/ml Bupivacaine 0.0625% in NS","SOLUTION","EPIDURAL; INTRAVENOUS","OUTSOURCING FACILITY COMPOUNDED HUMAN DRUG PRODUCT (EXEMPT FROM APPROVAL REQUIREMENTS)","Central Admixture Pharmacy Services, Inc.","FENTANYL CITRATE","2 ug/1 mL","71286-2081-1","250 mL in 1 BAG (71286-2081-1)","2022-1, 2021-2","CII"
"71286-2081","HUMAN COMPOUNDED DRUG","Fentanyl 2mcg/ml Bupivacaine 0.0625% in NS","SOLUTION","EPIDURAL; INTRAVENOUS","OUTSOURCING FACILITY COMPOUNDED HUMAN DRUG PRODUCT (EXEMPT FROM APPROVAL REQUIREMENTS)","Central Admixture Pharmacy Services, Inc.","FENTANYL CITRATE","2 ug/1 mL","71286-2081-1","250 mL in 1 BAG (71286-2081-1)","2022-1, 2021-2","CII"
"71286-2082","HUMAN COMPOUNDED DRUG","Fentanyl 2mcg/ml Bupivacaine 0.125% in NS","SOLUTION","EPIDURAL; INTRAVENOUS","OUTSOURCING FACILITY COMPOUNDED HUMAN DRUG PRODUCT (EXEMPT FROM APPROVAL REQUIREMENTS)","Central Admixture Pharmacy Services, Inc.","FENTANYL CITRATE","2 ug/1 mL","71286-2082-1","100 mL in 1 BAG (71286-2082-1)","2022-1, 2021-2","CII"
"71286-2082","HUMAN COMPOUNDED DRUG","Fentanyl 2mcg/ml Bupivacaine 0.125% in NS","SOLUTION","EPIDURAL; INTRAVENOUS","OUTSOURCING FACILITY COMPOUNDED HUMAN DRUG PRODUCT (EXEMPT FROM APPROVAL REQUIREMENTS)","Central Admixture Pharmacy Services, Inc.","FENTANYL CITRATE","2 ug/1 mL","71286-2082-1","100 mL in 1 BAG (71286-2082-1)","2022-1, 2021-2","CII"
"71286-2082","HUMAN COMPOUNDED DRUG","Fentanyl 2mcg/ml Bupivacaine 0.125% in NS","SOLUTION","EPIDURAL; INTRAVENOUS","OUTSOURCING FACILITY COMPOUNDED HUMAN DRUG PRODUCT (EXEMPT FROM APPROVAL REQUIREMENTS)","Central Admixture Pharmacy Services, Inc.","FENTANYL CITRATE","2 ug/1 mL","71286-2082-2","250 mL in 1 BAG (71286-2082-2)","2022-1, 2021-2","CII"
"71286-2082","HUMAN COMPOUNDED DRUG","Fentanyl 2mcg/ml Bupivacaine 0.125% in NS","SOLUTION","EPIDURAL; INTRAVENOUS","OUTSOURCING FACILITY COMPOUNDED HUMAN DRUG PRODUCT (EXEMPT FROM APPROVAL REQUIREMENTS)","Central Admixture Pharmacy Services, Inc.","FENTANYL CITRATE","2 ug/1 mL","71286-2082-2","250 mL in 1 BAG (71286-2082-2)","2022-1, 2021-2","CII"
"71286-3020","HUMAN COMPOUNDED DRUG","Ketamine 50mg/ml","SOLUTION","INTRAVENOUS","OUTSOURCING FACILITY COMPOUNDED HUMAN DRUG PRODUCT (EXEMPT FROM APPROVAL REQUIREMENTS)","Central Admixture Pharmacy Services, Inc.","KETAMINE HYDROCHLORIDE","50 mg/1 mL","71286-3020-1","1.2 mL in 1 SYRINGE (71286-3020-1)","2022-1, 2021-2, 2022-2","CIII"
"71286-3020","HUMAN COMPOUNDED DRUG","Ketamine 50mg/ml","SOLUTION","INTRAVENOUS","OUTSOURCING FACILITY COMPOUNDED HUMAN DRUG PRODUCT (EXEMPT FROM APPROVAL REQUIREMENTS)","Central Admixture Pharmacy Services, Inc.","KETAMINE HYDROCHLORIDE","50 mg/1 mL","71286-3020-1","1.2 mL in 1 SYRINGE (71286-3020-1)","2022-1, 2021-2, 2022-2","CIII"
"71286-3020","HUMAN COMPOUNDED DRUG","Ketamine 50mg/ml","SOLUTION","INTRAVENOUS","OUTSOURCING FACILITY COMPOUNDED HUMAN DRUG PRODUCT (EXEMPT FROM APPROVAL REQUIREMENTS)","Central Admixture Pharmacy Services, Inc.","KETAMINE HYDROCHLORIDE","50 mg/1 mL","71286-3020-1","1.2 mL in 1 SYRINGE (71286-3020-1)","2022-1, 2021-2, 2022-2","CIII"
"71286-3022","HUMAN COMPOUNDED DRUG","Ketamine 10mg/ml","SOLUTION","INTRAVENOUS","OUTSOURCING FACILITY COMPOUNDED HUMAN DRUG PRODUCT (EXEMPT FROM APPROVAL REQUIREMENTS)","Central Admixture Pharmacy Services, Inc.","KETAMINE HYDROCHLORIDE","10 mg/1 mL","71286-3022-1","5 mL in 1 SYRINGE (71286-3022-1)","2022-1, 2021-2, 2022-2","CIII"
"71286-3022","HUMAN COMPOUNDED DRUG","Ketamine 10mg/ml","SOLUTION","INTRAVENOUS","OUTSOURCING FACILITY COMPOUNDED HUMAN DRUG PRODUCT (EXEMPT FROM APPROVAL REQUIREMENTS)","Central Admixture Pharmacy Services, Inc.","KETAMINE HYDROCHLORIDE","10 mg/1 mL","71286-3022-1","5 mL in 1 SYRINGE (71286-3022-1)","2022-1, 2021-2, 2022-2","CIII"
"71286-3022","HUMAN COMPOUNDED DRUG","Ketamine 10mg/ml","SOLUTION","INTRAVENOUS","OUTSOURCING FACILITY COMPOUNDED HUMAN DRUG PRODUCT (EXEMPT FROM APPROVAL REQUIREMENTS)","Central Admixture Pharmacy Services, Inc.","KETAMINE HYDROCHLORIDE","10 mg/1 mL","71286-3022-1","5 mL in 1 SYRINGE (71286-3022-1)","2022-1, 2021-2, 2022-2","CIII"
"71286-4035","HUMAN COMPOUNDED DRUG","Midazolam 1mg/ml in NS","SOLUTION","INTRAVENOUS","OUTSOURCING FACILITY COMPOUNDED HUMAN DRUG PRODUCT (EXEMPT FROM APPROVAL REQUIREMENTS)","Central Admixture Pharmacy Services, Inc.","MIDAZOLAM HYDROCHLORIDE","1 mg/1 mL","71286-4035-2","50 mL in 1 BAG (71286-4035-2)","2022-1, 2021-2, 2022-2","CIV"
"71286-4035","HUMAN COMPOUNDED DRUG","Midazolam 1mg/ml in NS","SOLUTION","INTRAVENOUS","OUTSOURCING FACILITY COMPOUNDED HUMAN DRUG PRODUCT (EXEMPT FROM APPROVAL REQUIREMENTS)","Central Admixture Pharmacy Services, Inc.","MIDAZOLAM HYDROCHLORIDE","1 mg/1 mL","71286-4035-2","50 mL in 1 BAG (71286-4035-2)","2022-1, 2021-2, 2022-2","CIV"
"71286-4035","HUMAN COMPOUNDED DRUG","Midazolam 1mg/ml in NS","SOLUTION","INTRAVENOUS","OUTSOURCING FACILITY COMPOUNDED HUMAN DRUG PRODUCT (EXEMPT FROM APPROVAL REQUIREMENTS)","Central Admixture Pharmacy Services, Inc.","MIDAZOLAM HYDROCHLORIDE","1 mg/1 mL","71286-4035-2","50 mL in 1 BAG (71286-4035-2)","2022-1, 2021-2, 2022-2","CIV"
"71286-4035","HUMAN COMPOUNDED DRUG","Midazolam 1mg/ml in NS","SOLUTION","INTRAVENOUS","OUTSOURCING FACILITY COMPOUNDED HUMAN DRUG PRODUCT (EXEMPT FROM APPROVAL REQUIREMENTS)","Central Admixture Pharmacy Services, Inc.","MIDAZOLAM HYDROCHLORIDE","1 mg/1 mL","71286-4035-3","100 mL in 1 BAG (71286-4035-3)","2022-1, 2021-2, 2022-2","CIV"
"71286-4035","HUMAN COMPOUNDED DRUG","Midazolam 1mg/ml in NS","SOLUTION","INTRAVENOUS","OUTSOURCING FACILITY COMPOUNDED HUMAN DRUG PRODUCT (EXEMPT FROM APPROVAL REQUIREMENTS)","Central Admixture Pharmacy Services, Inc.","MIDAZOLAM HYDROCHLORIDE","1 mg/1 mL","71286-4035-3","100 mL in 1 BAG (71286-4035-3)","2022-1, 2021-2, 2022-2","CIV"
"71286-4035","HUMAN COMPOUNDED DRUG","Midazolam 1mg/ml in NS","SOLUTION","INTRAVENOUS","OUTSOURCING FACILITY COMPOUNDED HUMAN DRUG PRODUCT (EXEMPT FROM APPROVAL REQUIREMENTS)","Central Admixture Pharmacy Services, Inc.","MIDAZOLAM HYDROCHLORIDE","1 mg/1 mL","71286-4035-3","100 mL in 1 BAG (71286-4035-3)","2022-1, 2021-2, 2022-2","CIV"
"71286-4035","HUMAN COMPOUNDED DRUG","Midazolam 1mg/ml in NS","SOLUTION","INTRAVENOUS","OUTSOURCING FACILITY COMPOUNDED HUMAN DRUG PRODUCT (EXEMPT FROM APPROVAL REQUIREMENTS)","Central Admixture Pharmacy Services, Inc.","MIDAZOLAM HYDROCHLORIDE","1 mg/1 mL","71286-4035-5","125 mL in 1 BAG (71286-4035-5)","2022-1, 2021-2","CIV"
"71286-4035","HUMAN COMPOUNDED DRUG","Midazolam 1mg/ml in NS","SOLUTION","INTRAVENOUS","OUTSOURCING FACILITY COMPOUNDED HUMAN DRUG PRODUCT (EXEMPT FROM APPROVAL REQUIREMENTS)","Central Admixture Pharmacy Services, Inc.","MIDAZOLAM HYDROCHLORIDE","1 mg/1 mL","71286-4035-5","125 mL in 1 BAG (71286-4035-5)","2022-1, 2021-2","CIV"
"71286-4036","HUMAN COMPOUNDED DRUG","Midazolam 1mg/ml in D5W","SOLUTION","INTRAVENOUS","OUTSOURCING FACILITY COMPOUNDED HUMAN DRUG PRODUCT (EXEMPT FROM APPROVAL REQUIREMENTS)","Central Admixture Pharmacy Services, Inc.","MIDAZOLAM HYDROCHLORIDE","1 mg/1 mL","71286-4036-1","50 mL in 1 SYRINGE (71286-4036-1)","2022-1, 2021-2, 2022-2","CIV"
"71286-4036","HUMAN COMPOUNDED DRUG","Midazolam 1mg/ml in D5W","SOLUTION","INTRAVENOUS","OUTSOURCING FACILITY COMPOUNDED HUMAN DRUG PRODUCT (EXEMPT FROM APPROVAL REQUIREMENTS)","Central Admixture Pharmacy Services, Inc.","MIDAZOLAM HYDROCHLORIDE","1 mg/1 mL","71286-4036-1","50 mL in 1 SYRINGE (71286-4036-1)","2022-1, 2021-2, 2022-2","CIV"
"71286-4036","HUMAN COMPOUNDED DRUG","Midazolam 1mg/ml in D5W","SOLUTION","INTRAVENOUS","OUTSOURCING FACILITY COMPOUNDED HUMAN DRUG PRODUCT (EXEMPT FROM APPROVAL REQUIREMENTS)","Central Admixture Pharmacy Services, Inc.","MIDAZOLAM HYDROCHLORIDE","1 mg/1 mL","71286-4036-1","50 mL in 1 SYRINGE (71286-4036-1)","2022-1, 2021-2, 2022-2","CIV"
"71286-6000","HUMAN COMPOUNDED DRUG","Atropine 0.4mg/ml","SOLUTION","INTRAVENOUS","OUTSOURCING FACILITY COMPOUNDED HUMAN DRUG PRODUCT (EXEMPT FROM APPROVAL REQUIREMENTS)","Central Admixture Pharmacy Services, Inc.","ATROPINE SULFATE",".4 mg/1 mL","71286-6000-3","2.5 mL in 1 SYRINGE (71286-6000-3)","2021-2",""
"71286-6003","HUMAN COMPOUNDED DRUG","Ephedrine 5mg/ml in NS","SOLUTION","INTRAVENOUS","OUTSOURCING FACILITY COMPOUNDED HUMAN DRUG PRODUCT (EXEMPT FROM APPROVAL REQUIREMENTS)","Central Admixture Pharmacy Services, Inc.","EPHEDRINE SULFATE","5 mg/1 mL","71286-6003-1","5 mL in 1 SYRINGE (71286-6003-1)","2022-1, 2021-2, 2022-2",""
"71286-6003","HUMAN COMPOUNDED DRUG","Ephedrine 5mg/ml in NS","SOLUTION","INTRAVENOUS","OUTSOURCING FACILITY COMPOUNDED HUMAN DRUG PRODUCT (EXEMPT FROM APPROVAL REQUIREMENTS)","Central Admixture Pharmacy Services, Inc.","EPHEDRINE SULFATE","5 mg/1 mL","71286-6003-1","5 mL in 1 SYRINGE (71286-6003-1)","2022-1, 2021-2, 2022-2",""
"71286-6003","HUMAN COMPOUNDED DRUG","Ephedrine 5mg/ml in NS","SOLUTION","INTRAVENOUS","OUTSOURCING FACILITY COMPOUNDED HUMAN DRUG PRODUCT (EXEMPT FROM APPROVAL REQUIREMENTS)","Central Admixture Pharmacy Services, Inc.","EPHEDRINE SULFATE","5 mg/1 mL","71286-6003-1","5 mL in 1 SYRINGE (71286-6003-1)","2022-1, 2021-2, 2022-2",""
"71286-6003","HUMAN COMPOUNDED DRUG","Ephedrine 5mg/ml in NS","SOLUTION","INTRAVENOUS","OUTSOURCING FACILITY COMPOUNDED HUMAN DRUG PRODUCT (EXEMPT FROM APPROVAL REQUIREMENTS)","Central Admixture Pharmacy Services, Inc.","EPHEDRINE SULFATE","5 mg/1 mL","71286-6003-2","10 mL in 1 SYRINGE (71286-6003-2)","2022-1, 2021-2, 2022-2",""
"71286-6003","HUMAN COMPOUNDED DRUG","Ephedrine 5mg/ml in NS","SOLUTION","INTRAVENOUS","OUTSOURCING FACILITY COMPOUNDED HUMAN DRUG PRODUCT (EXEMPT FROM APPROVAL REQUIREMENTS)","Central Admixture Pharmacy Services, Inc.","EPHEDRINE SULFATE","5 mg/1 mL","71286-6003-2","10 mL in 1 SYRINGE (71286-6003-2)","2022-1, 2021-2, 2022-2",""
"71286-6003","HUMAN COMPOUNDED DRUG","Ephedrine 5mg/ml in NS","SOLUTION","INTRAVENOUS","OUTSOURCING FACILITY COMPOUNDED HUMAN DRUG PRODUCT (EXEMPT FROM APPROVAL REQUIREMENTS)","Central Admixture Pharmacy Services, Inc.","EPHEDRINE SULFATE","5 mg/1 mL","71286-6003-2","10 mL in 1 SYRINGE (71286-6003-2)","2022-1, 2021-2, 2022-2",""
"71286-6004","HUMAN COMPOUNDED DRUG","Ephedrine 10mg/ml in NS","SOLUTION","INTRAVENOUS","OUTSOURCING FACILITY COMPOUNDED HUMAN DRUG PRODUCT (EXEMPT FROM APPROVAL REQUIREMENTS)","Central Admixture Pharmacy Services, Inc.","EPHEDRINE SULFATE","10 mg/1 mL","71286-6004-1","5 mL in 1 SYRINGE (71286-6004-1)","2022-1, 2021-2, 2022-2",""
"71286-6004","HUMAN COMPOUNDED DRUG","Ephedrine 10mg/ml in NS","SOLUTION","INTRAVENOUS","OUTSOURCING FACILITY COMPOUNDED HUMAN DRUG PRODUCT (EXEMPT FROM APPROVAL REQUIREMENTS)","Central Admixture Pharmacy Services, Inc.","EPHEDRINE SULFATE","10 mg/1 mL","71286-6004-1","5 mL in 1 SYRINGE (71286-6004-1)","2022-1, 2021-2, 2022-2",""
"71286-6004","HUMAN COMPOUNDED DRUG","Ephedrine 10mg/ml in NS","SOLUTION","INTRAVENOUS","OUTSOURCING FACILITY COMPOUNDED HUMAN DRUG PRODUCT (EXEMPT FROM APPROVAL REQUIREMENTS)","Central Admixture Pharmacy Services, Inc.","EPHEDRINE SULFATE","10 mg/1 mL","71286-6004-1","5 mL in 1 SYRINGE (71286-6004-1)","2022-1, 2021-2, 2022-2",""
"71286-6006","HUMAN COMPOUNDED DRUG","Lidocaine 2%","SOLUTION","INTRAVENOUS","OUTSOURCING FACILITY COMPOUNDED HUMAN DRUG PRODUCT (EXEMPT FROM APPROVAL REQUIREMENTS)","Central Admixture Pharmacy Services, Inc.","LIDOCAINE HYDROCHLORIDE","20 mg/1 mL","71286-6006-1","5 mL in 1 SYRINGE (71286-6006-1)","2022-1, 2021-2, 2022-2",""
"71286-6006","HUMAN COMPOUNDED DRUG","Lidocaine 2%","SOLUTION","INTRAVENOUS","OUTSOURCING FACILITY COMPOUNDED HUMAN DRUG PRODUCT (EXEMPT FROM APPROVAL REQUIREMENTS)","Central Admixture Pharmacy Services, Inc.","LIDOCAINE HYDROCHLORIDE","20 mg/1 mL","71286-6006-1","5 mL in 1 SYRINGE (71286-6006-1)","2022-1, 2021-2, 2022-2",""
"71286-6006","HUMAN COMPOUNDED DRUG","Lidocaine 2%","SOLUTION","INTRAVENOUS","OUTSOURCING FACILITY COMPOUNDED HUMAN DRUG PRODUCT (EXEMPT FROM APPROVAL REQUIREMENTS)","Central Admixture Pharmacy Services, Inc.","LIDOCAINE HYDROCHLORIDE","20 mg/1 mL","71286-6006-1","5 mL in 1 SYRINGE (71286-6006-1)","2022-1, 2021-2, 2022-2",""
"71286-6007","HUMAN COMPOUNDED DRUG","Phenylephrine 40mcg/ml in NS","SOLUTION","INTRAVENOUS","OUTSOURCING FACILITY COMPOUNDED HUMAN DRUG PRODUCT (EXEMPT FROM APPROVAL REQUIREMENTS)","Central Admixture Pharmacy Services, Inc.","PHENYLEPHRINE HYDROCHLORIDE","40 ug/1 mL","71286-6007-1","10 mL in 1 SYRINGE (71286-6007-1)","2022-1, 2021-2, 2022-2",""
"71286-6007","HUMAN COMPOUNDED DRUG","Phenylephrine 40mcg/ml in NS","SOLUTION","INTRAVENOUS","OUTSOURCING FACILITY COMPOUNDED HUMAN DRUG PRODUCT (EXEMPT FROM APPROVAL REQUIREMENTS)","Central Admixture Pharmacy Services, Inc.","PHENYLEPHRINE HYDROCHLORIDE","40 ug/1 mL","71286-6007-1","10 mL in 1 SYRINGE (71286-6007-1)","2022-1, 2021-2, 2022-2",""
"71286-6007","HUMAN COMPOUNDED DRUG","Phenylephrine 40mcg/ml in NS","SOLUTION","INTRAVENOUS","OUTSOURCING FACILITY COMPOUNDED HUMAN DRUG PRODUCT (EXEMPT FROM APPROVAL REQUIREMENTS)","Central Admixture Pharmacy Services, Inc.","PHENYLEPHRINE HYDROCHLORIDE","40 ug/1 mL","71286-6007-1","10 mL in 1 SYRINGE (71286-6007-1)","2022-1, 2021-2, 2022-2",""
"71286-6008","HUMAN COMPOUNDED DRUG","Phenylephrine 80mcg/ml in NS","SOLUTION","INTRAVENOUS","OUTSOURCING FACILITY COMPOUNDED HUMAN DRUG PRODUCT (EXEMPT FROM APPROVAL REQUIREMENTS)","Central Admixture Pharmacy Services, Inc.","PHENYLEPHRINE HYDROCHLORIDE","80 ug/1 mL","71286-6008-1","10 mL in 1 SYRINGE (71286-6008-1)","2021-2, 2022-1, 2022-2",""
"71286-6008","HUMAN COMPOUNDED DRUG","Phenylephrine 80mcg/ml in NS","SOLUTION","INTRAVENOUS","OUTSOURCING FACILITY COMPOUNDED HUMAN DRUG PRODUCT (EXEMPT FROM APPROVAL REQUIREMENTS)","Central Admixture Pharmacy Services, Inc.","PHENYLEPHRINE HYDROCHLORIDE","80 ug/1 mL","71286-6008-1","10 mL in 1 SYRINGE (71286-6008-1)","2021-2, 2022-1, 2022-2",""
"71286-6008","HUMAN COMPOUNDED DRUG","Phenylephrine 80mcg/ml in NS","SOLUTION","INTRAVENOUS","OUTSOURCING FACILITY COMPOUNDED HUMAN DRUG PRODUCT (EXEMPT FROM APPROVAL REQUIREMENTS)","Central Admixture Pharmacy Services, Inc.","PHENYLEPHRINE HYDROCHLORIDE","80 ug/1 mL","71286-6008-1","10 mL in 1 SYRINGE (71286-6008-1)","2021-2, 2022-1, 2022-2",""
"71286-6009","HUMAN COMPOUNDED DRUG","Phenylephrine 100mcg/ml in NS","SOLUTION","INTRAVENOUS","OUTSOURCING FACILITY COMPOUNDED HUMAN DRUG PRODUCT (EXEMPT FROM APPROVAL REQUIREMENTS)","Central Admixture Pharmacy Services, Inc.","PHENYLEPHRINE HYDROCHLORIDE","100 ug/1 mL","71286-6009-1","10 mL in 1 SYRINGE (71286-6009-1)","2022-1, 2021-2, 2022-2",""
"71286-6009","HUMAN COMPOUNDED DRUG","Phenylephrine 100mcg/ml in NS","SOLUTION","INTRAVENOUS","OUTSOURCING FACILITY COMPOUNDED HUMAN DRUG PRODUCT (EXEMPT FROM APPROVAL REQUIREMENTS)","Central Admixture Pharmacy Services, Inc.","PHENYLEPHRINE HYDROCHLORIDE","100 ug/1 mL","71286-6009-1","10 mL in 1 SYRINGE (71286-6009-1)","2022-1, 2021-2, 2022-2",""
"71286-6009","HUMAN COMPOUNDED DRUG","Phenylephrine 100mcg/ml in NS","SOLUTION","INTRAVENOUS","OUTSOURCING FACILITY COMPOUNDED HUMAN DRUG PRODUCT (EXEMPT FROM APPROVAL REQUIREMENTS)","Central Admixture Pharmacy Services, Inc.","PHENYLEPHRINE HYDROCHLORIDE","100 ug/1 mL","71286-6009-1","10 mL in 1 SYRINGE (71286-6009-1)","2022-1, 2021-2, 2022-2",""
"71286-6010","HUMAN COMPOUNDED DRUG","Rocuronium 10mg/ml","SOLUTION","INTRAVENOUS","OUTSOURCING FACILITY COMPOUNDED HUMAN DRUG PRODUCT (EXEMPT FROM APPROVAL REQUIREMENTS)","Central Admixture Pharmacy Services, Inc.","ROCURONIUM BROMIDE","10 mg/1 mL","71286-6010-1","5 mL in 1 SYRINGE (71286-6010-1)","2022-1, 2021-2, 2022-2",""
"71286-6010","HUMAN COMPOUNDED DRUG","Rocuronium 10mg/ml","SOLUTION","INTRAVENOUS","OUTSOURCING FACILITY COMPOUNDED HUMAN DRUG PRODUCT (EXEMPT FROM APPROVAL REQUIREMENTS)","Central Admixture Pharmacy Services, Inc.","ROCURONIUM BROMIDE","10 mg/1 mL","71286-6010-1","5 mL in 1 SYRINGE (71286-6010-1)","2022-1, 2021-2, 2022-2",""
"71286-6010","HUMAN COMPOUNDED DRUG","Rocuronium 10mg/ml","SOLUTION","INTRAVENOUS","OUTSOURCING FACILITY COMPOUNDED HUMAN DRUG PRODUCT (EXEMPT FROM APPROVAL REQUIREMENTS)","Central Admixture Pharmacy Services, Inc.","ROCURONIUM BROMIDE","10 mg/1 mL","71286-6010-1","5 mL in 1 SYRINGE (71286-6010-1)","2022-1, 2021-2, 2022-2",""
"71286-6011","HUMAN COMPOUNDED DRUG","Succinylcholine 20mg/ml","SOLUTION","INTRAVENOUS","OUTSOURCING FACILITY COMPOUNDED HUMAN DRUG PRODUCT (EXEMPT FROM APPROVAL REQUIREMENTS)","Central Admixture Pharmacy Services, Inc.","SUCCINYLCHOLINE CHLORIDE","20 mg/1 mL","71286-6011-1","5 mL in 1 SYRINGE (71286-6011-1)","2022-1, 2021-2, 2022-2",""
"71286-6011","HUMAN COMPOUNDED DRUG","Succinylcholine 20mg/ml","SOLUTION","INTRAVENOUS","OUTSOURCING FACILITY COMPOUNDED HUMAN DRUG PRODUCT (EXEMPT FROM APPROVAL REQUIREMENTS)","Central Admixture Pharmacy Services, Inc.","SUCCINYLCHOLINE CHLORIDE","20 mg/1 mL","71286-6011-1","5 mL in 1 SYRINGE (71286-6011-1)","2022-1, 2021-2, 2022-2",""
"71286-6011","HUMAN COMPOUNDED DRUG","Succinylcholine 20mg/ml","SOLUTION","INTRAVENOUS","OUTSOURCING FACILITY COMPOUNDED HUMAN DRUG PRODUCT (EXEMPT FROM APPROVAL REQUIREMENTS)","Central Admixture Pharmacy Services, Inc.","SUCCINYLCHOLINE CHLORIDE","20 mg/1 mL","71286-6011-1","5 mL in 1 SYRINGE (71286-6011-1)","2022-1, 2021-2, 2022-2",""
"71286-6011","HUMAN COMPOUNDED DRUG","Succinylcholine 20mg/ml","SOLUTION","INTRAVENOUS","OUTSOURCING FACILITY COMPOUNDED HUMAN DRUG PRODUCT (EXEMPT FROM APPROVAL REQUIREMENTS)","Central Admixture Pharmacy Services, Inc.","SUCCINYLCHOLINE CHLORIDE","20 mg/1 mL","71286-6011-2","10 mL in 1 SYRINGE (71286-6011-2)","2022-1, 2021-2, 2022-2",""
"71286-6011","HUMAN COMPOUNDED DRUG","Succinylcholine 20mg/ml","SOLUTION","INTRAVENOUS","OUTSOURCING FACILITY COMPOUNDED HUMAN DRUG PRODUCT (EXEMPT FROM APPROVAL REQUIREMENTS)","Central Admixture Pharmacy Services, Inc.","SUCCINYLCHOLINE CHLORIDE","20 mg/1 mL","71286-6011-2","10 mL in 1 SYRINGE (71286-6011-2)","2022-1, 2021-2, 2022-2",""
"71286-6011","HUMAN COMPOUNDED DRUG","Succinylcholine 20mg/ml","SOLUTION","INTRAVENOUS","OUTSOURCING FACILITY COMPOUNDED HUMAN DRUG PRODUCT (EXEMPT FROM APPROVAL REQUIREMENTS)","Central Admixture Pharmacy Services, Inc.","SUCCINYLCHOLINE CHLORIDE","20 mg/1 mL","71286-6011-2","10 mL in 1 SYRINGE (71286-6011-2)","2022-1, 2021-2, 2022-2",""
"71286-6012","HUMAN COMPOUNDED DRUG","Vercuronium 1mg/ml in SWFI","SOLUTION","INTRAVENOUS","OUTSOURCING FACILITY COMPOUNDED HUMAN DRUG PRODUCT (EXEMPT FROM APPROVAL REQUIREMENTS)","Central Admixture Pharmacy Services, Inc.","VECURONIUM BROMIDE","1 mg/1 mL","71286-6012-1","10 mL in 1 SYRINGE (71286-6012-1)","2021-2, 2022-1, 2022-2",""
"71286-6012","HUMAN COMPOUNDED DRUG","Vercuronium 1mg/ml in SWFI","SOLUTION","INTRAVENOUS","OUTSOURCING FACILITY COMPOUNDED HUMAN DRUG PRODUCT (EXEMPT FROM APPROVAL REQUIREMENTS)","Central Admixture Pharmacy Services, Inc.","VECURONIUM BROMIDE","1 mg/1 mL","71286-6012-1","10 mL in 1 SYRINGE (71286-6012-1)","2021-2, 2022-1, 2022-2",""
"71286-6012","HUMAN COMPOUNDED DRUG","Vercuronium 1mg/ml in SWFI","SOLUTION","INTRAVENOUS","OUTSOURCING FACILITY COMPOUNDED HUMAN DRUG PRODUCT (EXEMPT FROM APPROVAL REQUIREMENTS)","Central Admixture Pharmacy Services, Inc.","VECURONIUM BROMIDE","1 mg/1 mL","71286-6012-1","10 mL in 1 SYRINGE (71286-6012-1)","2021-2, 2022-1, 2022-2",""
"71286-6065","HUMAN COMPOUNDED DRUG","Neostigmine 1mg/ml","SOLUTION","INTRAVENOUS","OUTSOURCING FACILITY COMPOUNDED HUMAN DRUG PRODUCT (EXEMPT FROM APPROVAL REQUIREMENTS)","Central Admixture Pharmacy Services, Inc.","NEOSTIGMINE METHYLSULFATE","1 mg/1 mL","71286-6065-1","5 mL in 1 SYRINGE (71286-6065-1)","2021-2, 2022-1, 2022-2",""
"71286-6065","HUMAN COMPOUNDED DRUG","Neostigmine 1mg/ml","SOLUTION","INTRAVENOUS","OUTSOURCING FACILITY COMPOUNDED HUMAN DRUG PRODUCT (EXEMPT FROM APPROVAL REQUIREMENTS)","Central Admixture Pharmacy Services, Inc.","NEOSTIGMINE METHYLSULFATE","1 mg/1 mL","71286-6065-1","5 mL in 1 SYRINGE (71286-6065-1)","2021-2, 2022-1, 2022-2",""
"71286-6065","HUMAN COMPOUNDED DRUG","Neostigmine 1mg/ml","SOLUTION","INTRAVENOUS","OUTSOURCING FACILITY COMPOUNDED HUMAN DRUG PRODUCT (EXEMPT FROM APPROVAL REQUIREMENTS)","Central Admixture Pharmacy Services, Inc.","NEOSTIGMINE METHYLSULFATE","1 mg/1 mL","71286-6065-1","5 mL in 1 SYRINGE (71286-6065-1)","2021-2, 2022-1, 2022-2",""
"71286-6084","HUMAN COMPOUNDED DRUG","Glycopyrrolate 0.2mg/ml","SOLUTION","INTRAVENOUS","OUTSOURCING FACILITY COMPOUNDED HUMAN DRUG PRODUCT (EXEMPT FROM APPROVAL REQUIREMENTS)","Central Admixture Pharmacy Services, Inc.","GLYCOPYRROLATE",".2 mg/1 mL","71286-6084-1","5 mL in 1 SYRINGE (71286-6084-1)","2022-1, 2021-2, 2022-2",""
"71286-6084","HUMAN COMPOUNDED DRUG","Glycopyrrolate 0.2mg/ml","SOLUTION","INTRAVENOUS","OUTSOURCING FACILITY COMPOUNDED HUMAN DRUG PRODUCT (EXEMPT FROM APPROVAL REQUIREMENTS)","Central Admixture Pharmacy Services, Inc.","GLYCOPYRROLATE",".2 mg/1 mL","71286-6084-1","5 mL in 1 SYRINGE (71286-6084-1)","2022-1, 2021-2, 2022-2",""
"71286-6084","HUMAN COMPOUNDED DRUG","Glycopyrrolate 0.2mg/ml","SOLUTION","INTRAVENOUS","OUTSOURCING FACILITY COMPOUNDED HUMAN DRUG PRODUCT (EXEMPT FROM APPROVAL REQUIREMENTS)","Central Admixture Pharmacy Services, Inc.","GLYCOPYRROLATE",".2 mg/1 mL","71286-6084-1","5 mL in 1 SYRINGE (71286-6084-1)","2022-1, 2021-2, 2022-2",""
"72196-0002","HUMAN COMPOUNDED DRUG","Warm Induction 4 to1 High K (40mEq) 500ml","SOLUTION","INTRACORONARY","OUTSOURCING FACILITY COMPOUNDED HUMAN DRUG PRODUCT (EXEMPT FROM APPROVAL REQUIREMENTS)","Central Admixture Pharmacy Services, Inc.","POTASSIUM CHLORIDE; ASPARTIC ACID; TROMETHAMINE; GLUTAMIC ACID; DEXTROSE MONOHYDRATE; TRISODIUM CITRATE DIHYDRATE; SODIUM PHOSPHATE, MONOBASIC, MONOHYDRATE; ANHYDROUS DEXTROSE; CITRIC ACID MONOHYDRATE","40 meq/500 mL; 4.9 g/500 mL; 4.05 g/500 mL; 5.35 g/500 mL; 12.6 g/500 mL; 29.5875 g/500 mL; 2.4975 g/500 mL; 52.2 g/500 mL; 3.67875 g/500 mL","72196-0002-1","500 mL in 1 BAG (72196-0002-1)","2021-2, 2022-2, 2022-1",""
"72196-0002","HUMAN COMPOUNDED DRUG","Warm Induction 4 to1 High K (40mEq) 500ml","SOLUTION","INTRACORONARY","OUTSOURCING FACILITY COMPOUNDED HUMAN DRUG PRODUCT (EXEMPT FROM APPROVAL REQUIREMENTS)","Central Admixture Pharmacy Services, Inc.","POTASSIUM CHLORIDE; ASPARTIC ACID; TROMETHAMINE; GLUTAMIC ACID; DEXTROSE MONOHYDRATE; TRISODIUM CITRATE DIHYDRATE; SODIUM PHOSPHATE, MONOBASIC, MONOHYDRATE; ANHYDROUS DEXTROSE; CITRIC ACID MONOHYDRATE","40 meq/500 mL; 4.9 g/500 mL; 4.05 g/500 mL; 5.35 g/500 mL; 12.6 g/500 mL; 29.5875 g/500 mL; 2.4975 g/500 mL; 52.2 g/500 mL; 3.67875 g/500 mL","72196-0002-1","500 mL in 1 BAG (72196-0002-1)","2021-2, 2022-2, 2022-1",""
"72196-0002","HUMAN COMPOUNDED DRUG","Warm Induction 4 to1 High K (40mEq) 500ml","SOLUTION","INTRACORONARY","OUTSOURCING FACILITY COMPOUNDED HUMAN DRUG PRODUCT (EXEMPT FROM APPROVAL REQUIREMENTS)","Central Admixture Pharmacy Services, Inc.","POTASSIUM CHLORIDE; ASPARTIC ACID; TROMETHAMINE; GLUTAMIC ACID; DEXTROSE MONOHYDRATE; TRISODIUM CITRATE DIHYDRATE; SODIUM PHOSPHATE, MONOBASIC, MONOHYDRATE; ANHYDROUS DEXTROSE; CITRIC ACID MONOHYDRATE","40 meq/500 mL; 4.9 g/500 mL; 4.05 g/500 mL; 5.35 g/500 mL; 12.6 g/500 mL; 29.5875 g/500 mL; 2.4975 g/500 mL; 52.2 g/500 mL; 3.67875 g/500 mL","72196-0002-1","500 mL in 1 BAG (72196-0002-1)","2021-2, 2022-2, 2022-1",""
"72196-0003","HUMAN COMPOUNDED DRUG","Warm Induction 4 to1 High K (80 mEq) 1000ml Bag","SOLUTION","INTRACORONARY","OUTSOURCING FACILITY COMPOUNDED HUMAN DRUG PRODUCT (EXEMPT FROM APPROVAL REQUIREMENTS)","Central Admixture Pharmacy Services, Inc.","DEXTROSE MONOHYDRATE; POTASSIUM CHLORIDE; ASPARTIC ACID; TRISODIUM CITRATE DIHYDRATE; SODIUM PHOSPHATE, MONOBASIC, MONOHYDRATE; ANHYDROUS DEXTROSE; CITRIC ACID MONOHYDRATE; TROMETHAMINE; GLUTAMIC ACID","25.27 g/1000 mL; 80 meq/1000 mL; 9.8 g/1000 mL; 59.175 g/1000 mL; 4.995 g/1000 mL; 104.4 g/1000 mL; 7.3575 g/1000 mL; 8.1 g/1000 mL; 10.7 g/1000 mL","72196-0003-1","1000 mL in 1 BAG (72196-0003-1)","2021-2, 2022-2, 2022-1",""
"72196-0003","HUMAN COMPOUNDED DRUG","Warm Induction 4 to1 High K (80 mEq) 1000ml Bag","SOLUTION","INTRACORONARY","OUTSOURCING FACILITY COMPOUNDED HUMAN DRUG PRODUCT (EXEMPT FROM APPROVAL REQUIREMENTS)","Central Admixture Pharmacy Services, Inc.","DEXTROSE MONOHYDRATE; POTASSIUM CHLORIDE; ASPARTIC ACID; TRISODIUM CITRATE DIHYDRATE; SODIUM PHOSPHATE, MONOBASIC, MONOHYDRATE; ANHYDROUS DEXTROSE; CITRIC ACID MONOHYDRATE; TROMETHAMINE; GLUTAMIC ACID","25.27 g/1000 mL; 80 meq/1000 mL; 9.8 g/1000 mL; 59.175 g/1000 mL; 4.995 g/1000 mL; 104.4 g/1000 mL; 7.3575 g/1000 mL; 8.1 g/1000 mL; 10.7 g/1000 mL","72196-0003-1","1000 mL in 1 BAG (72196-0003-1)","2021-2, 2022-2, 2022-1",""
"72196-0003","HUMAN COMPOUNDED DRUG","Warm Induction 4 to1 High K (80 mEq) 1000ml Bag","SOLUTION","INTRACORONARY","OUTSOURCING FACILITY COMPOUNDED HUMAN DRUG PRODUCT (EXEMPT FROM APPROVAL REQUIREMENTS)","Central Admixture Pharmacy Services, Inc.","DEXTROSE MONOHYDRATE; POTASSIUM CHLORIDE; ASPARTIC ACID; TRISODIUM CITRATE DIHYDRATE; SODIUM PHOSPHATE, MONOBASIC, MONOHYDRATE; ANHYDROUS DEXTROSE; CITRIC ACID MONOHYDRATE; TROMETHAMINE; GLUTAMIC ACID","25.27 g/1000 mL; 80 meq/1000 mL; 9.8 g/1000 mL; 59.175 g/1000 mL; 4.995 g/1000 mL; 104.4 g/1000 mL; 7.3575 g/1000 mL; 8.1 g/1000 mL; 10.7 g/1000 mL","72196-0003-1","1000 mL in 1 BAG (72196-0003-1)","2021-2, 2022-2, 2022-1",""
"72196-0005","HUMAN COMPOUNDED DRUG","Reperfusate 4 to1 NO K 238.75ml Bag","SOLUTION","INTRACORONARY","OUTSOURCING FACILITY COMPOUNDED HUMAN DRUG PRODUCT (EXEMPT FROM APPROVAL REQUIREMENTS)","Central Admixture Pharmacy Services, Inc.","ASPARTIC ACID; TROMETHAMINE; GLUTAMIC ACID; DEXTROSE MONOHYDRATE; TRISODIUM CITRATE DIHYDRATE; ANHYDROUS DEXTROSE; CITRIC ACID MONOHYDRATE; SODIUM PHOSPHATE, MONOBASIC, MONOHYDRATE","2.45392 g/238.75 mL; 2.0268 g/238.75 mL; 2.67928 g/238.75 mL; 6.09 g/238.75 mL; 14.8069 g/238.75 mL; 26.1232 g/238.75 mL; 1.84101 g/238.75 mL; 1.24986 g/238.75 mL","72196-0005-1","238.75 mL in 1 BAG (72196-0005-1)","2021-2, 2022-2, 2022-1",""
"72196-0005","HUMAN COMPOUNDED DRUG","Reperfusate 4 to1 NO K 238.75ml Bag","SOLUTION","INTRACORONARY","OUTSOURCING FACILITY COMPOUNDED HUMAN DRUG PRODUCT (EXEMPT FROM APPROVAL REQUIREMENTS)","Central Admixture Pharmacy Services, Inc.","ASPARTIC ACID; TROMETHAMINE; GLUTAMIC ACID; DEXTROSE MONOHYDRATE; TRISODIUM CITRATE DIHYDRATE; ANHYDROUS DEXTROSE; CITRIC ACID MONOHYDRATE; SODIUM PHOSPHATE, MONOBASIC, MONOHYDRATE","2.45392 g/238.75 mL; 2.0268 g/238.75 mL; 2.67928 g/238.75 mL; 6.09 g/238.75 mL; 14.8069 g/238.75 mL; 26.1232 g/238.75 mL; 1.84101 g/238.75 mL; 1.24986 g/238.75 mL","72196-0005-1","238.75 mL in 1 BAG (72196-0005-1)","2021-2, 2022-2, 2022-1",""
"72196-0005","HUMAN COMPOUNDED DRUG","Reperfusate 4 to1 NO K 238.75ml Bag","SOLUTION","INTRACORONARY","OUTSOURCING FACILITY COMPOUNDED HUMAN DRUG PRODUCT (EXEMPT FROM APPROVAL REQUIREMENTS)","Central Admixture Pharmacy Services, Inc.","ASPARTIC ACID; TROMETHAMINE; GLUTAMIC ACID; DEXTROSE MONOHYDRATE; TRISODIUM CITRATE DIHYDRATE; ANHYDROUS DEXTROSE; CITRIC ACID MONOHYDRATE; SODIUM PHOSPHATE, MONOBASIC, MONOHYDRATE","2.45392 g/238.75 mL; 2.0268 g/238.75 mL; 2.67928 g/238.75 mL; 6.09 g/238.75 mL; 14.8069 g/238.75 mL; 26.1232 g/238.75 mL; 1.84101 g/238.75 mL; 1.24986 g/238.75 mL","72196-0005-1","238.75 mL in 1 BAG (72196-0005-1)","2021-2, 2022-2, 2022-1",""
"72196-0008","HUMAN COMPOUNDED DRUG","Reperfusate 4 to 1 Low K (15 mEq) 477.5ml Bag","SOLUTION","INTRACORONARY","OUTSOURCING FACILITY COMPOUNDED HUMAN DRUG PRODUCT (EXEMPT FROM APPROVAL REQUIREMENTS)","Central Admixture Pharmacy Services, Inc.","POTASSIUM CHLORIDE; ASPARTIC ACID; TROMETHAMINE; GLUTAMIC ACID; DEXTROSE MONOHYDRATE; CITRIC ACID MONOHYDRATE; SODIUM PHOSPHATE, MONOBASIC, MONOHYDRATE; ANHYDROUS DEXTROSE; TRISODIUM CITRATE DIHYDRATE","15 meq/477.5 mL; 4.9 g/477.5 mL; 4.05 g/477.5 mL; 5.35 g/477.5 mL; 12.11 g/477.5 mL; 3.67875 g/477.5 mL; 2.4975 g/477.5 mL; 52.2 g/477.5 mL; 29.5875 g/477.5 mL","72196-0008-1","477.5 mL in 1 BAG (72196-0008-1)","2021-2, 2022-2, 2022-1",""
"72196-0008","HUMAN COMPOUNDED DRUG","Reperfusate 4 to 1 Low K (15 mEq) 477.5ml Bag","SOLUTION","INTRACORONARY","OUTSOURCING FACILITY COMPOUNDED HUMAN DRUG PRODUCT (EXEMPT FROM APPROVAL REQUIREMENTS)","Central Admixture Pharmacy Services, Inc.","POTASSIUM CHLORIDE; ASPARTIC ACID; TROMETHAMINE; GLUTAMIC ACID; DEXTROSE MONOHYDRATE; CITRIC ACID MONOHYDRATE; SODIUM PHOSPHATE, MONOBASIC, MONOHYDRATE; ANHYDROUS DEXTROSE; TRISODIUM CITRATE DIHYDRATE","15 meq/477.5 mL; 4.9 g/477.5 mL; 4.05 g/477.5 mL; 5.35 g/477.5 mL; 12.11 g/477.5 mL; 3.67875 g/477.5 mL; 2.4975 g/477.5 mL; 52.2 g/477.5 mL; 29.5875 g/477.5 mL","72196-0008-1","477.5 mL in 1 BAG (72196-0008-1)","2021-2, 2022-2, 2022-1",""
"72196-0008","HUMAN COMPOUNDED DRUG","Reperfusate 4 to 1 Low K (15 mEq) 477.5ml Bag","SOLUTION","INTRACORONARY","OUTSOURCING FACILITY COMPOUNDED HUMAN DRUG PRODUCT (EXEMPT FROM APPROVAL REQUIREMENTS)","Central Admixture Pharmacy Services, Inc.","POTASSIUM CHLORIDE; ASPARTIC ACID; TROMETHAMINE; GLUTAMIC ACID; DEXTROSE MONOHYDRATE; CITRIC ACID MONOHYDRATE; SODIUM PHOSPHATE, MONOBASIC, MONOHYDRATE; ANHYDROUS DEXTROSE; TRISODIUM CITRATE DIHYDRATE","15 meq/477.5 mL; 4.9 g/477.5 mL; 4.05 g/477.5 mL; 5.35 g/477.5 mL; 12.11 g/477.5 mL; 3.67875 g/477.5 mL; 2.4975 g/477.5 mL; 52.2 g/477.5 mL; 29.5875 g/477.5 mL","72196-0008-1","477.5 mL in 1 BAG (72196-0008-1)","2021-2, 2022-2, 2022-1",""
"72196-0100","HUMAN COMPOUNDED DRUG","Induction 4 to1 High K (60mEq) 830ml Bag","SOLUTION","INTRACORONARY","OUTSOURCING FACILITY COMPOUNDED HUMAN DRUG PRODUCT (EXEMPT FROM APPROVAL REQUIREMENTS)","Central Admixture Pharmacy Services, Inc.","SODIUM CHLORIDE; CITRIC ACID MONOHYDRATE; TRISODIUM CITRATE DIHYDRATE; ANHYDROUS DEXTROSE; TROMETHAMINE; POTASSIUM CHLORIDE; SODIUM PHOSPHATE, MONOBASIC, MONOHYDRATE; DEXTROSE MONOHYDRATE","18.8 meq/830 mL; 1.635 g/830 mL; 13.15 g/830 mL; 23.2 g/830 mL; 7.2 g/830 mL; 60 meq/830 mL; 1.11 g/830 mL; 49.45 g/830 mL","72196-0100-1","830 mL in 1 BAG (72196-0100-1)","2021-2, 2022-2, 2022-1",""
"72196-0100","HUMAN COMPOUNDED DRUG","Induction 4 to1 High K (60mEq) 830ml Bag","SOLUTION","INTRACORONARY","OUTSOURCING FACILITY COMPOUNDED HUMAN DRUG PRODUCT (EXEMPT FROM APPROVAL REQUIREMENTS)","Central Admixture Pharmacy Services, Inc.","SODIUM CHLORIDE; CITRIC ACID MONOHYDRATE; TRISODIUM CITRATE DIHYDRATE; ANHYDROUS DEXTROSE; TROMETHAMINE; POTASSIUM CHLORIDE; SODIUM PHOSPHATE, MONOBASIC, MONOHYDRATE; DEXTROSE MONOHYDRATE","18.8 meq/830 mL; 1.635 g/830 mL; 13.15 g/830 mL; 23.2 g/830 mL; 7.2 g/830 mL; 60 meq/830 mL; 1.11 g/830 mL; 49.45 g/830 mL","72196-0100-1","830 mL in 1 BAG (72196-0100-1)","2021-2, 2022-2, 2022-1",""
"72196-0100","HUMAN COMPOUNDED DRUG","Induction 4 to1 High K (60mEq) 830ml Bag","SOLUTION","INTRACORONARY","OUTSOURCING FACILITY COMPOUNDED HUMAN DRUG PRODUCT (EXEMPT FROM APPROVAL REQUIREMENTS)","Central Admixture Pharmacy Services, Inc.","SODIUM CHLORIDE; CITRIC ACID MONOHYDRATE; TRISODIUM CITRATE DIHYDRATE; ANHYDROUS DEXTROSE; TROMETHAMINE; POTASSIUM CHLORIDE; SODIUM PHOSPHATE, MONOBASIC, MONOHYDRATE; DEXTROSE MONOHYDRATE","18.8 meq/830 mL; 1.635 g/830 mL; 13.15 g/830 mL; 23.2 g/830 mL; 7.2 g/830 mL; 60 meq/830 mL; 1.11 g/830 mL; 49.45 g/830 mL","72196-0100-1","830 mL in 1 BAG (72196-0100-1)","2021-2, 2022-2, 2022-1",""
"72196-0103","HUMAN COMPOUNDED DRUG","Maintenance 4 to1 Low K (20 mEq) 810ml Bag","SOLUTION","INTRACORONARY","OUTSOURCING FACILITY COMPOUNDED HUMAN DRUG PRODUCT (EXEMPT FROM APPROVAL REQUIREMENTS)","Central Admixture Pharmacy Services, Inc.","TRISODIUM CITRATE DIHYDRATE; SODIUM PHOSPHATE, MONOBASIC, MONOHYDRATE; ANHYDROUS DEXTROSE; SODIUM CHLORIDE; TROMETHAMINE; POTASSIUM CHLORIDE; DEXTROSE MONOHYDRATE; CITRIC ACID MONOHYDRATE","13.15 g/810 mL; 1.11 g/810 mL; 23.2 g/810 mL; 18.8 meq/810 mL; 7.2 g/810 mL; 20 meq/810 mL; 49.45 g/810 mL; 1.635 g/810 mL","72196-0103-1","810 mL in 1 BAG (72196-0103-1)","2021-2, 2022-2, 2022-1",""
"72196-0103","HUMAN COMPOUNDED DRUG","Maintenance 4 to1 Low K (20 mEq) 810ml Bag","SOLUTION","INTRACORONARY","OUTSOURCING FACILITY COMPOUNDED HUMAN DRUG PRODUCT (EXEMPT FROM APPROVAL REQUIREMENTS)","Central Admixture Pharmacy Services, Inc.","TRISODIUM CITRATE DIHYDRATE; SODIUM PHOSPHATE, MONOBASIC, MONOHYDRATE; ANHYDROUS DEXTROSE; SODIUM CHLORIDE; TROMETHAMINE; POTASSIUM CHLORIDE; DEXTROSE MONOHYDRATE; CITRIC ACID MONOHYDRATE","13.15 g/810 mL; 1.11 g/810 mL; 23.2 g/810 mL; 18.8 meq/810 mL; 7.2 g/810 mL; 20 meq/810 mL; 49.45 g/810 mL; 1.635 g/810 mL","72196-0103-1","810 mL in 1 BAG (72196-0103-1)","2021-2, 2022-2, 2022-1",""
"72196-0103","HUMAN COMPOUNDED DRUG","Maintenance 4 to1 Low K (20 mEq) 810ml Bag","SOLUTION","INTRACORONARY","OUTSOURCING FACILITY COMPOUNDED HUMAN DRUG PRODUCT (EXEMPT FROM APPROVAL REQUIREMENTS)","Central Admixture Pharmacy Services, Inc.","TRISODIUM CITRATE DIHYDRATE; SODIUM PHOSPHATE, MONOBASIC, MONOHYDRATE; ANHYDROUS DEXTROSE; SODIUM CHLORIDE; TROMETHAMINE; POTASSIUM CHLORIDE; DEXTROSE MONOHYDRATE; CITRIC ACID MONOHYDRATE","13.15 g/810 mL; 1.11 g/810 mL; 23.2 g/810 mL; 18.8 meq/810 mL; 7.2 g/810 mL; 20 meq/810 mL; 49.45 g/810 mL; 1.635 g/810 mL","72196-0103-1","810 mL in 1 BAG (72196-0103-1)","2021-2, 2022-2, 2022-1",""
"72196-0107","HUMAN COMPOUNDED DRUG","Induction 8 to High K (100 mEq) LOW DEXTROSE 500ml Bag","SOLUTION","INTRACORONARY","OUTSOURCING FACILITY COMPOUNDED HUMAN DRUG PRODUCT (EXEMPT FROM APPROVAL REQUIREMENTS)","Central Admixture Pharmacy Services, Inc.","CITRIC ACID MONOHYDRATE; TRISODIUM CITRATE DIHYDRATE; SODIUM PHOSPHATE, MONOBASIC, MONOHYDRATE; ANHYDROUS DEXTROSE; SODIUM CHLORIDE; TROMETHAMINE; POTASSIUM CHLORIDE","1.03332 g/500 mL; 8.3108 g/500 mL; .70152 g/500 mL; 14.6624 g/500 mL; 12.4 meq/500 mL; 45.576 g/500 mL; 100 meq/500 mL","72196-0107-1","500 mL in 1 BAG (72196-0107-1)","2021-2, 2022-2, 2022-1",""
"72196-0107","HUMAN COMPOUNDED DRUG","Induction 8 to High K (100 mEq) LOW DEXTROSE 500ml Bag","SOLUTION","INTRACORONARY","OUTSOURCING FACILITY COMPOUNDED HUMAN DRUG PRODUCT (EXEMPT FROM APPROVAL REQUIREMENTS)","Central Admixture Pharmacy Services, Inc.","CITRIC ACID MONOHYDRATE; TRISODIUM CITRATE DIHYDRATE; SODIUM PHOSPHATE, MONOBASIC, MONOHYDRATE; ANHYDROUS DEXTROSE; SODIUM CHLORIDE; TROMETHAMINE; POTASSIUM CHLORIDE","1.03332 g/500 mL; 8.3108 g/500 mL; .70152 g/500 mL; 14.6624 g/500 mL; 12.4 meq/500 mL; 45.576 g/500 mL; 100 meq/500 mL","72196-0107-1","500 mL in 1 BAG (72196-0107-1)","2021-2, 2022-2, 2022-1",""
"72196-0107","HUMAN COMPOUNDED DRUG","Induction 8 to High K (100 mEq) LOW DEXTROSE 500ml Bag","SOLUTION","INTRACORONARY","OUTSOURCING FACILITY COMPOUNDED HUMAN DRUG PRODUCT (EXEMPT FROM APPROVAL REQUIREMENTS)","Central Admixture Pharmacy Services, Inc.","CITRIC ACID MONOHYDRATE; TRISODIUM CITRATE DIHYDRATE; SODIUM PHOSPHATE, MONOBASIC, MONOHYDRATE; ANHYDROUS DEXTROSE; SODIUM CHLORIDE; TROMETHAMINE; POTASSIUM CHLORIDE","1.03332 g/500 mL; 8.3108 g/500 mL; .70152 g/500 mL; 14.6624 g/500 mL; 12.4 meq/500 mL; 45.576 g/500 mL; 100 meq/500 mL","72196-0107-1","500 mL in 1 BAG (72196-0107-1)","2021-2, 2022-2, 2022-1",""
"72196-0108","HUMAN COMPOUNDED DRUG","Maintenance 8 to1 Low K (36 mEq) LOW DEXTROSE 500ml Bag","SOLUTION","INTRACORONARY","OUTSOURCING FACILITY COMPOUNDED HUMAN DRUG PRODUCT (EXEMPT FROM APPROVAL REQUIREMENTS)","Central Admixture Pharmacy Services, Inc.","SODIUM CHLORIDE; TROMETHAMINE; POTASSIUM CHLORIDE; DEXTROSE MONOHYDRATE; SODIUM PHOSPHATE, MONOBASIC, MONOHYDRATE; ANHYDROUS DEXTROSE; CITRIC ACID MONOHYDRATE; TRISODIUM CITRATE DIHYDRATE","12.4 meq/500 mL; 4.5576 g/500 mL; 36 meq/500 mL; 14.6624 g/500 mL; .70152 g/500 mL; 14.6624 g/500 mL; 1.03332 g/500 mL; 8.3108 g/500 mL","72196-0108-1","500 mL in 1 BAG (72196-0108-1)","2021-2, 2022-2, 2022-1",""
"72196-0108","HUMAN COMPOUNDED DRUG","Maintenance 8 to1 Low K (36 mEq) LOW DEXTROSE 500ml Bag","SOLUTION","INTRACORONARY","OUTSOURCING FACILITY COMPOUNDED HUMAN DRUG PRODUCT (EXEMPT FROM APPROVAL REQUIREMENTS)","Central Admixture Pharmacy Services, Inc.","SODIUM CHLORIDE; TROMETHAMINE; POTASSIUM CHLORIDE; DEXTROSE MONOHYDRATE; SODIUM PHOSPHATE, MONOBASIC, MONOHYDRATE; ANHYDROUS DEXTROSE; CITRIC ACID MONOHYDRATE; TRISODIUM CITRATE DIHYDRATE","12.4 meq/500 mL; 4.5576 g/500 mL; 36 meq/500 mL; 14.6624 g/500 mL; .70152 g/500 mL; 14.6624 g/500 mL; 1.03332 g/500 mL; 8.3108 g/500 mL","72196-0108-1","500 mL in 1 BAG (72196-0108-1)","2021-2, 2022-2, 2022-1",""
"72196-0108","HUMAN COMPOUNDED DRUG","Maintenance 8 to1 Low K (36 mEq) LOW DEXTROSE 500ml Bag","SOLUTION","INTRACORONARY","OUTSOURCING FACILITY COMPOUNDED HUMAN DRUG PRODUCT (EXEMPT FROM APPROVAL REQUIREMENTS)","Central Admixture Pharmacy Services, Inc.","SODIUM CHLORIDE; TROMETHAMINE; POTASSIUM CHLORIDE; DEXTROSE MONOHYDRATE; SODIUM PHOSPHATE, MONOBASIC, MONOHYDRATE; ANHYDROUS DEXTROSE; CITRIC ACID MONOHYDRATE; TRISODIUM CITRATE DIHYDRATE","12.4 meq/500 mL; 4.5576 g/500 mL; 36 meq/500 mL; 14.6624 g/500 mL; .70152 g/500 mL; 14.6624 g/500 mL; 1.03332 g/500 mL; 8.3108 g/500 mL","72196-0108-1","500 mL in 1 BAG (72196-0108-1)","2021-2, 2022-2, 2022-1",""
"72196-0202","HUMAN COMPOUNDED DRUG","del Nido Plasmalyte-A","SOLUTION","INTRACORONARY","OUTSOURCING FACILITY COMPOUNDED HUMAN DRUG PRODUCT (EXEMPT FROM APPROVAL REQUIREMENTS)","Central Admixture Pharmacy Services, Inc.","MANNITOL; LIDOCAINE HYDROCHLORIDE; MAGNESIUM SULFATE HEPTAHYDRATE; MAGNESIUM CHLORIDE; SODIUM GLUCONATE; SODIUM ACETATE; POTASSIUM CHLORIDE; SODIUM CHLORIDE; SODIUM BICARBONATE","3.26 g/1052.8 mL; 130 mg/1052.8 mL; 16.24 meq/1052.8 mL; .3 g/1052.8 mL; 5.02 g/1052.8 mL; 3.68 g/1052.8 mL; 2.307 g/1052.8 mL; 5.26 g/1052.8 mL; 1.092 g/1052.8 mL","72196-0202-1","1052.8 mL in 1 BAG (72196-0202-1)","2021-2, 2022-2, 2022-1",""
"72196-0202","HUMAN COMPOUNDED DRUG","del Nido Plasmalyte-A","SOLUTION","INTRACORONARY","OUTSOURCING FACILITY COMPOUNDED HUMAN DRUG PRODUCT (EXEMPT FROM APPROVAL REQUIREMENTS)","Central Admixture Pharmacy Services, Inc.","MANNITOL; LIDOCAINE HYDROCHLORIDE; MAGNESIUM SULFATE HEPTAHYDRATE; MAGNESIUM CHLORIDE; SODIUM GLUCONATE; SODIUM ACETATE; POTASSIUM CHLORIDE; SODIUM CHLORIDE; SODIUM BICARBONATE","3.26 g/1052.8 mL; 130 mg/1052.8 mL; 16.24 meq/1052.8 mL; .3 g/1052.8 mL; 5.02 g/1052.8 mL; 3.68 g/1052.8 mL; 2.307 g/1052.8 mL; 5.26 g/1052.8 mL; 1.092 g/1052.8 mL","72196-0202-1","1052.8 mL in 1 BAG (72196-0202-1)","2021-2, 2022-2, 2022-1",""
"72196-0202","HUMAN COMPOUNDED DRUG","del Nido Plasmalyte-A","SOLUTION","INTRACORONARY","OUTSOURCING FACILITY COMPOUNDED HUMAN DRUG PRODUCT (EXEMPT FROM APPROVAL REQUIREMENTS)","Central Admixture Pharmacy Services, Inc.","MANNITOL; LIDOCAINE HYDROCHLORIDE; MAGNESIUM SULFATE HEPTAHYDRATE; MAGNESIUM CHLORIDE; SODIUM GLUCONATE; SODIUM ACETATE; POTASSIUM CHLORIDE; SODIUM CHLORIDE; SODIUM BICARBONATE","3.26 g/1052.8 mL; 130 mg/1052.8 mL; 16.24 meq/1052.8 mL; .3 g/1052.8 mL; 5.02 g/1052.8 mL; 3.68 g/1052.8 mL; 2.307 g/1052.8 mL; 5.26 g/1052.8 mL; 1.092 g/1052.8 mL","72196-0202-1","1052.8 mL in 1 BAG (72196-0202-1)","2021-2, 2022-2, 2022-1",""
"72196-0211","HUMAN COMPOUNDED DRUG","Maintenance 4 to1 Low K (30 meq) In PL A","SOLUTION","INTRACORONARY","OUTSOURCING FACILITY COMPOUNDED HUMAN DRUG PRODUCT (EXEMPT FROM APPROVAL REQUIREMENTS)","Central Admixture Pharmacy Services, Inc.","LIDOCAINE HYDROCHLORIDE; SODIUM BICARBONATE; SODIUM ACETATE; POTASSIUM CHLORIDE; MAGNESIUM CHLORIDE; SODIUM CHLORIDE; SODIUM GLUCONATE","200 mg/1047 mL; 1.848 g/1047 mL; 3.68 g/1047 mL; 2.605 g/1047 mL; .3 g/1047 mL; 5.26 g/1047 mL; 5.02 g/1047 mL","72196-0211-1","1047 mL in 1 BAG (72196-0211-1)","2021-2, 2022-2, 2022-1",""
"72196-0211","HUMAN COMPOUNDED DRUG","Maintenance 4 to1 Low K (30 meq) In PL A","SOLUTION","INTRACORONARY","OUTSOURCING FACILITY COMPOUNDED HUMAN DRUG PRODUCT (EXEMPT FROM APPROVAL REQUIREMENTS)","Central Admixture Pharmacy Services, Inc.","LIDOCAINE HYDROCHLORIDE; SODIUM BICARBONATE; SODIUM ACETATE; POTASSIUM CHLORIDE; MAGNESIUM CHLORIDE; SODIUM CHLORIDE; SODIUM GLUCONATE","200 mg/1047 mL; 1.848 g/1047 mL; 3.68 g/1047 mL; 2.605 g/1047 mL; .3 g/1047 mL; 5.26 g/1047 mL; 5.02 g/1047 mL","72196-0211-1","1047 mL in 1 BAG (72196-0211-1)","2021-2, 2022-2, 2022-1",""
"72196-0211","HUMAN COMPOUNDED DRUG","Maintenance 4 to1 Low K (30 meq) In PL A","SOLUTION","INTRACORONARY","OUTSOURCING FACILITY COMPOUNDED HUMAN DRUG PRODUCT (EXEMPT FROM APPROVAL REQUIREMENTS)","Central Admixture Pharmacy Services, Inc.","LIDOCAINE HYDROCHLORIDE; SODIUM BICARBONATE; SODIUM ACETATE; POTASSIUM CHLORIDE; MAGNESIUM CHLORIDE; SODIUM CHLORIDE; SODIUM GLUCONATE","200 mg/1047 mL; 1.848 g/1047 mL; 3.68 g/1047 mL; 2.605 g/1047 mL; .3 g/1047 mL; 5.26 g/1047 mL; 5.02 g/1047 mL","72196-0211-1","1047 mL in 1 BAG (72196-0211-1)","2021-2, 2022-2, 2022-1",""
"72196-0212","HUMAN COMPOUNDED DRUG","Induction 4 to1 High K (30 meq) In PL A","SOLUTION","INTRACORONARY","OUTSOURCING FACILITY COMPOUNDED HUMAN DRUG PRODUCT (EXEMPT FROM APPROVAL REQUIREMENTS)","Central Admixture Pharmacy Services, Inc.","SODIUM CHLORIDE; SODIUM GLUCONATE; SODIUM ACETATE; POTASSIUM CHLORIDE; MAGNESIUM CHLORIDE; LIDOCAINE HYDROCHLORIDE; SODIUM BICARBONATE","2.63 g/542 mL; 2.51 g/542 mL; 1.84 g/542 mL; 2.42 g/542 mL; .15 g/542 mL; 100 mg/542 mL; 1.848 g/542 mL","72196-0212-1","542 mL in 1 BAG (72196-0212-1)","2022-2, 2021-2, 2022-1",""
"72196-0212","HUMAN COMPOUNDED DRUG","Induction 4 to1 High K (30 meq) In PL A","SOLUTION","INTRACORONARY","OUTSOURCING FACILITY COMPOUNDED HUMAN DRUG PRODUCT (EXEMPT FROM APPROVAL REQUIREMENTS)","Central Admixture Pharmacy Services, Inc.","SODIUM CHLORIDE; SODIUM GLUCONATE; SODIUM ACETATE; POTASSIUM CHLORIDE; MAGNESIUM CHLORIDE; LIDOCAINE HYDROCHLORIDE; SODIUM BICARBONATE","2.63 g/542 mL; 2.51 g/542 mL; 1.84 g/542 mL; 2.42 g/542 mL; .15 g/542 mL; 100 mg/542 mL; 1.848 g/542 mL","72196-0212-1","542 mL in 1 BAG (72196-0212-1)","2022-2, 2021-2, 2022-1",""
"72196-0212","HUMAN COMPOUNDED DRUG","Induction 4 to1 High K (30 meq) In PL A","SOLUTION","INTRACORONARY","OUTSOURCING FACILITY COMPOUNDED HUMAN DRUG PRODUCT (EXEMPT FROM APPROVAL REQUIREMENTS)","Central Admixture Pharmacy Services, Inc.","SODIUM CHLORIDE; SODIUM GLUCONATE; SODIUM ACETATE; POTASSIUM CHLORIDE; MAGNESIUM CHLORIDE; LIDOCAINE HYDROCHLORIDE; SODIUM BICARBONATE","2.63 g/542 mL; 2.51 g/542 mL; 1.84 g/542 mL; 2.42 g/542 mL; .15 g/542 mL; 100 mg/542 mL; 1.848 g/542 mL","72196-0212-1","542 mL in 1 BAG (72196-0212-1)","2022-2, 2021-2, 2022-1",""
"72196-0216","HUMAN COMPOUNDED DRUG","Memorial Hermann Formula","SOLUTION","INTRACORONARY","OUTSOURCING FACILITY COMPOUNDED HUMAN DRUG PRODUCT (EXEMPT FROM APPROVAL REQUIREMENTS)","Central Admixture Pharmacy Services, Inc.","SODIUM CHLORIDE; MAGNESIUM SULFATE HEPTAHYDRATE; POTASSIUM CHLORIDE; SODIUM BICARBONATE; CALCIUM CHLORIDE","110 meq/1018 mL; 32.074 meq/1018 mL; 40 meq/1018 mL; 420 mg/1018 mL; 3.808 meq/1018 mL","72196-0216-1","1018 mL in 1 BAG (72196-0216-1)","2021-2, 2022-2",""
"72196-0216","HUMAN COMPOUNDED DRUG","Memorial Hermann Formula","SOLUTION","INTRACORONARY","OUTSOURCING FACILITY COMPOUNDED HUMAN DRUG PRODUCT (EXEMPT FROM APPROVAL REQUIREMENTS)","Central Admixture Pharmacy Services, Inc.","SODIUM CHLORIDE; MAGNESIUM SULFATE HEPTAHYDRATE; POTASSIUM CHLORIDE; SODIUM BICARBONATE; CALCIUM CHLORIDE","110 meq/1018 mL; 32.074 meq/1018 mL; 40 meq/1018 mL; 420 mg/1018 mL; 3.808 meq/1018 mL","72196-0216-1","1018 mL in 1 BAG (72196-0216-1)","2021-2, 2022-2",""
"72196-0217","HUMAN COMPOUNDED DRUG","Sutter Formula","SOLUTION","INTRACORONARY","OUTSOURCING FACILITY COMPOUNDED HUMAN DRUG PRODUCT (EXEMPT FROM APPROVAL REQUIREMENTS)","Central Admixture Pharmacy Services, Inc.","MAGNESIUM CHLORIDE; DEXTROSE MONOHYDRATE; LIDOCAINE HYDROCHLORIDE; SODIUM BICARBONATE; CALCIUM CHLORIDE; SODIUM CHLORIDE; SODIUM GLUCONATE; SODIUM ACETATE; POTASSIUM CHLORIDE",".15 g/572.64 mL; 10.57 g/572.64 mL; 250 mg/572.64 mL; 1.26 g/572.64 mL; 6.8 meq/572.64 mL; 2.63 g/572.64 mL; 2.51 g/572.64 mL; 1.84 g/572.64 mL; 2.0475 g/572.64 mL","72196-0217-1","572.64 mL in 1 BAG (72196-0217-1)","2021-2, 2022-2, 2022-1",""
"72196-0217","HUMAN COMPOUNDED DRUG","Sutter Formula","SOLUTION","INTRACORONARY","OUTSOURCING FACILITY COMPOUNDED HUMAN DRUG PRODUCT (EXEMPT FROM APPROVAL REQUIREMENTS)","Central Admixture Pharmacy Services, Inc.","LIDOCAINE HYDROCHLORIDE; SODIUM BICARBONATE; CALCIUM CHLORIDE; SODIUM CHLORIDE; SODIUM GLUCONATE; SODIUM ACETATE; POTASSIUM CHLORIDE; MAGNESIUM CHLORIDE; DEXTROSE MONOHYDRATE","250 mg/572.64 mL; 1.26 g/572.64 mL; 6.8 meq/572.64 mL; 2.63 g/572.64 mL; 2.51 g/572.64 mL; 1.84 g/572.64 mL; 2.0475 g/572.64 mL; .15 g/572.64 mL; 10.57 g/572.64 mL","72196-0217-1","572.64 mL in 1 BAG (72196-0217-1)","2021-2, 2022-2, 2022-1",""
"72196-0217","HUMAN COMPOUNDED DRUG","Sutter Formula","SOLUTION","INTRACORONARY","OUTSOURCING FACILITY COMPOUNDED HUMAN DRUG PRODUCT (EXEMPT FROM APPROVAL REQUIREMENTS)","Central Admixture Pharmacy Services, Inc.","MAGNESIUM CHLORIDE; DEXTROSE MONOHYDRATE; LIDOCAINE HYDROCHLORIDE; SODIUM BICARBONATE; CALCIUM CHLORIDE; SODIUM CHLORIDE; SODIUM GLUCONATE; SODIUM ACETATE; POTASSIUM CHLORIDE",".15 g/572.64 mL; 10.57 g/572.64 mL; 250 mg/572.64 mL; 1.26 g/572.64 mL; 6.8 meq/572.64 mL; 2.63 g/572.64 mL; 2.51 g/572.64 mL; 1.84 g/572.64 mL; 2.0475 g/572.64 mL","72196-0217-1","572.64 mL in 1 BAG (72196-0217-1)","2021-2, 2022-2, 2022-1",""
"72196-0400","HUMAN COMPOUNDED DRUG","Trophamine 2% / Dextrose 10% 250ml in 250ml bag","SOLUTION","INTRAVENOUS","OUTSOURCING FACILITY COMPOUNDED HUMAN DRUG PRODUCT (EXEMPT FROM APPROVAL REQUIREMENTS)","Central Admixture Pharmacy Services, Inc.","GLUTAMIC ACID; LYSINE ACETATE; SERINE; TYROSINE; N-ACETYLTYROSINE; THREONINE; CYSTEINE HYDROCHLORIDE; HISTIDINE; ARGININE; TAURINE; DEXTROSE MONOHYDRATE; LEUCINE; METHIONINE; PROLINE; ASPARTIC ACID; ISOLEUCINE; ALANINE; GLYCINE; VALINE; PHENYLALANINE; TRYPTOPHAN",".25 g/250 mL; .6 g/250 mL; .19 g/250 mL; .022 g/250 mL; .12 g/250 mL; .21 g/250 mL; .012 g/250 mL; .24 g/250 mL; .6 g/250 mL; .0125 g/250 mL; 25 g/250 mL; .7 g/250 mL; .17 g/250 mL; .34 g/250 mL; .16 g/250 mL; .41 g/250 mL; .27 g/250 mL; .18 g/250 mL; .39 g/250 mL; .24 g/250 mL; .1 g/250 mL","72196-0400-1","250 mL in 1 BAG (72196-0400-1)","2022-1",""
"72196-0401","HUMAN COMPOUNDED DRUG","Trophamine 2% / Dextrose 10% With Calcium Gluconate 3.75 mEq 250ml in 250ml Bag","SOLUTION","INTRAVENOUS","OUTSOURCING FACILITY COMPOUNDED HUMAN DRUG PRODUCT (EXEMPT FROM APPROVAL REQUIREMENTS)","Central Admixture Pharmacy Services, Inc.","LYSINE ACETATE; SERINE; GLUTAMIC ACID; TYROSINE; N-ACETYLTYROSINE; THREONINE; CYSTEINE HYDROCHLORIDE; HISTIDINE; ARGININE; TAURINE; DEXTROSE MONOHYDRATE; CALCIUM GLUCONATE MONOHYDRATE; LEUCINE; METHIONINE; PROLINE; ASPARTIC ACID; ISOLEUCINE; ALANINE; GLYCINE; PHENYLALANINE; TRYPTOPHAN; VALINE",".6 g/250 mL; .19 g/250 mL; .25 g/250 mL; .022 g/250 mL; .12 g/250 mL; .21 g/250 mL; .012 g/250 mL; .24 g/250 mL; .6 g/250 mL; .0125 g/250 mL; 25 g/250 mL; 3.75 meq/250 mL; .7 g/250 mL; .17 g/250 mL; .34 g/250 mL; .16 g/250 mL; .41 g/250 mL; .27 g/250 mL; .18 g/250 mL; .24 g/250 mL; .1 g/250 mL; .39 g/250 mL","72196-0401-1","250 mL in 1 BAG (72196-0401-1)","2021-2, 2022-2, 2022-1",""
"72196-0401","HUMAN COMPOUNDED DRUG","Trophamine 2% / Dextrose 10% With Calcium Gluconate 3.75 mEq 250ml in 250ml Bag","SOLUTION","INTRAVENOUS","OUTSOURCING FACILITY COMPOUNDED HUMAN DRUG PRODUCT (EXEMPT FROM APPROVAL REQUIREMENTS)","Central Admixture Pharmacy Services, Inc.","LYSINE ACETATE; SERINE; GLUTAMIC ACID; TYROSINE; N-ACETYLTYROSINE; THREONINE; CYSTEINE HYDROCHLORIDE; HISTIDINE; ARGININE; TAURINE; DEXTROSE MONOHYDRATE; CALCIUM GLUCONATE MONOHYDRATE; LEUCINE; METHIONINE; PROLINE; ASPARTIC ACID; ISOLEUCINE; ALANINE; GLYCINE; PHENYLALANINE; TRYPTOPHAN; VALINE",".6 g/250 mL; .19 g/250 mL; .25 g/250 mL; .022 g/250 mL; .12 g/250 mL; .21 g/250 mL; .012 g/250 mL; .24 g/250 mL; .6 g/250 mL; .0125 g/250 mL; 25 g/250 mL; 3.75 meq/250 mL; .7 g/250 mL; .17 g/250 mL; .34 g/250 mL; .16 g/250 mL; .41 g/250 mL; .27 g/250 mL; .18 g/250 mL; .24 g/250 mL; .1 g/250 mL; .39 g/250 mL","72196-0401-1","250 mL in 1 BAG (72196-0401-1)","2021-2, 2022-2, 2022-1",""
"72196-0401","HUMAN COMPOUNDED DRUG","Trophamine 2% / Dextrose 10% With Calcium Gluconate 3.75 mEq 250ml in 250ml Bag","SOLUTION","INTRAVENOUS","OUTSOURCING FACILITY COMPOUNDED HUMAN DRUG PRODUCT (EXEMPT FROM APPROVAL REQUIREMENTS)","Central Admixture Pharmacy Services, Inc.","LYSINE ACETATE; SERINE; GLUTAMIC ACID; TYROSINE; N-ACETYLTYROSINE; THREONINE; CYSTEINE HYDROCHLORIDE; HISTIDINE; ARGININE; TAURINE; DEXTROSE MONOHYDRATE; CALCIUM GLUCONATE MONOHYDRATE; LEUCINE; METHIONINE; PROLINE; ASPARTIC ACID; ISOLEUCINE; ALANINE; GLYCINE; PHENYLALANINE; TRYPTOPHAN; VALINE",".6 g/250 mL; .19 g/250 mL; .25 g/250 mL; .022 g/250 mL; .12 g/250 mL; .21 g/250 mL; .012 g/250 mL; .24 g/250 mL; .6 g/250 mL; .0125 g/250 mL; 25 g/250 mL; 3.75 meq/250 mL; .7 g/250 mL; .17 g/250 mL; .34 g/250 mL; .16 g/250 mL; .41 g/250 mL; .27 g/250 mL; .18 g/250 mL; .24 g/250 mL; .1 g/250 mL; .39 g/250 mL","72196-0401-1","250 mL in 1 BAG (72196-0401-1)","2021-2, 2022-2, 2022-1",""
"72196-0402","HUMAN COMPOUNDED DRUG","Trophamine 2.5% / Dextrose 10% 250ml in 250ml bag","SOLUTION","INTRAVENOUS","OUTSOURCING FACILITY COMPOUNDED HUMAN DRUG PRODUCT (EXEMPT FROM APPROVAL REQUIREMENTS)","Central Admixture Pharmacy Services, Inc.","GLUTAMIC ACID; LYSINE ACETATE; SERINE; TYROSINE; N-ACETYLTYROSINE; THREONINE; CYSTEINE HYDROCHLORIDE; HISTIDINE; ARGININE; TAURINE; DEXTROSE MONOHYDRATE; LEUCINE; METHIONINE; PROLINE; ASPARTIC ACID; ISOLEUCINE; ALANINE; GLYCINE; PHENYLALANINE; TRYPTOPHAN; VALINE",".3125 g/250 mL; .75 g/250 mL; .2375 g/250 mL; .0275 g/250 mL; .15 g/250 mL; .2625 g/250 mL; .015 g/250 mL; .3 g/250 mL; .75 g/250 mL; .01563 g/250 mL; 25 g/250 mL; .875 g/250 mL; .2125 g/250 mL; .425 g/250 mL; .2 g/250 mL; .5125 g/250 mL; .3375 g/250 mL; .225 g/250 mL; .3 g/250 mL; .125 g/250 mL; .4875 g/250 mL","72196-0402-1","250 mL in 1 BAG (72196-0402-1)","2021-2, 2022-2, 2022-1",""
"72196-0402","HUMAN COMPOUNDED DRUG","Trophamine 2.5% / Dextrose 10% 250ml in 250ml bag","SOLUTION","INTRAVENOUS","OUTSOURCING FACILITY COMPOUNDED HUMAN DRUG PRODUCT (EXEMPT FROM APPROVAL REQUIREMENTS)","Central Admixture Pharmacy Services, Inc.","GLUTAMIC ACID; LYSINE ACETATE; SERINE; TYROSINE; N-ACETYLTYROSINE; THREONINE; CYSTEINE HYDROCHLORIDE; HISTIDINE; ARGININE; TAURINE; DEXTROSE MONOHYDRATE; LEUCINE; METHIONINE; PROLINE; ASPARTIC ACID; ISOLEUCINE; ALANINE; GLYCINE; PHENYLALANINE; TRYPTOPHAN; VALINE",".3125 g/250 mL; .75 g/250 mL; .2375 g/250 mL; .0275 g/250 mL; .15 g/250 mL; .2625 g/250 mL; .015 g/250 mL; .3 g/250 mL; .75 g/250 mL; .01563 g/250 mL; 25 g/250 mL; .875 g/250 mL; .2125 g/250 mL; .425 g/250 mL; .2 g/250 mL; .5125 g/250 mL; .3375 g/250 mL; .225 g/250 mL; .3 g/250 mL; .125 g/250 mL; .4875 g/250 mL","72196-0402-1","250 mL in 1 BAG (72196-0402-1)","2021-2, 2022-2, 2022-1",""
"72196-0402","HUMAN COMPOUNDED DRUG","Trophamine 2.5% / Dextrose 10% 250ml in 250ml bag","SOLUTION","INTRAVENOUS","OUTSOURCING FACILITY COMPOUNDED HUMAN DRUG PRODUCT (EXEMPT FROM APPROVAL REQUIREMENTS)","Central Admixture Pharmacy Services, Inc.","GLUTAMIC ACID; LYSINE ACETATE; SERINE; TYROSINE; N-ACETYLTYROSINE; THREONINE; CYSTEINE HYDROCHLORIDE; HISTIDINE; ARGININE; TAURINE; DEXTROSE MONOHYDRATE; LEUCINE; METHIONINE; PROLINE; ASPARTIC ACID; ISOLEUCINE; ALANINE; GLYCINE; PHENYLALANINE; TRYPTOPHAN; VALINE",".3125 g/250 mL; .75 g/250 mL; .2375 g/250 mL; .0275 g/250 mL; .15 g/250 mL; .2625 g/250 mL; .015 g/250 mL; .3 g/250 mL; .75 g/250 mL; .01563 g/250 mL; 25 g/250 mL; .875 g/250 mL; .2125 g/250 mL; .425 g/250 mL; .2 g/250 mL; .5125 g/250 mL; .3375 g/250 mL; .225 g/250 mL; .3 g/250 mL; .125 g/250 mL; .4875 g/250 mL","72196-0402-1","250 mL in 1 BAG (72196-0402-1)","2021-2, 2022-2, 2022-1",""
"72196-0404","HUMAN COMPOUNDED DRUG","Trophamine 3% / Dextrose 10% 250ml in 250ml bag","SOLUTION","INTRAVENOUS","OUTSOURCING FACILITY COMPOUNDED HUMAN DRUG PRODUCT (EXEMPT FROM APPROVAL REQUIREMENTS)","Central Admixture Pharmacy Services, Inc.","PHENYLALANINE; TRYPTOPHAN; VALINE; GLUTAMIC ACID; LYSINE ACETATE; SERINE; TYROSINE; N-ACETYLTYROSINE; THREONINE; CYSTEINE HYDROCHLORIDE; HISTIDINE; ARGININE; TAURINE; DEXTROSE MONOHYDRATE; LEUCINE; METHIONINE; PROLINE; ASPARTIC ACID; ISOLEUCINE; ALANINE; GLYCINE",".36 g/250 mL; .15 g/250 mL; .585 g/250 mL; .375 g/250 mL; .9 g/250 mL; .285 g/250 mL; .033 g/250 mL; .18 g/250 mL; .315 g/250 mL; .018 g/250 mL; .36 g/250 mL; .9 g/250 mL; .01875 g/250 mL; 25 g/250 mL; 1.05 g/250 mL; .255 g/250 mL; .51 g/250 mL; .24 g/250 mL; .615 g/250 mL; .405 g/250 mL; .27 g/250 mL","72196-0404-1","250 mL in 1 BAG (72196-0404-1)","2021-2, 2022-2, 2022-1",""
"72196-0404","HUMAN COMPOUNDED DRUG","Trophamine 3% / Dextrose 10% 250ml in 250ml bag","SOLUTION","INTRAVENOUS","OUTSOURCING FACILITY COMPOUNDED HUMAN DRUG PRODUCT (EXEMPT FROM APPROVAL REQUIREMENTS)","Central Admixture Pharmacy Services, Inc.","PHENYLALANINE; TRYPTOPHAN; VALINE; GLUTAMIC ACID; LYSINE ACETATE; SERINE; TYROSINE; N-ACETYLTYROSINE; THREONINE; CYSTEINE HYDROCHLORIDE; HISTIDINE; ARGININE; TAURINE; DEXTROSE MONOHYDRATE; LEUCINE; METHIONINE; PROLINE; ASPARTIC ACID; ISOLEUCINE; ALANINE; GLYCINE",".36 g/250 mL; .15 g/250 mL; .585 g/250 mL; .375 g/250 mL; .9 g/250 mL; .285 g/250 mL; .033 g/250 mL; .18 g/250 mL; .315 g/250 mL; .018 g/250 mL; .36 g/250 mL; .9 g/250 mL; .01875 g/250 mL; 25 g/250 mL; 1.05 g/250 mL; .255 g/250 mL; .51 g/250 mL; .24 g/250 mL; .615 g/250 mL; .405 g/250 mL; .27 g/250 mL","72196-0404-1","250 mL in 1 BAG (72196-0404-1)","2021-2, 2022-2, 2022-1",""
"72196-0404","HUMAN COMPOUNDED DRUG","Trophamine 3% / Dextrose 10% 250ml in 250ml bag","SOLUTION","INTRAVENOUS","OUTSOURCING FACILITY COMPOUNDED HUMAN DRUG PRODUCT (EXEMPT FROM APPROVAL REQUIREMENTS)","Central Admixture Pharmacy Services, Inc.","PHENYLALANINE; TRYPTOPHAN; VALINE; GLUTAMIC ACID; LYSINE ACETATE; SERINE; TYROSINE; N-ACETYLTYROSINE; THREONINE; CYSTEINE HYDROCHLORIDE; HISTIDINE; ARGININE; TAURINE; DEXTROSE MONOHYDRATE; LEUCINE; METHIONINE; PROLINE; ASPARTIC ACID; ISOLEUCINE; ALANINE; GLYCINE",".36 g/250 mL; .15 g/250 mL; .585 g/250 mL; .375 g/250 mL; .9 g/250 mL; .285 g/250 mL; .033 g/250 mL; .18 g/250 mL; .315 g/250 mL; .018 g/250 mL; .36 g/250 mL; .9 g/250 mL; .01875 g/250 mL; 25 g/250 mL; 1.05 g/250 mL; .255 g/250 mL; .51 g/250 mL; .24 g/250 mL; .615 g/250 mL; .405 g/250 mL; .27 g/250 mL","72196-0404-1","250 mL in 1 BAG (72196-0404-1)","2021-2, 2022-2, 2022-1",""
"72196-0406","HUMAN COMPOUNDED DRUG","Trophamine 3.5% / Dextrose 10% 250ml in 250ml bag","SOLUTION","INTRAVENOUS","OUTSOURCING FACILITY COMPOUNDED HUMAN DRUG PRODUCT (EXEMPT FROM APPROVAL REQUIREMENTS)","Central Admixture Pharmacy Services, Inc.","LYSINE ACETATE; SERINE; TYROSINE; N-ACETYLTYROSINE; THREONINE; CYSTEINE HYDROCHLORIDE; HISTIDINE; ARGININE; TAURINE; DEXTROSE MONOHYDRATE; LEUCINE; METHIONINE; GLUTAMIC ACID; PROLINE; ASPARTIC ACID; ISOLEUCINE; ALANINE; GLYCINE; PHENYLALANINE; TRYPTOPHAN; VALINE","1.05 g/250 mL; .3325 g/250 mL; .0385 g/250 mL; .21 g/250 mL; .3675 g/250 mL; .021 g/250 mL; .42 g/250 mL; 1.05 g/250 mL; .021875 g/250 mL; 25 g/250 mL; 1.225 g/250 mL; .2975 g/250 mL; .4375 g/250 mL; .595 g/250 mL; .28 g/250 mL; .7175 g/250 mL; .4725 g/250 mL; .315 g/250 mL; .42 g/250 mL; .175 g/250 mL; .6825 g/250 mL","72196-0406-1","250 mL in 1 BAG (72196-0406-1)","2022-2, 2021-2, 2022-1",""
"72196-0406","HUMAN COMPOUNDED DRUG","Trophamine 3.5% / Dextrose 10% 250ml in 250ml bag","SOLUTION","INTRAVENOUS","OUTSOURCING FACILITY COMPOUNDED HUMAN DRUG PRODUCT (EXEMPT FROM APPROVAL REQUIREMENTS)","Central Admixture Pharmacy Services, Inc.","LYSINE ACETATE; SERINE; TYROSINE; N-ACETYLTYROSINE; THREONINE; CYSTEINE HYDROCHLORIDE; HISTIDINE; ARGININE; TAURINE; DEXTROSE MONOHYDRATE; LEUCINE; METHIONINE; GLUTAMIC ACID; PROLINE; ASPARTIC ACID; ISOLEUCINE; ALANINE; GLYCINE; PHENYLALANINE; TRYPTOPHAN; VALINE","1.05 g/250 mL; .3325 g/250 mL; .0385 g/250 mL; .21 g/250 mL; .3675 g/250 mL; .021 g/250 mL; .42 g/250 mL; 1.05 g/250 mL; .021875 g/250 mL; 25 g/250 mL; 1.225 g/250 mL; .2975 g/250 mL; .4375 g/250 mL; .595 g/250 mL; .28 g/250 mL; .7175 g/250 mL; .4725 g/250 mL; .315 g/250 mL; .42 g/250 mL; .175 g/250 mL; .6825 g/250 mL","72196-0406-1","250 mL in 1 BAG (72196-0406-1)","2022-2, 2021-2, 2022-1",""
"72196-0406","HUMAN COMPOUNDED DRUG","Trophamine 3.5% / Dextrose 10% 250ml in 250ml bag","SOLUTION","INTRAVENOUS","OUTSOURCING FACILITY COMPOUNDED HUMAN DRUG PRODUCT (EXEMPT FROM APPROVAL REQUIREMENTS)","Central Admixture Pharmacy Services, Inc.","LYSINE ACETATE; SERINE; TYROSINE; N-ACETYLTYROSINE; THREONINE; CYSTEINE HYDROCHLORIDE; HISTIDINE; ARGININE; TAURINE; DEXTROSE MONOHYDRATE; LEUCINE; METHIONINE; GLUTAMIC ACID; PROLINE; ASPARTIC ACID; ISOLEUCINE; ALANINE; GLYCINE; PHENYLALANINE; TRYPTOPHAN; VALINE","1.05 g/250 mL; .3325 g/250 mL; .0385 g/250 mL; .21 g/250 mL; .3675 g/250 mL; .021 g/250 mL; .42 g/250 mL; 1.05 g/250 mL; .021875 g/250 mL; 25 g/250 mL; 1.225 g/250 mL; .2975 g/250 mL; .4375 g/250 mL; .595 g/250 mL; .28 g/250 mL; .7175 g/250 mL; .4725 g/250 mL; .315 g/250 mL; .42 g/250 mL; .175 g/250 mL; .6825 g/250 mL","72196-0406-1","250 mL in 1 BAG (72196-0406-1)","2022-2, 2021-2, 2022-1",""
"72196-0407","HUMAN COMPOUNDED DRUG","Trophamine 3.5% / Dextrose 10% With Calcium Gluconate 3.75 mEq 250ml in 250ml bag","SOLUTION","INTRAVENOUS","OUTSOURCING FACILITY COMPOUNDED HUMAN DRUG PRODUCT (EXEMPT FROM APPROVAL REQUIREMENTS)","Central Admixture Pharmacy Services, Inc.","CALCIUM GLUCONATE MONOHYDRATE; LYSINE ACETATE; SERINE; TYROSINE; N-ACETYLTYROSINE; THREONINE; CYSTEINE HYDROCHLORIDE; HISTIDINE; ARGININE; TAURINE; DEXTROSE MONOHYDRATE; LEUCINE; METHIONINE; GLUTAMIC ACID; PROLINE; ASPARTIC ACID; ISOLEUCINE; ALANINE; GLYCINE; PHENYLALANINE; TRYPTOPHAN; VALINE","3.75 meq/250 mL; 1.05 g/250 mL; .3325 g/250 mL; .0385 g/250 mL; .21 g/250 mL; .3675 g/250 mL; .021 g/250 mL; .42 g/250 mL; 1.05 g/250 mL; .021875 g/250 mL; 25 g/250 mL; 1.225 g/250 mL; .2975 g/250 mL; .4375 g/250 mL; .595 g/250 mL; .28 g/250 mL; .7175 g/250 mL; .4725 g/250 mL; .315 g/250 mL; .42 g/250 mL; .175 g/250 mL; .6825 g/250 mL","72196-0407-1","250 mL in 1 BAG (72196-0407-1)","2021-2, 2022-2, 2022-1",""
"72196-0407","HUMAN COMPOUNDED DRUG","Trophamine 3.5% / Dextrose 10% With Calcium Gluconate 3.75 mEq 250ml in 250ml bag","SOLUTION","INTRAVENOUS","OUTSOURCING FACILITY COMPOUNDED HUMAN DRUG PRODUCT (EXEMPT FROM APPROVAL REQUIREMENTS)","Central Admixture Pharmacy Services, Inc.","CALCIUM GLUCONATE MONOHYDRATE; LYSINE ACETATE; SERINE; TYROSINE; N-ACETYLTYROSINE; THREONINE; CYSTEINE HYDROCHLORIDE; HISTIDINE; ARGININE; TAURINE; DEXTROSE MONOHYDRATE; LEUCINE; METHIONINE; GLUTAMIC ACID; PROLINE; ASPARTIC ACID; ISOLEUCINE; ALANINE; GLYCINE; PHENYLALANINE; TRYPTOPHAN; VALINE","3.75 meq/250 mL; 1.05 g/250 mL; .3325 g/250 mL; .0385 g/250 mL; .21 g/250 mL; .3675 g/250 mL; .021 g/250 mL; .42 g/250 mL; 1.05 g/250 mL; .021875 g/250 mL; 25 g/250 mL; 1.225 g/250 mL; .2975 g/250 mL; .4375 g/250 mL; .595 g/250 mL; .28 g/250 mL; .7175 g/250 mL; .4725 g/250 mL; .315 g/250 mL; .42 g/250 mL; .175 g/250 mL; .6825 g/250 mL","72196-0407-1","250 mL in 1 BAG (72196-0407-1)","2021-2, 2022-2, 2022-1",""
"72196-0407","HUMAN COMPOUNDED DRUG","Trophamine 3.5% / Dextrose 10% With Calcium Gluconate 3.75 mEq 250ml in 250ml bag","SOLUTION","INTRAVENOUS","OUTSOURCING FACILITY COMPOUNDED HUMAN DRUG PRODUCT (EXEMPT FROM APPROVAL REQUIREMENTS)","Central Admixture Pharmacy Services, Inc.","CALCIUM GLUCONATE MONOHYDRATE; LYSINE ACETATE; SERINE; TYROSINE; N-ACETYLTYROSINE; THREONINE; CYSTEINE HYDROCHLORIDE; HISTIDINE; ARGININE; TAURINE; DEXTROSE MONOHYDRATE; LEUCINE; METHIONINE; GLUTAMIC ACID; PROLINE; ASPARTIC ACID; ISOLEUCINE; ALANINE; GLYCINE; PHENYLALANINE; TRYPTOPHAN; VALINE","3.75 meq/250 mL; 1.05 g/250 mL; .3325 g/250 mL; .0385 g/250 mL; .21 g/250 mL; .3675 g/250 mL; .021 g/250 mL; .42 g/250 mL; 1.05 g/250 mL; .021875 g/250 mL; 25 g/250 mL; 1.225 g/250 mL; .2975 g/250 mL; .4375 g/250 mL; .595 g/250 mL; .28 g/250 mL; .7175 g/250 mL; .4725 g/250 mL; .315 g/250 mL; .42 g/250 mL; .175 g/250 mL; .6825 g/250 mL","72196-0407-1","250 mL in 1 BAG (72196-0407-1)","2021-2, 2022-2, 2022-1",""
"72196-0408","HUMAN COMPOUNDED DRUG","Trophamine 4% / Dextrose 10% 250ml in 250ml bag","SOLUTION","INTRAVENOUS","OUTSOURCING FACILITY COMPOUNDED HUMAN DRUG PRODUCT (EXEMPT FROM APPROVAL REQUIREMENTS)","Central Admixture Pharmacy Services, Inc.","N-ACETYLTYROSINE; THREONINE; CYSTEINE HYDROCHLORIDE; HISTIDINE; ARGININE; TAURINE; DEXTROSE MONOHYDRATE; LEUCINE; METHIONINE; PROLINE; ASPARTIC ACID; ISOLEUCINE; ALANINE; GLYCINE; PHENYLALANINE; TRYPTOPHAN; VALINE; LYSINE ACETATE; SERINE; GLUTAMIC ACID; TYROSINE",".24 g/250 mL; .42 g/250 mL; .024 g/250 mL; .48 g/250 mL; 1.2 g/250 mL; .025 g/250 mL; 25 g/250 mL; 1.4 g/250 mL; .34 g/250 mL; .68 g/250 mL; .32 g/250 mL; .82 g/250 mL; .54 g/250 mL; .36 g/250 mL; .48 g/250 mL; .2 g/250 mL; .78 g/250 mL; 1.2 g/250 mL; .38 g/250 mL; .5 g/250 mL; .044 g/250 mL","72196-0408-1","250 mL in 1 BAG (72196-0408-1)","2022-2, 2021-2",""
"72196-0408","HUMAN COMPOUNDED DRUG","Trophamine 4% / Dextrose 10% 250ml in 250ml bag","SOLUTION","INTRAVENOUS","OUTSOURCING FACILITY COMPOUNDED HUMAN DRUG PRODUCT (EXEMPT FROM APPROVAL REQUIREMENTS)","Central Admixture Pharmacy Services, Inc.","N-ACETYLTYROSINE; THREONINE; CYSTEINE HYDROCHLORIDE; HISTIDINE; ARGININE; TAURINE; DEXTROSE MONOHYDRATE; LEUCINE; METHIONINE; PROLINE; ASPARTIC ACID; ISOLEUCINE; ALANINE; GLYCINE; PHENYLALANINE; TRYPTOPHAN; VALINE; LYSINE ACETATE; SERINE; GLUTAMIC ACID; TYROSINE",".24 g/250 mL; .42 g/250 mL; .024 g/250 mL; .48 g/250 mL; 1.2 g/250 mL; .025 g/250 mL; 25 g/250 mL; 1.4 g/250 mL; .34 g/250 mL; .68 g/250 mL; .32 g/250 mL; .82 g/250 mL; .54 g/250 mL; .36 g/250 mL; .48 g/250 mL; .2 g/250 mL; .78 g/250 mL; 1.2 g/250 mL; .38 g/250 mL; .5 g/250 mL; .044 g/250 mL","72196-0408-1","250 mL in 1 BAG (72196-0408-1)","2022-2, 2021-2",""
"72196-0415","HUMAN COMPOUNDED DRUG","Trophamine 2%/Dextrose 5% With Calcium Gluconate 3.75mEq and Heparin 125 units 250ml in 250ml bag","SOLUTION","INTRAVENOUS","OUTSOURCING FACILITY COMPOUNDED HUMAN DRUG PRODUCT (EXEMPT FROM APPROVAL REQUIREMENTS)","Central Admixture Pharmacy Services, Inc.","LYSINE ACETATE; SERINE; GLUTAMIC ACID; TYROSINE; N-ACETYLTYROSINE; THREONINE; CYSTEINE HYDROCHLORIDE; HISTIDINE; ARGININE; TAURINE; DEXTROSE MONOHYDRATE; CALCIUM GLUCONATE MONOHYDRATE; LEUCINE; METHIONINE; PROLINE; ASPARTIC ACID; ISOLEUCINE; ALANINE; GLYCINE; PHENYLALANINE; TRYPTOPHAN; VALINE; HEPARIN SODIUM",".6 g/250 mL; .19 g/250 mL; .25 g/250 mL; .022 g/250 mL; .12 g/250 mL; .21 g/250 mL; .012 g/250 mL; .24 g/250 mL; .6 g/250 mL; .0125 g/250 mL; 12.5 g/250 mL; 3.75 meq/250 mL; .7 g/250 mL; .17 g/250 mL; .34 g/250 mL; .16 g/250 mL; .041 g/250 mL; .27 g/250 mL; .18 g/250 mL; .24 g/250 mL; .1 g/250 mL; .39 g/250 mL; 125 U/250 mL","72196-0415-1","250 mL in 1 BAG (72196-0415-1)","2021-2, 2022-2, 2022-1",""
"72196-0415","HUMAN COMPOUNDED DRUG","Trophamine 2%/Dextrose 5% With Calcium Gluconate 3.75mEq and Heparin 125 units 250ml in 250ml bag","SOLUTION","INTRAVENOUS","OUTSOURCING FACILITY COMPOUNDED HUMAN DRUG PRODUCT (EXEMPT FROM APPROVAL REQUIREMENTS)","Central Admixture Pharmacy Services, Inc.","LYSINE ACETATE; SERINE; GLUTAMIC ACID; TYROSINE; N-ACETYLTYROSINE; THREONINE; CYSTEINE HYDROCHLORIDE; HISTIDINE; ARGININE; TAURINE; DEXTROSE MONOHYDRATE; CALCIUM GLUCONATE MONOHYDRATE; LEUCINE; METHIONINE; PROLINE; ASPARTIC ACID; ISOLEUCINE; ALANINE; GLYCINE; PHENYLALANINE; TRYPTOPHAN; VALINE; HEPARIN SODIUM",".6 g/250 mL; .19 g/250 mL; .25 g/250 mL; .022 g/250 mL; .12 g/250 mL; .21 g/250 mL; .012 g/250 mL; .24 g/250 mL; .6 g/250 mL; .0125 g/250 mL; 12.5 g/250 mL; 3.75 meq/250 mL; .7 g/250 mL; .17 g/250 mL; .34 g/250 mL; .16 g/250 mL; .041 g/250 mL; .27 g/250 mL; .18 g/250 mL; .24 g/250 mL; .1 g/250 mL; .39 g/250 mL; 125 U/250 mL","72196-0415-1","250 mL in 1 BAG (72196-0415-1)","2021-2, 2022-2, 2022-1",""
"72196-0415","HUMAN COMPOUNDED DRUG","Trophamine 2%/Dextrose 5% With Calcium Gluconate 3.75mEq and Heparin 125 units 250ml in 250ml bag","SOLUTION","INTRAVENOUS","OUTSOURCING FACILITY COMPOUNDED HUMAN DRUG PRODUCT (EXEMPT FROM APPROVAL REQUIREMENTS)","Central Admixture Pharmacy Services, Inc.","LYSINE ACETATE; SERINE; GLUTAMIC ACID; TYROSINE; N-ACETYLTYROSINE; THREONINE; CYSTEINE HYDROCHLORIDE; HISTIDINE; ARGININE; TAURINE; DEXTROSE MONOHYDRATE; CALCIUM GLUCONATE MONOHYDRATE; LEUCINE; METHIONINE; PROLINE; ASPARTIC ACID; ISOLEUCINE; ALANINE; GLYCINE; PHENYLALANINE; TRYPTOPHAN; VALINE; HEPARIN SODIUM",".6 g/250 mL; .19 g/250 mL; .25 g/250 mL; .022 g/250 mL; .12 g/250 mL; .21 g/250 mL; .012 g/250 mL; .24 g/250 mL; .6 g/250 mL; .0125 g/250 mL; 12.5 g/250 mL; 3.75 meq/250 mL; .7 g/250 mL; .17 g/250 mL; .34 g/250 mL; .16 g/250 mL; .041 g/250 mL; .27 g/250 mL; .18 g/250 mL; .24 g/250 mL; .1 g/250 mL; .39 g/250 mL; 125 U/250 mL","72196-0415-1","250 mL in 1 BAG (72196-0415-1)","2021-2, 2022-2, 2022-1",""
"72196-0416","HUMAN COMPOUNDED DRUG","Trophamine 2% / Dextrose 10% With Calcium Gluconate 3.75mEq and Heparin 125 units 250ml in 250ml bag","SOLUTION","INTRAVENOUS","OUTSOURCING FACILITY COMPOUNDED HUMAN DRUG PRODUCT (EXEMPT FROM APPROVAL REQUIREMENTS)","Central Admixture Pharmacy Services, Inc.","LYSINE ACETATE; SERINE; GLUTAMIC ACID; TYROSINE; N-ACETYLTYROSINE; THREONINE; CYSTEINE HYDROCHLORIDE; HISTIDINE; ARGININE; TAURINE; DEXTROSE MONOHYDRATE; CALCIUM GLUCONATE MONOHYDRATE; LEUCINE; METHIONINE; PROLINE; ASPARTIC ACID; ISOLEUCINE; ALANINE; GLYCINE; PHENYLALANINE; TRYPTOPHAN; VALINE; HEPARIN SODIUM",".6 g/250 mL; .19 g/250 mL; .25 g/250 mL; .022 g/250 mL; .12 g/250 mL; .21 g/250 mL; .012 g/250 mL; .24 g/250 mL; .6 g/250 mL; .0125 g/250 mL; 25 g/250 mL; 3.75 meq/250 mL; .7 g/250 mL; .17 g/250 mL; .34 g/250 mL; .16 g/250 mL; 41 g/250 mL; .27 g/250 mL; .18 g/250 mL; .24 g/250 mL; .1 g/250 mL; .39 g/250 mL; 125 U/250 mL","72196-0416-1","250 mL in 1 BAG (72196-0416-1)","2021-2, 2022-2, 2022-1",""
"72196-0416","HUMAN COMPOUNDED DRUG","Trophamine 2% / Dextrose 10% With Calcium Gluconate 3.75mEq and Heparin 125 units 250ml in 250ml bag","SOLUTION","INTRAVENOUS","OUTSOURCING FACILITY COMPOUNDED HUMAN DRUG PRODUCT (EXEMPT FROM APPROVAL REQUIREMENTS)","Central Admixture Pharmacy Services, Inc.","LYSINE ACETATE; SERINE; GLUTAMIC ACID; TYROSINE; N-ACETYLTYROSINE; THREONINE; CYSTEINE HYDROCHLORIDE; HISTIDINE; ARGININE; TAURINE; DEXTROSE MONOHYDRATE; CALCIUM GLUCONATE MONOHYDRATE; LEUCINE; METHIONINE; PROLINE; ASPARTIC ACID; ISOLEUCINE; ALANINE; GLYCINE; PHENYLALANINE; TRYPTOPHAN; VALINE; HEPARIN SODIUM",".6 g/250 mL; .19 g/250 mL; .25 g/250 mL; .022 g/250 mL; .12 g/250 mL; .21 g/250 mL; .012 g/250 mL; .24 g/250 mL; .6 g/250 mL; .0125 g/250 mL; 25 g/250 mL; 3.75 meq/250 mL; .7 g/250 mL; .17 g/250 mL; .34 g/250 mL; .16 g/250 mL; 41 g/250 mL; .27 g/250 mL; .18 g/250 mL; .24 g/250 mL; .1 g/250 mL; .39 g/250 mL; 125 U/250 mL","72196-0416-1","250 mL in 1 BAG (72196-0416-1)","2021-2, 2022-2, 2022-1",""
"72196-0416","HUMAN COMPOUNDED DRUG","Trophamine 2% / Dextrose 10% With Calcium Gluconate 3.75mEq and Heparin 125 units 250ml in 250ml bag","SOLUTION","INTRAVENOUS","OUTSOURCING FACILITY COMPOUNDED HUMAN DRUG PRODUCT (EXEMPT FROM APPROVAL REQUIREMENTS)","Central Admixture Pharmacy Services, Inc.","LYSINE ACETATE; SERINE; GLUTAMIC ACID; TYROSINE; N-ACETYLTYROSINE; THREONINE; CYSTEINE HYDROCHLORIDE; HISTIDINE; ARGININE; TAURINE; DEXTROSE MONOHYDRATE; CALCIUM GLUCONATE MONOHYDRATE; LEUCINE; METHIONINE; PROLINE; ASPARTIC ACID; ISOLEUCINE; ALANINE; GLYCINE; PHENYLALANINE; TRYPTOPHAN; VALINE; HEPARIN SODIUM",".6 g/250 mL; .19 g/250 mL; .25 g/250 mL; .022 g/250 mL; .12 g/250 mL; .21 g/250 mL; .012 g/250 mL; .24 g/250 mL; .6 g/250 mL; .0125 g/250 mL; 25 g/250 mL; 3.75 meq/250 mL; .7 g/250 mL; .17 g/250 mL; .34 g/250 mL; .16 g/250 mL; 41 g/250 mL; .27 g/250 mL; .18 g/250 mL; .24 g/250 mL; .1 g/250 mL; .39 g/250 mL; 125 U/250 mL","72196-0416-1","250 mL in 1 BAG (72196-0416-1)","2021-2, 2022-2, 2022-1",""
"72196-0418","HUMAN COMPOUNDED DRUG","Trophamine 2.5%/Dextrose 10% With Calcium Gluconate 3.75mEq and Heparin 125 units 250ml in 250ml bag","SOLUTION","INTRAVENOUS","OUTSOURCING FACILITY COMPOUNDED HUMAN DRUG PRODUCT (EXEMPT FROM APPROVAL REQUIREMENTS)","Central Admixture Pharmacy Services, Inc.","SERINE; TYROSINE; N-ACETYLTYROSINE; THREONINE; CYSTEINE HYDROCHLORIDE; HISTIDINE; ARGININE; TAURINE; DEXTROSE MONOHYDRATE; LEUCINE; METHIONINE; PROLINE; ASPARTIC ACID; ISOLEUCINE; ALANINE; GLYCINE; PHENYLALANINE; TRYPTOPHAN; VALINE; HEPARIN SODIUM; CALCIUM GLUCONATE MONOHYDRATE; GLUTAMIC ACID; LYSINE ACETATE",".2375 g/250 mL; .0275 g/250 mL; .15 g/250 mL; .2625 g/250 mL; .015 g/250 mL; .3 g/250 mL; .75 g/250 mL; .01563 g/250 mL; 25 g/250 mL; .875 g/250 mL; .2125 g/250 mL; .425 g/250 mL; .2 g/250 mL; .5125 g/250 mL; .3375 g/250 mL; .225 g/250 mL; .3 g/250 mL; .125 g/250 mL; .4875 g/250 mL; 125 U/250 mL; 3.75 meq/250 mL; .3125 g/250 mL; .75 g/250 mL","72196-0418-1","250 mL in 1 BAG (72196-0418-1)","2021-2, 2022-2, 2022-1",""
"72196-0418","HUMAN COMPOUNDED DRUG","Trophamine 2.5%/Dextrose 10% With Calcium Gluconate 3.75mEq and Heparin 125 units 250ml in 250ml bag","SOLUTION","INTRAVENOUS","OUTSOURCING FACILITY COMPOUNDED HUMAN DRUG PRODUCT (EXEMPT FROM APPROVAL REQUIREMENTS)","Central Admixture Pharmacy Services, Inc.","SERINE; TYROSINE; N-ACETYLTYROSINE; THREONINE; CYSTEINE HYDROCHLORIDE; HISTIDINE; ARGININE; TAURINE; DEXTROSE MONOHYDRATE; LEUCINE; METHIONINE; PROLINE; ASPARTIC ACID; ISOLEUCINE; ALANINE; GLYCINE; PHENYLALANINE; TRYPTOPHAN; VALINE; HEPARIN SODIUM; CALCIUM GLUCONATE MONOHYDRATE; GLUTAMIC ACID; LYSINE ACETATE",".2375 g/250 mL; .0275 g/250 mL; .15 g/250 mL; .2625 g/250 mL; .015 g/250 mL; .3 g/250 mL; .75 g/250 mL; .01563 g/250 mL; 25 g/250 mL; .875 g/250 mL; .2125 g/250 mL; .425 g/250 mL; .2 g/250 mL; .5125 g/250 mL; .3375 g/250 mL; .225 g/250 mL; .3 g/250 mL; .125 g/250 mL; .4875 g/250 mL; 125 U/250 mL; 3.75 meq/250 mL; .3125 g/250 mL; .75 g/250 mL","72196-0418-1","250 mL in 1 BAG (72196-0418-1)","2021-2, 2022-2, 2022-1",""
"72196-0418","HUMAN COMPOUNDED DRUG","Trophamine 2.5%/Dextrose 10% With Calcium Gluconate 3.75mEq and Heparin 125 units 250ml in 250ml bag","SOLUTION","INTRAVENOUS","OUTSOURCING FACILITY COMPOUNDED HUMAN DRUG PRODUCT (EXEMPT FROM APPROVAL REQUIREMENTS)","Central Admixture Pharmacy Services, Inc.","SERINE; TYROSINE; N-ACETYLTYROSINE; THREONINE; CYSTEINE HYDROCHLORIDE; HISTIDINE; ARGININE; TAURINE; DEXTROSE MONOHYDRATE; LEUCINE; METHIONINE; PROLINE; ASPARTIC ACID; ISOLEUCINE; ALANINE; GLYCINE; PHENYLALANINE; TRYPTOPHAN; VALINE; HEPARIN SODIUM; CALCIUM GLUCONATE MONOHYDRATE; GLUTAMIC ACID; LYSINE ACETATE",".2375 g/250 mL; .0275 g/250 mL; .15 g/250 mL; .2625 g/250 mL; .015 g/250 mL; .3 g/250 mL; .75 g/250 mL; .01563 g/250 mL; 25 g/250 mL; .875 g/250 mL; .2125 g/250 mL; .425 g/250 mL; .2 g/250 mL; .5125 g/250 mL; .3375 g/250 mL; .225 g/250 mL; .3 g/250 mL; .125 g/250 mL; .4875 g/250 mL; 125 U/250 mL; 3.75 meq/250 mL; .3125 g/250 mL; .75 g/250 mL","72196-0418-1","250 mL in 1 BAG (72196-0418-1)","2021-2, 2022-2, 2022-1",""
"72196-0419","HUMAN COMPOUNDED DRUG","Trophamine 3% / Dextrose 5% With Calcium Gluconate 3.75mEq and Heparin 125 units 250ml in 250ml bag","SOLUTION","INTRAVENOUS","OUTSOURCING FACILITY COMPOUNDED HUMAN DRUG PRODUCT (EXEMPT FROM APPROVAL REQUIREMENTS)","Central Admixture Pharmacy Services, Inc.","GLUTAMIC ACID; LYSINE ACETATE; SERINE; TYROSINE; N-ACETYLTYROSINE; THREONINE; CYSTEINE HYDROCHLORIDE; HISTIDINE; ARGININE; TAURINE; DEXTROSE MONOHYDRATE; LEUCINE; METHIONINE; PROLINE; ASPARTIC ACID; ISOLEUCINE; ALANINE; GLYCINE; PHENYLALANINE; TRYPTOPHAN; VALINE; CALCIUM GLUCONATE MONOHYDRATE; HEPARIN SODIUM",".375 g/250 mL; .9 g/250 mL; .285 g/250 mL; .033 g/250 mL; .18 g/250 mL; .315 g/250 mL; .018 g/250 mL; .36 g/250 mL; .9 g/250 mL; .01875 g/250 mL; 12.5 g/250 mL; 1.05 g/250 mL; .255 g/250 mL; .51 g/250 mL; .24 g/250 mL; .615 g/250 mL; .405 g/250 mL; .27 g/250 mL; .36 g/250 mL; .15 g/250 mL; .585 g/250 mL; 3.75 meq/250 mL; 125 U/250 mL","72196-0419-1","250 mL in 1 BAG (72196-0419-1)","2021-2, 2022-2, 2022-1",""
"72196-0419","HUMAN COMPOUNDED DRUG","Trophamine 3% / Dextrose 5% With Calcium Gluconate 3.75mEq and Heparin 125 units 250ml in 250ml bag","SOLUTION","INTRAVENOUS","OUTSOURCING FACILITY COMPOUNDED HUMAN DRUG PRODUCT (EXEMPT FROM APPROVAL REQUIREMENTS)","Central Admixture Pharmacy Services, Inc.","GLUTAMIC ACID; LYSINE ACETATE; SERINE; TYROSINE; N-ACETYLTYROSINE; THREONINE; CYSTEINE HYDROCHLORIDE; HISTIDINE; ARGININE; TAURINE; DEXTROSE MONOHYDRATE; LEUCINE; METHIONINE; PROLINE; ASPARTIC ACID; ISOLEUCINE; ALANINE; GLYCINE; PHENYLALANINE; TRYPTOPHAN; VALINE; CALCIUM GLUCONATE MONOHYDRATE; HEPARIN SODIUM",".375 g/250 mL; .9 g/250 mL; .285 g/250 mL; .033 g/250 mL; .18 g/250 mL; .315 g/250 mL; .018 g/250 mL; .36 g/250 mL; .9 g/250 mL; .01875 g/250 mL; 12.5 g/250 mL; 1.05 g/250 mL; .255 g/250 mL; .51 g/250 mL; .24 g/250 mL; .615 g/250 mL; .405 g/250 mL; .27 g/250 mL; .36 g/250 mL; .15 g/250 mL; .585 g/250 mL; 3.75 meq/250 mL; 125 U/250 mL","72196-0419-1","250 mL in 1 BAG (72196-0419-1)","2021-2, 2022-2, 2022-1",""
"72196-0419","HUMAN COMPOUNDED DRUG","Trophamine 3% / Dextrose 5% With Calcium Gluconate 3.75mEq and Heparin 125 units 250ml in 250ml bag","SOLUTION","INTRAVENOUS","OUTSOURCING FACILITY COMPOUNDED HUMAN DRUG PRODUCT (EXEMPT FROM APPROVAL REQUIREMENTS)","Central Admixture Pharmacy Services, Inc.","GLUTAMIC ACID; LYSINE ACETATE; SERINE; TYROSINE; N-ACETYLTYROSINE; THREONINE; CYSTEINE HYDROCHLORIDE; HISTIDINE; ARGININE; TAURINE; DEXTROSE MONOHYDRATE; LEUCINE; METHIONINE; PROLINE; ASPARTIC ACID; ISOLEUCINE; ALANINE; GLYCINE; PHENYLALANINE; TRYPTOPHAN; VALINE; CALCIUM GLUCONATE MONOHYDRATE; HEPARIN SODIUM",".375 g/250 mL; .9 g/250 mL; .285 g/250 mL; .033 g/250 mL; .18 g/250 mL; .315 g/250 mL; .018 g/250 mL; .36 g/250 mL; .9 g/250 mL; .01875 g/250 mL; 12.5 g/250 mL; 1.05 g/250 mL; .255 g/250 mL; .51 g/250 mL; .24 g/250 mL; .615 g/250 mL; .405 g/250 mL; .27 g/250 mL; .36 g/250 mL; .15 g/250 mL; .585 g/250 mL; 3.75 meq/250 mL; 125 U/250 mL","72196-0419-1","250 mL in 1 BAG (72196-0419-1)","2021-2, 2022-2, 2022-1",""
"72196-0420","HUMAN COMPOUNDED DRUG","Trophamine 3%/Dextrose 10% With Calcium Gluconate 3.75mEq and Heparin 125 units 250ml in 250ml bag","SOLUTION","INTRAVENOUS","OUTSOURCING FACILITY COMPOUNDED HUMAN DRUG PRODUCT (EXEMPT FROM APPROVAL REQUIREMENTS)","Central Admixture Pharmacy Services, Inc.","GLUTAMIC ACID; LYSINE ACETATE; SERINE; TYROSINE; N-ACETYLTYROSINE; THREONINE; CYSTEINE HYDROCHLORIDE; HISTIDINE; ARGININE; TAURINE; DEXTROSE MONOHYDRATE; LEUCINE; METHIONINE; PROLINE; ASPARTIC ACID; ISOLEUCINE; ALANINE; GLYCINE; PHENYLALANINE; TRYPTOPHAN; VALINE; CALCIUM GLUCONATE MONOHYDRATE; HEPARIN SODIUM",".375 g/250 mL; .9 g/250 mL; .285 g/250 mL; .033 g/250 mL; .18 g/250 mL; .315 g/250 mL; .018 g/250 mL; .36 g/250 mL; .9 g/250 mL; .01875 g/250 mL; 25 g/250 mL; 1.05 g/250 mL; .255 g/250 mL; .51 g/250 mL; .24 g/250 mL; .615 g/250 mL; .405 g/250 mL; .27 g/250 mL; .36 g/250 mL; .15 g/250 mL; .585 g/250 mL; 3.75 meq/250 mL; 125 U/250 mL","72196-0420-1","250 mL in 1 BAG (72196-0420-1)","2022-2, 2021-2, 2022-1",""
"72196-0420","HUMAN COMPOUNDED DRUG","Trophamine 3%/Dextrose 10% With Calcium Gluconate 3.75mEq and Heparin 125 units 250ml in 250ml bag","SOLUTION","INTRAVENOUS","OUTSOURCING FACILITY COMPOUNDED HUMAN DRUG PRODUCT (EXEMPT FROM APPROVAL REQUIREMENTS)","Central Admixture Pharmacy Services, Inc.","GLUTAMIC ACID; LYSINE ACETATE; SERINE; TYROSINE; N-ACETYLTYROSINE; THREONINE; CYSTEINE HYDROCHLORIDE; HISTIDINE; ARGININE; TAURINE; DEXTROSE MONOHYDRATE; LEUCINE; METHIONINE; PROLINE; ASPARTIC ACID; ISOLEUCINE; ALANINE; GLYCINE; PHENYLALANINE; TRYPTOPHAN; VALINE; CALCIUM GLUCONATE MONOHYDRATE; HEPARIN SODIUM",".375 g/250 mL; .9 g/250 mL; .285 g/250 mL; .033 g/250 mL; .18 g/250 mL; .315 g/250 mL; .018 g/250 mL; .36 g/250 mL; .9 g/250 mL; .01875 g/250 mL; 25 g/250 mL; 1.05 g/250 mL; .255 g/250 mL; .51 g/250 mL; .24 g/250 mL; .615 g/250 mL; .405 g/250 mL; .27 g/250 mL; .36 g/250 mL; .15 g/250 mL; .585 g/250 mL; 3.75 meq/250 mL; 125 U/250 mL","72196-0420-1","250 mL in 1 BAG (72196-0420-1)","2022-2, 2021-2, 2022-1",""
"72196-0420","HUMAN COMPOUNDED DRUG","Trophamine 3%/Dextrose 10% With Calcium Gluconate 3.75mEq and Heparin 125 units 250ml in 250ml bag","SOLUTION","INTRAVENOUS","OUTSOURCING FACILITY COMPOUNDED HUMAN DRUG PRODUCT (EXEMPT FROM APPROVAL REQUIREMENTS)","Central Admixture Pharmacy Services, Inc.","GLUTAMIC ACID; LYSINE ACETATE; SERINE; TYROSINE; N-ACETYLTYROSINE; THREONINE; CYSTEINE HYDROCHLORIDE; HISTIDINE; ARGININE; TAURINE; DEXTROSE MONOHYDRATE; LEUCINE; METHIONINE; PROLINE; ASPARTIC ACID; ISOLEUCINE; ALANINE; GLYCINE; PHENYLALANINE; TRYPTOPHAN; VALINE; CALCIUM GLUCONATE MONOHYDRATE; HEPARIN SODIUM",".375 g/250 mL; .9 g/250 mL; .285 g/250 mL; .033 g/250 mL; .18 g/250 mL; .315 g/250 mL; .018 g/250 mL; .36 g/250 mL; .9 g/250 mL; .01875 g/250 mL; 25 g/250 mL; 1.05 g/250 mL; .255 g/250 mL; .51 g/250 mL; .24 g/250 mL; .615 g/250 mL; .405 g/250 mL; .27 g/250 mL; .36 g/250 mL; .15 g/250 mL; .585 g/250 mL; 3.75 meq/250 mL; 125 U/250 mL","72196-0420-1","250 mL in 1 BAG (72196-0420-1)","2022-2, 2021-2, 2022-1",""
"72196-0421","HUMAN COMPOUNDED DRUG","Trophamine 3.5%/Dextrose 10% With Calcium Gluconate 3.75mEq and Heparin 125 units 250ml in 250ml bag","SOLUTION","INTRAVENOUS","OUTSOURCING FACILITY COMPOUNDED HUMAN DRUG PRODUCT (EXEMPT FROM APPROVAL REQUIREMENTS)","Central Admixture Pharmacy Services, Inc.","ALANINE; GLYCINE; PHENYLALANINE; TRYPTOPHAN; VALINE; HEPARIN SODIUM; CALCIUM GLUCONATE MONOHYDRATE; LYSINE ACETATE; SERINE; TYROSINE; N-ACETYLTYROSINE; THREONINE; CYSTEINE HYDROCHLORIDE; HISTIDINE; ARGININE; TAURINE; DEXTROSE MONOHYDRATE; LEUCINE; METHIONINE; GLUTAMIC ACID; PROLINE; ASPARTIC ACID; ISOLEUCINE",".4725 g/250 mL; .315 g/250 mL; .42 g/250 mL; .175 g/250 mL; .6825 g/250 mL; 125 U/250 mL; 3.75 meq/250 mL; 1.05 g/250 mL; .3325 g/250 mL; .0385 g/250 mL; .21 g/250 mL; .3675 g/250 mL; .021 g/250 mL; .42 g/250 mL; 1.05 g/250 mL; .021875 g/250 mL; 25 g/250 mL; 1.225 g/250 mL; .2975 g/250 mL; .4375 g/250 mL; .595 g/250 mL; .28 g/250 mL; .7175 g/250 mL","72196-0421-1","250 mL in 1 BAG (72196-0421-1)","2022-2, 2021-2, 2022-1",""
"72196-0421","HUMAN COMPOUNDED DRUG","Trophamine 3.5%/Dextrose 10% With Calcium Gluconate 3.75mEq and Heparin 125 units 250ml in 250ml bag","SOLUTION","INTRAVENOUS","OUTSOURCING FACILITY COMPOUNDED HUMAN DRUG PRODUCT (EXEMPT FROM APPROVAL REQUIREMENTS)","Central Admixture Pharmacy Services, Inc.","ALANINE; GLYCINE; PHENYLALANINE; TRYPTOPHAN; VALINE; HEPARIN SODIUM; CALCIUM GLUCONATE MONOHYDRATE; LYSINE ACETATE; SERINE; TYROSINE; N-ACETYLTYROSINE; THREONINE; CYSTEINE HYDROCHLORIDE; HISTIDINE; ARGININE; TAURINE; DEXTROSE MONOHYDRATE; LEUCINE; METHIONINE; GLUTAMIC ACID; PROLINE; ASPARTIC ACID; ISOLEUCINE",".4725 g/250 mL; .315 g/250 mL; .42 g/250 mL; .175 g/250 mL; .6825 g/250 mL; 125 U/250 mL; 3.75 meq/250 mL; 1.05 g/250 mL; .3325 g/250 mL; .0385 g/250 mL; .21 g/250 mL; .3675 g/250 mL; .021 g/250 mL; .42 g/250 mL; 1.05 g/250 mL; .021875 g/250 mL; 25 g/250 mL; 1.225 g/250 mL; .2975 g/250 mL; .4375 g/250 mL; .595 g/250 mL; .28 g/250 mL; .7175 g/250 mL","72196-0421-1","250 mL in 1 BAG (72196-0421-1)","2022-2, 2021-2, 2022-1",""
"72196-0421","HUMAN COMPOUNDED DRUG","Trophamine 3.5%/Dextrose 10% With Calcium Gluconate 3.75mEq and Heparin 125 units 250ml in 250ml bag","SOLUTION","INTRAVENOUS","OUTSOURCING FACILITY COMPOUNDED HUMAN DRUG PRODUCT (EXEMPT FROM APPROVAL REQUIREMENTS)","Central Admixture Pharmacy Services, Inc.","ALANINE; GLYCINE; PHENYLALANINE; TRYPTOPHAN; VALINE; HEPARIN SODIUM; CALCIUM GLUCONATE MONOHYDRATE; LYSINE ACETATE; SERINE; TYROSINE; N-ACETYLTYROSINE; THREONINE; CYSTEINE HYDROCHLORIDE; HISTIDINE; ARGININE; TAURINE; DEXTROSE MONOHYDRATE; LEUCINE; METHIONINE; GLUTAMIC ACID; PROLINE; ASPARTIC ACID; ISOLEUCINE",".4725 g/250 mL; .315 g/250 mL; .42 g/250 mL; .175 g/250 mL; .6825 g/250 mL; 125 U/250 mL; 3.75 meq/250 mL; 1.05 g/250 mL; .3325 g/250 mL; .0385 g/250 mL; .21 g/250 mL; .3675 g/250 mL; .021 g/250 mL; .42 g/250 mL; 1.05 g/250 mL; .021875 g/250 mL; 25 g/250 mL; 1.225 g/250 mL; .2975 g/250 mL; .4375 g/250 mL; .595 g/250 mL; .28 g/250 mL; .7175 g/250 mL","72196-0421-1","250 mL in 1 BAG (72196-0421-1)","2022-2, 2021-2, 2022-1",""
"72196-0422","HUMAN COMPOUNDED DRUG","Trophamine 4% / Dextrose 10% With Calcium Gluconate 3.75mEq and Heparin 125 units 250ml in 250ml bag","SOLUTION","INTRAVENOUS","OUTSOURCING FACILITY COMPOUNDED HUMAN DRUG PRODUCT (EXEMPT FROM APPROVAL REQUIREMENTS)","Central Admixture Pharmacy Services, Inc.","LYSINE ACETATE; SERINE; GLUTAMIC ACID; TYROSINE; N-ACETYLTYROSINE; THREONINE; CYSTEINE HYDROCHLORIDE; HISTIDINE; ARGININE; TAURINE; DEXTROSE MONOHYDRATE; CALCIUM GLUCONATE MONOHYDRATE; LEUCINE; METHIONINE; PROLINE; ASPARTIC ACID; ISOLEUCINE; ALANINE; GLYCINE; PHENYLALANINE; TRYPTOPHAN; VALINE; HEPARIN SODIUM","1.2 g/250 mL; .38 g/250 mL; .5 g/250 mL; .044 g/250 mL; .24 g/250 mL; .42 g/250 mL; .024 g/250 mL; .48 g/250 mL; 1.2 g/250 mL; .025 g/250 mL; 25 g/250 mL; 3.75 meq/250 mL; 1.4 g/250 mL; .34 g/250 mL; .68 g/250 mL; .32 g/250 mL; .82 g/250 mL; .54 g/250 mL; .36 g/250 mL; .48 g/250 mL; .2 g/250 mL; .78 g/250 mL; 125 U/250 mL","72196-0422-1","250 mL in 1 BAG (72196-0422-1)","2021-2, 2022-2, 2022-1",""
"72196-0422","HUMAN COMPOUNDED DRUG","Trophamine 4% / Dextrose 10% With Calcium Gluconate 3.75mEq and Heparin 125 units 250ml in 250ml bag","SOLUTION","INTRAVENOUS","OUTSOURCING FACILITY COMPOUNDED HUMAN DRUG PRODUCT (EXEMPT FROM APPROVAL REQUIREMENTS)","Central Admixture Pharmacy Services, Inc.","CALCIUM GLUCONATE MONOHYDRATE; LEUCINE; METHIONINE; PROLINE; ASPARTIC ACID; ISOLEUCINE; ALANINE; GLYCINE; PHENYLALANINE; TRYPTOPHAN; VALINE; HEPARIN SODIUM; LYSINE ACETATE; SERINE; GLUTAMIC ACID; TYROSINE; N-ACETYLTYROSINE; THREONINE; CYSTEINE HYDROCHLORIDE; HISTIDINE; ARGININE; TAURINE; DEXTROSE MONOHYDRATE","3.75 meq/250 mL; 1.4 g/250 mL; .34 g/250 mL; .68 g/250 mL; .32 g/250 mL; .82 g/250 mL; .54 g/250 mL; .36 g/250 mL; .48 g/250 mL; .2 g/250 mL; .78 g/250 mL; 125 U/250 mL; 1.2 g/250 mL; .38 g/250 mL; .5 g/250 mL; .044 g/250 mL; .24 g/250 mL; .42 g/250 mL; .024 g/250 mL; .48 g/250 mL; 1.2 g/250 mL; .025 g/250 mL; 25 g/250 mL","72196-0422-1","250 mL in 1 BAG (72196-0422-1)","2021-2, 2022-2, 2022-1",""
"72196-0422","HUMAN COMPOUNDED DRUG","Trophamine 4% / Dextrose 10% With Calcium Gluconate 3.75mEq and Heparin 125 units 250ml in 250ml bag","SOLUTION","INTRAVENOUS","OUTSOURCING FACILITY COMPOUNDED HUMAN DRUG PRODUCT (EXEMPT FROM APPROVAL REQUIREMENTS)","Central Admixture Pharmacy Services, Inc.","LYSINE ACETATE; SERINE; GLUTAMIC ACID; TYROSINE; N-ACETYLTYROSINE; THREONINE; CYSTEINE HYDROCHLORIDE; HISTIDINE; ARGININE; TAURINE; DEXTROSE MONOHYDRATE; CALCIUM GLUCONATE MONOHYDRATE; LEUCINE; METHIONINE; PROLINE; ASPARTIC ACID; ISOLEUCINE; ALANINE; GLYCINE; PHENYLALANINE; TRYPTOPHAN; VALINE; HEPARIN SODIUM","1.2 g/250 mL; .38 g/250 mL; .5 g/250 mL; .044 g/250 mL; .24 g/250 mL; .42 g/250 mL; .024 g/250 mL; .48 g/250 mL; 1.2 g/250 mL; .025 g/250 mL; 25 g/250 mL; 3.75 meq/250 mL; 1.4 g/250 mL; .34 g/250 mL; .68 g/250 mL; .32 g/250 mL; .82 g/250 mL; .54 g/250 mL; .36 g/250 mL; .48 g/250 mL; .2 g/250 mL; .78 g/250 mL; 125 U/250 mL","72196-0422-1","250 mL in 1 BAG (72196-0422-1)","2021-2, 2022-2, 2022-1",""
"72196-0428","HUMAN COMPOUNDED DRUG","Trophamine 3% / Dextrose 10% With Calcium Gluconate 2.33mEq and Heparin 125 units 250ml in 250ml bag","SOLUTION","INTRAVENOUS","OUTSOURCING FACILITY COMPOUNDED HUMAN DRUG PRODUCT (EXEMPT FROM APPROVAL REQUIREMENTS)","Central Admixture Pharmacy Services, Inc.","GLUTAMIC ACID; LYSINE ACETATE; SERINE; TYROSINE; N-ACETYLTYROSINE; THREONINE; CYSTEINE HYDROCHLORIDE; HISTIDINE; ARGININE; TAURINE; DEXTROSE MONOHYDRATE; LEUCINE; METHIONINE; PROLINE; ASPARTIC ACID; ISOLEUCINE; ALANINE; GLYCINE; PHENYLALANINE; TRYPTOPHAN; VALINE; CALCIUM GLUCONATE MONOHYDRATE; HEPARIN SODIUM",".375 g/250 mL; .9 g/250 mL; .285 g/250 mL; .033 g/250 mL; .18 g/250 mL; .315 g/250 mL; .018 g/250 mL; .36 g/250 mL; .9 g/250 mL; .01875 g/250 mL; 25 g/250 mL; 1.05 g/250 mL; .255 g/250 mL; .51 g/250 mL; .24 g/250 mL; .615 g/250 mL; .405 g/250 mL; .27 g/250 mL; .36 g/250 mL; .15 g/250 mL; .585 g/250 mL; 2.33 meq/250 mL; 125 U/250 mL","72196-0428-1","250 mL in 1 BAG (72196-0428-1)","2022-2, 2021-2, 2022-1",""
"72196-0428","HUMAN COMPOUNDED DRUG","Trophamine 3% / Dextrose 10% With Calcium Gluconate 2.33mEq and Heparin 125 units 250ml in 250ml bag","SOLUTION","INTRAVENOUS","OUTSOURCING FACILITY COMPOUNDED HUMAN DRUG PRODUCT (EXEMPT FROM APPROVAL REQUIREMENTS)","Central Admixture Pharmacy Services, Inc.","GLUTAMIC ACID; LYSINE ACETATE; SERINE; TYROSINE; N-ACETYLTYROSINE; THREONINE; CYSTEINE HYDROCHLORIDE; HISTIDINE; ARGININE; TAURINE; DEXTROSE MONOHYDRATE; LEUCINE; METHIONINE; PROLINE; ASPARTIC ACID; ISOLEUCINE; ALANINE; GLYCINE; PHENYLALANINE; TRYPTOPHAN; VALINE; CALCIUM GLUCONATE MONOHYDRATE; HEPARIN SODIUM",".375 g/250 mL; .9 g/250 mL; .285 g/250 mL; .033 g/250 mL; .18 g/250 mL; .315 g/250 mL; .018 g/250 mL; .36 g/250 mL; .9 g/250 mL; .01875 g/250 mL; 25 g/250 mL; 1.05 g/250 mL; .255 g/250 mL; .51 g/250 mL; .24 g/250 mL; .615 g/250 mL; .405 g/250 mL; .27 g/250 mL; .36 g/250 mL; .15 g/250 mL; .585 g/250 mL; 2.33 meq/250 mL; 125 U/250 mL","72196-0428-1","250 mL in 1 BAG (72196-0428-1)","2022-2, 2021-2, 2022-1",""
"72196-0428","HUMAN COMPOUNDED DRUG","Trophamine 3% / Dextrose 10% With Calcium Gluconate 2.33mEq and Heparin 125 units 250ml in 250ml bag","SOLUTION","INTRAVENOUS","OUTSOURCING FACILITY COMPOUNDED HUMAN DRUG PRODUCT (EXEMPT FROM APPROVAL REQUIREMENTS)","Central Admixture Pharmacy Services, Inc.","GLUTAMIC ACID; LYSINE ACETATE; SERINE; TYROSINE; N-ACETYLTYROSINE; THREONINE; CYSTEINE HYDROCHLORIDE; HISTIDINE; ARGININE; TAURINE; DEXTROSE MONOHYDRATE; LEUCINE; METHIONINE; PROLINE; ASPARTIC ACID; ISOLEUCINE; ALANINE; GLYCINE; PHENYLALANINE; TRYPTOPHAN; VALINE; CALCIUM GLUCONATE MONOHYDRATE; HEPARIN SODIUM",".375 g/250 mL; .9 g/250 mL; .285 g/250 mL; .033 g/250 mL; .18 g/250 mL; .315 g/250 mL; .018 g/250 mL; .36 g/250 mL; .9 g/250 mL; .01875 g/250 mL; 25 g/250 mL; 1.05 g/250 mL; .255 g/250 mL; .51 g/250 mL; .24 g/250 mL; .615 g/250 mL; .405 g/250 mL; .27 g/250 mL; .36 g/250 mL; .15 g/250 mL; .585 g/250 mL; 2.33 meq/250 mL; 125 U/250 mL","72196-0428-1","250 mL in 1 BAG (72196-0428-1)","2022-2, 2021-2, 2022-1",""
"72196-0429","HUMAN COMPOUNDED DRUG","Trophamine 3.5%/Dextrose 10% With Calcium Gluconate 2.33mEq and Heparin 125 units 250ml in 250ml bag","SOLUTION","INTRAVENOUS","OUTSOURCING FACILITY COMPOUNDED HUMAN DRUG PRODUCT (EXEMPT FROM APPROVAL REQUIREMENTS)","Central Admixture Pharmacy Services, Inc.","HEPARIN SODIUM; CALCIUM GLUCONATE MONOHYDRATE; LYSINE ACETATE; SERINE; TYROSINE; N-ACETYLTYROSINE; THREONINE; CYSTEINE HYDROCHLORIDE; HISTIDINE; ARGININE; TAURINE; DEXTROSE MONOHYDRATE; LEUCINE; METHIONINE; GLUTAMIC ACID; PROLINE; ASPARTIC ACID; ISOLEUCINE; ALANINE; GLYCINE; PHENYLALANINE; TRYPTOPHAN; VALINE","125 U/250 mL; 2.33 meq/250 mL; 1.05 g/250 mL; .3325 g/250 mL; .0385 g/250 mL; .21 g/250 mL; .3675 g/250 mL; .021 g/250 mL; .42 g/250 mL; 1.05 g/250 mL; .021875 g/250 mL; 25 g/250 mL; 1.225 g/250 mL; .2975 g/250 mL; .4375 g/250 mL; .595 g/250 mL; .28 g/250 mL; .7175 g/250 mL; .4725 g/250 mL; .315 g/250 mL; .42 g/250 mL; .175 g/250 mL; .6825 g/250 mL","72196-0429-1","250 mL in 1 BAG (72196-0429-1)","2021-2, 2022-2, 2022-1",""
"72196-0429","HUMAN COMPOUNDED DRUG","Trophamine 3.5%/Dextrose 10% With Calcium Gluconate 2.33mEq and Heparin 125 units 250ml in 250ml bag","SOLUTION","INTRAVENOUS","OUTSOURCING FACILITY COMPOUNDED HUMAN DRUG PRODUCT (EXEMPT FROM APPROVAL REQUIREMENTS)","Central Admixture Pharmacy Services, Inc.","HEPARIN SODIUM; CALCIUM GLUCONATE MONOHYDRATE; LYSINE ACETATE; SERINE; TYROSINE; N-ACETYLTYROSINE; THREONINE; CYSTEINE HYDROCHLORIDE; HISTIDINE; ARGININE; TAURINE; DEXTROSE MONOHYDRATE; LEUCINE; METHIONINE; GLUTAMIC ACID; PROLINE; ASPARTIC ACID; ISOLEUCINE; ALANINE; GLYCINE; PHENYLALANINE; TRYPTOPHAN; VALINE","125 U/250 mL; 2.33 meq/250 mL; 1.05 g/250 mL; .3325 g/250 mL; .0385 g/250 mL; .21 g/250 mL; .3675 g/250 mL; .021 g/250 mL; .42 g/250 mL; 1.05 g/250 mL; .021875 g/250 mL; 25 g/250 mL; 1.225 g/250 mL; .2975 g/250 mL; .4375 g/250 mL; .595 g/250 mL; .28 g/250 mL; .7175 g/250 mL; .4725 g/250 mL; .315 g/250 mL; .42 g/250 mL; .175 g/250 mL; .6825 g/250 mL","72196-0429-1","250 mL in 1 BAG (72196-0429-1)","2021-2, 2022-2, 2022-1",""
"72196-0429","HUMAN COMPOUNDED DRUG","Trophamine 3.5%/Dextrose 10% With Calcium Gluconate 2.33mEq and Heparin 125 units 250ml in 250ml bag","SOLUTION","INTRAVENOUS","OUTSOURCING FACILITY COMPOUNDED HUMAN DRUG PRODUCT (EXEMPT FROM APPROVAL REQUIREMENTS)","Central Admixture Pharmacy Services, Inc.","HEPARIN SODIUM; CALCIUM GLUCONATE MONOHYDRATE; LYSINE ACETATE; SERINE; TYROSINE; N-ACETYLTYROSINE; THREONINE; CYSTEINE HYDROCHLORIDE; HISTIDINE; ARGININE; TAURINE; DEXTROSE MONOHYDRATE; LEUCINE; METHIONINE; GLUTAMIC ACID; PROLINE; ASPARTIC ACID; ISOLEUCINE; ALANINE; GLYCINE; PHENYLALANINE; TRYPTOPHAN; VALINE","125 U/250 mL; 2.33 meq/250 mL; 1.05 g/250 mL; .3325 g/250 mL; .0385 g/250 mL; .21 g/250 mL; .3675 g/250 mL; .021 g/250 mL; .42 g/250 mL; 1.05 g/250 mL; .021875 g/250 mL; 25 g/250 mL; 1.225 g/250 mL; .2975 g/250 mL; .4375 g/250 mL; .595 g/250 mL; .28 g/250 mL; .7175 g/250 mL; .4725 g/250 mL; .315 g/250 mL; .42 g/250 mL; .175 g/250 mL; .6825 g/250 mL","72196-0429-1","250 mL in 1 BAG (72196-0429-1)","2021-2, 2022-2, 2022-1",""
"72196-0431","HUMAN COMPOUNDED DRUG","Trophamine 3.5%/Dextrose 10% and Heparin 125 units 250ml bag","SOLUTION","INTRAVENOUS","OUTSOURCING FACILITY COMPOUNDED HUMAN DRUG PRODUCT (EXEMPT FROM APPROVAL REQUIREMENTS)","Central Admixture Pharmacy Services, Inc.","HEPARIN SODIUM; LYSINE ACETATE; SERINE; TYROSINE; N-ACETYLTYROSINE; THREONINE; CYSTEINE HYDROCHLORIDE; HISTIDINE; ARGININE; TAURINE; DEXTROSE MONOHYDRATE; LEUCINE; METHIONINE; GLUTAMIC ACID; PROLINE; ASPARTIC ACID; ISOLEUCINE; ALANINE; GLYCINE; PHENYLALANINE; TRYPTOPHAN; VALINE","125 U/250 mL; 1.05 g/250 mL; .3325 g/250 mL; .0385 g/250 mL; .21 g/250 mL; .3675 g/250 mL; .021 g/250 mL; .42 g/250 mL; 1.05 g/250 mL; .021875 g/250 mL; 25 g/250 mL; 1.225 g/250 mL; .2975 g/250 mL; .4375 g/250 mL; .595 g/250 mL; .28 g/250 mL; .7175 g/250 mL; .4725 g/250 mL; .315 g/250 mL; .42 g/250 mL; .175 g/250 mL; .6825 g/250 mL","72196-0431-1","250 mL in 1 BAG (72196-0431-1)","2021-2, 2022-2, 2022-1",""
"72196-0431","HUMAN COMPOUNDED DRUG","Trophamine 3.5%/Dextrose 10% and Heparin 125 units 250ml bag","SOLUTION","INTRAVENOUS","OUTSOURCING FACILITY COMPOUNDED HUMAN DRUG PRODUCT (EXEMPT FROM APPROVAL REQUIREMENTS)","Central Admixture Pharmacy Services, Inc.","HEPARIN SODIUM; LYSINE ACETATE; SERINE; TYROSINE; N-ACETYLTYROSINE; THREONINE; CYSTEINE HYDROCHLORIDE; HISTIDINE; ARGININE; TAURINE; DEXTROSE MONOHYDRATE; LEUCINE; METHIONINE; GLUTAMIC ACID; PROLINE; ASPARTIC ACID; ISOLEUCINE; ALANINE; GLYCINE; PHENYLALANINE; TRYPTOPHAN; VALINE","125 U/250 mL; 1.05 g/250 mL; .3325 g/250 mL; .0385 g/250 mL; .21 g/250 mL; .3675 g/250 mL; .021 g/250 mL; .42 g/250 mL; 1.05 g/250 mL; .021875 g/250 mL; 25 g/250 mL; 1.225 g/250 mL; .2975 g/250 mL; .4375 g/250 mL; .595 g/250 mL; .28 g/250 mL; .7175 g/250 mL; .4725 g/250 mL; .315 g/250 mL; .42 g/250 mL; .175 g/250 mL; .6825 g/250 mL","72196-0431-1","250 mL in 1 BAG (72196-0431-1)","2021-2, 2022-2, 2022-1",""
"72196-0431","HUMAN COMPOUNDED DRUG","Trophamine 3.5%/Dextrose 10% and Heparin 125 units 250ml bag","SOLUTION","INTRAVENOUS","OUTSOURCING FACILITY COMPOUNDED HUMAN DRUG PRODUCT (EXEMPT FROM APPROVAL REQUIREMENTS)","Central Admixture Pharmacy Services, Inc.","HEPARIN SODIUM; LYSINE ACETATE; SERINE; TYROSINE; N-ACETYLTYROSINE; THREONINE; CYSTEINE HYDROCHLORIDE; HISTIDINE; ARGININE; TAURINE; DEXTROSE MONOHYDRATE; LEUCINE; METHIONINE; GLUTAMIC ACID; PROLINE; ASPARTIC ACID; ISOLEUCINE; ALANINE; GLYCINE; PHENYLALANINE; TRYPTOPHAN; VALINE","125 U/250 mL; 1.05 g/250 mL; .3325 g/250 mL; .0385 g/250 mL; .21 g/250 mL; .3675 g/250 mL; .021 g/250 mL; .42 g/250 mL; 1.05 g/250 mL; .021875 g/250 mL; 25 g/250 mL; 1.225 g/250 mL; .2975 g/250 mL; .4375 g/250 mL; .595 g/250 mL; .28 g/250 mL; .7175 g/250 mL; .4725 g/250 mL; .315 g/250 mL; .42 g/250 mL; .175 g/250 mL; .6825 g/250 mL","72196-0431-1","250 mL in 1 BAG (72196-0431-1)","2021-2, 2022-2, 2022-1",""
"72196-6009","HUMAN COMPOUNDED DRUG","Phenylephrine 100mcg/ml in NS","SOLUTION","INTRAVENOUS","OUTSOURCING FACILITY COMPOUNDED HUMAN DRUG PRODUCT (EXEMPT FROM APPROVAL REQUIREMENTS)","Central Admixture Pharmacy Services, Inc.","PHENYLEPHRINE HYDROCHLORIDE","100 ug/1 mL","72196-6009-1","10 mL in 1 SYRINGE (72196-6009-1)","2021-2, 2022-2, 2022-1",""
"72196-6009","HUMAN COMPOUNDED DRUG","Phenylephrine 100mcg/ml in NS","SOLUTION","INTRAVENOUS","OUTSOURCING FACILITY COMPOUNDED HUMAN DRUG PRODUCT (EXEMPT FROM APPROVAL REQUIREMENTS)","Central Admixture Pharmacy Services, Inc.","PHENYLEPHRINE HYDROCHLORIDE","100 ug/1 mL","72196-6009-1","10 mL in 1 SYRINGE (72196-6009-1)","2021-2, 2022-2, 2022-1",""
"72196-6009","HUMAN COMPOUNDED DRUG","Phenylephrine 100mcg/ml in NS","SOLUTION","INTRAVENOUS","OUTSOURCING FACILITY COMPOUNDED HUMAN DRUG PRODUCT (EXEMPT FROM APPROVAL REQUIREMENTS)","Central Admixture Pharmacy Services, Inc.","PHENYLEPHRINE HYDROCHLORIDE","100 ug/1 mL","72196-6009-1","10 mL in 1 SYRINGE (72196-6009-1)","2021-2, 2022-2, 2022-1",""
"72196-6010","HUMAN COMPOUNDED DRUG","Rocuronium 10mg/ml","SOLUTION","INTRAVENOUS","OUTSOURCING FACILITY COMPOUNDED HUMAN DRUG PRODUCT (EXEMPT FROM APPROVAL REQUIREMENTS)","Central Admixture Pharmacy Services, Inc.","ROCURONIUM BROMIDE","10 mg/1 mL","72196-6010-1","5 mL in 1 SYRINGE (72196-6010-1)","2021-2, 2022-2, 2022-1",""
"72196-6010","HUMAN COMPOUNDED DRUG","Rocuronium 10mg/ml","SOLUTION","INTRAVENOUS","OUTSOURCING FACILITY COMPOUNDED HUMAN DRUG PRODUCT (EXEMPT FROM APPROVAL REQUIREMENTS)","Central Admixture Pharmacy Services, Inc.","ROCURONIUM BROMIDE","10 mg/1 mL","72196-6010-1","5 mL in 1 SYRINGE (72196-6010-1)","2021-2, 2022-2, 2022-1",""
"72196-6010","HUMAN COMPOUNDED DRUG","Rocuronium 10mg/ml","SOLUTION","INTRAVENOUS","OUTSOURCING FACILITY COMPOUNDED HUMAN DRUG PRODUCT (EXEMPT FROM APPROVAL REQUIREMENTS)","Central Admixture Pharmacy Services, Inc.","ROCURONIUM BROMIDE","10 mg/1 mL","72196-6010-1","5 mL in 1 SYRINGE (72196-6010-1)","2021-2, 2022-2, 2022-1",""
"72196-6011","HUMAN COMPOUNDED DRUG","Succinylcholine 20mg/ml","SOLUTION","INTRAVENOUS","OUTSOURCING FACILITY COMPOUNDED HUMAN DRUG PRODUCT (EXEMPT FROM APPROVAL REQUIREMENTS)","Central Admixture Pharmacy Services, Inc.","SUCCINYLCHOLINE CHLORIDE","20 mg/1 mL","72196-6011-1","5 mL in 1 SYRINGE (72196-6011-1)","2021-2, 2022-2, 2022-1",""
"72196-6011","HUMAN COMPOUNDED DRUG","Succinylcholine 20mg/ml","SOLUTION","INTRAVENOUS","OUTSOURCING FACILITY COMPOUNDED HUMAN DRUG PRODUCT (EXEMPT FROM APPROVAL REQUIREMENTS)","Central Admixture Pharmacy Services, Inc.","SUCCINYLCHOLINE CHLORIDE","20 mg/1 mL","72196-6011-1","5 mL in 1 SYRINGE (72196-6011-1)","2021-2, 2022-2, 2022-1",""
"72196-6011","HUMAN COMPOUNDED DRUG","Succinylcholine 20mg/ml","SOLUTION","INTRAVENOUS","OUTSOURCING FACILITY COMPOUNDED HUMAN DRUG PRODUCT (EXEMPT FROM APPROVAL REQUIREMENTS)","Central Admixture Pharmacy Services, Inc.","SUCCINYLCHOLINE CHLORIDE","20 mg/1 mL","72196-6011-1","5 mL in 1 SYRINGE (72196-6011-1)","2021-2, 2022-2, 2022-1",""
"72196-6011","HUMAN COMPOUNDED DRUG","Succinylcholine 20mg/ml","SOLUTION","INTRAVENOUS","OUTSOURCING FACILITY COMPOUNDED HUMAN DRUG PRODUCT (EXEMPT FROM APPROVAL REQUIREMENTS)","Central Admixture Pharmacy Services, Inc.","SUCCINYLCHOLINE CHLORIDE","20 mg/1 mL","72196-6011-2","10 mL in 1 SYRINGE (72196-6011-2)","2021-2, 2022-2, 2022-1",""
"72196-6011","HUMAN COMPOUNDED DRUG","Succinylcholine 20mg/ml","SOLUTION","INTRAVENOUS","OUTSOURCING FACILITY COMPOUNDED HUMAN DRUG PRODUCT (EXEMPT FROM APPROVAL REQUIREMENTS)","Central Admixture Pharmacy Services, Inc.","SUCCINYLCHOLINE CHLORIDE","20 mg/1 mL","72196-6011-2","10 mL in 1 SYRINGE (72196-6011-2)","2021-2, 2022-2, 2022-1",""
"72196-6011","HUMAN COMPOUNDED DRUG","Succinylcholine 20mg/ml","SOLUTION","INTRAVENOUS","OUTSOURCING FACILITY COMPOUNDED HUMAN DRUG PRODUCT (EXEMPT FROM APPROVAL REQUIREMENTS)","Central Admixture Pharmacy Services, Inc.","SUCCINYLCHOLINE CHLORIDE","20 mg/1 mL","72196-6011-2","10 mL in 1 SYRINGE (72196-6011-2)","2021-2, 2022-2, 2022-1",""
"72196-6018","HUMAN COMPOUNDED DRUG","Calcium Gluconate 1gm added to 50ml D5W","SOLUTION","INTRAVENOUS","OUTSOURCING FACILITY COMPOUNDED HUMAN DRUG PRODUCT (EXEMPT FROM APPROVAL REQUIREMENTS)","Central Admixture Pharmacy Services, Inc.","CALCIUM GLUCONATE","1 g/50 mL","72196-6018-1","50 mL in 1 BAG (72196-6018-1)","2021-2, 2022-1",""
"72196-6018","HUMAN COMPOUNDED DRUG","Calcium Gluconate 1gm added to 50ml D5W","SOLUTION","INTRAVENOUS","OUTSOURCING FACILITY COMPOUNDED HUMAN DRUG PRODUCT (EXEMPT FROM APPROVAL REQUIREMENTS)","Central Admixture Pharmacy Services, Inc.","CALCIUM GLUCONATE","1 g/50 mL","72196-6018-1","50 mL in 1 BAG (72196-6018-1)","2021-2, 2022-1",""
"72196-6019","HUMAN COMPOUNDED DRUG","Calcium Gluconate 2gm added to 50ml NS","SOLUTION","INTRAVENOUS","OUTSOURCING FACILITY COMPOUNDED HUMAN DRUG PRODUCT (EXEMPT FROM APPROVAL REQUIREMENTS)","Central Admixture Pharmacy Services, Inc.","CALCIUM GLUCONATE","2 g/50 mL","72196-6019-1","50 mL in 1 BAG (72196-6019-1)","2021-2, 2022-1",""
"72196-6019","HUMAN COMPOUNDED DRUG","Calcium Gluconate 2gm added to 50ml NS","SOLUTION","INTRAVENOUS","OUTSOURCING FACILITY COMPOUNDED HUMAN DRUG PRODUCT (EXEMPT FROM APPROVAL REQUIREMENTS)","Central Admixture Pharmacy Services, Inc.","CALCIUM GLUCONATE","2 g/50 mL","72196-6019-1","50 mL in 1 BAG (72196-6019-1)","2021-2, 2022-1",""
"72196-6031","HUMAN COMPOUNDED DRUG","Oxytocin 20units added to D5LR","SOLUTION","INTRAVENOUS","OUTSOURCING FACILITY COMPOUNDED HUMAN DRUG PRODUCT (EXEMPT FROM APPROVAL REQUIREMENTS)","Central Admixture Pharmacy Services, Inc.","OXYTOCIN","20 [USP'U]/1000 mL","72196-6031-1","1000 mL in 1 BAG (72196-6031-1)","2021-2, 2022-2, 2022-1",""
"72196-6031","HUMAN COMPOUNDED DRUG","Oxytocin 20units added to D5LR","SOLUTION","INTRAVENOUS","OUTSOURCING FACILITY COMPOUNDED HUMAN DRUG PRODUCT (EXEMPT FROM APPROVAL REQUIREMENTS)","Central Admixture Pharmacy Services, Inc.","OXYTOCIN","20 [USP'U]/1000 mL","72196-6031-1","1000 mL in 1 BAG (72196-6031-1)","2021-2, 2022-2, 2022-1",""
"72196-6031","HUMAN COMPOUNDED DRUG","Oxytocin 20units added to D5LR","SOLUTION","INTRAVENOUS","OUTSOURCING FACILITY COMPOUNDED HUMAN DRUG PRODUCT (EXEMPT FROM APPROVAL REQUIREMENTS)","Central Admixture Pharmacy Services, Inc.","OXYTOCIN","20 [USP'U]/1000 mL","72196-6031-1","1000 mL in 1 BAG (72196-6031-1)","2021-2, 2022-2, 2022-1",""
"72196-6036","HUMAN COMPOUNDED DRUG","Oxytocin 10units added to LR","SOLUTION","INTRAVENOUS","OUTSOURCING FACILITY COMPOUNDED HUMAN DRUG PRODUCT (EXEMPT FROM APPROVAL REQUIREMENTS)","Central Admixture Pharmacy Services, Inc.","OXYTOCIN","10 [USP'U]/500 mL","72196-6036-1","500 mL in 1 BAG (72196-6036-1)","2021-2, 2022-2, 2022-1",""
"72196-6036","HUMAN COMPOUNDED DRUG","Oxytocin 10units added to LR","SOLUTION","INTRAVENOUS","OUTSOURCING FACILITY COMPOUNDED HUMAN DRUG PRODUCT (EXEMPT FROM APPROVAL REQUIREMENTS)","Central Admixture Pharmacy Services, Inc.","OXYTOCIN","10 [USP'U]/500 mL","72196-6036-1","500 mL in 1 BAG (72196-6036-1)","2021-2, 2022-2, 2022-1",""
"72196-6036","HUMAN COMPOUNDED DRUG","Oxytocin 10units added to LR","SOLUTION","INTRAVENOUS","OUTSOURCING FACILITY COMPOUNDED HUMAN DRUG PRODUCT (EXEMPT FROM APPROVAL REQUIREMENTS)","Central Admixture Pharmacy Services, Inc.","OXYTOCIN","10 [USP'U]/500 mL","72196-6036-1","500 mL in 1 BAG (72196-6036-1)","2021-2, 2022-2, 2022-1",""
"72196-6037","HUMAN COMPOUNDED DRUG","Oxytocin 15units added to LR","SOLUTION","INTRAVENOUS","OUTSOURCING FACILITY COMPOUNDED HUMAN DRUG PRODUCT (EXEMPT FROM APPROVAL REQUIREMENTS)","Central Admixture Pharmacy Services, Inc.","OXYTOCIN","15 [USP'U]/250 mL","72196-6037-1","250 mL in 1 BAG (72196-6037-1)","2021-2, 2022-2, 2022-1",""
"72196-6037","HUMAN COMPOUNDED DRUG","Oxytocin 15units added to LR","SOLUTION","INTRAVENOUS","OUTSOURCING FACILITY COMPOUNDED HUMAN DRUG PRODUCT (EXEMPT FROM APPROVAL REQUIREMENTS)","Central Admixture Pharmacy Services, Inc.","OXYTOCIN","15 [USP'U]/250 mL","72196-6037-1","250 mL in 1 BAG (72196-6037-1)","2021-2, 2022-2, 2022-1",""
"72196-6037","HUMAN COMPOUNDED DRUG","Oxytocin 15units added to LR","SOLUTION","INTRAVENOUS","OUTSOURCING FACILITY COMPOUNDED HUMAN DRUG PRODUCT (EXEMPT FROM APPROVAL REQUIREMENTS)","Central Admixture Pharmacy Services, Inc.","OXYTOCIN","15 [USP'U]/250 mL","72196-6037-1","250 mL in 1 BAG (72196-6037-1)","2021-2, 2022-2, 2022-1",""
"72196-6038","HUMAN COMPOUNDED DRUG","Oxytocin 20units added to LR","SOLUTION","INTRAVENOUS","OUTSOURCING FACILITY COMPOUNDED HUMAN DRUG PRODUCT (EXEMPT FROM APPROVAL REQUIREMENTS)","Central Admixture Pharmacy Services, Inc.","OXYTOCIN","20 [USP'U]/1000 mL","72196-6038-1","1000 mL in 1 BAG (72196-6038-1)","2021-2, 2022-2, 2022-1",""
"72196-6038","HUMAN COMPOUNDED DRUG","Oxytocin 20units added to LR","SOLUTION","INTRAVENOUS","OUTSOURCING FACILITY COMPOUNDED HUMAN DRUG PRODUCT (EXEMPT FROM APPROVAL REQUIREMENTS)","Central Admixture Pharmacy Services, Inc.","OXYTOCIN","20 [USP'U]/1000 mL","72196-6038-1","1000 mL in 1 BAG (72196-6038-1)","2021-2, 2022-2, 2022-1",""
"72196-6038","HUMAN COMPOUNDED DRUG","Oxytocin 20units added to LR","SOLUTION","INTRAVENOUS","OUTSOURCING FACILITY COMPOUNDED HUMAN DRUG PRODUCT (EXEMPT FROM APPROVAL REQUIREMENTS)","Central Admixture Pharmacy Services, Inc.","OXYTOCIN","20 [USP'U]/1000 mL","72196-6038-1","1000 mL in 1 BAG (72196-6038-1)","2021-2, 2022-2, 2022-1",""
"72196-6039","HUMAN COMPOUNDED DRUG","Oxytocin 30units added to LR","SOLUTION","INTRAVENOUS","OUTSOURCING FACILITY COMPOUNDED HUMAN DRUG PRODUCT (EXEMPT FROM APPROVAL REQUIREMENTS)","Central Admixture Pharmacy Services, Inc.","OXYTOCIN","30 [USP'U]/500 mL","72196-6039-1","500 mL in 1 BAG (72196-6039-1)","2021-2, 2022-2, 2022-1",""
"72196-6039","HUMAN COMPOUNDED DRUG","Oxytocin 30units added to LR","SOLUTION","INTRAVENOUS","OUTSOURCING FACILITY COMPOUNDED HUMAN DRUG PRODUCT (EXEMPT FROM APPROVAL REQUIREMENTS)","Central Admixture Pharmacy Services, Inc.","OXYTOCIN","30 [USP'U]/500 mL","72196-6039-1","500 mL in 1 BAG (72196-6039-1)","2021-2, 2022-2, 2022-1",""
"72196-6039","HUMAN COMPOUNDED DRUG","Oxytocin 30units added to LR","SOLUTION","INTRAVENOUS","OUTSOURCING FACILITY COMPOUNDED HUMAN DRUG PRODUCT (EXEMPT FROM APPROVAL REQUIREMENTS)","Central Admixture Pharmacy Services, Inc.","OXYTOCIN","30 [USP'U]/500 mL","72196-6039-1","500 mL in 1 BAG (72196-6039-1)","2021-2, 2022-2, 2022-1",""
"72196-6042","HUMAN COMPOUNDED DRUG","Oxytocin 15units added to NS","SOLUTION","INTRAVENOUS","OUTSOURCING FACILITY COMPOUNDED HUMAN DRUG PRODUCT (EXEMPT FROM APPROVAL REQUIREMENTS)","Central Admixture Pharmacy Services, Inc.","OXYTOCIN","15 [USP'U]/250 mL","72196-6042-1","250 mL in 1 BAG (72196-6042-1)","2021-2, 2022-2, 2022-1",""
"72196-6042","HUMAN COMPOUNDED DRUG","Oxytocin 15units added to NS","SOLUTION","INTRAVENOUS","OUTSOURCING FACILITY COMPOUNDED HUMAN DRUG PRODUCT (EXEMPT FROM APPROVAL REQUIREMENTS)","Central Admixture Pharmacy Services, Inc.","OXYTOCIN","15 [USP'U]/250 mL","72196-6042-1","250 mL in 1 BAG (72196-6042-1)","2021-2, 2022-2, 2022-1",""
"72196-6042","HUMAN COMPOUNDED DRUG","Oxytocin 15units added to NS","SOLUTION","INTRAVENOUS","OUTSOURCING FACILITY COMPOUNDED HUMAN DRUG PRODUCT (EXEMPT FROM APPROVAL REQUIREMENTS)","Central Admixture Pharmacy Services, Inc.","OXYTOCIN","15 [USP'U]/250 mL","72196-6042-1","250 mL in 1 BAG (72196-6042-1)","2021-2, 2022-2, 2022-1",""
"72196-6043","HUMAN COMPOUNDED DRUG","Oxytocin 20units added to NS","SOLUTION","INTRAVENOUS","OUTSOURCING FACILITY COMPOUNDED HUMAN DRUG PRODUCT (EXEMPT FROM APPROVAL REQUIREMENTS)","Central Admixture Pharmacy Services, Inc.","OXYTOCIN","20 [USP'U]/1000 mL","72196-6043-1","1000 mL in 1 BAG (72196-6043-1)","2021-2, 2022-2, 2022-1",""
"72196-6043","HUMAN COMPOUNDED DRUG","Oxytocin 20units added to NS","SOLUTION","INTRAVENOUS","OUTSOURCING FACILITY COMPOUNDED HUMAN DRUG PRODUCT (EXEMPT FROM APPROVAL REQUIREMENTS)","Central Admixture Pharmacy Services, Inc.","OXYTOCIN","20 [USP'U]/1000 mL","72196-6043-1","1000 mL in 1 BAG (72196-6043-1)","2021-2, 2022-2, 2022-1",""
"72196-6043","HUMAN COMPOUNDED DRUG","Oxytocin 20units added to NS","SOLUTION","INTRAVENOUS","OUTSOURCING FACILITY COMPOUNDED HUMAN DRUG PRODUCT (EXEMPT FROM APPROVAL REQUIREMENTS)","Central Admixture Pharmacy Services, Inc.","OXYTOCIN","20 [USP'U]/1000 mL","72196-6043-1","1000 mL in 1 BAG (72196-6043-1)","2021-2, 2022-2, 2022-1",""
"72196-6044","HUMAN COMPOUNDED DRUG","Oxytocin 30units added to NS","SOLUTION","INTRAVENOUS","OUTSOURCING FACILITY COMPOUNDED HUMAN DRUG PRODUCT (EXEMPT FROM APPROVAL REQUIREMENTS)","Central Admixture Pharmacy Services, Inc.","OXYTOCIN","30 [USP'U]/500 mL","72196-6044-1","500 mL in 1 BAG (72196-6044-1)","2021-2, 2022-2, 2022-1",""
"72196-6044","HUMAN COMPOUNDED DRUG","Oxytocin 30units added to NS","SOLUTION","INTRAVENOUS","OUTSOURCING FACILITY COMPOUNDED HUMAN DRUG PRODUCT (EXEMPT FROM APPROVAL REQUIREMENTS)","Central Admixture Pharmacy Services, Inc.","OXYTOCIN","30 [USP'U]/500 mL","72196-6044-1","500 mL in 1 BAG (72196-6044-1)","2021-2, 2022-2, 2022-1",""
"72196-6044","HUMAN COMPOUNDED DRUG","Oxytocin 30units added to NS","SOLUTION","INTRAVENOUS","OUTSOURCING FACILITY COMPOUNDED HUMAN DRUG PRODUCT (EXEMPT FROM APPROVAL REQUIREMENTS)","Central Admixture Pharmacy Services, Inc.","OXYTOCIN","30 [USP'U]/500 mL","72196-6044-1","500 mL in 1 BAG (72196-6044-1)","2021-2, 2022-2, 2022-1",""
"72196-6048","HUMAN COMPOUNDED DRUG","Magnesium Sulfate 2gm added to NS","SOLUTION","INTRAVENOUS","OUTSOURCING FACILITY COMPOUNDED HUMAN DRUG PRODUCT (EXEMPT FROM APPROVAL REQUIREMENTS)","Central Admixture Pharmacy Services, Inc.","MAGNESIUM SULFATE HEPTAHYDRATE","2 g/50 mL","72196-6048-1","50 mL in 1 BAG (72196-6048-1)","2021-2",""
"72196-6054","HUMAN COMPOUNDED DRUG","Diltiazem 125mg added to D5W","SOLUTION","INTRAVENOUS","OUTSOURCING FACILITY COMPOUNDED HUMAN DRUG PRODUCT (EXEMPT FROM APPROVAL REQUIREMENTS)","Central Admixture Pharmacy Services, Inc.","DILTIAZEM HYDROCHLORIDE","125 mg/125 mL","72196-6054-1","125 mL in 1 BAG (72196-6054-1)","2021-2, 2022-2, 2022-1",""
"72196-6054","HUMAN COMPOUNDED DRUG","Diltiazem 125mg added to D5W","SOLUTION","INTRAVENOUS","OUTSOURCING FACILITY COMPOUNDED HUMAN DRUG PRODUCT (EXEMPT FROM APPROVAL REQUIREMENTS)","Central Admixture Pharmacy Services, Inc.","DILTIAZEM HYDROCHLORIDE","125 mg/125 mL","72196-6054-1","125 mL in 1 BAG (72196-6054-1)","2021-2, 2022-2, 2022-1",""
"72196-6054","HUMAN COMPOUNDED DRUG","Diltiazem 125mg added to D5W","SOLUTION","INTRAVENOUS","OUTSOURCING FACILITY COMPOUNDED HUMAN DRUG PRODUCT (EXEMPT FROM APPROVAL REQUIREMENTS)","Central Admixture Pharmacy Services, Inc.","DILTIAZEM HYDROCHLORIDE","125 mg/125 mL","72196-6054-1","125 mL in 1 BAG (72196-6054-1)","2021-2, 2022-2, 2022-1",""
"72196-6055","HUMAN COMPOUNDED DRUG","Diltiazem 125mg added to NS","SOLUTION","INTRAVENOUS","OUTSOURCING FACILITY COMPOUNDED HUMAN DRUG PRODUCT (EXEMPT FROM APPROVAL REQUIREMENTS)","Central Admixture Pharmacy Services, Inc.","DILTIAZEM HYDROCHLORIDE","125 mg/125 mL","72196-6055-1","125 mL in 1 BAG (72196-6055-1)","2021-2, 2022-2, 2022-1",""
"72196-6055","HUMAN COMPOUNDED DRUG","Diltiazem 125mg added to NS","SOLUTION","INTRAVENOUS","OUTSOURCING FACILITY COMPOUNDED HUMAN DRUG PRODUCT (EXEMPT FROM APPROVAL REQUIREMENTS)","Central Admixture Pharmacy Services, Inc.","DILTIAZEM HYDROCHLORIDE","125 mg/125 mL","72196-6055-1","125 mL in 1 BAG (72196-6055-1)","2021-2, 2022-2, 2022-1",""
"72196-6055","HUMAN COMPOUNDED DRUG","Diltiazem 125mg added to NS","SOLUTION","INTRAVENOUS","OUTSOURCING FACILITY COMPOUNDED HUMAN DRUG PRODUCT (EXEMPT FROM APPROVAL REQUIREMENTS)","Central Admixture Pharmacy Services, Inc.","DILTIAZEM HYDROCHLORIDE","125 mg/125 mL","72196-6055-1","125 mL in 1 BAG (72196-6055-1)","2021-2, 2022-2, 2022-1",""
"72196-6056","HUMAN COMPOUNDED DRUG","Norepinephrine 4mg added to D5W","SOLUTION","INTRAVENOUS","OUTSOURCING FACILITY COMPOUNDED HUMAN DRUG PRODUCT (EXEMPT FROM APPROVAL REQUIREMENTS)","Central Admixture Pharmacy Services, Inc.","NOREPINEPHRINE BITARTRATE","4 mg/250 mL","72196-6056-1","250 mL in 1 BAG (72196-6056-1)","2021-2, 2022-2, 2022-1",""
"72196-6056","HUMAN COMPOUNDED DRUG","Norepinephrine 4mg added to D5W","SOLUTION","INTRAVENOUS","OUTSOURCING FACILITY COMPOUNDED HUMAN DRUG PRODUCT (EXEMPT FROM APPROVAL REQUIREMENTS)","Central Admixture Pharmacy Services, Inc.","NOREPINEPHRINE BITARTRATE","4 mg/250 mL","72196-6056-1","250 mL in 1 BAG (72196-6056-1)","2021-2, 2022-2, 2022-1",""
"72196-6056","HUMAN COMPOUNDED DRUG","Norepinephrine 4mg added to D5W","SOLUTION","INTRAVENOUS","OUTSOURCING FACILITY COMPOUNDED HUMAN DRUG PRODUCT (EXEMPT FROM APPROVAL REQUIREMENTS)","Central Admixture Pharmacy Services, Inc.","NOREPINEPHRINE BITARTRATE","4 mg/250 mL","72196-6056-1","250 mL in 1 BAG (72196-6056-1)","2021-2, 2022-2, 2022-1",""
"72196-6057","HUMAN COMPOUNDED DRUG","Norepinephrine 8mg added to D5W","SOLUTION","INTRAVENOUS","OUTSOURCING FACILITY COMPOUNDED HUMAN DRUG PRODUCT (EXEMPT FROM APPROVAL REQUIREMENTS)","Central Admixture Pharmacy Services, Inc.","NOREPINEPHRINE BITARTRATE","8 mg/250 mL","72196-6057-1","250 mL in 1 BAG (72196-6057-1)","2021-2, 2022-2, 2022-1",""
"72196-6057","HUMAN COMPOUNDED DRUG","Norepinephrine 8mg added to D5W","SOLUTION","INTRAVENOUS","OUTSOURCING FACILITY COMPOUNDED HUMAN DRUG PRODUCT (EXEMPT FROM APPROVAL REQUIREMENTS)","Central Admixture Pharmacy Services, Inc.","NOREPINEPHRINE BITARTRATE","8 mg/250 mL","72196-6057-1","250 mL in 1 BAG (72196-6057-1)","2021-2, 2022-2, 2022-1",""
"72196-6057","HUMAN COMPOUNDED DRUG","Norepinephrine 8mg added to D5W","SOLUTION","INTRAVENOUS","OUTSOURCING FACILITY COMPOUNDED HUMAN DRUG PRODUCT (EXEMPT FROM APPROVAL REQUIREMENTS)","Central Admixture Pharmacy Services, Inc.","NOREPINEPHRINE BITARTRATE","8 mg/250 mL","72196-6057-1","250 mL in 1 BAG (72196-6057-1)","2021-2, 2022-2, 2022-1",""
"72196-6058","HUMAN COMPOUNDED DRUG","Phenylephrine 10mg added to NS","SOLUTION","INTRAVENOUS","OUTSOURCING FACILITY COMPOUNDED HUMAN DRUG PRODUCT (EXEMPT FROM APPROVAL REQUIREMENTS)","Central Admixture Pharmacy Services, Inc.","PHENYLEPHRINE HYDROCHLORIDE","10 mg/250 mL","72196-6058-1","250 mL in 1 BAG (72196-6058-1)","2021-2, 2022-2, 2022-1",""
"72196-6058","HUMAN COMPOUNDED DRUG","Phenylephrine 10mg added to NS","SOLUTION","INTRAVENOUS","OUTSOURCING FACILITY COMPOUNDED HUMAN DRUG PRODUCT (EXEMPT FROM APPROVAL REQUIREMENTS)","Central Admixture Pharmacy Services, Inc.","PHENYLEPHRINE HYDROCHLORIDE","10 mg/250 mL","72196-6058-1","250 mL in 1 BAG (72196-6058-1)","2021-2, 2022-2, 2022-1",""
"72196-6058","HUMAN COMPOUNDED DRUG","Phenylephrine 10mg added to NS","SOLUTION","INTRAVENOUS","OUTSOURCING FACILITY COMPOUNDED HUMAN DRUG PRODUCT (EXEMPT FROM APPROVAL REQUIREMENTS)","Central Admixture Pharmacy Services, Inc.","PHENYLEPHRINE HYDROCHLORIDE","10 mg/250 mL","72196-6058-1","250 mL in 1 BAG (72196-6058-1)","2021-2, 2022-2, 2022-1",""
"72196-6060","HUMAN COMPOUNDED DRUG","Potassium Phosphate 15mmol added to NS","SOLUTION","INTRAVENOUS","OUTSOURCING FACILITY COMPOUNDED HUMAN DRUG PRODUCT (EXEMPT FROM APPROVAL REQUIREMENTS)","Central Admixture Pharmacy Services, Inc.","POTASSIUM PHOSPHATE, DIBASIC","15 mmol/250 mL","72196-6060-1","250 mL in 1 BAG (72196-6060-1)","2021-2, 2022-2, 2022-1",""
"72196-6060","HUMAN COMPOUNDED DRUG","Potassium Phosphate 15mmol added to NS","SOLUTION","INTRAVENOUS","OUTSOURCING FACILITY COMPOUNDED HUMAN DRUG PRODUCT (EXEMPT FROM APPROVAL REQUIREMENTS)","Central Admixture Pharmacy Services, Inc.","POTASSIUM PHOSPHATE, DIBASIC","15 mmol/250 mL","72196-6060-1","250 mL in 1 BAG (72196-6060-1)","2021-2, 2022-2, 2022-1",""
"72196-6060","HUMAN COMPOUNDED DRUG","Potassium Phosphate 15mmol added to NS","SOLUTION","INTRAVENOUS","OUTSOURCING FACILITY COMPOUNDED HUMAN DRUG PRODUCT (EXEMPT FROM APPROVAL REQUIREMENTS)","Central Admixture Pharmacy Services, Inc.","POTASSIUM PHOSPHATE, DIBASIC","15 mmol/250 mL","72196-6060-1","250 mL in 1 BAG (72196-6060-1)","2021-2, 2022-2, 2022-1",""
"72196-6064","HUMAN COMPOUNDED DRUG","Vancomycin 1gm added to NS","SOLUTION","INTRAVENOUS","OUTSOURCING FACILITY COMPOUNDED HUMAN DRUG PRODUCT (EXEMPT FROM APPROVAL REQUIREMENTS)","Central Admixture Pharmacy Services, Inc.","VANCOMYCIN HYDROCHLORIDE","1 g/250 mL","72196-6064-1","250 mL in 1 BAG (72196-6064-1)","2021-2, 2022-2, 2022-1",""
"72196-6064","HUMAN COMPOUNDED DRUG","Vancomycin 1gm added to NS","SOLUTION","INTRAVENOUS","OUTSOURCING FACILITY COMPOUNDED HUMAN DRUG PRODUCT (EXEMPT FROM APPROVAL REQUIREMENTS)","Central Admixture Pharmacy Services, Inc.","VANCOMYCIN HYDROCHLORIDE","1 g/250 mL","72196-6064-1","250 mL in 1 BAG (72196-6064-1)","2021-2, 2022-2, 2022-1",""
"72196-6064","HUMAN COMPOUNDED DRUG","Vancomycin 1gm added to NS","SOLUTION","INTRAVENOUS","OUTSOURCING FACILITY COMPOUNDED HUMAN DRUG PRODUCT (EXEMPT FROM APPROVAL REQUIREMENTS)","Central Admixture Pharmacy Services, Inc.","VANCOMYCIN HYDROCHLORIDE","1 g/250 mL","72196-6064-1","250 mL in 1 BAG (72196-6064-1)","2021-2, 2022-2, 2022-1",""
"72196-6065","HUMAN COMPOUNDED DRUG","Neostigmine 1mg/ml","SOLUTION","INTRAVENOUS","OUTSOURCING FACILITY COMPOUNDED HUMAN DRUG PRODUCT (EXEMPT FROM APPROVAL REQUIREMENTS)","Central Admixture Pharmacy Services, Inc.","NEOSTIGMINE METHYLSULFATE","1 mg/1 mL","72196-6065-1","5 mL in 1 SYRINGE (72196-6065-1)","2021-2, 2022-2, 2022-1",""
"72196-6065","HUMAN COMPOUNDED DRUG","Neostigmine 1mg/ml","SOLUTION","INTRAVENOUS","OUTSOURCING FACILITY COMPOUNDED HUMAN DRUG PRODUCT (EXEMPT FROM APPROVAL REQUIREMENTS)","Central Admixture Pharmacy Services, Inc.","NEOSTIGMINE METHYLSULFATE","1 mg/1 mL","72196-6065-1","5 mL in 1 SYRINGE (72196-6065-1)","2021-2, 2022-2, 2022-1",""
"72196-6065","HUMAN COMPOUNDED DRUG","Neostigmine 1mg/ml","SOLUTION","INTRAVENOUS","OUTSOURCING FACILITY COMPOUNDED HUMAN DRUG PRODUCT (EXEMPT FROM APPROVAL REQUIREMENTS)","Central Admixture Pharmacy Services, Inc.","NEOSTIGMINE METHYLSULFATE","1 mg/1 mL","72196-6065-1","5 mL in 1 SYRINGE (72196-6065-1)","2021-2, 2022-2, 2022-1",""
"72196-6071","HUMAN COMPOUNDED DRUG","Vancomycin 750mg added to NS","SOLUTION","INTRAVENOUS","OUTSOURCING FACILITY COMPOUNDED HUMAN DRUG PRODUCT (EXEMPT FROM APPROVAL REQUIREMENTS)","Central Admixture Pharmacy Services, Inc.","VANCOMYCIN HYDROCHLORIDE","750 mg/250 mL","72196-6071-1","250 mL in 1 BAG (72196-6071-1)","2021-2, 2022-2, 2022-1",""
"72196-6071","HUMAN COMPOUNDED DRUG","Vancomycin 750mg added to NS","SOLUTION","INTRAVENOUS","OUTSOURCING FACILITY COMPOUNDED HUMAN DRUG PRODUCT (EXEMPT FROM APPROVAL REQUIREMENTS)","Central Admixture Pharmacy Services, Inc.","VANCOMYCIN HYDROCHLORIDE","750 mg/250 mL","72196-6071-1","250 mL in 1 BAG (72196-6071-1)","2021-2, 2022-2, 2022-1",""
"72196-6071","HUMAN COMPOUNDED DRUG","Vancomycin 750mg added to NS","SOLUTION","INTRAVENOUS","OUTSOURCING FACILITY COMPOUNDED HUMAN DRUG PRODUCT (EXEMPT FROM APPROVAL REQUIREMENTS)","Central Admixture Pharmacy Services, Inc.","VANCOMYCIN HYDROCHLORIDE","750 mg/250 mL","72196-6071-1","250 mL in 1 BAG (72196-6071-1)","2021-2, 2022-2, 2022-1",""
"72196-6073","HUMAN COMPOUNDED DRUG","Vancomycin 1.25gm added to D5W","SOLUTION","INTRAVENOUS","OUTSOURCING FACILITY COMPOUNDED HUMAN DRUG PRODUCT (EXEMPT FROM APPROVAL REQUIREMENTS)","Central Admixture Pharmacy Services, Inc.","VANCOMYCIN HYDROCHLORIDE","1.25 g/250 mL","72196-6073-1","250 mL in 1 BAG (72196-6073-1)","2021-2, 2022-2, 2022-1",""
"72196-6073","HUMAN COMPOUNDED DRUG","Vancomycin 1.25gm added to D5W","SOLUTION","INTRAVENOUS","OUTSOURCING FACILITY COMPOUNDED HUMAN DRUG PRODUCT (EXEMPT FROM APPROVAL REQUIREMENTS)","Central Admixture Pharmacy Services, Inc.","VANCOMYCIN HYDROCHLORIDE","1.25 g/250 mL","72196-6073-1","250 mL in 1 BAG (72196-6073-1)","2021-2, 2022-2, 2022-1",""
"72196-6073","HUMAN COMPOUNDED DRUG","Vancomycin 1.25gm added to D5W","SOLUTION","INTRAVENOUS","OUTSOURCING FACILITY COMPOUNDED HUMAN DRUG PRODUCT (EXEMPT FROM APPROVAL REQUIREMENTS)","Central Admixture Pharmacy Services, Inc.","VANCOMYCIN HYDROCHLORIDE","1.25 g/250 mL","72196-6073-1","250 mL in 1 BAG (72196-6073-1)","2021-2, 2022-2, 2022-1",""
"72196-6074","HUMAN COMPOUNDED DRUG","Vancomycin 1.25gm added to NS","SOLUTION","INTRAVENOUS","OUTSOURCING FACILITY COMPOUNDED HUMAN DRUG PRODUCT (EXEMPT FROM APPROVAL REQUIREMENTS)","Central Admixture Pharmacy Services, Inc.","VANCOMYCIN HYDROCHLORIDE","1.25 g/250 mL","72196-6074-1","250 mL in 1 BAG (72196-6074-1)","2021-2, 2022-2, 2022-1",""
"72196-6074","HUMAN COMPOUNDED DRUG","Vancomycin 1.25gm added to NS","SOLUTION","INTRAVENOUS","OUTSOURCING FACILITY COMPOUNDED HUMAN DRUG PRODUCT (EXEMPT FROM APPROVAL REQUIREMENTS)","Central Admixture Pharmacy Services, Inc.","VANCOMYCIN HYDROCHLORIDE","1.25 g/250 mL","72196-6074-1","250 mL in 1 BAG (72196-6074-1)","2021-2, 2022-2, 2022-1",""
"72196-6074","HUMAN COMPOUNDED DRUG","Vancomycin 1.25gm added to NS","SOLUTION","INTRAVENOUS","OUTSOURCING FACILITY COMPOUNDED HUMAN DRUG PRODUCT (EXEMPT FROM APPROVAL REQUIREMENTS)","Central Admixture Pharmacy Services, Inc.","VANCOMYCIN HYDROCHLORIDE","1.25 g/250 mL","72196-6074-1","250 mL in 1 BAG (72196-6074-1)","2021-2, 2022-2, 2022-1",""
"72196-6075","HUMAN COMPOUNDED DRUG","Vancomycin 1.5gm added to D5W","SOLUTION","INTRAVENOUS","OUTSOURCING FACILITY COMPOUNDED HUMAN DRUG PRODUCT (EXEMPT FROM APPROVAL REQUIREMENTS)","Central Admixture Pharmacy Services, Inc.","VANCOMYCIN HYDROCHLORIDE","1.5 g/250 mL","72196-6075-1","250 mL in 1 BAG (72196-6075-1)","2021-2, 2022-2, 2022-1",""
"72196-6075","HUMAN COMPOUNDED DRUG","Vancomycin 1.5gm added to D5W","SOLUTION","INTRAVENOUS","OUTSOURCING FACILITY COMPOUNDED HUMAN DRUG PRODUCT (EXEMPT FROM APPROVAL REQUIREMENTS)","Central Admixture Pharmacy Services, Inc.","VANCOMYCIN HYDROCHLORIDE","1.5 g/250 mL","72196-6075-1","250 mL in 1 BAG (72196-6075-1)","2021-2, 2022-2, 2022-1",""
"72196-6075","HUMAN COMPOUNDED DRUG","Vancomycin 1.5gm added to D5W","SOLUTION","INTRAVENOUS","OUTSOURCING FACILITY COMPOUNDED HUMAN DRUG PRODUCT (EXEMPT FROM APPROVAL REQUIREMENTS)","Central Admixture Pharmacy Services, Inc.","VANCOMYCIN HYDROCHLORIDE","1.5 g/250 mL","72196-6075-1","250 mL in 1 BAG (72196-6075-1)","2021-2, 2022-2, 2022-1",""
"72196-6076","HUMAN COMPOUNDED DRUG","Vancomycin 1.5gm added to NS","SOLUTION","INTRAVENOUS","OUTSOURCING FACILITY COMPOUNDED HUMAN DRUG PRODUCT (EXEMPT FROM APPROVAL REQUIREMENTS)","Central Admixture Pharmacy Services, Inc.","VANCOMYCIN HYDROCHLORIDE","1.5 g/250 mL","72196-6076-1","250 mL in 1 BAG (72196-6076-1)","2021-2, 2022-2, 2022-1",""
"72196-6076","HUMAN COMPOUNDED DRUG","Vancomycin 1.5gm added to NS","SOLUTION","INTRAVENOUS","OUTSOURCING FACILITY COMPOUNDED HUMAN DRUG PRODUCT (EXEMPT FROM APPROVAL REQUIREMENTS)","Central Admixture Pharmacy Services, Inc.","VANCOMYCIN HYDROCHLORIDE","1.5 g/250 mL","72196-6076-1","250 mL in 1 BAG (72196-6076-1)","2021-2, 2022-2, 2022-1",""
"72196-6076","HUMAN COMPOUNDED DRUG","Vancomycin 1.5gm added to NS","SOLUTION","INTRAVENOUS","OUTSOURCING FACILITY COMPOUNDED HUMAN DRUG PRODUCT (EXEMPT FROM APPROVAL REQUIREMENTS)","Central Admixture Pharmacy Services, Inc.","VANCOMYCIN HYDROCHLORIDE","1.5 g/250 mL","72196-6076-1","250 mL in 1 BAG (72196-6076-1)","2021-2, 2022-2, 2022-1",""
"72196-6078","HUMAN COMPOUNDED DRUG","Vancomycin 2gm added to NS","SOLUTION","INTRAVENOUS","OUTSOURCING FACILITY COMPOUNDED HUMAN DRUG PRODUCT (EXEMPT FROM APPROVAL REQUIREMENTS)","Central Admixture Pharmacy Services, Inc.","VANCOMYCIN HYDROCHLORIDE","2 g/500 mL","72196-6078-1","500 mL in 1 BAG (72196-6078-1)","2021-2, 2022-2, 2022-1",""
"72196-6078","HUMAN COMPOUNDED DRUG","Vancomycin 2gm added to NS","SOLUTION","INTRAVENOUS","OUTSOURCING FACILITY COMPOUNDED HUMAN DRUG PRODUCT (EXEMPT FROM APPROVAL REQUIREMENTS)","Central Admixture Pharmacy Services, Inc.","VANCOMYCIN HYDROCHLORIDE","2 g/500 mL","72196-6078-1","500 mL in 1 BAG (72196-6078-1)","2021-2, 2022-2, 2022-1",""
"72196-6078","HUMAN COMPOUNDED DRUG","Vancomycin 2gm added to NS","SOLUTION","INTRAVENOUS","OUTSOURCING FACILITY COMPOUNDED HUMAN DRUG PRODUCT (EXEMPT FROM APPROVAL REQUIREMENTS)","Central Admixture Pharmacy Services, Inc.","VANCOMYCIN HYDROCHLORIDE","2 g/500 mL","72196-6078-1","500 mL in 1 BAG (72196-6078-1)","2021-2, 2022-2, 2022-1",""
"72196-6084","HUMAN COMPOUNDED DRUG","Glycopyrrolate 0.2mg/ml","SOLUTION","INTRAVENOUS","OUTSOURCING FACILITY COMPOUNDED HUMAN DRUG PRODUCT (EXEMPT FROM APPROVAL REQUIREMENTS)","Central Admixture Pharmacy Services, Inc.","GLYCOPYRROLATE",".2 mg/1 mL","72196-6084-1","5 mL in 1 SYRINGE (72196-6084-1)","2022-2, 2021-2, 2022-1",""
"72196-6084","HUMAN COMPOUNDED DRUG","Glycopyrrolate 0.2mg/ml","SOLUTION","INTRAVENOUS","OUTSOURCING FACILITY COMPOUNDED HUMAN DRUG PRODUCT (EXEMPT FROM APPROVAL REQUIREMENTS)","Central Admixture Pharmacy Services, Inc.","GLYCOPYRROLATE",".2 mg/1 mL","72196-6084-1","5 mL in 1 SYRINGE (72196-6084-1)","2022-2, 2021-2, 2022-1",""
"72196-6084","HUMAN COMPOUNDED DRUG","Glycopyrrolate 0.2mg/ml","SOLUTION","INTRAVENOUS","OUTSOURCING FACILITY COMPOUNDED HUMAN DRUG PRODUCT (EXEMPT FROM APPROVAL REQUIREMENTS)","Central Admixture Pharmacy Services, Inc.","GLYCOPYRROLATE",".2 mg/1 mL","72196-6084-1","5 mL in 1 SYRINGE (72196-6084-1)","2022-2, 2021-2, 2022-1",""
"72196-6092","HUMAN COMPOUNDED DRUG","Phenylephrine 40mg added to NS","SOLUTION","INTRAVENOUS","OUTSOURCING FACILITY COMPOUNDED HUMAN DRUG PRODUCT (EXEMPT FROM APPROVAL REQUIREMENTS)","Central Admixture Pharmacy Services, Inc.","PHENYLEPHRINE HYDROCHLORIDE","40 mg/250 mL","72196-6092-1","250 mL in 1 BAG (72196-6092-1)","2021-2, 2022-2, 2022-1",""
"72196-6092","HUMAN COMPOUNDED DRUG","Phenylephrine 40mg added to NS","SOLUTION","INTRAVENOUS","OUTSOURCING FACILITY COMPOUNDED HUMAN DRUG PRODUCT (EXEMPT FROM APPROVAL REQUIREMENTS)","Central Admixture Pharmacy Services, Inc.","PHENYLEPHRINE HYDROCHLORIDE","40 mg/250 mL","72196-6092-1","250 mL in 1 BAG (72196-6092-1)","2021-2, 2022-2, 2022-1",""
"72196-6092","HUMAN COMPOUNDED DRUG","Phenylephrine 40mg added to NS","SOLUTION","INTRAVENOUS","OUTSOURCING FACILITY COMPOUNDED HUMAN DRUG PRODUCT (EXEMPT FROM APPROVAL REQUIREMENTS)","Central Admixture Pharmacy Services, Inc.","PHENYLEPHRINE HYDROCHLORIDE","40 mg/250 mL","72196-6092-1","250 mL in 1 BAG (72196-6092-1)","2021-2, 2022-2, 2022-1",""
"72196-6117","HUMAN COMPOUNDED DRUG","Calcium Gluconate 1gm added to 100ml NS","SOLUTION","INTRAVENOUS","OUTSOURCING FACILITY COMPOUNDED HUMAN DRUG PRODUCT (EXEMPT FROM APPROVAL REQUIREMENTS)","Central Admixture Pharmacy Services, Inc.","CALCIUM GLUCONATE","1 g/100 mL","72196-6117-1","100 mL in 1 BAG (72196-6117-1)","2021-2",""
"72196-6118","HUMAN COMPOUNDED DRUG","Calcium Gluconate 1gm added to 100ml D5W","SOLUTION","INTRAVENOUS","OUTSOURCING FACILITY COMPOUNDED HUMAN DRUG PRODUCT (EXEMPT FROM APPROVAL REQUIREMENTS)","Central Admixture Pharmacy Services, Inc.","CALCIUM GLUCONATE","1 g/100 mL","72196-6118-1","100 mL in 1 BAG (72196-6118-1)","2021-2, 2022-1",""
"72196-6118","HUMAN COMPOUNDED DRUG","Calcium Gluconate 1gm added to 100ml D5W","SOLUTION","INTRAVENOUS","OUTSOURCING FACILITY COMPOUNDED HUMAN DRUG PRODUCT (EXEMPT FROM APPROVAL REQUIREMENTS)","Central Admixture Pharmacy Services, Inc.","CALCIUM GLUCONATE","1 g/100 mL","72196-6118-1","100 mL in 1 BAG (72196-6118-1)","2021-2, 2022-1",""
"72196-6147","HUMAN COMPOUNDED DRUG","Magnesium Sulfate 2gm added to D5W","SOLUTION","INTRAVENOUS","OUTSOURCING FACILITY COMPOUNDED HUMAN DRUG PRODUCT (EXEMPT FROM APPROVAL REQUIREMENTS)","Central Admixture Pharmacy Services, Inc.","MAGNESIUM SULFATE HEPTAHYDRATE","2 g/100 mL","72196-6147-1","100 mL in 1 BAG (72196-6147-1)","2021-2, 2022-1",""
"72196-6147","HUMAN COMPOUNDED DRUG","Magnesium Sulfate 2gm added to D5W","SOLUTION","INTRAVENOUS","OUTSOURCING FACILITY COMPOUNDED HUMAN DRUG PRODUCT (EXEMPT FROM APPROVAL REQUIREMENTS)","Central Admixture Pharmacy Services, Inc.","MAGNESIUM SULFATE HEPTAHYDRATE","2 g/100 mL","72196-6147-1","100 mL in 1 BAG (72196-6147-1)","2021-2, 2022-1",""
"72196-6148","HUMAN COMPOUNDED DRUG","Magnesium Sulfate 2gm added to NS","SOLUTION","INTRAVENOUS","OUTSOURCING FACILITY COMPOUNDED HUMAN DRUG PRODUCT (EXEMPT FROM APPROVAL REQUIREMENTS)","Central Admixture Pharmacy Services, Inc.","MAGNESIUM SULFATE HEPTAHYDRATE","2 g/100 mL","72196-6148-1","100 mL in 1 BAG (72196-6148-1)","2021-2, 2022-1",""
"72196-6148","HUMAN COMPOUNDED DRUG","Magnesium Sulfate 2gm added to NS","SOLUTION","INTRAVENOUS","OUTSOURCING FACILITY COMPOUNDED HUMAN DRUG PRODUCT (EXEMPT FROM APPROVAL REQUIREMENTS)","Central Admixture Pharmacy Services, Inc.","MAGNESIUM SULFATE HEPTAHYDRATE","2 g/100 mL","72196-6148-1","100 mL in 1 BAG (72196-6148-1)","2021-2, 2022-1",""
"72196-6176","HUMAN COMPOUNDED DRUG","Vancomycin 1.5gm added to NS","SOLUTION","INTRAVENOUS","OUTSOURCING FACILITY COMPOUNDED HUMAN DRUG PRODUCT (EXEMPT FROM APPROVAL REQUIREMENTS)","Central Admixture Pharmacy Services, Inc.","VANCOMYCIN HYDROCHLORIDE","1.5 g/500 mL","72196-6176-1","500 mL in 1 BAG (72196-6176-1)","2021-2, 2022-2, 2022-1",""
"72196-6176","HUMAN COMPOUNDED DRUG","Vancomycin 1.5gm added to NS","SOLUTION","INTRAVENOUS","OUTSOURCING FACILITY COMPOUNDED HUMAN DRUG PRODUCT (EXEMPT FROM APPROVAL REQUIREMENTS)","Central Admixture Pharmacy Services, Inc.","VANCOMYCIN HYDROCHLORIDE","1.5 g/500 mL","72196-6176-1","500 mL in 1 BAG (72196-6176-1)","2021-2, 2022-2, 2022-1",""
"72196-6176","HUMAN COMPOUNDED DRUG","Vancomycin 1.5gm added to NS","SOLUTION","INTRAVENOUS","OUTSOURCING FACILITY COMPOUNDED HUMAN DRUG PRODUCT (EXEMPT FROM APPROVAL REQUIREMENTS)","Central Admixture Pharmacy Services, Inc.","VANCOMYCIN HYDROCHLORIDE","1.5 g/500 mL","72196-6176-1","500 mL in 1 BAG (72196-6176-1)","2021-2, 2022-2, 2022-1",""
"72196-7018","HUMAN COMPOUNDED DRUG","Epinephrine 4mg added to D5W","SOLUTION","INTRAVENOUS","OUTSOURCING FACILITY COMPOUNDED HUMAN DRUG PRODUCT (EXEMPT FROM APPROVAL REQUIREMENTS)","Central Admixture Pharmacy Services, Inc.","EPINEPHRINE","4 mg/250 mL","72196-7018-1","250 mL in 1 BAG (72196-7018-1)","2021-2, 2022-2, 2022-1",""
"72196-7018","HUMAN COMPOUNDED DRUG","Epinephrine 4mg added to D5W","SOLUTION","INTRAVENOUS","OUTSOURCING FACILITY COMPOUNDED HUMAN DRUG PRODUCT (EXEMPT FROM APPROVAL REQUIREMENTS)","Central Admixture Pharmacy Services, Inc.","EPINEPHRINE","4 mg/250 mL","72196-7018-1","250 mL in 1 BAG (72196-7018-1)","2021-2, 2022-2, 2022-1",""
"72196-7018","HUMAN COMPOUNDED DRUG","Epinephrine 4mg added to D5W","SOLUTION","INTRAVENOUS","OUTSOURCING FACILITY COMPOUNDED HUMAN DRUG PRODUCT (EXEMPT FROM APPROVAL REQUIREMENTS)","Central Admixture Pharmacy Services, Inc.","EPINEPHRINE","4 mg/250 mL","72196-7018-1","250 mL in 1 BAG (72196-7018-1)","2021-2, 2022-2, 2022-1",""
"72196-7019","HUMAN COMPOUNDED DRUG","Epinephrine 8mg added to D5W","SOLUTION","INTRAVENOUS","OUTSOURCING FACILITY COMPOUNDED HUMAN DRUG PRODUCT (EXEMPT FROM APPROVAL REQUIREMENTS)","Central Admixture Pharmacy Services, Inc.","EPINEPHRINE","8 mg/250 mL","72196-7019-1","250 mL in 1 BAG (72196-7019-1)","2021-2, 2022-2, 2022-1",""
"72196-7019","HUMAN COMPOUNDED DRUG","Epinephrine 8mg added to D5W","SOLUTION","INTRAVENOUS","OUTSOURCING FACILITY COMPOUNDED HUMAN DRUG PRODUCT (EXEMPT FROM APPROVAL REQUIREMENTS)","Central Admixture Pharmacy Services, Inc.","EPINEPHRINE","8 mg/250 mL","72196-7019-1","250 mL in 1 BAG (72196-7019-1)","2021-2, 2022-2, 2022-1",""
"72196-7019","HUMAN COMPOUNDED DRUG","Epinephrine 8mg added to D5W","SOLUTION","INTRAVENOUS","OUTSOURCING FACILITY COMPOUNDED HUMAN DRUG PRODUCT (EXEMPT FROM APPROVAL REQUIREMENTS)","Central Admixture Pharmacy Services, Inc.","EPINEPHRINE","8 mg/250 mL","72196-7019-1","250 mL in 1 BAG (72196-7019-1)","2021-2, 2022-2, 2022-1",""
"72196-7022","HUMAN COMPOUNDED DRUG","Heparin 4000units added to NS","SOLUTION","INTRAVENOUS","OUTSOURCING FACILITY COMPOUNDED HUMAN DRUG PRODUCT (EXEMPT FROM APPROVAL REQUIREMENTS)","Central Admixture Pharmacy Services, Inc.","HEPARIN SODIUM","4000 U/1000 mL","72196-7022-1","1000 mL in 1 BAG (72196-7022-1)","2021-2, 2022-2, 2022-1",""
"72196-7022","HUMAN COMPOUNDED DRUG","Heparin 4000units added to NS","SOLUTION","INTRAVENOUS","OUTSOURCING FACILITY COMPOUNDED HUMAN DRUG PRODUCT (EXEMPT FROM APPROVAL REQUIREMENTS)","Central Admixture Pharmacy Services, Inc.","HEPARIN SODIUM","4000 U/1000 mL","72196-7022-1","1000 mL in 1 BAG (72196-7022-1)","2021-2, 2022-2, 2022-1",""
"72196-7022","HUMAN COMPOUNDED DRUG","Heparin 4000units added to NS","SOLUTION","INTRAVENOUS","OUTSOURCING FACILITY COMPOUNDED HUMAN DRUG PRODUCT (EXEMPT FROM APPROVAL REQUIREMENTS)","Central Admixture Pharmacy Services, Inc.","HEPARIN SODIUM","4000 U/1000 mL","72196-7022-1","1000 mL in 1 BAG (72196-7022-1)","2021-2, 2022-2, 2022-1",""
"72196-7023","HUMAN COMPOUNDED DRUG","Heparin 5000units added to NS","SOLUTION","INTRAVENOUS","OUTSOURCING FACILITY COMPOUNDED HUMAN DRUG PRODUCT (EXEMPT FROM APPROVAL REQUIREMENTS)","Central Admixture Pharmacy Services, Inc.","HEPARIN SODIUM","5000 U/500 mL","72196-7023-1","500 mL in 1 BAG (72196-7023-1)","2021-2, 2022-2, 2022-1",""
"72196-7023","HUMAN COMPOUNDED DRUG","Heparin 5000units added to NS","SOLUTION","INTRAVENOUS","OUTSOURCING FACILITY COMPOUNDED HUMAN DRUG PRODUCT (EXEMPT FROM APPROVAL REQUIREMENTS)","Central Admixture Pharmacy Services, Inc.","HEPARIN SODIUM","5000 U/500 mL","72196-7023-1","500 mL in 1 BAG (72196-7023-1)","2021-2, 2022-2, 2022-1",""
"72196-7023","HUMAN COMPOUNDED DRUG","Heparin 5000units added to NS","SOLUTION","INTRAVENOUS","OUTSOURCING FACILITY COMPOUNDED HUMAN DRUG PRODUCT (EXEMPT FROM APPROVAL REQUIREMENTS)","Central Admixture Pharmacy Services, Inc.","HEPARIN SODIUM","5000 U/500 mL","72196-7023-1","500 mL in 1 BAG (72196-7023-1)","2021-2, 2022-2, 2022-1",""
"72196-7025","HUMAN COMPOUNDED DRUG","Phenylephrine 20mg added to NS","SOLUTION","INTRAVENOUS","OUTSOURCING FACILITY COMPOUNDED HUMAN DRUG PRODUCT (EXEMPT FROM APPROVAL REQUIREMENTS)","Central Admixture Pharmacy Services, Inc.","PHENYLEPHRINE HYDROCHLORIDE","20 mg/250 mL","72196-7025-1","250 mL in 1 BAG (72196-7025-1)","2021-2, 2022-2, 2022-1",""
"72196-7025","HUMAN COMPOUNDED DRUG","Phenylephrine 20mg added to NS","SOLUTION","INTRAVENOUS","OUTSOURCING FACILITY COMPOUNDED HUMAN DRUG PRODUCT (EXEMPT FROM APPROVAL REQUIREMENTS)","Central Admixture Pharmacy Services, Inc.","PHENYLEPHRINE HYDROCHLORIDE","20 mg/250 mL","72196-7025-1","250 mL in 1 BAG (72196-7025-1)","2021-2, 2022-2, 2022-1",""
"72196-7025","HUMAN COMPOUNDED DRUG","Phenylephrine 20mg added to NS","SOLUTION","INTRAVENOUS","OUTSOURCING FACILITY COMPOUNDED HUMAN DRUG PRODUCT (EXEMPT FROM APPROVAL REQUIREMENTS)","Central Admixture Pharmacy Services, Inc.","PHENYLEPHRINE HYDROCHLORIDE","20 mg/250 mL","72196-7025-1","250 mL in 1 BAG (72196-7025-1)","2021-2, 2022-2, 2022-1",""
"72196-7060","HUMAN COMPOUNDED DRUG","Vancomycin 1.75gm added to NS","SOLUTION","INTRAVENOUS","OUTSOURCING FACILITY COMPOUNDED HUMAN DRUG PRODUCT (EXEMPT FROM APPROVAL REQUIREMENTS)","Central Admixture Pharmacy Services, Inc.","VANCOMYCIN HYDROCHLORIDE","1.75 g/500 mL","72196-7060-1","500 mL in 1 BAG (72196-7060-1)","2021-2, 2022-2, 2022-1",""
"72196-7060","HUMAN COMPOUNDED DRUG","Vancomycin 1.75gm added to NS","SOLUTION","INTRAVENOUS","OUTSOURCING FACILITY COMPOUNDED HUMAN DRUG PRODUCT (EXEMPT FROM APPROVAL REQUIREMENTS)","Central Admixture Pharmacy Services, Inc.","VANCOMYCIN HYDROCHLORIDE","1.75 g/500 mL","72196-7060-1","500 mL in 1 BAG (72196-7060-1)","2021-2, 2022-2, 2022-1",""
"72196-7060","HUMAN COMPOUNDED DRUG","Vancomycin 1.75gm added to NS","SOLUTION","INTRAVENOUS","OUTSOURCING FACILITY COMPOUNDED HUMAN DRUG PRODUCT (EXEMPT FROM APPROVAL REQUIREMENTS)","Central Admixture Pharmacy Services, Inc.","VANCOMYCIN HYDROCHLORIDE","1.75 g/500 mL","72196-7060-1","500 mL in 1 BAG (72196-7060-1)","2021-2, 2022-2, 2022-1",""
"72196-8035","HUMAN COMPOUNDED DRUG","Sodium Chloride 23.4% Compounded Solution","SOLUTION","INTRAVENOUS","OUTSOURCING FACILITY COMPOUNDED HUMAN DRUG PRODUCT (EXEMPT FROM APPROVAL REQUIREMENTS)","Central Admixture Pharmacy Services, Inc.","SODIUM CHLORIDE","117 g/500 mL","72196-8035-1","500 mL in 1 BAG (72196-8035-1)","2022-2, 2022-1",""
"72196-8035","HUMAN COMPOUNDED DRUG","Sodium Chloride 23.4% Compounded Solution","SOLUTION","INTRAVENOUS","OUTSOURCING FACILITY COMPOUNDED HUMAN DRUG PRODUCT (EXEMPT FROM APPROVAL REQUIREMENTS)","Central Admixture Pharmacy Services, Inc.","SODIUM CHLORIDE","117 g/500 mL","72196-8035-1","500 mL in 1 BAG (72196-8035-1)","2022-2, 2022-1",""
"72196-8069","HUMAN COMPOUNDED DRUG","Oxytocin 40units added to NS","SOLUTION","INTRAVENOUS","OUTSOURCING FACILITY COMPOUNDED HUMAN DRUG PRODUCT (EXEMPT FROM APPROVAL REQUIREMENTS)","Central Admixture Pharmacy Services, Inc.","OXYTOCIN","40 [USP'U]/1000 mL","72196-8069-1","1000 mL in 1 BAG (72196-8069-1)","2021-2, 2022-2, 2022-1",""
"72196-8069","HUMAN COMPOUNDED DRUG","Oxytocin 40units added to NS","SOLUTION","INTRAVENOUS","OUTSOURCING FACILITY COMPOUNDED HUMAN DRUG PRODUCT (EXEMPT FROM APPROVAL REQUIREMENTS)","Central Admixture Pharmacy Services, Inc.","OXYTOCIN","40 [USP'U]/1000 mL","72196-8069-1","1000 mL in 1 BAG (72196-8069-1)","2021-2, 2022-2, 2022-1",""
"72196-8069","HUMAN COMPOUNDED DRUG","Oxytocin 40units added to NS","SOLUTION","INTRAVENOUS","OUTSOURCING FACILITY COMPOUNDED HUMAN DRUG PRODUCT (EXEMPT FROM APPROVAL REQUIREMENTS)","Central Admixture Pharmacy Services, Inc.","OXYTOCIN","40 [USP'U]/1000 mL","72196-8069-1","1000 mL in 1 BAG (72196-8069-1)","2021-2, 2022-2, 2022-1",""
"72196-8093","HUMAN COMPOUNDED DRUG","Epinephrine 4mg added to NS","SOLUTION","INTRAVENOUS","OUTSOURCING FACILITY COMPOUNDED HUMAN DRUG PRODUCT (EXEMPT FROM APPROVAL REQUIREMENTS)","Central Admixture Pharmacy Services, Inc.","EPINEPHRINE","4 mg/250 mL","72196-8093-1","250 mL in 1 BAG (72196-8093-1)","2021-2, 2022-2, 2022-1",""
"72196-8093","HUMAN COMPOUNDED DRUG","Epinephrine 4mg added to NS","SOLUTION","INTRAVENOUS","OUTSOURCING FACILITY COMPOUNDED HUMAN DRUG PRODUCT (EXEMPT FROM APPROVAL REQUIREMENTS)","Central Admixture Pharmacy Services, Inc.","EPINEPHRINE","4 mg/250 mL","72196-8093-1","250 mL in 1 BAG (72196-8093-1)","2021-2, 2022-2, 2022-1",""
"72196-8093","HUMAN COMPOUNDED DRUG","Epinephrine 4mg added to NS","SOLUTION","INTRAVENOUS","OUTSOURCING FACILITY COMPOUNDED HUMAN DRUG PRODUCT (EXEMPT FROM APPROVAL REQUIREMENTS)","Central Admixture Pharmacy Services, Inc.","EPINEPHRINE","4 mg/250 mL","72196-8093-1","250 mL in 1 BAG (72196-8093-1)","2021-2, 2022-2, 2022-1",""
"72196-8096","HUMAN COMPOUNDED DRUG","Norepinephrine 8mg added to NS","SOLUTION","INTRAVENOUS","OUTSOURCING FACILITY COMPOUNDED HUMAN DRUG PRODUCT (EXEMPT FROM APPROVAL REQUIREMENTS)","Central Admixture Pharmacy Services, Inc.","NOREPINEPHRINE BITARTRATE","8 mg/250 mL","72196-8096-1","250 mL in 1 BAG (72196-8096-1)","2021-2, 2022-2, 2022-1",""
"72196-8096","HUMAN COMPOUNDED DRUG","Norepinephrine 8mg added to NS","SOLUTION","INTRAVENOUS","OUTSOURCING FACILITY COMPOUNDED HUMAN DRUG PRODUCT (EXEMPT FROM APPROVAL REQUIREMENTS)","Central Admixture Pharmacy Services, Inc.","NOREPINEPHRINE BITARTRATE","8 mg/250 mL","72196-8096-1","250 mL in 1 BAG (72196-8096-1)","2021-2, 2022-2, 2022-1",""
"72196-8096","HUMAN COMPOUNDED DRUG","Norepinephrine 8mg added to NS","SOLUTION","INTRAVENOUS","OUTSOURCING FACILITY COMPOUNDED HUMAN DRUG PRODUCT (EXEMPT FROM APPROVAL REQUIREMENTS)","Central Admixture Pharmacy Services, Inc.","NOREPINEPHRINE BITARTRATE","8 mg/250 mL","72196-8096-1","250 mL in 1 BAG (72196-8096-1)","2021-2, 2022-2, 2022-1",""
"72196-8097","HUMAN COMPOUNDED DRUG","Norepinephrine 4mg added to NS","SOLUTION","INTRAVENOUS","OUTSOURCING FACILITY COMPOUNDED HUMAN DRUG PRODUCT (EXEMPT FROM APPROVAL REQUIREMENTS)","Central Admixture Pharmacy Services, Inc.","NOREPINEPHRINE BITARTRATE","4 mg/250 mL","72196-8097-1","250 mL in 1 BAG (72196-8097-1)","2021-2, 2022-2, 2022-1",""
"72196-8097","HUMAN COMPOUNDED DRUG","Norepinephrine 4mg added to NS","SOLUTION","INTRAVENOUS","OUTSOURCING FACILITY COMPOUNDED HUMAN DRUG PRODUCT (EXEMPT FROM APPROVAL REQUIREMENTS)","Central Admixture Pharmacy Services, Inc.","NOREPINEPHRINE BITARTRATE","4 mg/250 mL","72196-8097-1","250 mL in 1 BAG (72196-8097-1)","2021-2, 2022-2, 2022-1",""
"72196-8097","HUMAN COMPOUNDED DRUG","Norepinephrine 4mg added to NS","SOLUTION","INTRAVENOUS","OUTSOURCING FACILITY COMPOUNDED HUMAN DRUG PRODUCT (EXEMPT FROM APPROVAL REQUIREMENTS)","Central Admixture Pharmacy Services, Inc.","NOREPINEPHRINE BITARTRATE","4 mg/250 mL","72196-8097-1","250 mL in 1 BAG (72196-8097-1)","2021-2, 2022-2, 2022-1",""
"72196-8100","HUMAN COMPOUNDED DRUG","Heparin 2500units added to NS","SOLUTION","INTRAVENOUS","OUTSOURCING FACILITY COMPOUNDED HUMAN DRUG PRODUCT (EXEMPT FROM APPROVAL REQUIREMENTS)","Central Admixture Pharmacy Services, Inc.","HEPARIN SODIUM","2500 U/500 mL","72196-8100-1","500 mL in 1 BAG (72196-8100-1)","2021-2, 2022-2, 2022-1",""
"72196-8100","HUMAN COMPOUNDED DRUG","Heparin 2500units added to NS","SOLUTION","INTRAVENOUS","OUTSOURCING FACILITY COMPOUNDED HUMAN DRUG PRODUCT (EXEMPT FROM APPROVAL REQUIREMENTS)","Central Admixture Pharmacy Services, Inc.","HEPARIN SODIUM","2500 U/500 mL","72196-8100-1","500 mL in 1 BAG (72196-8100-1)","2021-2, 2022-2, 2022-1",""
"72196-8100","HUMAN COMPOUNDED DRUG","Heparin 2500units added to NS","SOLUTION","INTRAVENOUS","OUTSOURCING FACILITY COMPOUNDED HUMAN DRUG PRODUCT (EXEMPT FROM APPROVAL REQUIREMENTS)","Central Admixture Pharmacy Services, Inc.","HEPARIN SODIUM","2500 U/500 mL","72196-8100-1","500 mL in 1 BAG (72196-8100-1)","2021-2, 2022-2, 2022-1",""
