rxcui_from,tty_from,rxcui_to,tty_to
1663184,SBDF,583218,SBD
1663184,SBDF,583214,SCD
1663181,SCDF,583218,SBD
1663181,SCDF,583214,SCD
367771,SBDF,211194,SBD
367771,SBDF,238154,SCD
367776,SBDF,211189,SBD
367776,SBDF,238154,SCD
374751,SCDF,211189,SBD
374751,SCDF,211194,SBD
374751,SCDF,238154,SCD
374751,SCDF,240093,SCD
1012394,SBDF,1012381,SBD
1012394,SBDF,1012388,SBD
1012394,SBDF,1012377,SCD
1012394,SBDF,1012384,SCD
1012399,SBDF,1012400,SBD
1012399,SBDF,1012406,SBD
1012399,SBDF,1012396,SCD
1012399,SBDF,1012404,SCD
1012416,SBDF,1012413,SBD
1012416,SBDF,1012417,SBD
1012416,SBDF,1012377,SCD
1012416,SBDF,1012384,SCD
1673141,SBDF,1673142,SBD
1673141,SBDF,1670365,SCD
1673146,SBDF,1673242,SBD
1673146,SBDF,1673243,SBD
1673146,SBDF,1867612,SBD
1673146,SBDF,1867614,SBD
1673146,SBDF,1672917,SCD
1673146,SBDF,1672919,SCD
1673146,SBDF,1867594,SCD
1673146,SBDF,1867596,SCD
1673295,SBDF,1012421,SBD
1673295,SBDF,1673296,SBD
1673295,SBDF,1673298,SBD
1673295,SBDF,1867618,SBD
1673295,SBDF,1867620,SBD
1673295,SBDF,1012391,SCD
1673295,SBDF,1672917,SCD
1673295,SBDF,1672919,SCD
1673295,SBDF,1867594,SCD
1673295,SBDF,1867596,SCD
1719661,SBDF,1012461,SBD
1719661,SBDF,1670365,SCD
1724791,SBDF,1724792,SBD
1724791,SBDF,1724794,SBD
1724791,SBDF,1724796,SBD
1724791,SBDF,1725044,SBD
1724791,SBDF,1725046,SBD
1724791,SBDF,1725079,SBD
1724791,SBDF,1725083,SBD
1724791,SBDF,1724784,SCD
1724791,SBDF,1724786,SCD
1724791,SBDF,1724787,SCD
1724791,SBDF,1724880,SCD
1724791,SBDF,1724884,SCD
1724791,SBDF,1725078,SCD
1724791,SBDF,1725082,SCD
1724806,SBDF,1724807,SBD
1724806,SBDF,1724809,SBD
1724806,SBDF,1724810,SBD
1724806,SBDF,1724881,SBD
1724806,SBDF,1724885,SBD
1724806,SBDF,1725175,SBD
1724806,SBDF,1725177,SBD
1724806,SBDF,1724784,SCD
1724806,SBDF,1724786,SCD
1724806,SBDF,1724787,SCD
1724806,SBDF,1724880,SCD
1724806,SBDF,1724884,SCD
1724806,SBDF,1725078,SCD
1724806,SBDF,1725082,SCD
2285805,SBDF,1191513,SBD
2285805,SBDF,1745062,SBD
2285805,SBDF,1191508,SCD
2285805,SBDF,1745061,SCD
2395795,SBDF,2395798,BPCK
2395795,SBDF,2395792,GPCK
2395795,SBDF,2395797,SBD
2395795,SBDF,2395791,SCD
2560317,SBDF,2560306,SBD
2560317,SBDF,2560308,SBD
2560317,SBDF,2560312,SCD
2560317,SBDF,2560321,SCD
2563415,SBDF,2563417,SBD
2563415,SBDF,2563412,SCD
2566189,SBDF,2566190,SBD
2566189,SBDF,1745061,SCD
94058,SBDF,1012455,SBD
94058,SBDF,1012457,SBD
94058,SBDF,1012396,SCD
94058,SBDF,1012404,SCD
2654572,SBDFP,1012461,SBD
2654572,SBDFP,1670365,SCD
2654710,SBDFP,1012400,SBD
2654710,SBDFP,1012406,SBD
2654710,SBDFP,1012396,SCD
2654710,SBDFP,1012404,SCD
2655129,SBDFP,1012413,SBD
2655129,SBDFP,1012417,SBD
2655129,SBDFP,1012377,SCD
2655129,SBDFP,1012384,SCD
2655637,SBDFP,1673142,SBD
2655637,SBDFP,1670365,SCD
2656165,SBDFP,1191513,SBD
2656165,SBDFP,1745062,SBD
2656165,SBDFP,1191508,SCD
2656165,SBDFP,1745061,SCD
2657226,SBDFP,1012381,SBD
2657226,SBDFP,1012388,SBD
2657226,SBDFP,1012377,SCD
2657226,SBDFP,1012384,SCD
2657347,SBDFP,1724807,SBD
2657347,SBDFP,1724809,SBD
2657347,SBDFP,1724810,SBD
2657347,SBDFP,1724881,SBD
2657347,SBDFP,1724885,SBD
2657347,SBDFP,1725175,SBD
2657347,SBDFP,1725177,SBD
2657347,SBDFP,1724784,SCD
2657347,SBDFP,1724786,SCD
2657347,SBDFP,1724787,SCD
2657347,SBDFP,1724880,SCD
2657347,SBDFP,1724884,SCD
2657347,SBDFP,1725078,SCD
2657347,SBDFP,1725082,SCD
2657348,SBDFP,1724792,SBD
2657348,SBDFP,1724794,SBD
2657348,SBDFP,1724796,SBD
2657348,SBDFP,1725044,SBD
2657348,SBDFP,1725046,SBD
2657348,SBDFP,1725079,SBD
2657348,SBDFP,1725083,SBD
2657348,SBDFP,1724784,SCD
2657348,SBDFP,1724786,SCD
2657348,SBDFP,1724787,SCD
2657348,SBDFP,1724880,SCD
2657348,SBDFP,1724884,SCD
2657348,SBDFP,1725078,SCD
2657348,SBDFP,1725082,SCD
2658029,SBDFP,1673242,SBD
2658029,SBDFP,1673243,SBD
2658029,SBDFP,1867612,SBD
2658029,SBDFP,1867614,SBD
2658029,SBDFP,1672917,SCD
2658029,SBDFP,1672919,SCD
2658029,SBDFP,1867594,SCD
2658029,SBDFP,1867596,SCD
2658132,SBDFP,1012455,SBD
2658132,SBDFP,1012457,SBD
2658132,SBDFP,1012396,SCD
2658132,SBDFP,1012404,SCD
2658355,SBDFP,2566190,SBD
2658355,SBDFP,1745061,SCD
2658682,SBDFP,1012421,SBD
2658682,SBDFP,1673296,SBD
2658682,SBDFP,1673298,SBD
2658682,SBDFP,1867618,SBD
2658682,SBDFP,1867620,SBD
2658682,SBDFP,1012391,SCD
2658682,SBDFP,1672917,SCD
2658682,SBDFP,1672919,SCD
2658682,SBDFP,1867594,SCD
2658682,SBDFP,1867596,SCD
2659056,SBDFP,2395798,BPCK
2659056,SBDFP,2395792,GPCK
2659056,SBDFP,2395797,SBD
2659056,SBDFP,2395791,SCD
1670364,SCDF,1012461,SBD
1670364,SCDF,1673142,SBD
1670364,SCDF,1670365,SCD
1672916,SCDF,1012421,SBD
1672916,SCDF,1673242,SBD
1672916,SCDF,1673243,SBD
1672916,SCDF,1673296,SBD
1672916,SCDF,1673298,SBD
1672916,SCDF,1867612,SBD
1672916,SCDF,1867614,SBD
1672916,SCDF,1867618,SBD
1672916,SCDF,1867620,SBD
1672916,SCDF,1012391,SCD
1672916,SCDF,1672917,SCD
1672916,SCDF,1672919,SCD
1672916,SCDF,1867594,SCD
1672916,SCDF,1867596,SCD
1724783,SCDF,1191513,SBD
1724783,SCDF,1724792,SBD
1724783,SCDF,1724794,SBD
1724783,SCDF,1724796,SBD
1724783,SCDF,1724807,SBD
1724783,SCDF,1724809,SBD
1724783,SCDF,1724810,SBD
1724783,SCDF,1724881,SBD
1724783,SCDF,1724885,SBD
1724783,SCDF,1725044,SBD
1724783,SCDF,1725046,SBD
1724783,SCDF,1725079,SBD
1724783,SCDF,1725083,SBD
1724783,SCDF,1725175,SBD
1724783,SCDF,1725177,SBD
1724783,SCDF,1745062,SBD
1724783,SCDF,2563417,SBD
1724783,SCDF,2566190,SBD
1724783,SCDF,1191508,SCD
1724783,SCDF,1724784,SCD
1724783,SCDF,1724786,SCD
1724783,SCDF,1724787,SCD
1724783,SCDF,1724880,SCD
1724783,SCDF,1724884,SCD
1724783,SCDF,1725078,SCD
1724783,SCDF,1725082,SCD
1724783,SCDF,1725696,SCD
1724783,SCDF,1745061,SCD
1724783,SCDF,2178759,SCD
1724783,SCDF,2178760,SCD
1724783,SCDF,2563412,SCD
2395790,SCDF,2395798,BPCK
2395790,SCDF,2395792,GPCK
2395790,SCDF,2395797,SBD
2395790,SCDF,2395791,SCD
2560316,SCDF,2560306,SBD
2560316,SCDF,2560308,SBD
2560316,SCDF,2560312,SCD
2560316,SCDF,2560321,SCD
371160,SCDF,1012400,SBD
371160,SCDF,1012406,SBD
371160,SCDF,1012455,SBD
371160,SCDF,1012457,SBD
371160,SCDF,1012396,SCD
371160,SCDF,1012404,SCD
371160,SCDF,1012431,SCD
374372,SCDF,1012381,SBD
374372,SCDF,1012388,SBD
374372,SCDF,1012413,SBD
374372,SCDF,1012417,SBD
374372,SCDF,1012377,SCD
374372,SCDF,1012384,SCD
437117,SCDF,1012108,SCD
2645891,SCDFP,1012421,SBD
2645891,SCDFP,1673242,SBD
2645891,SCDFP,1673243,SBD
2645891,SCDFP,1673296,SBD
2645891,SCDFP,1673298,SBD
2645891,SCDFP,1867612,SBD
2645891,SCDFP,1867614,SBD
2645891,SCDFP,1867618,SBD
2645891,SCDFP,1867620,SBD
2645891,SCDFP,1012391,SCD
2645891,SCDFP,1672917,SCD
2645891,SCDFP,1672919,SCD
2645891,SCDFP,1867594,SCD
2645891,SCDFP,1867596,SCD
2645894,SCDFP,1724792,SBD
2645894,SCDFP,1724794,SBD
2645894,SCDFP,1724796,SBD
2645894,SCDFP,1724807,SBD
2645894,SCDFP,1724809,SBD
2645894,SCDFP,1724810,SBD
2645894,SCDFP,1724881,SBD
2645894,SCDFP,1724885,SBD
2645894,SCDFP,1725044,SBD
2645894,SCDFP,1725046,SBD
2645894,SCDFP,1725079,SBD
2645894,SCDFP,1725083,SBD
2645894,SCDFP,1725175,SBD
2645894,SCDFP,1725177,SBD
2645894,SCDFP,1724784,SCD
2645894,SCDFP,1724786,SCD
2645894,SCDFP,1724787,SCD
2645894,SCDFP,1724880,SCD
2645894,SCDFP,1724884,SCD
2645894,SCDFP,1725078,SCD
2645894,SCDFP,1725082,SCD
2645894,SCDFP,1725696,SCD
2645894,SCDFP,2178759,SCD
2645894,SCDFP,2178760,SCD
2646048,SCDFP,1191513,SBD
2646048,SCDFP,1745062,SBD
2646048,SCDFP,2566190,SBD
2646048,SCDFP,1191508,SCD
2646048,SCDFP,1745061,SCD
2646864,SCDFP,1012108,SCD
2647181,SCDFP,1012381,SBD
2647181,SCDFP,1012388,SBD
2647181,SCDFP,1012413,SBD
2647181,SCDFP,1012417,SBD
2647181,SCDFP,1012377,SCD
2647181,SCDFP,1012384,SCD
2647866,SCDFP,2395798,BPCK
2647866,SCDFP,2395792,GPCK
2647866,SCDFP,2395797,SBD
2647866,SCDFP,2395791,SCD
2648288,SCDFP,1012400,SBD
2648288,SCDFP,1012406,SBD
2648288,SCDFP,1012455,SBD
2648288,SCDFP,1012457,SBD
2648288,SCDFP,1012396,SCD
2648288,SCDFP,1012404,SCD
2648288,SCDFP,1012431,SCD
2648403,SCDFP,1012461,SBD
2648403,SCDFP,1673142,SBD
2648403,SCDFP,1670365,SCD
1734085,SBDF,1734086,SBD
1734085,SBDF,1734091,SBD
1734085,SBDF,1734204,SBD
1734085,SBDF,1734208,SBD
1734085,SBDF,1734348,SBD
1734085,SBDF,1734356,SBD
1734085,SBDF,1734476,SBD
1734085,SBDF,1734480,SBD
1734085,SBDF,1734482,SBD
1734085,SBDF,1734484,SBD
1734085,SBDF,905191,SBD
1734085,SBDF,1734084,SCD
1734085,SBDF,1734090,SCD
1734085,SBDF,1734203,SCD
1734085,SBDF,1734207,SCD
1734085,SBDF,1734347,SCD
1734085,SBDF,1734355,SCD
1734085,SBDF,1734475,SCD
1734085,SBDF,1734479,SCD
1734085,SBDF,1734481,SCD
1734085,SBDF,1734483,SCD
1734085,SBDF,905189,SCD
2655521,SBDFP,1734086,SBD
2655521,SBDFP,1734091,SBD
2655521,SBDFP,1734204,SBD
2655521,SBDFP,1734208,SBD
2655521,SBDFP,1734348,SBD
2655521,SBDFP,1734356,SBD
2655521,SBDFP,1734476,SBD
2655521,SBDFP,1734480,SBD
2655521,SBDFP,1734482,SBD
2655521,SBDFP,1734484,SBD
2655521,SBDFP,905191,SBD
2655521,SBDFP,1734084,SCD
2655521,SBDFP,1734090,SCD
2655521,SBDFP,1734203,SCD
2655521,SBDFP,1734207,SCD
2655521,SBDFP,1734347,SCD
2655521,SBDFP,1734355,SCD
2655521,SBDFP,1734475,SCD
2655521,SBDFP,1734479,SCD
2655521,SBDFP,1734481,SCD
2655521,SBDFP,1734483,SCD
2655521,SBDFP,905189,SCD
1734083,SCDF,1734086,SBD
1734083,SCDF,1734091,SBD
1734083,SCDF,1734204,SBD
1734083,SCDF,1734208,SBD
1734083,SCDF,1734348,SBD
1734083,SCDF,1734356,SBD
1734083,SCDF,1734476,SBD
1734083,SCDF,1734480,SBD
1734083,SCDF,1734482,SBD
1734083,SCDF,1734484,SBD
1734083,SCDF,905191,SBD
1734083,SCDF,1734084,SCD
1734083,SCDF,1734090,SCD
1734083,SCDF,1734203,SCD
1734083,SCDF,1734207,SCD
1734083,SCDF,1734347,SCD
1734083,SCDF,1734355,SCD
1734083,SCDF,1734475,SCD
1734083,SCDF,1734479,SCD
1734083,SCDF,1734481,SCD
1734083,SCDF,1734483,SCD
1734083,SCDF,905189,SCD
1996290,SCDF,1996291,SCD
1996290,SCDF,1996297,SCD
2646704,SCDFP,1734086,SBD
2646704,SCDFP,1734091,SBD
2646704,SCDFP,1734204,SBD
2646704,SCDFP,1734208,SBD
2646704,SCDFP,1734348,SBD
2646704,SCDFP,1734356,SBD
2646704,SCDFP,1734476,SBD
2646704,SCDFP,1734480,SBD
2646704,SCDFP,1734482,SBD
2646704,SCDFP,1734484,SBD
2646704,SCDFP,905191,SBD
2646704,SCDFP,1734084,SCD
2646704,SCDFP,1734090,SCD
2646704,SCDFP,1734203,SCD
2646704,SCDFP,1734207,SCD
2646704,SCDFP,1734347,SCD
2646704,SCDFP,1734355,SCD
2646704,SCDFP,1734475,SCD
2646704,SCDFP,1734479,SCD
2646704,SCDFP,1734481,SCD
2646704,SCDFP,1734483,SCD
2646704,SCDFP,905189,SCD
2648059,SCDFP,1996291,SCD
2648059,SCDFP,1996297,SCD
364573,SBDF,861066,SBD
364573,SBDF,861064,SCD
368413,SBDF,208149,SBD
368413,SBDF,208161,SBD
368413,SBDF,212233,SBD
368413,SBDF,312938,SCD
368413,SBDF,312940,SCD
368413,SBDF,312941,SCD
373867,SCDF,251201,SCD
373867,SCDF,410584,SCD
373868,SCDF,208149,SBD
373868,SCDF,208161,SBD
373868,SCDF,212233,SBD
373868,SCDF,312938,SCD
373868,SCDF,312940,SCD
373868,SCDF,312941,SCD
374622,SCDF,861066,SBD
374622,SCDF,861064,SCD
1087207,SBDF,1087208,SBD
1087207,SBDF,999799,SCD
1087237,SBDF,1087238,SBD
1087237,SBDF,836268,SCD
1087301,SBDF,1087302,SBD
1087301,SBDF,1087298,SCD
1087409,SBDF,1087410,SBD
1087409,SBDF,1087406,SCD
1087417,SBDF,1087418,SBD
1087417,SBDF,1087414,SCD
1088868,SBDF,1088869,SBD
1088868,SBDF,242668,SCD
1090835,SBDF,1090975,SBD
1090835,SBDF,1090973,SCD
1090971,SBDF,1090972,SBD
1090971,SBDF,1090968,SCD
1102205,SBDF,1102207,BPCK
1102205,SBDF,1102202,GPCK
1102205,SBDF,1102206,SBD
1102205,SBDF,1102196,SCD
1114341,SBDF,1114342,SBD
1114341,SBDF,826653,SBD
1114341,SBDF,826650,SCD
1114341,SBDF,826656,SCD
1119572,SBDF,1119573,SBD
1119572,SBDF,1119569,SCD
1150076,SBDF,1150077,SBD
1150076,SBDF,237717,SCD
1304562,SBDF,1304564,SBD
1304562,SBDF,1304559,SCD
1305220,SBDF,1305222,SBD
1305220,SBDF,1305217,SCD
1314669,SBDF,1314672,SBD
1314669,SBDF,1314666,SCD
1859191,SBDF,1859193,SBD
1859191,SBDF,237717,SCD
1870188,SBDF,800918,SBD
1870188,SBDF,800915,SCD
1919588,SBDF,1799178,SBD
1919588,SBDF,1375379,SCD
2002737,SBDF,2002739,SBD
2002737,SBDF,308395,SCD
2279014,SBDF,876679,SBD
2279014,SBDF,313599,SCD
2371756,SBDF,1116183,SBD
2371756,SBDF,1116179,SCD
2371784,SBDF,1428828,SBD
2371784,SBDF,1364855,SCD
2371803,SBDF,876861,SBD
2371803,SBDF,876858,SCD
366367,SBDF,211855,SBD
366367,SBDF,198896,SCD
368481,SBDF,211869,SBD
368481,SBDF,198897,SCD
369677,SBDF,212360,SBD
369677,SBDF,308399,SCD
808084,SBDF,808085,SBD
808084,SBDF,807801,SCD
826859,SBDF,826860,SBD
826859,SBDF,826857,SCD
826864,SBDF,826865,SBD
826864,SBDF,826862,SCD
836266,SBDF,836270,SBD
836266,SBDF,836268,SCD
861071,SBDF,861072,SBD
861071,SBDF,313634,SCD
877465,SBDF,877466,SBD
877465,SBDF,877463,SCD
891708,SBDF,891709,SBD
891708,SBDF,891706,SCD
891718,SBDF,891719,SBD
891718,SBDF,891716,SCD
891792,SBDF,891793,SBD
891792,SBDF,891790,SCD
891814,SBDF,891815,SBD
891814,SBDF,891812,SCD
891819,SBDF,891820,SBD
891819,SBDF,891816,SCD
999748,SBDF,999749,SBD
999748,SBDF,999783,SBD
999748,SBDF,348622,SCD
999748,SBDF,348689,SCD
999825,SBDF,999826,SBD
999825,SBDF,999823,SCD
2654210,SBDFP,891815,SBD
2654210,SBDFP,891812,SCD
2654842,SBDFP,836270,SBD
2654842,SBDFP,836268,SCD
2655086,SBDFP,1090975,SBD
2655086,SBDFP,1090973,SCD
2655122,SBDFP,891793,SBD
2655122,SBDFP,891790,SCD
2655274,SBDFP,1304564,SBD
2655274,SBDFP,1304559,SCD
2655749,SBDFP,1305222,SBD
2655749,SBDFP,1305217,SCD
2655859,SBDFP,1087410,SBD
2655859,SBDFP,1087406,SCD
2656337,SBDFP,1116183,SBD
2656337,SBDFP,1116179,SCD
2656521,SBDFP,891719,SBD
2656521,SBDFP,891716,SCD
2656535,SBDFP,1119573,SBD
2656535,SBDFP,1119569,SCD
2656892,SBDFP,1090972,SBD
2656892,SBDFP,1090968,SCD
2657466,SBDFP,1314672,SBD
2657466,SBDFP,1314666,SCD
2657612,SBDFP,877466,SBD
2657612,SBDFP,877463,SCD
2657643,SBDFP,1102207,BPCK
2657643,SBDFP,1102202,GPCK
2657643,SBDFP,1102206,SBD
2657643,SBDFP,1102196,SCD
2657685,SBDFP,1087238,SBD
2657685,SBDFP,836268,SCD
2657942,SBDFP,891820,SBD
2657942,SBDFP,891816,SCD
2658473,SBDFP,891709,SBD
2658473,SBDFP,891706,SCD
1043298,SCDF,1043300,SCD
1087296,SCDF,1087302,SBD
1087296,SCDF,1087298,SCD
1087404,SCDF,1087410,SBD
1087404,SCDF,1087406,SCD
1087413,SCDF,1087418,SBD
1087413,SCDF,1087414,SCD
1090822,SCDF,1090824,SCD
1090830,SCDF,1090975,SBD
1090830,SCDF,1090973,SCD
1090966,SCDF,1090972,SBD
1090966,SCDF,1090968,SCD
1100256,SCDF,1304490,SCD
1100260,SCDF,1100471,BPCK
1100260,SCDF,1100470,GPCK
1100260,SCDF,1100262,SCD
1102194,SCDF,1102207,BPCK
1102194,SCDF,1102202,GPCK
1102194,SCDF,1102206,SBD
1102194,SCDF,1102196,SCD
1102199,SCDF,1102207,BPCK
1102199,SCDF,1102202,GPCK
1102199,SCDF,1102201,SCD
1119566,SCDF,1119573,SBD
1119566,SCDF,1119569,SCD
1150170,SCDF,1150172,SCD
1234481,SCDF,1234482,SCD
1248140,SCDF,1248142,SCD
1292775,SCDF,876679,SBD
1292775,SCDF,1537233,SCD
1292775,SCDF,313599,SCD
1304557,SCDF,1304564,SBD
1304557,SCDF,1305222,SBD
1304557,SCDF,1304559,SCD
1304557,SCDF,1305217,SCD
1313923,SCDF,1313925,SCD
1314664,SCDF,1314672,SBD
1314664,SCDF,1314666,SCD
1375378,SCDF,1799178,SBD
1375378,SCDF,1375379,SCD
1870185,SCDF,800918,SBD
1870185,SCDF,800915,SCD
1874900,SCDF,1874902,SCD
1926815,SCDF,1926816,SCD
1944961,SCDF,1485531,SCD
2045241,SCDF,2045245,BPCK
2045241,SCDF,2045244,GPCK
2045241,SCDF,2045243,SCD
2099780,SCDF,2099781,SCD
2099780,SCDF,2603517,SCD
2284147,SCDF,282737,SCD
2284147,SCDF,283293,SCD
2371752,SCDF,1116183,SBD
2371752,SCDF,1116179,SCD
2371780,SCDF,1428828,SBD
2371780,SCDF,1235389,SCD
2371780,SCDF,1364854,SCD
2371780,SCDF,1364855,SCD
2371799,SCDF,876861,SBD
2371799,SCDF,876858,SCD
237703,SCDF,283121,SCD
2636651,SCDF,2636652,SCD
2636651,SCDF,2636654,SCD
2636845,SCDF,2636846,SCD
2707115,SCDF,2707116,SCD
2713890,SCDF,2713891,SCD
370594,SCDF,211855,SBD
370594,SCDF,198896,SCD
370594,SCDF,245462,SCD
370594,SCDF,2603482,SCD
370594,SCDF,2699355,SCD
370597,SCDF,2002739,SBD
370597,SCDF,308376,SCD
370597,SCDF,308395,SCD
370597,SCDF,312969,SCD
370598,SCDF,308391,SCD
370599,SCDF,212360,SBD
370599,SCDF,141991,SCD
370599,SCDF,1441371,SCD
370599,SCDF,245473,SCD
370599,SCDF,308384,SCD
370599,SCDF,308399,SCD
370599,SCDF,313803,SCD
370599,SCDF,313841,SCD
370599,SCDF,333831,SCD
370600,SCDF,237718,SCD
370600,SCDF,308382,SCD
370600,SCDF,308392,SCD
370601,SCDF,211869,SBD
370601,SCDF,198892,SCD
370601,SCDF,198893,SCD
370601,SCDF,198897,SCD
370601,SCDF,199083,SCD
370601,SCDF,282402,SCD
370601,SCDF,283294,SCD
370601,SCDF,308396,SCD
370602,SCDF,237722,SCD
370604,SCDF,1150077,SBD
370604,SCDF,1859193,SBD
370604,SCDF,1424902,SCD
370604,SCDF,237717,SCD
370604,SCDF,245474,SCD
370710,SCDF,1088869,SBD
370710,SCDF,1424273,SCD
370710,SCDF,242668,SCD
370934,SCDF,243789,SCD
370934,SCDF,308377,SCD
374492,SCDF,259773,SCD
375354,SCDF,199138,SCD
375355,SCDF,283297,SCD
375355,SCDF,283426,SCD
375375,SCDF,282836,SCD
376956,SCDF,199842,SCD
377583,SCDF,199834,SCD
378540,SCDF,348694,SCD
378540,SCDF,388723,SCD
378576,SCDF,283944,SCD
577189,SCDF,577190,SCD
580134,SCDF,999749,SBD
580134,SCDF,999783,SBD
580134,SCDF,348622,SCD
580134,SCDF,348689,SCD
602126,SCDF,602127,SCD
602126,SCDF,602135,SCD
619035,SCDF,105668,SCD
619052,SCDF,861072,SBD
619052,SCDF,313634,SCD
619103,SCDF,359514,SCD
724126,SCDF,1246831,SCD
797462,SCDF,797463,SCD
807800,SCDF,808085,SBD
807800,SCDF,807801,SCD
826649,SCDF,1114342,SBD
826649,SCDF,826653,SBD
826649,SCDF,826650,SCD
826649,SCDF,826656,SCD
826856,SCDF,826860,SBD
826856,SCDF,826857,SCD
826861,SCDF,826865,SBD
826861,SCDF,826862,SCD
828803,SCDF,348025,SCD
828822,SCDF,877466,SBD
828822,SCDF,877463,SCD
835523,SCDF,835524,SCD
836263,SCDF,1087238,SBD
836263,SCDF,836270,SBD
836263,SCDF,836268,SCD
846044,SCDF,2121705,SCD
846044,SCDF,846045,SCD
852776,SCDF,999826,SBD
852776,SCDF,999823,SCD
880815,SCDF,1365980,SCD
880815,SCDF,1365984,SCD
891521,SCDF,891522,SCD
891705,SCDF,891709,SBD
891705,SCDF,891820,SBD
891705,SCDF,891706,SCD
891705,SCDF,891816,SCD
891715,SCDF,891719,SBD
891715,SCDF,891716,SCD
891789,SCDF,891793,SBD
891789,SCDF,891790,SCD
891811,SCDF,891815,SBD
891811,SCDF,891812,SCD
999798,SCDF,1087208,SBD
999798,SCDF,999799,SCD
2645538,SCDFP,1100471,BPCK
2645538,SCDFP,1100470,GPCK
2645538,SCDFP,1100262,SCD
2645550,SCDFP,1090975,SBD
2645550,SCDFP,1090973,SCD
2645657,SCDFP,891719,SBD
2645657,SCDFP,891716,SCD
2646096,SCDFP,1043300,SCD
2646275,SCDFP,891815,SBD
2646275,SCDFP,891812,SCD
2646283,SCDFP,1119573,SBD
2646283,SCDFP,1119569,SCD
2646487,SCDFP,1313925,SCD
2646494,SCDFP,1304564,SBD
2646494,SCDFP,1305222,SBD
2646494,SCDFP,1304559,SCD
2646494,SCDFP,1305217,SCD
2646632,SCDFP,1116183,SBD
2646632,SCDFP,1116179,SCD
2646678,SCDFP,1246831,SCD
2646829,SCDFP,1090972,SBD
2646829,SCDFP,1090968,SCD
2647416,SCDFP,891522,SCD
2647507,SCDFP,1102207,BPCK
2647507,SCDFP,1102202,GPCK
2647507,SCDFP,1102201,SCD
2647613,SCDFP,891709,SBD
2647613,SCDFP,891820,SBD
2647613,SCDFP,891706,SCD
2647613,SCDFP,891816,SCD
2647627,SCDFP,1365980,SCD
2647627,SCDFP,1365984,SCD
2647688,SCDFP,1087410,SBD
2647688,SCDFP,1087406,SCD
2647976,SCDFP,1102207,BPCK
2647976,SCDFP,1102202,GPCK
2647976,SCDFP,1102206,SBD
2647976,SCDFP,1102196,SCD
2647984,SCDFP,1087238,SBD
2647984,SCDFP,836270,SBD
2647984,SCDFP,836268,SCD
2648394,SCDFP,1485531,SCD
2648715,SCDFP,348025,SCD
2648752,SCDFP,283944,SCD
2648884,SCDFP,877466,SBD
2648884,SCDFP,877463,SCD
2648952,SCDFP,1314672,SBD
2648952,SCDFP,1314666,SCD
2648960,SCDFP,1090824,SCD
2649346,SCDFP,1304490,SCD
2649401,SCDFP,1248142,SCD
2649458,SCDFP,891793,SBD
2649458,SCDFP,891790,SCD
1659769,SBDF,728491,SBD
1659769,SBDF,723871,SCD
1670055,SBDF,1484963,SBD
1670055,SBDF,1484958,SCD
2643208,SBDF,2643209,SBD
2643208,SBDF,2643204,SCD
2655316,SBDFP,2643209,SBD
2655316,SBDFP,2643204,SCD
2656068,SBDFP,728491,SBD
2656068,SBDFP,723871,SCD
2657599,SBDFP,1484963,SBD
2657599,SBDFP,1484958,SCD
1659766,SCDF,728491,SBD
1659766,SCDF,723871,SCD
1670052,SCDF,1484963,SBD
1670052,SCDF,2643209,SBD
1670052,SCDF,1484958,SCD
1670052,SCDF,2643204,SCD
2647373,SCDFP,2643209,SBD
2647373,SCDFP,2643204,SCD
2648751,SCDFP,728491,SBD
2648751,SCDFP,723871,SCD
2648925,SCDFP,1484963,SBD
2648925,SCDFP,1484958,SCD
1648172,SBDF,1648174,SBD
1648172,SBDF,1648169,SCD
2655423,SBDFP,1648174,SBD
2655423,SBDFP,1648169,SCD
1648168,SCDF,1648174,SBD
1648168,SCDF,2612086,SBD
1648168,SCDF,1648169,SCD
1648168,SCDF,2612081,SCD
2646890,SCDFP,1648174,SBD
2646890,SCDFP,2612086,SBD
2646890,SCDFP,1648169,SCD
2646890,SCDFP,2612081,SCD
1039254,SBDF,1039255,SBD
1039254,SBDF,1039251,SCD
1040057,SBDF,1040058,SBD
1040057,SBDF,1040054,SCD
1045540,SBDF,1045541,SBD
1045540,SBDF,1045532,SCD
1099284,SBDF,1099285,SBD
1099284,SBDF,1090496,SCD
1114040,SBDF,1360638,GPCK
1114040,SBDF,1114041,SBD
1114040,SBDF,1090946,SCD
1422932,SBDF,1422935,SBD
1422932,SBDF,1370216,SCD
1536154,SBDF,1536157,SBD
1536154,SBDF,1536151,SCD
1872894,SBDF,1872897,SBD
1872894,SBDF,1045532,SCD
2611265,SBDF,2744513,BPCK
2611265,SBDF,2744515,BPCK
2611265,SBDF,2744512,GPCK
2611265,SBDF,2744514,GPCK
2611265,SBDF,2611266,SBD
2611265,SBDF,2741703,SBD
2611265,SBDF,2611260,SCD
2611265,SBDF,2741701,SCD
367201,SBDF,2122389,SBD
367201,SBDF,2122387,SCD
370485,SBDF,1373128,SBD
370485,SBDF,1373045,SCD
702444,SBDF,1596947,SBD
702444,SBDF,2122395,SBD
702444,SBDF,2122415,SBD
702444,SBDF,1596945,SCD
702444,SBDF,2122393,SCD
702444,SBDF,2122413,SCD
756496,SBDF,1358993,SBD
756496,SBDF,1357010,SCD
756558,SBDF,1360638,GPCK
756558,SBDF,1246254,SBD
756558,SBDF,1246340,SBD
756558,SBDF,1090946,SCD
756558,SBDF,1246338,SCD
756560,SBDF,1483723,SBD
756560,SBDF,1370211,SCD
756563,SBDF,1483726,SBD
756563,SBDF,1370211,SCD
807857,SBDF,1111766,SBD
807857,SBDF,1090487,SCD
2654431,SBDFP,1596947,SBD
2654431,SBDFP,2122395,SBD
2654431,SBDFP,2122415,SBD
2654431,SBDFP,1596945,SCD
2654431,SBDFP,2122393,SCD
2654431,SBDFP,2122413,SCD
2655364,SBDFP,1483726,SBD
2655364,SBDFP,1370211,SCD
2655370,SBDFP,2744513,BPCK
2655370,SBDFP,2744515,BPCK
2655370,SBDFP,2744512,GPCK
2655370,SBDFP,2744514,GPCK
2655370,SBDFP,2611266,SBD
2655370,SBDFP,2741703,SBD
2655370,SBDFP,2611260,SCD
2655370,SBDFP,2741701,SCD
2655697,SBDFP,1872897,SBD
2655697,SBDFP,1045532,SCD
2655824,SBDFP,1111766,SBD
2655824,SBDFP,1090487,SCD
2655962,SBDFP,1536157,SBD
2655962,SBDFP,1536151,SCD
2656375,SBDFP,1099285,SBD
2656375,SBDFP,1090496,SCD
2656423,SBDFP,1373128,SBD
2656423,SBDFP,1373045,SCD
2656555,SBDFP,1483723,SBD
2656555,SBDFP,1370211,SCD
2656560,SBDFP,1039255,SBD
2656560,SBDFP,1039251,SCD
2657447,SBDFP,1360638,GPCK
2657447,SBDFP,1246254,SBD
2657447,SBDFP,1246340,SBD
2657447,SBDFP,1090946,SCD
2657447,SBDFP,1246338,SCD
2657974,SBDFP,2122389,SBD
2657974,SBDFP,2122387,SCD
2657981,SBDFP,1040058,SBD
2657981,SBDFP,1040054,SCD
2658371,SBDFP,1422935,SBD
2658371,SBDFP,1370216,SCD
2658483,SBDFP,1358993,SBD
2658483,SBDFP,1357010,SCD
2658582,SBDFP,1045541,SBD
2658582,SBDFP,1045532,SCD
2658702,SBDFP,1360638,GPCK
2658702,SBDFP,1114041,SBD
2658702,SBDFP,1090946,SCD
1040052,SCDF,1040058,SBD
1040052,SCDF,1040054,SCD
1045530,SCDF,1045541,SBD
1045530,SCDF,1872897,SBD
1045530,SCDF,1045532,SCD
1094348,SCDF,1094350,SCD
1145621,SCDF,1927849,GPCK
1145621,SCDF,2634364,GPCK
1145621,SCDF,1432488,SCD
1145621,SCDF,1656815,SCD
1145673,SCDF,1440908,SCD
1190598,SCDF,1190600,SCD
1190598,SCDF,2727430,SCD
1297287,SCDF,1927849,GPCK
1297287,SCDF,2634363,GPCK
1297287,SCDF,2634364,GPCK
1297287,SCDF,1297288,SCD
1297287,SCDF,2734621,SCD
1301245,SCDF,1301246,SCD
1423305,SCDF,1423307,SCD
1423305,SCDF,2679777,SCD
1423305,SCDF,2712157,SCD
1423305,SCDF,2716698,SCD
1427390,SCDF,1427392,SCD
1489001,SCDF,2713313,GPCK
1489001,SCDF,2713312,SCD
1492050,SCDF,1492052,SCD
1492050,SCDF,2268058,SCD
1536476,SCDF,1536477,SCD
1536476,SCDF,2557336,SCD
1536497,SCDF,1730187,GPCK
1536497,SCDF,2565492,GPCK
1536497,SCDF,2664074,GPCK
1536497,SCDF,1536498,SCD
1536502,SCDF,1730187,GPCK
1536502,SCDF,2565492,GPCK
1536502,SCDF,1536503,SCD
1536502,SCDF,2565491,SCD
1536861,SCDF,1536862,SCD
1536923,SCDF,1536924,SCD
1536923,SCDF,2691101,SCD
1536933,SCDF,1536934,SCD
1536998,SCDF,1536999,SCD
1537028,SCDF,2664074,GPCK
1537028,SCDF,1537029,SCD
1546875,SCDF,2634817,GPCK
1546875,SCDF,1546881,SCD
1593449,SCDF,1593450,SCD
1659966,SCDF,1428880,GPCK
1659966,SCDF,2640034,GPCK
1659966,SCDF,1189316,SCD
1659966,SCDF,1659967,SCD
1743367,SCDF,1743369,SCD
1804346,SCDF,1804384,GPCK
1804346,SCDF,1534835,SCD
1804346,SCDF,2677914,SCD
1805287,SCDF,1805288,SCD
1812460,SCDF,1804384,GPCK
1812460,SCDF,1550968,SCD
1812460,SCDF,2677915,SCD
1923361,SCDF,1923362,SCD
1990880,SCDF,1990881,SCD
1996097,SCDF,1996098,SCD
2167837,SCDF,2722932,SCD
2173660,SCDF,2288826,GPCK
2173660,SCDF,2397132,GPCK
2173660,SCDF,2637727,GPCK
2173660,SCDF,2173662,SCD
2173665,SCDF,2287760,GPCK
2173665,SCDF,2390630,GPCK
2173665,SCDF,2637729,GPCK
2173665,SCDF,2744509,GPCK
2173665,SCDF,2173667,SCD
2377384,SCDF,2377385,SCD
2549033,SCDF,2560238,GPCK
2549033,SCDF,2717656,GPCK
2549033,SCDF,2717875,GPCK
2549033,SCDF,2549034,SCD
2549036,SCDF,2560237,GPCK
2549036,SCDF,2549037,SCD
2566813,SCDF,2566814,SCD
2566822,SCDF,2566823,SCD
2591969,SCDF,2683425,GPCK
2591969,SCDF,2683423,SCD
2591969,SCDF,2685210,SCD
2598124,SCDF,2598125,SCD
2608081,SCDF,2608082,SCD
2611259,SCDF,2744513,BPCK
2611259,SCDF,2744515,BPCK
2611259,SCDF,2744512,GPCK
2611259,SCDF,2744514,GPCK
2611259,SCDF,2611266,SBD
2611259,SCDF,2741703,SBD
2611259,SCDF,2611260,SCD
2611259,SCDF,2741701,SCD
2636655,SCDF,2636659,GPCK
2636655,SCDF,2636656,SCD
2636655,SCDF,2670598,SCD
2636655,SCDF,2670678,SCD
2636657,SCDF,2636659,GPCK
2636657,SCDF,2636658,SCD
2670537,SCDF,2670541,SCD
2676754,SCDF,2683422,GPCK
2676754,SCDF,2676758,SCD
2676754,SCDF,2683421,SCD
2678227,SCDF,2678231,SCD
2679417,SCDF,2679426,GPCK
2679417,SCDF,2679420,SCD
2692300,SCDF,2692304,GPCK
2692300,SCDF,2693777,GPCK
2692300,SCDF,2692302,SCD
2692300,SCDF,2744316,SCD
2699311,SCDF,2699313,SCD
2699311,SCDF,2707699,SCD
2715860,SCDF,2715863,SCD
2741367,SCDF,2741371,SCD
2743066,SCDF,2743069,GPCK
2743066,SCDF,2743068,SCD
2744310,SCDF,2744508,GPCK
2744310,SCDF,2744312,SCD
2744313,SCDF,2744508,GPCK
2744313,SCDF,2744315,SCD
2744502,SCDF,2744506,SCD
370755,SCDF,2663936,GPCK
370755,SCDF,2676954,GPCK
370755,SCDF,1867684,SCD
370756,SCDF,1242575,GPCK
370756,SCDF,2604635,GPCK
370756,SCDF,2637756,GPCK
370756,SCDF,2687211,GPCK
370756,SCDF,2744509,GPCK
370756,SCDF,1359455,SCD
370756,SCDF,1796708,SCD
370756,SCDF,1919076,SCD
370756,SCDF,2101281,SCD
370756,SCDF,2604561,SCD
370757,SCDF,2604579,GPCK
370757,SCDF,2713313,GPCK
370757,SCDF,2717875,GPCK
370757,SCDF,247324,SCD
370757,SCDF,2709673,SCD
371456,SCDF,2119625,GPCK
371456,SCDF,2362250,GPCK
371456,SCDF,2644878,GPCK
371456,SCDF,1111440,SCD
371456,SCDF,1114361,SCD
371456,SCDF,1370125,SCD
371456,SCDF,636568,SCD
371458,SCDF,1421985,SCD
371754,SCDF,1111766,SBD
371754,SCDF,1090487,SCD
371756,SCDF,2683425,GPCK
371756,SCDF,2173731,SCD
371756,SCDF,2683424,SCD
371757,SCDF,1360638,GPCK
371757,SCDF,1099285,SBD
371757,SCDF,1114041,SBD
371757,SCDF,1246254,SBD
371757,SCDF,1246340,SBD
371757,SCDF,1422935,SBD
371757,SCDF,1483723,SBD
371757,SCDF,1483726,SBD
371757,SCDF,1090496,SCD
371757,SCDF,1090946,SCD
371757,SCDF,1246338,SCD
371757,SCDF,1370211,SCD
371757,SCDF,1370216,SCD
371757,SCDF,1535845,SCD
371757,SCDF,2002003,SCD
371757,SCDF,2122382,SCD
371757,SCDF,2167754,SCD
371757,SCDF,2167803,SCD
371758,SCDF,2122389,SBD
371758,SCDF,1370219,SCD
371758,SCDF,1861935,SCD
371758,SCDF,2122387,SCD
371758,SCDF,2167801,SCD
371763,SCDF,1250983,GPCK
371763,SCDF,1111663,SCD
371763,SCDF,1661740,SCD
371765,SCDF,2692304,GPCK
371765,SCDF,2743069,GPCK
371765,SCDF,1542452,SCD
371765,SCDF,1605844,SCD
371765,SCDF,2692303,SCD
371765,SCDF,2719927,SCD
371766,SCDF,1795585,GPCK
371766,SCDF,2056073,GPCK
371766,SCDF,2119625,GPCK
371766,SCDF,2287760,GPCK
371766,SCDF,2362250,GPCK
371766,SCDF,2637730,GPCK
371766,SCDF,2683226,GPCK
371766,SCDF,2685490,GPCK
371766,SCDF,2722413,GPCK
371766,SCDF,2743625,GPCK
371766,SCDF,1014005,SCD
371766,SCDF,1020138,SCD
371766,SCDF,1046631,SCD
371766,SCDF,1113368,SCD
371766,SCDF,1117394,SCD
371766,SCDF,1147924,SCD
371766,SCDF,1150129,SCD
371766,SCDF,1234473,SCD
371766,SCDF,1298228,SCD
371766,SCDF,1439992,SCD
371766,SCDF,1441364,SCD
371766,SCDF,1790650,SCD
371766,SCDF,2671189,SCD
371766,SCDF,996520,SCD
371768,SCDF,1147685,SCD
371768,SCDF,1300539,SCD
371768,SCDF,1861926,SCD
371768,SCDF,2173726,SCD
371769,SCDF,1099074,SCD
371769,SCDF,1298324,SCD
371769,SCDF,1357923,SCD
371769,SCDF,485709,SCD
373386,SCDF,1730190,GPCK
373386,SCDF,1435918,SCD
373386,SCDF,1544873,SCD
373683,SCDF,1313298,SCD
373684,SCDF,1304108,SCD
373685,SCDF,2050367,SCD
374251,SCDF,2637485,SCD
374472,SCDF,1039255,SBD
374472,SCDF,1039251,SCD
374717,SCDF,1086443,SCD
374717,SCDF,1190174,SCD
374717,SCDF,1291266,SCD
374717,SCDF,1363752,SCD
374717,SCDF,1489310,SCD
374717,SCDF,2167740,SCD
374717,SCDF,2167750,SCD
374717,SCDF,700949,SCD
374720,SCDF,1117392,SCD
374720,SCDF,1423711,SCD
374720,SCDF,2176488,SCD
374729,SCDF,2558505,GPCK
374729,SCDF,1250743,SCD
374746,SCDF,1098227,SCD
374746,SCDF,1098911,SCD
374746,SCDF,1099085,SCD
374746,SCDF,1241674,SCD
374746,SCDF,1358623,SCD
374746,SCDF,1424919,SCD
374746,SCDF,1435143,SCD
374747,SCDF,1094460,SCD
374747,SCDF,1114896,SCD
374747,SCDF,1251296,SCD
374747,SCDF,1300017,SCD
374747,SCDF,1307253,SCD
374747,SCDF,1426660,SCD
374747,SCDF,1427998,SCD
374747,SCDF,2167782,SCD
374747,SCDF,2167783,SCD
374747,SCDF,2368128,SCD
374767,SCDF,2558505,GPCK
374767,SCDF,1089968,SCD
374767,SCDF,1147795,SCD
374768,SCDF,1237110,SCD
374769,SCDF,2723023,GPCK
374769,SCDF,1089822,SCD
374769,SCDF,1236395,SCD
374769,SCDF,2723021,SCD
374770,SCDF,2049283,SCD
374772,SCDF,1090468,SCD
374776,SCDF,1299646,SCD
374776,SCDF,1299662,SCD
374777,SCDF,1366825,SCD
374779,SCDF,1291951,SCD
374779,SCDF,1369927,SCD
374780,SCDF,2723023,GPCK
374780,SCDF,1090476,SCD
374780,SCDF,2723022,SCD
374802,SCDF,1424849,SCD
374802,SCDF,1430404,SCD
374802,SCDF,2167676,SCD
374809,SCDF,1010946,SCD
374809,SCDF,1010980,SCD
374809,SCDF,1012984,SCD
375016,SCDF,2173733,SCD
375016,SCDF,2173856,SCD
375020,SCDF,1535366,SCD
375372,SCDF,1358993,SBD
375372,SCDF,1037164,SCD
375372,SCDF,1098497,SCD
375372,SCDF,1245722,SCD
375372,SCDF,1357010,SCD
375427,SCDF,2288826,GPCK
375427,SCDF,2390630,GPCK
375427,SCDF,2626497,GPCK
375427,SCDF,2637728,GPCK
375427,SCDF,2644878,GPCK
375427,SCDF,1000502,SCD
375427,SCDF,1043543,SCD
375427,SCDF,1044949,SCD
375427,SCDF,1091331,SCD
375427,SCDF,1095503,SCD
375427,SCDF,1098647,SCD
375427,SCDF,1119541,SCD
375427,SCDF,1251031,SCD
375427,SCDF,1358620,SCD
375427,SCDF,1364914,SCD
375427,SCDF,1370205,SCD
375427,SCDF,1372451,SCD
375427,SCDF,1372459,SCD
375427,SCDF,1429362,SCD
375427,SCDF,1487369,SCD
375427,SCDF,1661314,SCD
375427,SCDF,1741944,SCD
375427,SCDF,1808192,SCD
375427,SCDF,2166123,SCD
375427,SCDF,2265849,SCD
375427,SCDF,2268062,SCD
375427,SCDF,2566816,SCD
375427,SCDF,2626496,SCD
375427,SCDF,2728493,SCD
375427,SCDF,880359,SCD
375428,SCDF,1357905,SCD
375672,SCDF,1236419,SCD
375672,SCDF,1236435,SCD
375971,SCDF,2695452,GPCK
375971,SCDF,1042695,SCD
375971,SCDF,2680300,SCD
375994,SCDF,1113397,SCD
376003,SCDF,2560237,GPCK
376003,SCDF,2634562,GPCK
376003,SCDF,2634816,GPCK
376003,SCDF,2634817,GPCK
376003,SCDF,2634819,GPCK
376003,SCDF,1098435,SCD
376003,SCDF,1110988,SCD
376003,SCDF,1367204,SCD
376003,SCDF,1484879,SCD
376095,SCDF,1357894,SCD
376156,SCDF,2693776,GPCK
376156,SCDF,2693777,GPCK
376156,SCDF,1370113,SCD
376156,SCDF,2693770,SCD
376156,SCDF,2693772,SCD
376336,SCDF,1359154,SCD
376336,SCDF,1673869,SCD
376370,SCDF,1357422,SCD
377029,SCDF,2604635,GPCK
377029,SCDF,1046384,SCD
377029,SCDF,1113522,SCD
377029,SCDF,1236070,SCD
377029,SCDF,1292342,SCD
377029,SCDF,2588212,SCD
377029,SCDF,2604562,SCD
377535,SCDF,1373128,SBD
377535,SCDF,1373045,SCD
378231,SCDF,1147823,SCD
378231,SCDF,2639753,SCD
378721,SCDF,2560238,GPCK
378721,SCDF,2634815,GPCK
378721,SCDF,1113490,SCD
378721,SCDF,1245616,SCD
378721,SCDF,1305214,SCD
378721,SCDF,1372652,SCD
378721,SCDF,1490000,SCD
378721,SCDF,1552200,SCD
378721,SCDF,1603294,SCD
378721,SCDF,1808604,SCD
378721,SCDF,1874730,SCD
378721,SCDF,2167784,SCD
378721,SCDF,2172190,SCD
378721,SCDF,2603662,SCD
379159,SCDF,1250983,GPCK
379159,SCDF,2604579,GPCK
379159,SCDF,1098496,SCD
379159,SCDF,1425315,SCD
379159,SCDF,2049841,SCD
379167,SCDF,1360638,GPCK
379167,SCDF,1795585,GPCK
379167,SCDF,2056073,GPCK
379167,SCDF,2722413,GPCK
379167,SCDF,2743625,GPCK
379167,SCDF,1115329,SCD
379167,SCDF,1234386,SCD
379167,SCDF,1371196,SCD
379167,SCDF,2629973,SCD
379167,SCDF,2743624,SCD
393371,SCDF,991528,SCD
405871,SCDF,1666116,GPCK
405871,SCDF,1090463,SCD
405871,SCDF,1148155,SCD
405871,SCDF,1423702,SCD
405871,SCDF,1486964,SCD
405871,SCDF,2167730,SCD
438999,SCDF,1536157,SBD
438999,SCDF,1536151,SCD
438999,SCDF,2373441,SCD
452782,SCDF,1111087,SCD
477094,SCDF,1593105,SCD
477094,SCDF,2003130,SCD
477094,SCDF,2167752,SCD
477094,SCDF,2603661,SCD
577330,SCDF,1648203,GPCK
577330,SCDF,2634363,GPCK
577330,SCDF,2634564,GPCK
577330,SCDF,1086997,SCD
577330,SCDF,1312260,SCD
579620,SCDF,1298288,SCD
602750,SCDF,1648203,GPCK
602750,SCDF,2612689,GPCK
602750,SCDF,2634564,GPCK
602750,SCDF,2663936,GPCK
602750,SCDF,2676954,GPCK
602750,SCDF,1094549,SCD
602750,SCDF,1426334,SCD
602750,SCDF,2739790,SCD
604128,SCDF,1094131,SCD
604808,SCDF,1242575,GPCK
604808,SCDF,2637726,GPCK
604808,SCDF,2637756,GPCK
604808,SCDF,2687211,GPCK
604808,SCDF,1042675,SCD
604808,SCDF,1042684,SCD
604808,SCDF,1043400,SCD
604808,SCDF,1244918,SCD
617478,SCDF,1251811,SCD
617557,SCDF,2639752,SCD
617729,SCDF,2122363,SCD
617729,SCDF,2678223,SCD
617729,SCDF,2685209,SCD
618255,SCDF,1086750,SCD
628822,SCDF,1946979,SCD
636376,SCDF,2634560,GPCK
636376,SCDF,1094538,SCD
636376,SCDF,1367205,SCD
636782,SCDF,1803669,GPCK
636782,SCDF,2637726,GPCK
636782,SCDF,1113705,SCD
636782,SCDF,1996081,SCD
637447,SCDF,1486140,SCD
644179,SCDF,2634560,GPCK
644179,SCDF,2634819,GPCK
644179,SCDF,1086991,SCD
644179,SCDF,1245169,SCD
644179,SCDF,1307244,SCD
644179,SCDF,1744049,SCD
644179,SCDF,2709229,SCD
647202,SCDF,2637731,GPCK
647202,SCDF,1431245,SCD
647202,SCDF,2733907,SCD
647321,SCDF,1424850,GPCK
647321,SCDF,2637727,GPCK
647321,SCDF,2637729,GPCK
647321,SCDF,2637731,GPCK
647321,SCDF,1116572,SCD
647321,SCDF,1369842,SCD
647321,SCDF,1790651,SCD
647321,SCDF,2712155,SCD
702440,SCDF,1596947,SBD
702440,SCDF,2122395,SBD
702440,SCDF,2122415,SBD
702440,SCDF,1596945,SCD
702440,SCDF,2122393,SCD
702440,SCDF,2122413,SCD
702447,SCDF,2122403,SCD
702447,SCDF,2122419,SCD
727159,SCDF,2122356,SCD
728132,SCDF,1370440,SCD
728132,SCDF,2121065,SCD
752340,SCDF,1251401,SCD
757013,SCDF,1300195,SCD
757013,SCDF,1303797,SCD
757013,SCDF,1812101,SCD
757268,SCDF,1298433,SCD
794659,SCDF,1356812,SCD
804153,SCDF,1359114,SCD
804594,SCDF,1304105,SCD
806545,SCDF,2101282,SCD
806545,SCDF,2684921,SCD
824552,SCDF,2167737,SCD
901269,SCDF,1042688,SCD
901269,SCDF,1193292,SCD
901269,SCDF,1242747,SCD
2645335,SCDFP,1424849,SCD
2645335,SCDFP,1430404,SCD
2645335,SCDFP,2167676,SCD
2645342,SCDFP,1373128,SBD
2645342,SCDFP,1373045,SCD
2645354,SCDFP,1250983,GPCK
2645354,SCDFP,2604579,GPCK
2645354,SCDFP,1098496,SCD
2645354,SCDFP,1425315,SCD
2645354,SCDFP,2049841,SCD
2645371,SCDFP,1300195,SCD
2645371,SCDFP,1303797,SCD
2645371,SCDFP,1812101,SCD
2645386,SCDFP,2560238,GPCK
2645386,SCDFP,2634815,GPCK
2645386,SCDFP,1113490,SCD
2645386,SCDFP,1245616,SCD
2645386,SCDFP,1305214,SCD
2645386,SCDFP,1372652,SCD
2645386,SCDFP,1490000,SCD
2645386,SCDFP,1552200,SCD
2645386,SCDFP,1603294,SCD
2645386,SCDFP,1808604,SCD
2645386,SCDFP,1874730,SCD
2645386,SCDFP,2167784,SCD
2645386,SCDFP,2172190,SCD
2645386,SCDFP,2603662,SCD
2645391,SCDFP,1117392,SCD
2645391,SCDFP,1423711,SCD
2645391,SCDFP,2176488,SCD
2645434,SCDFP,1094460,SCD
2645434,SCDFP,1114896,SCD
2645434,SCDFP,1251296,SCD
2645434,SCDFP,1300017,SCD
2645434,SCDFP,1307253,SCD
2645434,SCDFP,1426660,SCD
2645434,SCDFP,1427998,SCD
2645434,SCDFP,2167782,SCD
2645434,SCDFP,2167783,SCD
2645434,SCDFP,2368128,SCD
2645451,SCDFP,1237110,SCD
2645504,SCDFP,1357894,SCD
2645533,SCDFP,2608082,SCD
2645597,SCDFP,1094350,SCD
2645603,SCDFP,1147685,SCD
2645603,SCDFP,1300539,SCD
2645603,SCDFP,1861926,SCD
2645603,SCDFP,2173726,SCD
2645606,SCDFP,2560238,GPCK
2645606,SCDFP,2717656,GPCK
2645606,SCDFP,2717875,GPCK
2645606,SCDFP,2549034,SCD
2645621,SCDFP,1301246,SCD
2645628,SCDFP,1996098,SCD
2645650,SCDFP,1990881,SCD
2645658,SCDFP,1804384,GPCK
2645658,SCDFP,1550968,SCD
2645658,SCDFP,2677915,SCD
2645663,SCDFP,1421985,SCD
2645673,SCDFP,1111087,SCD
2645677,SCDFP,2722932,SCD
2645721,SCDFP,1440908,SCD
2645746,SCDFP,1190600,SCD
2645746,SCDFP,2727430,SCD
2645784,SCDFP,1111766,SBD
2645784,SCDFP,1090487,SCD
2645788,SCDFP,2566823,SCD
2645876,SCDFP,2288826,GPCK
2645876,SCDFP,2390630,GPCK
2645876,SCDFP,2626497,GPCK
2645876,SCDFP,2637728,GPCK
2645876,SCDFP,2644878,GPCK
2645876,SCDFP,1000502,SCD
2645876,SCDFP,1043543,SCD
2645876,SCDFP,1044949,SCD
2645876,SCDFP,1091331,SCD
2645876,SCDFP,1095503,SCD
2645876,SCDFP,1098647,SCD
2645876,SCDFP,1119541,SCD
2645876,SCDFP,1251031,SCD
2645876,SCDFP,1358620,SCD
2645876,SCDFP,1364914,SCD
2645876,SCDFP,1370205,SCD
2645876,SCDFP,1372451,SCD
2645876,SCDFP,1372459,SCD
2645876,SCDFP,1429362,SCD
2645876,SCDFP,1487369,SCD
2645876,SCDFP,1661314,SCD
2645876,SCDFP,1741944,SCD
2645876,SCDFP,1808192,SCD
2645876,SCDFP,2166123,SCD
2645876,SCDFP,2265849,SCD
2645876,SCDFP,2268062,SCD
2645876,SCDFP,2566816,SCD
2645876,SCDFP,2626496,SCD
2645876,SCDFP,2728493,SCD
2645876,SCDFP,880359,SCD
2645877,SCDFP,1593105,SCD
2645877,SCDFP,2003130,SCD
2645877,SCDFP,2167752,SCD
2645877,SCDFP,2603661,SCD
2645924,SCDFP,2119625,GPCK
2645924,SCDFP,2362250,GPCK
2645924,SCDFP,2644878,GPCK
2645924,SCDFP,1111440,SCD
2645924,SCDFP,1114361,SCD
2645924,SCDFP,1370125,SCD
2645924,SCDFP,636568,SCD
2645976,SCDFP,1360638,GPCK
2645976,SCDFP,1795585,GPCK
2645976,SCDFP,2056073,GPCK
2645976,SCDFP,2722413,GPCK
2645976,SCDFP,2743625,GPCK
2645976,SCDFP,1115329,SCD
2645976,SCDFP,1234386,SCD
2645976,SCDFP,1371196,SCD
2645976,SCDFP,2629973,SCD
2645976,SCDFP,2743624,SCD
2645981,SCDFP,2692304,GPCK
2645981,SCDFP,2743069,GPCK
2645981,SCDFP,1542452,SCD
2645981,SCDFP,1605844,SCD
2645981,SCDFP,2692303,SCD
2645981,SCDFP,2719927,SCD
2646022,SCDFP,2664074,GPCK
2646022,SCDFP,1537029,SCD
2646056,SCDFP,2723023,GPCK
2646056,SCDFP,1089822,SCD
2646056,SCDFP,1236395,SCD
2646056,SCDFP,2723021,SCD
2646086,SCDFP,2566814,SCD
2646109,SCDFP,1366825,SCD
2646124,SCDFP,1804384,GPCK
2646124,SCDFP,1534835,SCD
2646124,SCDFP,2677914,SCD
2646156,SCDFP,2634560,GPCK
2646156,SCDFP,2634819,GPCK
2646156,SCDFP,1086991,SCD
2646156,SCDFP,1245169,SCD
2646156,SCDFP,1307244,SCD
2646156,SCDFP,1744049,SCD
2646156,SCDFP,2709229,SCD
2646185,SCDFP,1250983,GPCK
2646185,SCDFP,1111663,SCD
2646185,SCDFP,1661740,SCD
2646221,SCDFP,1648203,GPCK
2646221,SCDFP,2612689,GPCK
2646221,SCDFP,2634564,GPCK
2646221,SCDFP,2663936,GPCK
2646221,SCDFP,2676954,GPCK
2646221,SCDFP,1094549,SCD
2646221,SCDFP,1426334,SCD
2646221,SCDFP,2739790,SCD
2646241,SCDFP,1593450,SCD
2646243,SCDFP,1666116,GPCK
2646243,SCDFP,1090463,SCD
2646243,SCDFP,1148155,SCD
2646243,SCDFP,1423702,SCD
2646243,SCDFP,1486964,SCD
2646243,SCDFP,2167730,SCD
2646245,SCDFP,1356812,SCD
2646252,SCDFP,1927849,GPCK
2646252,SCDFP,2634363,GPCK
2646252,SCDFP,2634364,GPCK
2646252,SCDFP,1297288,SCD
2646252,SCDFP,2734621,SCD
2646268,SCDFP,991528,SCD
2646302,SCDFP,1251811,SCD
2646315,SCDFP,1536477,SCD
2646315,SCDFP,2557336,SCD
2646345,SCDFP,2604579,GPCK
2646345,SCDFP,2713313,GPCK
2646345,SCDFP,2717875,GPCK
2646345,SCDFP,247324,SCD
2646345,SCDFP,2709673,SCD
2646358,SCDFP,2693776,GPCK
2646358,SCDFP,2693777,GPCK
2646358,SCDFP,1370113,SCD
2646358,SCDFP,2693770,SCD
2646358,SCDFP,2693772,SCD
2646376,SCDFP,2598125,SCD
2646436,SCDFP,1098227,SCD
2646436,SCDFP,1098911,SCD
2646436,SCDFP,1099085,SCD
2646436,SCDFP,1241674,SCD
2646436,SCDFP,1358623,SCD
2646436,SCDFP,1424919,SCD
2646436,SCDFP,1435143,SCD
2646455,SCDFP,1536924,SCD
2646455,SCDFP,2691101,SCD
2646461,SCDFP,1803669,GPCK
2646461,SCDFP,2637726,GPCK
2646461,SCDFP,1113705,SCD
2646461,SCDFP,1996081,SCD
2646565,SCDFP,2695452,GPCK
2646565,SCDFP,1042695,SCD
2646565,SCDFP,2680300,SCD
2646723,SCDFP,1923362,SCD
2646818,SCDFP,1946979,SCD
2646840,SCDFP,1428880,GPCK
2646840,SCDFP,2640034,GPCK
2646840,SCDFP,1189316,SCD
2646840,SCDFP,1659967,SCD
2646841,SCDFP,2683425,GPCK
2646841,SCDFP,2683423,SCD
2646841,SCDFP,2685210,SCD
2646905,SCDFP,1743369,SCD
2646917,SCDFP,1094131,SCD
2646962,SCDFP,1648203,GPCK
2646962,SCDFP,2634363,GPCK
2646962,SCDFP,2634564,GPCK
2646962,SCDFP,1086997,SCD
2646962,SCDFP,1312260,SCD
2646985,SCDFP,2173733,SCD
2646985,SCDFP,2173856,SCD
2647005,SCDFP,2663936,GPCK
2647005,SCDFP,2676954,GPCK
2647005,SCDFP,1867684,SCD
2647014,SCDFP,1242575,GPCK
2647014,SCDFP,2604635,GPCK
2647014,SCDFP,2637756,GPCK
2647014,SCDFP,2687211,GPCK
2647014,SCDFP,2744509,GPCK
2647014,SCDFP,1359455,SCD
2647014,SCDFP,1796708,SCD
2647014,SCDFP,1919076,SCD
2647014,SCDFP,2101281,SCD
2647014,SCDFP,2604561,SCD
2647018,SCDFP,2639752,SCD
2647019,SCDFP,1042688,SCD
2647019,SCDFP,1193292,SCD
2647019,SCDFP,1242747,SCD
2647102,SCDFP,1147823,SCD
2647102,SCDFP,2639753,SCD
2647118,SCDFP,1359114,SCD
2647243,SCDFP,1805288,SCD
2647468,SCDFP,2049283,SCD
2647491,SCDFP,1730190,GPCK
2647491,SCDFP,1435918,SCD
2647491,SCDFP,1544873,SCD
2647558,SCDFP,1113397,SCD
2647570,SCDFP,2050367,SCD
2647597,SCDFP,1795585,GPCK
2647597,SCDFP,2056073,GPCK
2647597,SCDFP,2119625,GPCK
2647597,SCDFP,2287760,GPCK
2647597,SCDFP,2362250,GPCK
2647597,SCDFP,2637730,GPCK
2647597,SCDFP,2683226,GPCK
2647597,SCDFP,2685490,GPCK
2647597,SCDFP,2722413,GPCK
2647597,SCDFP,2743625,GPCK
2647597,SCDFP,1014005,SCD
2647597,SCDFP,1020138,SCD
2647597,SCDFP,1046631,SCD
2647597,SCDFP,1113368,SCD
2647597,SCDFP,1117394,SCD
2647597,SCDFP,1147924,SCD
2647597,SCDFP,1150129,SCD
2647597,SCDFP,1234473,SCD
2647597,SCDFP,1298228,SCD
2647597,SCDFP,1439992,SCD
2647597,SCDFP,1441364,SCD
2647597,SCDFP,1790650,SCD
2647597,SCDFP,2671189,SCD
2647597,SCDFP,996520,SCD
2647665,SCDFP,1090468,SCD
2647710,SCDFP,1304108,SCD
2647732,SCDFP,1486140,SCD
2647777,SCDFP,2723023,GPCK
2647777,SCDFP,1090476,SCD
2647777,SCDFP,2723022,SCD
2647830,SCDFP,2122356,SCD
2647837,SCDFP,2636659,GPCK
2647837,SCDFP,2636658,SCD
2647881,SCDFP,1086750,SCD
2647985,SCDFP,1040058,SBD
2647985,SCDFP,1040054,SCD
2648033,SCDFP,1357905,SCD
2648037,SCDFP,1242575,GPCK
2648037,SCDFP,2637726,GPCK
2648037,SCDFP,2637756,GPCK
2648037,SCDFP,2687211,GPCK
2648037,SCDFP,1042675,SCD
2648037,SCDFP,1042684,SCD
2648037,SCDFP,1043400,SCD
2648037,SCDFP,1244918,SCD
2648071,SCDFP,1086443,SCD
2648071,SCDFP,1190174,SCD
2648071,SCDFP,1291266,SCD
2648071,SCDFP,1363752,SCD
2648071,SCDFP,1489310,SCD
2648071,SCDFP,2167740,SCD
2648071,SCDFP,2167750,SCD
2648071,SCDFP,700949,SCD
2648076,SCDFP,1360638,GPCK
2648076,SCDFP,1099285,SBD
2648076,SCDFP,1114041,SBD
2648076,SCDFP,1246254,SBD
2648076,SCDFP,1246340,SBD
2648076,SCDFP,1422935,SBD
2648076,SCDFP,1483723,SBD
2648076,SCDFP,1483726,SBD
2648076,SCDFP,1090496,SCD
2648076,SCDFP,1090946,SCD
2648076,SCDFP,1246338,SCD
2648076,SCDFP,1370211,SCD
2648076,SCDFP,1370216,SCD
2648076,SCDFP,1535845,SCD
2648076,SCDFP,2002003,SCD
2648076,SCDFP,2122382,SCD
2648076,SCDFP,2167754,SCD
2648076,SCDFP,2167803,SCD
2648111,SCDFP,2637485,SCD
2648118,SCDFP,1927849,GPCK
2648118,SCDFP,2634364,GPCK
2648118,SCDFP,1432488,SCD
2648118,SCDFP,1656815,SCD
2648149,SCDFP,1357422,SCD
2648167,SCDFP,2604635,GPCK
2648167,SCDFP,1046384,SCD
2648167,SCDFP,1113522,SCD
2648167,SCDFP,1236070,SCD
2648167,SCDFP,1292342,SCD
2648167,SCDFP,2588212,SCD
2648167,SCDFP,2604562,SCD
2648202,SCDFP,1492052,SCD
2648202,SCDFP,2268058,SCD
2648212,SCDFP,2560237,GPCK
2648212,SCDFP,2549037,SCD
2648218,SCDFP,1536999,SCD
2648221,SCDFP,1291951,SCD
2648221,SCDFP,1369927,SCD
2648222,SCDFP,2288826,GPCK
2648222,SCDFP,2397132,GPCK
2648222,SCDFP,2637727,GPCK
2648222,SCDFP,2173662,SCD
2648268,SCDFP,1236419,SCD
2648268,SCDFP,1236435,SCD
2648284,SCDFP,1045541,SBD
2648284,SCDFP,1872897,SBD
2648284,SCDFP,1045532,SCD
2648302,SCDFP,1730187,GPCK
2648302,SCDFP,2565492,GPCK
2648302,SCDFP,1536503,SCD
2648302,SCDFP,2565491,SCD
2648385,SCDFP,2713313,GPCK
2648385,SCDFP,2713312,SCD
2648449,SCDFP,1313298,SCD
2648479,SCDFP,2101282,SCD
2648479,SCDFP,2684921,SCD
2648495,SCDFP,1298288,SCD
2648508,SCDFP,2377385,SCD
2648526,SCDFP,2634817,GPCK
2648526,SCDFP,1546881,SCD
2648536,SCDFP,2744513,BPCK
2648536,SCDFP,2744515,BPCK
2648536,SCDFP,2744512,GPCK
2648536,SCDFP,2744514,GPCK
2648536,SCDFP,2611266,SBD
2648536,SCDFP,2741703,SBD
2648536,SCDFP,2611260,SCD
2648536,SCDFP,2741701,SCD
2648553,SCDFP,1299646,SCD
2648553,SCDFP,1299662,SCD
2648561,SCDFP,1359154,SCD
2648561,SCDFP,1673869,SCD
2648579,SCDFP,2683425,GPCK
2648579,SCDFP,2173731,SCD
2648579,SCDFP,2683424,SCD
2648597,SCDFP,2560237,GPCK
2648597,SCDFP,2634562,GPCK
2648597,SCDFP,2634816,GPCK
2648597,SCDFP,2634817,GPCK
2648597,SCDFP,2634819,GPCK
2648597,SCDFP,1098435,SCD
2648597,SCDFP,1110988,SCD
2648597,SCDFP,1367204,SCD
2648597,SCDFP,1484879,SCD
2648619,SCDFP,1424850,GPCK
2648619,SCDFP,2637727,GPCK
2648619,SCDFP,2637729,GPCK
2648619,SCDFP,2637731,GPCK
2648619,SCDFP,1116572,SCD
2648619,SCDFP,1369842,SCD
2648619,SCDFP,1790651,SCD
2648619,SCDFP,2712155,SCD
2648660,SCDFP,2558505,GPCK
2648660,SCDFP,1089968,SCD
2648660,SCDFP,1147795,SCD
2648707,SCDFP,2636659,GPCK
2648707,SCDFP,2636656,SCD
2648707,SCDFP,2670598,SCD
2648707,SCDFP,2670678,SCD
2648760,SCDFP,2122389,SBD
2648760,SCDFP,1370219,SCD
2648760,SCDFP,1861935,SCD
2648760,SCDFP,2122387,SCD
2648760,SCDFP,2167801,SCD
2648773,SCDFP,1251401,SCD
2648823,SCDFP,1427392,SCD
2648848,SCDFP,1423307,SCD
2648848,SCDFP,2679777,SCD
2648848,SCDFP,2712157,SCD
2648848,SCDFP,2716698,SCD
2648893,SCDFP,2122363,SCD
2648893,SCDFP,2678223,SCD
2648893,SCDFP,2685209,SCD
2649008,SCDFP,1730187,GPCK
2649008,SCDFP,2565492,GPCK
2649008,SCDFP,2664074,GPCK
2649008,SCDFP,1536498,SCD
2649055,SCDFP,2558505,GPCK
2649055,SCDFP,1250743,SCD
2649069,SCDFP,1099074,SCD
2649069,SCDFP,1298324,SCD
2649069,SCDFP,1357923,SCD
2649069,SCDFP,485709,SCD
2649073,SCDFP,2637731,GPCK
2649073,SCDFP,1431245,SCD
2649073,SCDFP,2733907,SCD
2649078,SCDFP,2287760,GPCK
2649078,SCDFP,2390630,GPCK
2649078,SCDFP,2637729,GPCK
2649078,SCDFP,2744509,GPCK
2649078,SCDFP,2173667,SCD
2649080,SCDFP,1358993,SBD
2649080,SCDFP,1037164,SCD
2649080,SCDFP,1098497,SCD
2649080,SCDFP,1245722,SCD
2649080,SCDFP,1357010,SCD
2649119,SCDFP,2634560,GPCK
2649119,SCDFP,1094538,SCD
2649119,SCDFP,1367205,SCD
2649144,SCDFP,2122403,SCD
2649144,SCDFP,2122419,SCD
2649200,SCDFP,1304105,SCD
2649230,SCDFP,1010946,SCD
2649230,SCDFP,1010980,SCD
2649230,SCDFP,1012984,SCD
2649249,SCDFP,1039255,SBD
2649249,SCDFP,1039251,SCD
2649272,SCDFP,1370440,SCD
2649272,SCDFP,2121065,SCD
2649276,SCDFP,1536157,SBD
2649276,SCDFP,1536151,SCD
2649276,SCDFP,2373441,SCD
2649314,SCDFP,2167737,SCD
2649399,SCDFP,1298433,SCD
2649422,SCDFP,1536862,SCD
2649460,SCDFP,1596947,SBD
2649460,SCDFP,2122395,SBD
2649460,SCDFP,2122415,SBD
2649460,SCDFP,1596945,SCD
2649460,SCDFP,2122393,SCD
2649460,SCDFP,2122413,SCD
2649472,SCDFP,1536934,SCD
2649476,SCDFP,1535366,SCD
2670540,SCDFP,2670541,SCD
2676757,SCDFP,2683422,GPCK
2676757,SCDFP,2676758,SCD
2676757,SCDFP,2683421,SCD
2678229,SCDFP,2678231,SCD
2679419,SCDFP,2679426,GPCK
2679419,SCDFP,2679420,SCD
2692301,SCDFP,2692304,GPCK
2692301,SCDFP,2693777,GPCK
2692301,SCDFP,2692302,SCD
2692301,SCDFP,2744316,SCD
2699312,SCDFP,2699313,SCD
2699312,SCDFP,2707699,SCD
2715862,SCDFP,2715863,SCD
2741370,SCDFP,2741371,SCD
2743067,SCDFP,2743069,GPCK
2743067,SCDFP,2743068,SCD
2744311,SCDFP,2744508,GPCK
2744311,SCDFP,2744312,SCD
2744314,SCDFP,2744508,GPCK
2744314,SCDFP,2744315,SCD
2744505,SCDFP,2744506,SCD
1718901,SBDF,1718902,SBD
1718901,SBDF,1718907,SBD
1718901,SBDF,1718910,SBD
1718901,SBDF,2396892,SBD
1718901,SBDF,284397,SBD
1718901,SBDF,1718900,SCD
1718901,SBDF,1718906,SCD
1718901,SBDF,1718909,SCD
1718901,SBDF,2396891,SCD
1718901,SBDF,309710,SCD
1732671,SBDF,1732674,SBD
1732671,SBDF,1732668,SCD
2268608,SBDF,2268610,SBD
2268608,SBDF,1535228,SCD
2532530,SBDF,2532532,SBD
2532530,SBDF,1535228,SCD
2535254,SBDF,2535256,SBD
2535254,SBDF,1535228,SCD
2601125,SBDF,2601126,SBD
2601125,SBDF,2601131,SBD
2601125,SBDF,2601119,SCD
2601125,SBDF,2601129,SCD
2665896,SBDF,2665898,SBD
2665896,SBDF,1535228,SCD
897076,SBDF,1535226,SBD
897076,SBDF,1535230,SBD
897076,SBDF,1535224,SCD
897076,SBDF,1535228,SCD
2655893,SBDFP,2535256,SBD
2655893,SBDFP,1535228,SCD
2656022,SBDFP,2268610,SBD
2656022,SBDFP,1535228,SCD
2657700,SBDFP,1535226,SBD
2657700,SBDFP,1535230,SBD
2657700,SBDFP,1535224,SCD
2657700,SBDFP,1535228,SCD
2658053,SBDFP,2532532,SBD
2658053,SBDFP,1535228,SCD
2665897,SBDFP,2665898,SBD
2665897,SBDFP,1535228,SCD
1718899,SCDF,1718902,SBD
1718899,SCDF,1718907,SBD
1718899,SCDF,1718910,SBD
1718899,SCDF,2396892,SBD
1718899,SCDF,284397,SBD
1718899,SCDF,1718900,SCD
1718899,SCDF,1718906,SCD
1718899,SCDF,1718909,SCD
1718899,SCDF,2396891,SCD
1718899,SCDF,309710,SCD
1732667,SCDF,1732674,SBD
1732667,SCDF,1732668,SCD
2601118,SCDF,2601126,SBD
2601118,SCDF,2601131,SBD
2601118,SCDF,2601119,SCD
2601118,SCDF,2601129,SCD
377219,SCDF,1535226,SBD
377219,SCDF,1535230,SBD
377219,SCDF,2268610,SBD
377219,SCDF,2532532,SBD
377219,SCDF,2535256,SBD
377219,SCDF,2665898,SBD
377219,SCDF,1535224,SCD
377219,SCDF,1535228,SCD
377219,SCDF,1788947,SCD
2649387,SCDFP,1535226,SBD
2649387,SCDFP,1535230,SBD
2649387,SCDFP,2268610,SBD
2649387,SCDFP,2532532,SBD
2649387,SCDFP,2535256,SBD
2649387,SCDFP,2665898,SBD
2649387,SCDFP,1535224,SCD
2649387,SCDFP,1535228,SCD
373265,SCDF,834040,SCD
373265,SCDF,834046,SCD
373266,SCDF,834061,SCD
373266,SCDF,834102,SCD
377416,SCDF,834182,SCD
2645882,SCDFP,834040,SCD
2645882,SCDFP,834046,SCD
2646344,SCDFP,834182,SCD
2648135,SCDFP,834061,SCD
2648135,SCDFP,834102,SCD
584595,SBDF,584596,SBD
584595,SBDF,309675,SCD
371719,SCDF,1789689,SBD
371719,SCDF,584596,SBD
371719,SCDF,1789684,SCD
371719,SCDF,309675,SCD
1727282,SBDF,352220,SBD
1727282,SBDF,351209,SCD
368579,SBDF,352218,SBD
368579,SBDF,352219,SBD
368579,SBDF,349434,SCD
368579,SBDF,349435,SCD
546623,SBDF,546624,SBD
546623,SBDF,465355,SCD
1727280,SCDF,352220,SBD
1727280,SCDF,2727399,SCD
1727280,SCDF,351209,SCD
378691,SCDF,352218,SBD
378691,SCDF,352219,SBD
378691,SCDF,349434,SCD
378691,SCDF,349435,SCD
477141,SCDF,546624,SBD
477141,SCDF,465355,SCD
1087248,SBDF,1087249,SBD
1087248,SBDF,1087245,SCD
1087261,SBDF,1087262,SBD
1087261,SBDF,1087258,SCD
1087284,SBDF,1087285,SBD
1087284,SBDF,1087281,SCD
1087398,SBDF,1087399,SBD
1087398,SBDF,802693,SCD
1087437,SBDF,1087438,SBD
1087437,SBDF,309606,SCD
1098703,SBDF,1145348,SBD
1098703,SBDF,636528,SCD
1150290,SBDF,1150291,SBD
1150290,SBDF,476628,SCD
1193043,SBDF,1193046,SBD
1193043,SBDF,1193037,SCD
1314682,SBDF,1314685,SBD
1314682,SBDF,1314679,SCD
1809028,SBDF,1809029,SBD
1809028,SBDF,484925,SCD
2598452,SBDF,2598453,SBD
2598452,SBDF,309594,SCD
603782,SBDF,861115,SBD
603782,SBDF,861113,SCD
619323,SBDF,542045,SBD
619323,SBDF,476628,SCD
644789,SBDF,644790,SBD
644789,SBDF,644787,SCD
644793,SBDF,644794,SBD
644793,SBDF,484925,SCD
707573,SBDF,997951,SBD
707573,SBDF,200353,SCD
802747,SBDF,802748,SBD
802747,SBDF,802503,SCD
802761,SBDF,802762,SBD
802761,SBDF,802759,SCD
808533,SBDF,808534,SBD
808533,SBDF,794976,SCD
861082,SBDF,861083,SBD
861082,SBDF,309606,SCD
877480,SBDF,1111750,SBD
877480,SBDF,1111748,SCD
877522,SBDF,1111752,SBD
877522,SBDF,1111748,SCD
979337,SBDF,979338,SBD
979337,SBDF,309606,SCD
2658209,SBDFP,1193046,SBD
2658209,SBDFP,1193037,SCD
2658908,SBDFP,1314685,SBD
2658908,SBDFP,1314679,SCD
1087243,SCDF,1087249,SBD
1087243,SCDF,1087245,SCD
1087257,SCDF,1087262,SBD
1087257,SCDF,1087258,SCD
1087279,SCDF,1087285,SBD
1087279,SCDF,1087281,SCD
1193035,SCDF,1193046,SBD
1193035,SCDF,1193037,SCD
1241894,SCDF,1241896,SCD
1244145,SCDF,1244146,SCD
1291287,SCDF,1291288,SCD
1291287,SCDF,1374869,SCD
1291287,SCDF,2714170,SCD
1291287,SCDF,2735126,SCD
1314397,SCDF,1314626,SCD
1314397,SCDF,1314636,SCD
1314677,SCDF,1314685,SBD
1314677,SCDF,1314679,SCD
2745599,SCDF,2745600,SCD
348170,SCDF,105687,SCD
348170,SCDF,1112803,SCD
348170,SCDF,1248737,SCD
348170,SCDF,1423423,SCD
348170,SCDF,1488563,SCD
371646,SCDF,1245012,SCD
371646,SCDF,1653780,SCD
371646,SCDF,2171138,SCD
371646,SCDF,245557,SCD
371648,SCDF,1486245,SCD
371648,SCDF,1804852,SCD
371648,SCDF,198890,SCD
371648,SCDF,2185309,SCD
371648,SCDF,2682744,SCD
371649,SCDF,2598453,SBD
371649,SCDF,1006047,SCD
371649,SCDF,2001499,SCD
371649,SCDF,309594,SCD
371650,SCDF,105686,SCD
371650,SCDF,1245015,SCD
371650,SCDF,244190,SCD
371650,SCDF,309593,SCD
371650,SCDF,309595,SCD
371650,SCDF,309604,SCD
371650,SCDF,313896,SCD
371651,SCDF,1606305,SCD
371651,SCDF,237776,SCD
371651,SCDF,237777,SCD
371651,SCDF,240516,SCD
371652,SCDF,198891,SCD
371652,SCDF,199184,SCD
371652,SCDF,237779,SCD
371652,SCDF,636371,SCD
371652,SCDF,835519,SCD
371652,SCDF,855213,SCD
375025,SCDF,283009,SCD
375346,SCDF,1246063,SCD
375346,SCDF,1437717,SCD
375346,SCDF,199364,SCD
375346,SCDF,199365,SCD
375346,SCDF,199374,SCD
375346,SCDF,200165,SCD
375346,SCDF,242347,SCD
375346,SCDF,242698,SCD
376662,SCDF,309611,SCD
377051,SCDF,259711,SCD
378708,SCDF,861115,SBD
378708,SCDF,861113,SCD
619046,SCDF,1150291,SBD
619046,SCDF,542045,SBD
619046,SCDF,199240,SCD
619046,SCDF,476628,SCD
619051,SCDF,1145348,SBD
619051,SCDF,1809029,SBD
619051,SCDF,644790,SBD
619051,SCDF,644794,SBD
619051,SCDF,997951,SBD
619051,SCDF,200353,SCD
619051,SCDF,259191,SCD
619051,SCDF,2711570,SCD
619051,SCDF,359541,SCD
619051,SCDF,359542,SCD
619051,SCDF,484925,SCD
619051,SCDF,636528,SCD
619051,SCDF,644787,SCD
619051,SCDF,808900,SCD
619051,SCDF,830162,SCD
619074,SCDF,808513,SCD
619074,SCDF,808611,SCD
619074,SCDF,858334,SCD
619082,SCDF,1087438,SBD
619082,SCDF,861083,SBD
619082,SCDF,979338,SBD
619082,SCDF,309606,SCD
730919,SCDF,730920,SCD
748671,SCDF,808534,SBD
748671,SCDF,1145988,SCD
748671,SCDF,1145991,SCD
748671,SCDF,1146002,SCD
748671,SCDF,748672,SCD
748671,SCDF,794976,SCD
749177,SCDF,896789,SCD
763596,SCDF,2563680,SCD
763596,SCDF,763597,SCD
797237,SCDF,1243888,SCD
797237,SCDF,797238,SCD
802502,SCDF,802748,SBD
802502,SCDF,802503,SCD
802692,SCDF,1087399,SBD
802692,SCDF,802693,SCD
802758,SCDF,802762,SBD
802758,SCDF,802759,SCD
808554,SCDF,830736,SCD
877476,SCDF,1111750,SBD
877476,SCDF,1111752,SBD
877476,SCDF,1111748,SCD
2645530,SCDFP,1314685,SBD
2645530,SCDFP,1314679,SCD
2645803,SCDFP,1193046,SBD
2645803,SCDFP,1193037,SCD
2646677,SCDFP,830736,SCD
2648405,SCDFP,1314626,SCD
2648405,SCDFP,1314636,SCD
2648970,SCDFP,1244146,SCD
1232588,SBDF,1232591,SBD
1232588,SBDF,1232585,SCD
1551471,SBDF,1551474,SBD
1551471,SBDF,1551468,SCD
491056,SBDF,993511,SBD
491056,SBDF,993528,SBD
491056,SBDF,993537,SBD
491056,SBDF,993545,SBD
491056,SBDF,993564,SBD
491056,SBDF,993503,SCD
491056,SBDF,993518,SCD
491056,SBDF,993536,SCD
491056,SBDF,993541,SCD
491056,SBDF,993557,SCD
2654526,SBDFP,1551474,SBD
2654526,SBDFP,1551468,SCD
2656792,SBDFP,993511,SBD
2656792,SBDFP,993528,SBD
2656792,SBDFP,993537,SBD
2656792,SBDFP,993545,SBD
2656792,SBDFP,993564,SBD
2656792,SBDFP,993503,SCD
2656792,SBDFP,993518,SCD
2656792,SBDFP,993536,SCD
2656792,SBDFP,993541,SCD
2656792,SBDFP,993557,SCD
2658826,SBDFP,1232591,SBD
2658826,SBDFP,1232585,SCD
1551466,SCDF,1551474,SBD
1551466,SCDF,1551468,SCD
378233,SCDF,993687,SCD
378233,SCDF,993691,SCD
378354,SCDF,1232591,SBD
378354,SCDF,993511,SBD
378354,SCDF,993528,SBD
378354,SCDF,993537,SBD
378354,SCDF,993545,SBD
378354,SCDF,993552,SBD
378354,SCDF,993564,SBD
378354,SCDF,993569,SBD
378354,SCDF,993683,SBD
378354,SCDF,1232585,SCD
378354,SCDF,1801289,SCD
378354,SCDF,993503,SCD
378354,SCDF,993518,SCD
378354,SCDF,993536,SCD
378354,SCDF,993541,SCD
378354,SCDF,993550,SCD
378354,SCDF,993557,SCD
378354,SCDF,993567,SCD
378354,SCDF,993681,SCD
2646741,SCDFP,993687,SCD
2646741,SCDFP,993691,SCD
2648043,SCDFP,1232591,SBD
2648043,SCDFP,993511,SBD
2648043,SCDFP,993528,SBD
2648043,SCDFP,993537,SBD
2648043,SCDFP,993545,SBD
2648043,SCDFP,993564,SBD
2648043,SCDFP,1232585,SCD
2648043,SCDFP,1801289,SCD
2648043,SCDFP,993503,SCD
2648043,SCDFP,993518,SCD
2648043,SCDFP,993536,SCD
2648043,SCDFP,993541,SCD
2648043,SCDFP,993557,SCD
2649250,SCDFP,1551474,SBD
2649250,SCDFP,1551468,SCD
835488,SBDF,993552,SBD
835488,SBDF,993569,SBD
835488,SBDF,993683,SBD
835488,SBDF,993550,SCD
835488,SBDF,993567,SCD
835488,SBDF,993681,SCD
2655096,SBDFP,993552,SBD
2655096,SBDFP,993569,SBD
2655096,SBDFP,993683,SBD
2655096,SBDFP,993550,SCD
2655096,SBDFP,993567,SCD
2655096,SBDFP,993681,SCD
2645852,SCDFP,993552,SBD
2645852,SCDFP,993569,SBD
2645852,SCDFP,993683,SBD
2645852,SCDFP,993550,SCD
2645852,SCDFP,993567,SCD
2645852,SCDFP,993681,SCD
2679783,SBDF,2679784,SBD
2679783,SBDF,2679786,SBD
2679783,SBDF,2679788,SBD
2679783,SBDF,1860619,SCD
2679783,SBDF,2679779,SCD
2679783,SBDF,2679787,SCD
2697043,SBDF,2723664,BPCK
2697043,SBDF,2723666,BPCK
2697043,SBDF,2723663,GPCK
2697043,SBDF,2723665,GPCK
2697043,SBDF,2697044,SBD
2697043,SBDF,2728902,SBD
2697043,SBDF,1860480,SCD
2697043,SBDF,1860485,SCD
1860479,SCDF,2723664,BPCK
1860479,SCDF,2723666,BPCK
1860479,SCDF,2723663,GPCK
1860479,SCDF,2723665,GPCK
1860479,SCDF,2679784,SBD
1860479,SCDF,2679786,SBD
1860479,SCDF,2679788,SBD
1860479,SCDF,2697044,SBD
1860479,SCDF,2728902,SBD
1860479,SCDF,1860480,SCD
1860479,SCDF,1860485,SCD
1860479,SCDF,1860619,SCD
1860479,SCDF,1861411,SCD
1860479,SCDF,2679779,SCD
1860479,SCDF,2679787,SCD
376888,SCDF,1001405,SCD
376888,SCDF,1093280,SCD
2054162,SBDF,2723664,BPCK
2054162,SBDF,2723666,BPCK
2054162,SBDF,2723663,GPCK
2054162,SBDF,2723665,GPCK
2054162,SBDF,2054170,SBD
2054162,SBDF,2054174,SBD
2054162,SBDF,2054223,SBD
2054162,SBDF,2054227,SBD
2054162,SBDF,2054168,SCD
2054162,SBDF,2054173,SCD
2054162,SBDF,2054221,SCD
2054162,SBDF,2054226,SCD
2657914,SBDFP,2723664,BPCK
2657914,SBDFP,2723666,BPCK
2657914,SBDFP,2723663,GPCK
2657914,SBDFP,2723665,GPCK
2657914,SBDFP,2054170,SBD
2657914,SBDFP,2054174,SBD
2657914,SBDFP,2054223,SBD
2657914,SBDFP,2054227,SBD
2657914,SBDFP,2054168,SCD
2657914,SBDFP,2054173,SCD
2657914,SBDFP,2054221,SCD
2657914,SBDFP,2054226,SCD
1741289,SCDF,2723664,BPCK
1741289,SCDF,2723666,BPCK
1741289,SCDF,2723663,GPCK
1741289,SCDF,2723665,GPCK
1741289,SCDF,1741292,SBD
1741289,SCDF,1741296,SBD
1741289,SCDF,1741301,SBD
1741289,SCDF,1741304,SBD
1741289,SCDF,1741311,SBD
1741289,SCDF,1741313,SBD
1741289,SCDF,1741377,SBD
1741289,SCDF,1741381,SBD
1741289,SCDF,1741421,SBD
1741289,SCDF,1741424,SBD
1741289,SCDF,1741899,SBD
1741289,SCDF,1741903,SBD
1741289,SCDF,1741974,SBD
1741289,SCDF,1741986,SBD
1741289,SCDF,1742029,SBD
1741289,SCDF,1742031,SBD
1741289,SCDF,1742038,SBD
1741289,SCDF,1742217,SBD
1741289,SCDF,1742220,SBD
1741289,SCDF,1742222,SBD
1741289,SCDF,1742224,SBD
1741289,SCDF,1742225,SBD
1741289,SCDF,1742227,SBD
1741289,SCDF,1742228,SBD
1741289,SCDF,1742329,SBD
1741289,SCDF,1742330,SBD
1741289,SCDF,1742331,SBD
1741289,SCDF,1742395,SBD
1741289,SCDF,1742399,SBD
1741289,SCDF,1742400,SBD
1741289,SCDF,1742401,SBD
1741289,SCDF,1742403,SBD
1741289,SCDF,1742404,SBD
1741289,SCDF,1742406,SBD
1741289,SCDF,1798549,SBD
1741289,SCDF,1799326,SBD
1741289,SCDF,2054170,SBD
1741289,SCDF,2054174,SBD
1741289,SCDF,2054223,SBD
1741289,SCDF,2054227,SBD
1741289,SCDF,1741290,SCD
1741289,SCDF,1741295,SCD
1741289,SCDF,1741375,SCD
1741289,SCDF,1741380,SCD
1741289,SCDF,1741403,SCD
1741289,SCDF,1741410,SCD
1741289,SCDF,1741420,SCD
1741289,SCDF,1741423,SCD
1741289,SCDF,1741570,SCD
1741289,SCDF,2054168,SCD
1741289,SCDF,2054173,SCD
1741289,SCDF,2054221,SCD
1741289,SCDF,2054226,SCD
2645873,SCDFP,2723664,BPCK
2645873,SCDFP,2723666,BPCK
2645873,SCDFP,2723663,GPCK
2645873,SCDFP,2723665,GPCK
2645873,SCDFP,2054170,SBD
2645873,SCDFP,2054174,SBD
2645873,SCDFP,2054223,SBD
2645873,SCDFP,2054227,SBD
2645873,SCDFP,2054168,SCD
2645873,SCDFP,2054173,SCD
2645873,SCDFP,2054221,SCD
2645873,SCDFP,2054226,SCD
1716029,SBDF,1716031,SBD
1716029,SBDF,1716012,SCD
1716034,SBDF,1716036,SBD
1716034,SBDF,1716020,SCD
1716040,SBDF,1716042,SBD
1716040,SBDF,1716024,SCD
1872467,SBDF,210972,SBD
1872467,SBDF,313650,SCD
1302679,SCDF,1302680,SCD
1716010,SCDF,1716031,SBD
1716010,SCDF,1716036,SBD
1716010,SCDF,1716042,SBD
1716010,SCDF,1716012,SCD
1716010,SCDF,1716020,SCD
1716010,SCDF,1716024,SCD
1872465,SCDF,210972,SBD
1872465,SCDF,313650,SCD
1987012,SCDF,1987013,SCD
374301,SCDF,313638,SCD
374301,SCDF,313641,SCD
374301,SCDF,313652,SCD
374301,SCDF,313654,SCD
374301,SCDF,313656,SCD
374307,SCDF,243795,SCD
374307,SCDF,313643,SCD
374307,SCDF,313653,SCD
375961,SCDF,313646,SCD
376984,SCDF,259870,SCD
485688,SCDF,259287,SCD
485688,SCDF,581296,SCD
485688,SCDF,701627,SCD
485688,SCDF,705726,SCD
581317,SCDF,581318,SCD
991455,SCDF,991456,SCD
999792,SCDF,999793,SCD
2646983,SCDFP,1987013,SCD
93415,SBDF,1046266,SBD
93415,SBDF,1043658,SCD
2657242,SBDFP,1046266,SBD
2657242,SBDFP,1043658,SCD
372997,SCDF,1043708,SBD
372997,SCDF,1046266,SBD
372997,SCDF,1043658,SCD
372997,SCDF,1043704,SCD
2647788,SCDFP,1043708,SBD
2647788,SCDFP,1046266,SBD
2647788,SCDFP,1043658,SCD
2647788,SCDFP,1043704,SCD
2285802,SBDF,984082,SBD
2285802,SBDF,984078,SCD
2285809,SBDF,967388,SBD
2285809,SBDF,967385,SCD
2657514,SBDFP,984082,SBD
2657514,SBDFP,984078,SCD
2658188,SBDFP,967388,SBD
2658188,SBDFP,967385,SCD
1737431,SCDF,967388,SBD
1737431,SCDF,984082,SBD
1737431,SCDF,239240,SCD
1737431,SCDF,967385,SCD
1737431,SCDF,984078,SCD
2285811,SCDF,834789,SCD
370583,SCDF,199264,SCD
370894,SCDF,251350,SCD
374833,SCDF,199417,SCD
377580,SCDF,197368,SCD
378973,SCDF,197367,SCD
2645439,SCDFP,834789,SCD
2645777,SCDFP,967388,SBD
2645777,SCDFP,967385,SCD
2647124,SCDFP,984082,SBD
2647124,SCDFP,984078,SCD
1799303,SBDF,2001100,SBD
1799303,SBDF,1790095,SCD
2284506,SBDF,1790128,SBD
2284506,SBDF,1790131,SBD
2284506,SBDF,1790115,SCD
2284506,SBDF,1790127,SCD
2675324,SBDF,2675326,SBD
2675324,SBDF,1790115,SCD
2655548,SBDFP,1790128,SBD
2655548,SBDFP,1790131,SBD
2655548,SBDFP,1790115,SCD
2655548,SBDFP,1790127,SCD
2657399,SBDFP,2001100,SBD
2657399,SBDFP,1790095,SCD
2675325,SBDFP,2675326,SBD
2675325,SBDFP,1790115,SCD
1790094,SCDF,1790128,SBD
1790094,SCDF,1790131,SBD
1790094,SCDF,2001100,SBD
1790094,SCDF,2675326,SBD
1790094,SCDF,1790095,SCD
1790094,SCDF,1790097,SCD
1790094,SCDF,1790099,SCD
1790094,SCDF,1790100,SCD
1790094,SCDF,1790103,SCD
1790094,SCDF,1790115,SCD
1790094,SCDF,1790127,SCD
1790094,SCDF,1872062,SCD
374376,SCDF,1191138,SCD
2645409,SCDFP,2001100,SBD
2645409,SCDFP,1790095,SCD
2645409,SCDFP,1790097,SCD
2645409,SCDFP,1790099,SCD
2645409,SCDFP,1790100,SCD
2645409,SCDFP,1790103,SCD
2645409,SCDFP,1872062,SCD
2645510,SCDFP,1191138,SCD
2645949,SCDFP,1790128,SBD
2645949,SCDFP,1790131,SBD
2645949,SCDFP,2675326,SBD
2645949,SCDFP,1790115,SCD
2645949,SCDFP,1790127,SCD
1665049,SCDF,1665050,SCD
1665049,SCDF,1665052,SCD
1665049,SCDF,1665060,SCD
1665049,SCDF,2630753,SCD
371324,SCDF,313920,SCD
1312434,SBDF,1312438,SBD
1312434,SBDF,1312442,SBD
1312434,SBDF,1312446,SBD
1312434,SBDF,1312431,SCD
1312434,SBDF,1312440,SCD
1312434,SBDF,1312444,SCD
366599,SBDF,212339,SBD
366599,SBDF,309114,SCD
371345,SCDF,212339,SBD
371345,SCDF,309112,SCD
371345,SCDF,309114,SCD
371345,SCDF,637173,SCD
371345,SCDF,645617,SCD
371346,SCDF,250582,SCD
371346,SCDF,309110,SCD
371346,SCDF,309113,SCD
371347,SCDF,197454,SCD
371347,SCDF,309115,SCD
562000,SCDF,1312438,SBD
562000,SCDF,1312442,SBD
562000,SCDF,1312446,SBD
562000,SCDF,1312431,SCD
562000,SCDF,1312440,SCD
562000,SCDF,1312444,SCD
756406,SCDF,755616,SCD
756406,SCDF,755617,SCD
1664992,SCDF,1665005,SCD
1664992,SCDF,1665021,SCD
1664992,SCDF,1665046,SCD
1664992,SCDF,309092,SCD
376593,SCDF,309090,SCD
2282004,SBDF,2282006,SBD
2282004,SBDF,1356511,SCD
1356510,SCDF,1356516,SBD
1356510,SCDF,1421023,SBD
1356510,SCDF,1552097,SBD
1356510,SCDF,2282006,SBD
1356510,SCDF,1356511,SCD
1356510,SCDF,1421018,SCD
1356510,SCDF,1552095,SCD
2675994,SBDF,2675995,SBD
2675994,SBDF,2675990,SCD
2744823,SBDF,2744824,SBD
2744823,SBDF,2744819,SCD
1665087,SCDF,1665088,SCD
1665087,SCDF,1665093,SCD
1665087,SCDF,1665097,SCD
2058952,SCDF,2058953,SCD
2675989,SCDF,2675995,SBD
2675989,SCDF,2675990,SCD
2744818,SCDF,2744824,SBD
2744818,SCDF,2744819,SCD
1039797,SBDF,802773,SBD
1039797,SBDF,311508,SCD
374544,SCDF,1014609,SBD
374544,SCDF,1044433,SBD
374544,SCDF,1052746,SBD
374544,SCDF,1112209,SBD
374544,SCDF,1146111,SBD
374544,SCDF,1146113,SBD
374544,SCDF,1146963,SBD
374544,SCDF,1237023,SBD
374544,SCDF,1237025,SBD
374544,SCDF,1237030,SBD
374544,SCDF,1250183,SBD
374544,SCDF,1250187,SBD
374544,SCDF,1250191,SBD
374544,SCDF,1422189,SBD
374544,SCDF,1439976,SBD
374544,SCDF,1811176,SBD
374544,SCDF,1857615,SBD
374544,SCDF,1858828,SBD
374544,SCDF,2109514,SBD
374544,SCDF,2264914,SBD
374544,SCDF,2548889,SBD
374544,SCDF,2599616,SBD
374544,SCDF,2599618,SBD
374544,SCDF,2677464,SBD
374544,SCDF,2684627,SBD
374544,SCDF,2699082,SBD
374544,SCDF,2699389,SBD
374544,SCDF,701203,SBD
374544,SCDF,753520,SBD
374544,SCDF,802713,SBD
374544,SCDF,802773,SBD
374544,SCDF,804626,SBD
374544,SCDF,807004,SBD
374544,SCDF,807006,SBD
374544,SCDF,896992,SBD
374544,SCDF,896994,SBD
374544,SCDF,896998,SBD
374544,SCDF,897006,SBD
374544,SCDF,1039799,SCD
374544,SCDF,1043731,SCD
374544,SCDF,1044602,SCD
374544,SCDF,1045010,SCD
374544,SCDF,1052744,SCD
374544,SCDF,1192748,SCD
374544,SCDF,1232117,SCD
374544,SCDF,1250189,SCD
374544,SCDF,1305130,SCD
374544,SCDF,1422187,SCD
374544,SCDF,1424614,SCD
374544,SCDF,1426844,SCD
374544,SCDF,1429019,SCD
374544,SCDF,1811174,SCD
374544,SCDF,1857613,SCD
374544,SCDF,1858826,SCD
374544,SCDF,199393,SCD
374544,SCDF,1995300,SCD
374544,SCDF,200107,SCD
374544,SCDF,2122215,SCD
374544,SCDF,2264360,SCD
374544,SCDF,2264912,SCD
374544,SCDF,2277805,SCD
374544,SCDF,253015,SCD
374544,SCDF,2569961,SCD
374544,SCDF,2590178,SCD
374544,SCDF,2599614,SCD
374544,SCDF,2634992,SCD
374544,SCDF,2634994,SCD
374544,SCDF,2739244,SCD
374544,SCDF,311507,SCD
374544,SCDF,311508,SCD
374544,SCDF,311512,SCD
374544,SCDF,315140,SCD
374544,SCDF,359751,SCD
374544,SCDF,433194,SCD
374544,SCDF,433195,SCD
374544,SCDF,433196,SCD
374544,SCDF,476973,SCD
374544,SCDF,485287,SCD
374544,SCDF,616344,SCD
374544,SCDF,637115,SCD
374544,SCDF,637116,SCD
374544,SCDF,637119,SCD
374544,SCDF,637121,SCD
374544,SCDF,644109,SCD
374544,SCDF,665080,SCD
374544,SCDF,665082,SCD
374544,SCDF,700887,SCD
374544,SCDF,701201,SCD
374544,SCDF,701207,SCD
374544,SCDF,749548,SCD
374544,SCDF,836284,SCD
598013,SBDF,598014,SBD
598013,SBDF,615136,SCD
615135,SCDF,598014,SBD
615135,SCDF,615136,SCD
1654863,SBDF,847199,SBD
1654863,SBDF,1654862,SCD
365677,SBDF,311026,SBD
365677,SBDF,311028,SCD
2656578,SBDFP,311026,SBD
2656578,SBDFP,311028,SCD
2658191,SBDFP,847199,SBD
2658191,SBDFP,1654862,SCD
1654861,SCDF,2206099,SBD
1654861,SCDF,847199,SBD
1654861,SCDF,1654862,SCD
378928,SCDF,311026,SBD
378928,SCDF,311027,SBD
378928,SCDF,311028,SCD
378928,SCDF,311052,SCD
2645483,SCDFP,2206099,SBD
2645483,SCDFP,847199,SBD
2645483,SCDFP,1654862,SCD
2647860,SCDFP,311026,SBD
2647860,SCDFP,311027,SBD
2647860,SCDFP,311028,SCD
2206098,SBDF,2206099,SBD
2206098,SBDF,1654862,SCD
365573,SBDF,311027,SBD
365573,SBDF,311028,SCD
2657264,SBDFP,311027,SBD
2657264,SBDFP,311028,SCD
2658335,SBDFP,2206099,SBD
2658335,SBDFP,1654862,SCD
636108,SBDF,636109,SBD
636108,SBDF,636106,SCD
992581,SBDF,992582,SBD
992581,SBDF,992578,SCD
309038,SCDF,260239,SCD
371308,SCDF,309034,SCD
378763,SCDF,204691,SCD
581752,SCDF,581753,SCD
636105,SCDF,636109,SBD
636105,SCDF,636106,SCD
992577,SCDF,992582,SBD
992577,SCDF,992578,SCD
798531,SCDF,1193047,SCD
798531,SCDF,2287160,SCD
798531,SCDF,797544,SCD
1112232,SBDF,1112233,SBD
1112232,SBDF,1112231,SCD
1550960,SBDF,1550963,SBD
1550960,SBDF,1550957,SCD
368447,SBDF,849728,SBD
368447,SBDF,849574,SCD
369974,SBDF,1116331,SBD
369974,SBDF,1116341,SBD
369974,SBDF,1116351,SBD
369974,SBDF,1116320,SCD
369974,SBDF,1116339,SCD
369974,SBDF,1116349,SCD
608792,SBDF,608793,SBD
608792,SBDF,835560,SBD
608792,SBDF,311915,SCD
608792,SBDF,603103,SCD
643132,SBDF,849737,SBD
643132,SBDF,849574,SCD
794767,SBDF,849452,SBD
794767,SBDF,849450,SCD
91796,SBDF,849438,SBD
91796,SBDF,849431,SCD
93416,SBDF,207093,SBD
93416,SBDF,311913,SCD
93417,SBDF,105899,SBD
93417,SBDF,198014,SCD
977957,SBDF,994007,SBD
977957,SBDF,994010,SBD
977957,SBDF,994005,SCD
977957,SBDF,994008,SCD
2654512,SBDFP,849452,SBD
2654512,SBDFP,849450,SCD
2654513,SBDFP,849737,SBD
2654513,SBDFP,849574,SCD
2654566,SBDFP,849438,SBD
2654566,SBDFP,849431,SCD
2654714,SBDFP,1112233,SBD
2654714,SBDFP,1112231,SCD
2657846,SBDFP,1550963,SBD
2657846,SBDFP,1550957,SCD
2659037,SBDFP,849728,SBD
2659037,SBDFP,849574,SCD
1550955,SCDF,1550963,SBD
1550955,SCDF,1550957,SCD
373002,SCDF,1112233,SBD
373002,SCDF,1112231,SCD
373003,SCDF,199490,SCD
373004,SCDF,207093,SBD
373004,SCDF,311913,SCD
373005,SCDF,105899,SBD
373005,SCDF,849438,SBD
373005,SCDF,849728,SBD
373005,SCDF,849737,SBD
373005,SCDF,1608797,SCD
373005,SCDF,198012,SCD
373005,SCDF,198013,SCD
373005,SCDF,198014,SCD
373005,SCDF,849398,SCD
373005,SCDF,849431,SCD
373005,SCDF,849574,SCD
373006,SCDF,1116331,SBD
373006,SCDF,1116341,SBD
373006,SCDF,1116351,SBD
373006,SCDF,1116320,SCD
373006,SCDF,1116339,SCD
373006,SCDF,1116349,SCD
373009,SCDF,608793,SBD
373009,SCDF,835560,SBD
373009,SCDF,105918,SCD
373009,SCDF,311915,SCD
373009,SCDF,603103,SCD
374618,SCDF,1367426,SCD
794763,SCDF,849452,SBD
794763,SCDF,849450,SCD
977953,SCDF,994007,SBD
977953,SCDF,994010,SBD
977953,SCDF,994005,SCD
977953,SCDF,994008,SCD
2647518,SCDFP,849452,SBD
2647518,SCDFP,849450,SCD
2648045,SCDFP,849438,SBD
2648045,SCDFP,849728,SBD
2648045,SCDFP,849737,SBD
2648045,SCDFP,849398,SCD
2648045,SCDFP,849431,SCD
2648045,SCDFP,849574,SCD
2648267,SCDFP,1550963,SBD
2648267,SCDFP,1550957,SCD
2648502,SCDFP,1112233,SBD
2648502,SCDFP,1112231,SCD
2648872,SCDFP,1367426,SCD
1721640,SBDF,1721690,SBD
1721640,SBDF,205918,SBD
1721640,SBDF,205922,SBD
1721640,SBDF,205924,SBD
1721640,SBDF,213475,SBD
1721640,SBDF,1721684,SCD
1721640,SBDF,239998,SCD
1721640,SBDF,239999,SCD
1721640,SBDF,240377,SCD
1721640,SBDF,242706,SCD
1721643,SBDF,1721685,SBD
1721643,SBDF,205917,SBD
1721643,SBDF,205921,SBD
1721643,SBDF,205923,SBD
1721643,SBDF,1721684,SCD
1721643,SBDF,239998,SCD
1721643,SBDF,239999,SCD
1721643,SBDF,240377,SCD
2047594,SBDF,2047596,SBD
2047594,SBDF,2047602,SBD
2047594,SBDF,2047608,SBD
2047594,SBDF,2047614,SBD
2047594,SBDF,2047623,SBD
2047594,SBDF,2047591,SCD
2047594,SBDF,2047600,SCD
2047594,SBDF,2047606,SCD
2047594,SBDF,2047612,SCD
2047594,SBDF,2047621,SCD
2463732,SBDF,2463733,SBD
2463732,SBDF,2463737,SBD
2463732,SBDF,2463731,SCD
2463732,SBDF,2463735,SCD
92613,SBDF,205912,SBD
92613,SBDF,212218,SBD
92613,SBDF,240000,SCD
92613,SBDF,241999,SCD
93868,SBDF,205913,SBD
93868,SBDF,212219,SBD
93868,SBDF,240000,SCD
93868,SBDF,241999,SCD
2657314,SBDFP,2047596,SBD
2657314,SBDFP,2047602,SBD
2657314,SBDFP,2047608,SBD
2657314,SBDFP,2047614,SBD
2657314,SBDFP,2047623,SBD
2657314,SBDFP,2047591,SCD
2657314,SBDFP,2047600,SCD
2657314,SBDFP,2047606,SCD
2657314,SBDFP,2047612,SCD
2657314,SBDFP,2047621,SCD
2658685,SBDFP,2463733,SBD
2658685,SBDFP,2463737,SBD
2658685,SBDFP,2463731,SCD
2658685,SBDFP,2463735,SCD
1721637,SCDF,1721685,SBD
1721637,SCDF,1721690,SBD
1721637,SCDF,2047596,SBD
1721637,SCDF,2047602,SBD
1721637,SCDF,2047608,SBD
1721637,SCDF,2047614,SBD
1721637,SCDF,2047623,SBD
1721637,SCDF,205917,SBD
1721637,SCDF,205918,SBD
1721637,SCDF,205921,SBD
1721637,SCDF,205922,SBD
1721637,SCDF,205923,SBD
1721637,SCDF,205924,SBD
1721637,SCDF,213475,SBD
1721637,SCDF,1721684,SCD
1721637,SCDF,2047591,SCD
1721637,SCDF,2047600,SCD
1721637,SCDF,2047606,SCD
1721637,SCDF,2047612,SCD
1721637,SCDF,2047621,SCD
1721637,SCDF,239998,SCD
1721637,SCDF,239999,SCD
1721637,SCDF,240377,SCD
1721637,SCDF,242706,SCD
372032,SCDF,205912,SBD
372032,SCDF,205913,SBD
372032,SCDF,212218,SBD
372032,SCDF,212219,SBD
372032,SCDF,2463733,SBD
372032,SCDF,2463737,SBD
372032,SCDF,240000,SCD
372032,SCDF,241999,SCD
372032,SCDF,2463731,SCD
372032,SCDF,2463735,SCD
2645388,SCDFP,2463733,SBD
2645388,SCDFP,2463737,SBD
2645388,SCDFP,2463731,SCD
2645388,SCDFP,2463735,SCD
2646640,SCDFP,2047596,SBD
2646640,SCDFP,2047602,SBD
2646640,SCDFP,2047608,SBD
2646640,SCDFP,2047614,SBD
2646640,SCDFP,2047623,SBD
2646640,SCDFP,2047591,SCD
2646640,SCDFP,2047600,SCD
2646640,SCDFP,2047606,SCD
2646640,SCDFP,2047612,SCD
2646640,SCDFP,2047621,SCD
372033,SCDF,153630,SCD
372033,SCDF,153633,SCD
1368962,SCDF,1424872,SCD
2645337,SCDFP,1424872,SCD
378004,SCDF,1037039,SCD
378004,SCDF,1039708,SCD
378004,SCDF,1039811,SCD
378004,SCDF,1041498,SCD
378004,SCDF,1041851,SCD
378004,SCDF,1052526,SCD
378004,SCDF,1094724,SCD
378004,SCDF,1145610,SCD
378004,SCDF,1305100,SCD
378004,SCDF,1535597,SCD
378004,SCDF,1788839,SCD
378004,SCDF,1860080,SCD
378004,SCDF,2003712,SCD
378004,SCDF,2277550,SCD
378004,SCDF,2282911,SCD
378004,SCDF,2284346,SCD
378004,SCDF,2287763,SCD
378004,SCDF,2289402,SCD
378004,SCDF,2367439,SCD
378004,SCDF,581658,SCD
378004,SCDF,581660,SCD
378004,SCDF,581662,SCD
378004,SCDF,616762,SCD
378004,SCDF,902574,SCD
1094067,SBDF,1094068,SBD
1094067,SBDF,1094064,SCD
1100745,SBDF,1100746,SBD
1100745,SBDF,1100742,SCD
1293121,SBDF,1293123,SBD
1293121,SBDF,1293118,SCD
1293601,SBDF,1293603,SBD
1293601,SBDF,1293598,SCD
1423477,SBDF,1423479,SBD
1423477,SBDF,1423474,SCD
1428024,SBDF,1428025,SBD
1428024,SBDF,543460,SCD
1536547,SBDF,1536549,SBD
1536547,SBDF,1536544,SCD
1546203,SBDF,1546204,SBD
1546203,SBDF,1546202,SCD
2385351,SBDF,2385353,SBD
2385351,SBDF,2385348,SCD
2700384,SBDF,2700386,SBD
2700384,SBDF,2385348,SCD
365742,SBDF,213279,SBD
365742,SBDF,205248,SCD
365754,SBDF,212645,SBD
365754,SBDF,311254,SCD
402716,SBDF,978056,BPCK
402716,SBDF,978054,GPCK
402716,SBDF,543812,SBD
402716,SBDF,885109,SBD
402716,SBDF,197362,SCD
402716,SBDF,311254,SCD
402717,SBDF,978054,GPCK
402717,SBDF,205643,SBD
402717,SBDF,197362,SCD
632465,SBDF,1293861,SBD
632465,SBDF,1293859,SCD
807011,SBDF,807012,SBD
807011,SBDF,807008,SCD
807015,SBDF,807016,SBD
807015,SBDF,807013,SCD
864009,SBDF,978054,GPCK
864009,SBDF,1311662,SBD
864009,SBDF,864010,SBD
864009,SBDF,1311660,SCD
864009,SBDF,197362,SCD
875808,SBDF,800003,SBD
875808,SBDF,799999,SCD
875809,SBDF,800061,SBD
875809,SBDF,800057,SCD
875810,SBDF,800064,SBD
875810,SBDF,800062,SCD
875811,SBDF,800074,SBD
875811,SBDF,800066,SCD
875812,SBDF,800115,SBD
875812,SBDF,800111,SCD
875813,SBDF,800474,SBD
875813,SBDF,800472,SCD
875817,SBDF,800648,SBD
875817,SBDF,800644,SCD
904428,SBDF,1301695,GPCK
904428,SBDF,904429,SBD
904428,SBDF,248332,SCD
991325,SBDF,991326,SBD
991325,SBDF,991277,SCD
993260,SBDF,993261,SBD
993260,SBDF,993253,SCD
2654418,SBDFP,1301695,GPCK
2654418,SBDFP,904429,SBD
2654418,SBDFP,248332,SCD
2654770,SBDFP,800115,SBD
2654770,SBDFP,800111,SCD
2654809,SBDFP,1094068,SBD
2654809,SBDFP,1094064,SCD
2654839,SBDFP,807012,SBD
2654839,SBDFP,807008,SCD
2655139,SBDFP,212645,SBD
2655139,SBDFP,311254,SCD
2655148,SBDFP,1546204,SBD
2655148,SBDFP,1546202,SCD
2655318,SBDFP,978056,BPCK
2655318,SBDFP,978054,GPCK
2655318,SBDFP,543812,SBD
2655318,SBDFP,197362,SCD
2655330,SBDFP,213279,SBD
2655330,SBDFP,205248,SCD
2655344,SBDFP,1100746,SBD
2655344,SBDFP,1100742,SCD
2655590,SBDFP,885109,SBD
2655590,SBDFP,311254,SCD
2655818,SBDFP,800648,SBD
2655818,SBDFP,800644,SCD
2656433,SBDFP,807016,SBD
2656433,SBDFP,807013,SCD
2656513,SBDFP,800474,SBD
2656513,SBDFP,800472,SCD
2656538,SBDFP,993261,SBD
2656538,SBDFP,993253,SCD
2656604,SBDFP,991326,SBD
2656604,SBDFP,991277,SCD
2656896,SBDFP,1423479,SBD
2656896,SBDFP,1423474,SCD
2656911,SBDFP,1428025,SBD
2656911,SBDFP,543460,SCD
2657132,SBDFP,1293603,SBD
2657132,SBDFP,1293598,SCD
2657153,SBDFP,800061,SBD
2657153,SBDFP,800057,SCD
2657403,SBDFP,2385353,SBD
2657403,SBDFP,2385348,SCD
2657412,SBDFP,978054,GPCK
2657412,SBDFP,205643,SBD
2657412,SBDFP,197362,SCD
2658278,SBDFP,800074,SBD
2658278,SBDFP,800066,SCD
2658370,SBDFP,1293861,SBD
2658370,SBDFP,1293859,SCD
2658399,SBDFP,800003,SBD
2658399,SBDFP,799999,SCD
2658704,SBDFP,800064,SBD
2658704,SBDFP,800062,SCD
2658900,SBDFP,978054,GPCK
2658900,SBDFP,1311662,SBD
2658900,SBDFP,864010,SBD
2658900,SBDFP,1311660,SCD
2658900,SBDFP,197362,SCD
2658979,SBDFP,1536549,SBD
2658979,SBDFP,1536544,SCD
2700385,SBDFP,2700386,SBD
2700385,SBDFP,2385348,SCD
1094062,SCDF,1094068,SBD
1094062,SCDF,1094064,SCD
1094062,SCDF,1421080,SCD
1100740,SCDF,1100746,SBD
1100740,SCDF,1100742,SCD
1252019,SCDF,1252021,SCD
1371987,SCDF,1371989,SCD
1423472,SCDF,1423479,SBD
1423472,SCDF,1423474,SCD
1546201,SCDF,1546204,SBD
1546201,SCDF,1546202,SCD
2385346,SCDF,2385353,SBD
2385346,SCDF,2700386,SBD
2385346,SCDF,2385348,SCD
311255,SCDF,1301696,BPCK
311255,SCDF,1301695,GPCK
311255,SCDF,1428025,SBD
311255,SCDF,904429,SBD
311255,SCDF,1041718,SCD
311255,SCDF,248332,SCD
311255,SCDF,543460,SCD
373813,SCDF,1653440,SCD
373813,SCDF,311250,SCD
375453,SCDF,283279,SCD
377737,SCDF,978056,BPCK
377737,SCDF,978054,GPCK
377737,SCDF,1311662,SBD
377737,SCDF,205643,SBD
377737,SCDF,212645,SBD
377737,SCDF,543812,SBD
377737,SCDF,864010,SBD
377737,SCDF,885109,SBD
377737,SCDF,1311660,SCD
377737,SCDF,197362,SCD
377737,SCDF,311249,SCD
377737,SCDF,311254,SCD
377737,SCDF,607229,SCD
377895,SCDF,259021,SCD
378025,SCDF,244534,SCD
378025,SCDF,250816,SCD
379327,SCDF,807016,SBD
379327,SCDF,106200,SCD
379327,SCDF,807013,SCD
379425,SCDF,108926,SCD
632127,SCDF,1293123,SBD
632127,SCDF,1293603,SBD
632127,SCDF,1536549,SBD
632127,SCDF,1293118,SCD
632127,SCDF,1293598,SCD
632127,SCDF,1536544,SCD
632162,SCDF,1293861,SBD
632162,SCDF,1293859,SCD
875807,SCDF,800003,SBD
875807,SCDF,800061,SBD
875807,SCDF,800064,SBD
875807,SCDF,800074,SBD
875807,SCDF,800115,SBD
875807,SCDF,800474,SBD
875807,SCDF,799999,SCD
875807,SCDF,800057,SCD
875807,SCDF,800062,SCD
875807,SCDF,800066,SCD
875807,SCDF,800111,SCD
875807,SCDF,800472,SCD
875816,SCDF,800648,SBD
875816,SCDF,800644,SCD
875826,SCDF,807396,SCD
876073,SCDF,213279,SBD
876073,SCDF,807012,SBD
876073,SCDF,205248,SCD
876073,SCDF,313061,SCD
876073,SCDF,807008,SCD
876075,SCDF,847628,SCD
876076,SCDF,1866559,SCD
876076,SCDF,847626,SCD
876076,SCDF,847627,SCD
876077,SCDF,847630,SCD
991276,SCDF,991326,SBD
991276,SCDF,1747301,SCD
991276,SCDF,991277,SCD
993252,SCDF,993261,SBD
993252,SCDF,993253,SCD
2645422,SCDFP,313061,SCD
2645641,SCDFP,108926,SCD
2645773,SCDFP,1094068,SBD
2645773,SCDFP,1094064,SCD
2645773,SCDFP,1421080,SCD
2645778,SCDFP,1100746,SBD
2645778,SCDFP,1100742,SCD
2645783,SCDFP,1252021,SCD
2646025,SCDFP,213279,SBD
2646025,SCDFP,807012,SBD
2646025,SCDFP,205248,SCD
2646025,SCDFP,807008,SCD
2646128,SCDFP,991326,SBD
2646128,SCDFP,1747301,SCD
2646128,SCDFP,991277,SCD
2646490,SCDFP,800003,SBD
2646490,SCDFP,800061,SBD
2646490,SCDFP,800064,SBD
2646490,SCDFP,800074,SBD
2646490,SCDFP,800115,SBD
2646490,SCDFP,800474,SBD
2646490,SCDFP,799999,SCD
2646490,SCDFP,800057,SCD
2646490,SCDFP,800062,SCD
2646490,SCDFP,800066,SCD
2646490,SCDFP,800111,SCD
2646490,SCDFP,800472,SCD
2646535,SCDFP,807396,SCD
2646543,SCDFP,847628,SCD
2646618,SCDFP,847630,SCD
2646886,SCDFP,2385353,SBD
2646886,SCDFP,2700386,SBD
2646886,SCDFP,2385348,SCD
2647226,SCDFP,1293861,SBD
2647226,SCDFP,1293859,SCD
2647454,SCDFP,1546204,SBD
2647454,SCDFP,1546202,SCD
2647567,SCDFP,1866559,SCD
2647567,SCDFP,847626,SCD
2647567,SCDFP,847627,SCD
2647644,SCDFP,212645,SBD
2647644,SCDFP,885109,SBD
2647644,SCDFP,311249,SCD
2647644,SCDFP,311254,SCD
2647644,SCDFP,607229,SCD
2647956,SCDFP,800648,SBD
2647956,SCDFP,800644,SCD
2648061,SCDFP,978056,BPCK
2648061,SCDFP,978054,GPCK
2648061,SCDFP,1311662,SBD
2648061,SCDFP,205643,SBD
2648061,SCDFP,543812,SBD
2648061,SCDFP,864010,SBD
2648061,SCDFP,1311660,SCD
2648061,SCDFP,197362,SCD
2648105,SCDFP,1428025,SBD
2648105,SCDFP,1041718,SCD
2648105,SCDFP,543460,SCD
2648186,SCDFP,1653440,SCD
2648186,SCDFP,311250,SCD
2648399,SCDFP,283279,SCD
2648463,SCDFP,1371989,SCD
2648472,SCDFP,807016,SBD
2648472,SCDFP,106200,SCD
2648472,SCDFP,807013,SCD
2648582,SCDFP,1301696,BPCK
2648582,SCDFP,1301695,GPCK
2648582,SCDFP,904429,SBD
2648582,SCDFP,248332,SCD
2648625,SCDFP,1293603,SBD
2648625,SCDFP,1536549,SBD
2648625,SCDFP,1293598,SCD
2648625,SCDFP,1536544,SCD
2648832,SCDFP,1423479,SBD
2648832,SCDFP,1423474,SCD
2649011,SCDFP,259021,SCD
2649101,SCDFP,244534,SCD
2649101,SCDFP,250816,SCD
2649546,SCDFP,993261,SBD
2649546,SCDFP,993253,SCD
1870409,SBDF,966922,SBD
1870409,SBDF,966920,SCD
1870402,SCDF,966922,SBD
1870402,SCDF,967012,SBD
1870402,SCDF,967023,SBD
1870402,SCDF,966914,SCD
1870402,SCDF,966920,SCD
1870405,SBDF,967012,SBD
1870405,SBDF,966920,SCD
1870423,SBDF,967023,SBD
1870423,SBDF,966914,SCD
1946649,SBDF,1946651,SBD
1946649,SBDF,1945218,SCD
1722933,SCDF,1722934,SCD
1722933,SCDF,1722939,SCD
1722933,SCDF,2664894,SCD
1945216,SCDF,1946651,SBD
1945216,SCDF,1945218,SCD
1014430,SBDF,1014431,SBD
1014430,SBDF,1014427,SCD
1090638,SBDF,1090639,SBD
1090638,SBDF,1090635,SCD
1189307,SBDF,1189310,SBD
1189307,SBDF,831290,SCD
1189609,SBDF,1189611,SBD
1189609,SBDF,830731,SCD
1189638,SBDF,1189640,SBD
1189638,SBDF,800611,SCD
1189643,SBDF,1189645,SBD
1189643,SBDF,800563,SCD
1601980,SBDF,1601982,SBD
1601980,SBDF,800584,SCD
800191,SBDF,800192,SBD
800191,SBDF,800188,SCD
800219,SBDF,800220,SBD
800219,SBDF,800216,SCD
800240,SBDF,800241,SBD
800240,SBDF,800237,SCD
800272,SBDF,800273,SBD
800272,SBDF,800269,SCD
800344,SBDF,800345,SBD
800344,SBDF,800341,SCD
800379,SBDF,801000,SBD
800379,SBDF,800998,SCD
800404,SBDF,800405,SBD
800404,SBDF,800401,SCD
800414,SBDF,800415,SBD
800414,SBDF,800411,SCD
800419,SBDF,800420,SBD
800419,SBDF,800416,SCD
800437,SBDF,800438,SBD
800437,SBDF,800434,SCD
800443,SBDF,800444,SBD
800443,SBDF,800440,SCD
800448,SBDF,800449,SBD
800448,SBDF,800445,SCD
800461,SBDF,801012,SBD
800461,SBDF,801010,SCD
800490,SBDF,801021,SBD
800490,SBDF,801019,SCD
800503,SBDF,801031,SBD
800503,SBDF,801029,SCD
800508,SBDF,801034,SBD
800508,SBDF,801032,SCD
800587,SBDF,800588,SBD
800587,SBDF,800584,SCD
800932,SBDF,800933,SBD
800932,SBDF,800929,SCD
801135,SBDF,801136,SBD
801135,SBDF,801133,SCD
801397,SBDF,801405,SBD
801397,SBDF,801403,SCD
801416,SBDF,801417,SBD
801416,SBDF,801413,SCD
801647,SBDF,801648,SBD
801647,SBDF,801644,SCD
830654,SBDF,830655,SBD
830654,SBDF,830651,SCD
830683,SBDF,830684,SBD
830683,SBDF,830680,SCD
831429,SBDF,831430,SBD
831429,SBDF,831426,SCD
847784,SBDF,847785,SBD
847784,SBDF,847781,SCD
2655400,SBDFP,801021,SBD
2655400,SBDFP,801019,SCD
2655668,SBDFP,801031,SBD
2655668,SBDFP,801029,SCD
2656536,SBDFP,801012,SBD
2656536,SBDFP,801010,SCD
2657325,SBDFP,801000,SBD
2657325,SBDFP,800998,SCD
2657869,SBDFP,801034,SBD
2657869,SBDFP,801032,SCD
2658367,SBDFP,1090639,SBD
2658367,SBDFP,1090635,SCD
1014425,SCDF,1014431,SBD
1014425,SCDF,1014427,SCD
800187,SCDF,1601982,SBD
800187,SCDF,800192,SBD
800187,SCDF,800220,SBD
800187,SCDF,800241,SBD
800187,SCDF,800588,SBD
800187,SCDF,801136,SBD
800187,SCDF,800188,SCD
800187,SCDF,800216,SCD
800187,SCDF,800237,SCD
800187,SCDF,800584,SCD
800187,SCDF,801133,SCD
800247,SCDF,847785,SBD
800247,SCDF,847781,SCD
800268,SCDF,800273,SBD
800268,SCDF,801648,SBD
800268,SCDF,830655,SBD
800268,SCDF,830684,SBD
800268,SCDF,800269,SCD
800268,SCDF,801644,SCD
800268,SCDF,830651,SCD
800268,SCDF,830680,SCD
800293,SCDF,800933,SBD
800293,SCDF,800929,SCD
800340,SCDF,800345,SBD
800340,SCDF,831430,SBD
800340,SCDF,800341,SCD
800340,SCDF,831426,SCD
800363,SCDF,1090639,SBD
800363,SCDF,801000,SBD
800363,SCDF,801012,SBD
800363,SCDF,801021,SBD
800363,SCDF,801031,SBD
800363,SCDF,801034,SBD
800363,SCDF,1090635,SCD
800363,SCDF,800998,SCD
800363,SCDF,801010,SCD
800363,SCDF,801019,SCD
800363,SCDF,801029,SCD
800363,SCDF,801032,SCD
800395,SCDF,800405,SBD
800395,SCDF,800415,SBD
800395,SCDF,800420,SBD
800395,SCDF,800438,SBD
800395,SCDF,800444,SBD
800395,SCDF,800449,SBD
800395,SCDF,800401,SCD
800395,SCDF,800411,SCD
800395,SCDF,800416,SCD
800395,SCDF,800434,SCD
800395,SCDF,800440,SCD
800395,SCDF,800445,SCD
800562,SCDF,1189640,SBD
800562,SCDF,1189645,SBD
800562,SCDF,800563,SCD
800562,SCDF,800611,SCD
801394,SCDF,801405,SBD
801394,SCDF,801403,SCD
801412,SCDF,801417,SBD
801412,SCDF,801413,SCD
830724,SCDF,1189611,SBD
830724,SCDF,830731,SCD
831289,SCDF,1189310,SBD
831289,SCDF,831290,SCD
2645885,SCDFP,1090639,SBD
2645885,SCDFP,801000,SBD
2645885,SCDFP,801012,SBD
2645885,SCDFP,801021,SBD
2645885,SCDFP,801031,SBD
2645885,SCDFP,801034,SBD
2645885,SCDFP,1090635,SCD
2645885,SCDFP,800998,SCD
2645885,SCDFP,801010,SCD
2645885,SCDFP,801019,SCD
2645885,SCDFP,801029,SCD
2645885,SCDFP,801032,SCD
2049721,SBDF,2049723,SBD
2049721,SBDF,1595624,SCD
2656358,SBDFP,2049723,SBD
2656358,SBDFP,1595624,SCD
377744,SCDF,2049723,SBD
377744,SCDF,1595624,SCD
377744,SCDF,250912,SCD
377744,SCDF,2729431,SCD
377744,SCDF,2739287,SCD
2645437,SCDFP,2049723,SBD
2645437,SCDFP,1595624,SCD
1010767,SBDF,1010749,SBD
1010767,SBDF,1010755,SBD
1010767,SBDF,1010763,SBD
1010767,SBDF,1010745,SCD
1010767,SBDF,1010751,SCD
1010767,SBDF,1010759,SCD
1011759,SBDF,1011983,SBD
1011759,SBDF,1011839,SCD
1012326,SBDF,1012327,SBD
1012326,SBDF,1012233,SCD
1046511,SBDF,1046512,SBD
1046511,SBDF,1010895,SCD
1088234,SBDF,1088235,SBD
1088234,SBDF,1009433,SCD
1193404,SBDF,1545297,SBD
1193404,SBDF,1545295,SCD
1235020,SBDF,1235022,SBD
1235020,SBDF,1012081,SCD
1246626,SBDF,1246628,SBD
1246626,SBDF,1246623,SCD
1372894,SBDF,1372896,SBD
1372894,SBDF,1009433,SCD
1373140,SBDF,1373142,SBD
1373140,SBDF,1373137,SCD
1423326,SBDF,1423328,SBD
1423326,SBDF,1423323,SCD
1425508,SBDF,1601097,SBD
1425508,SBDF,1601095,SCD
1427000,SBDF,1427002,SBD
1427000,SBDF,1010895,SCD
1431685,SBDF,1431687,SBD
1431685,SBDF,1431682,SCD
1432485,SBDF,1432487,SBD
1432485,SBDF,1494601,SBD
1432485,SBDF,1010895,SCD
1432485,SBDF,1432482,SCD
1487769,SBDF,1487770,SBD
1487769,SBDF,1190150,SCD
1539439,SBDF,1539441,SBD
1539439,SBDF,1539436,SCD
1543715,SBDF,1543717,SBD
1543715,SBDF,1543712,SCD
1545687,SBDF,2047879,SBD
1545687,SBDF,2047877,SCD
1549445,SBDF,1549447,SBD
1549445,SBDF,1011852,SCD
1657032,SBDF,1011809,SBD
1657032,SBDF,1011814,SBD
1657032,SBDF,1293648,SCD
1657032,SBDF,1657026,SCD
1657038,SBDF,1010768,SBD
1657038,SBDF,1608499,SBD
1657038,SBDF,1293648,SCD
1657038,SBDF,1657026,SCD
1672971,SBDF,1011709,SBD
1672971,SBDF,1011707,SCD
1723994,SBDF,1723996,SBD
1723994,SBDF,1723991,SCD
1737344,SBDF,1737345,SBD
1737344,SBDF,1737563,SBD
1737344,SBDF,1737567,SBD
1737344,SBDF,1737569,SBD
1737344,SBDF,1737571,SBD
1737344,SBDF,1737637,SBD
1737344,SBDF,1737641,SBD
1737344,SBDF,1737758,SBD
1737344,SBDF,1737762,SBD
1737344,SBDF,1737764,SBD
1737344,SBDF,1737343,SCD
1737344,SBDF,1737562,SCD
1737344,SBDF,1737566,SCD
1737344,SBDF,1737568,SCD
1737344,SBDF,1737570,SCD
1737344,SBDF,1737636,SCD
1737344,SBDF,1737640,SCD
1737344,SBDF,1737757,SCD
1737344,SBDF,1737761,SCD
1737344,SBDF,1737763,SCD
1747491,SBDF,1747492,SBD
1747491,SBDF,1010077,SCD
1793057,SBDF,1373136,SBD
1793057,SBDF,1373130,SCD
1793068,SBDF,1549401,SBD
1793068,SBDF,1373130,SCD
1867939,SBDF,1010692,SBD
1867939,SBDF,1867940,SBD
1867939,SBDF,1867944,SBD
1867939,SBDF,1867993,SBD
1867939,SBDF,1867997,SBD
1867939,SBDF,1867999,SBD
1867939,SBDF,1868029,SBD
1867939,SBDF,1010688,SCD
1867939,SBDF,1867938,SCD
1867939,SBDF,1867943,SCD
1867939,SBDF,1867992,SCD
1867939,SBDF,1867996,SCD
1867939,SBDF,1867998,SCD
1867939,SBDF,1868028,SCD
1871451,SBDF,1871453,SBD
1871451,SBDF,1491882,SCD
1872888,SBDF,1872891,SBD
1872888,SBDF,1872886,SCD
1872970,SBDF,1872972,SBD
1872970,SBDF,1010077,SCD
1875236,SBDF,1875237,SBD
1875236,SBDF,1010077,SCD
1939338,SBDF,1939340,SBD
1939338,SBDF,1373137,SCD
2201503,SBDF,2201504,SBD
2201503,SBDF,2592641,SBD
2201503,SBDF,1249758,SCD
2201503,SBDF,1373130,SCD
2264105,SBDF,2264107,SBD
2264105,SBDF,1010836,SCD
2396787,SBDF,1012594,SBD
2396787,SBDF,1010769,SCD
2464333,SBDF,2464334,SBD
2464333,SBDF,1045432,SCD
2474487,SBDF,2474489,SBD
2474487,SBDF,1947197,SCD
2477937,SBDF,2477939,SBD
2477937,SBDF,2047877,SCD
2587645,SBDF,2587646,SBD
2587645,SBDF,2375042,SCD
2604878,SBDF,2604879,SBD
2604878,SBDF,1011852,SCD
2611977,SBDF,2611978,SBD
2611977,SBDF,1723991,SCD
2637874,SBDF,2637875,SBD
2637874,SBDF,2637870,SCD
2667924,SBDF,2667926,SBD
2667924,SBDF,2667922,SCD
2675770,SBDF,2675772,SBD
2675770,SBDF,2675768,SCD
2678112,SBDF,2678114,SBD
2678112,SBDF,1723991,SCD
2678303,SBDF,2678305,SBD
2678303,SBDF,2675768,SCD
2684034,SBDF,2684036,SBD
2684034,SBDF,1545290,SCD
2716401,SBDF,2716403,SBD
2716401,SBDF,1010895,SCD
2739499,SBDF,2739501,SBD
2739499,SBDF,1293648,SCD
2740867,SBDF,2740869,SBD
2740867,SBDF,1011852,SCD
381175,SBDF,1010298,SBD
381175,SBDF,1010296,SCD
543931,SBDF,1246113,SBD
543931,SBDF,1010878,SCD
795476,SBDF,1011845,SBD
795476,SBDF,1011843,SCD
809472,SBDF,1011703,SBD
809472,SBDF,1009462,SCD
891341,SBDF,1011854,SBD
891341,SBDF,1011852,SCD
891346,SBDF,1011851,SBD
891346,SBDF,1011849,SCD
94618,SBDF,1010035,SBD
94618,SBDF,1010673,SBD
94618,SBDF,1010902,SBD
94618,SBDF,1010033,SCD
94618,SBDF,1010671,SCD
94618,SBDF,1010900,SCD
998326,SBDF,1011767,SBD
998326,SBDF,1010931,SCD
2654358,SBDFP,1373136,SBD
2654358,SBDFP,1373130,SCD
2654393,SBDFP,1723996,SBD
2654393,SBDFP,1723991,SCD
2654478,SBDFP,1011709,SBD
2654478,SBDFP,1011707,SCD
2654495,SBDFP,1487770,SBD
2654495,SBDFP,1190150,SCD
2654685,SBDFP,1872891,SBD
2654685,SBDFP,1872886,SCD
2654716,SBDFP,1246628,SBD
2654716,SBDFP,1246623,SCD
2654869,SBDFP,1432487,SBD
2654869,SBDFP,1494601,SBD
2654869,SBDFP,1010895,SCD
2654869,SBDFP,1432482,SCD
2654873,SBDFP,1545297,SBD
2654873,SBDFP,1545295,SCD
2654971,SBDFP,1010692,SBD
2654971,SBDFP,1867940,SBD
2654971,SBDFP,1867944,SBD
2654971,SBDFP,1867993,SBD
2654971,SBDFP,1867997,SBD
2654971,SBDFP,1867999,SBD
2654971,SBDFP,1868029,SBD
2654971,SBDFP,1010688,SCD
2654971,SBDFP,1867938,SCD
2654971,SBDFP,1867943,SCD
2654971,SBDFP,1867992,SCD
2654971,SBDFP,1867996,SCD
2654971,SBDFP,1867998,SCD
2654971,SBDFP,1868028,SCD
2655015,SBDFP,1601097,SBD
2655015,SBDFP,1601095,SCD
2655043,SBDFP,1011845,SBD
2655043,SBDFP,1011843,SCD
2655132,SBDFP,1423328,SBD
2655132,SBDFP,1423323,SCD
2655293,SBDFP,1012594,SBD
2655293,SBDFP,1010769,SCD
2655388,SBDFP,1011851,SBD
2655388,SBDFP,1011849,SCD
2655458,SBDFP,1011703,SBD
2655458,SBDFP,1009462,SCD
2655459,SBDFP,2604879,SBD
2655459,SBDFP,1011852,SCD
2655568,SBDFP,1427002,SBD
2655568,SBDFP,1010895,SCD
2655660,SBDFP,1539441,SBD
2655660,SBDFP,1539436,SCD
2655674,SBDFP,1875237,SBD
2655674,SBDFP,1010077,SCD
2655800,SBDFP,2637875,SBD
2655800,SBDFP,2637870,SCD
2655879,SBDFP,2611978,SBD
2655879,SBDFP,1723991,SCD
2655886,SBDFP,1235022,SBD
2655886,SBDFP,1012081,SCD
2655925,SBDFP,2587646,SBD
2655925,SBDFP,2375042,SCD
2655953,SBDFP,1010035,SBD
2655953,SBDFP,1010673,SBD
2655953,SBDFP,1010902,SBD
2655953,SBDFP,1010033,SCD
2655953,SBDFP,1010671,SCD
2655953,SBDFP,1010900,SCD
2655959,SBDFP,2464334,SBD
2655959,SBDFP,1045432,SCD
2656109,SBDFP,1010749,SBD
2656109,SBDFP,1010755,SBD
2656109,SBDFP,1010763,SBD
2656109,SBDFP,1010745,SCD
2656109,SBDFP,1010751,SCD
2656109,SBDFP,1010759,SCD
2656223,SBDFP,1431687,SBD
2656223,SBDFP,1431682,SCD
2656228,SBDFP,1737345,SBD
2656228,SBDFP,1737563,SBD
2656228,SBDFP,1737567,SBD
2656228,SBDFP,1737569,SBD
2656228,SBDFP,1737571,SBD
2656228,SBDFP,1737637,SBD
2656228,SBDFP,1737641,SBD
2656228,SBDFP,1737758,SBD
2656228,SBDFP,1737762,SBD
2656228,SBDFP,1737764,SBD
2656228,SBDFP,1737343,SCD
2656228,SBDFP,1737562,SCD
2656228,SBDFP,1737566,SCD
2656228,SBDFP,1737568,SCD
2656228,SBDFP,1737570,SCD
2656228,SBDFP,1737636,SCD
2656228,SBDFP,1737640,SCD
2656228,SBDFP,1737757,SCD
2656228,SBDFP,1737761,SCD
2656228,SBDFP,1737763,SCD
2656307,SBDFP,1246113,SBD
2656307,SBDFP,1010878,SCD
2656432,SBDFP,2474489,SBD
2656432,SBDFP,1947197,SCD
2656590,SBDFP,1011767,SBD
2656590,SBDFP,1010931,SCD
2656620,SBDFP,1549401,SBD
2656620,SBDFP,1373130,SCD
2656643,SBDFP,1011854,SBD
2656643,SBDFP,1011852,SCD
2656859,SBDFP,1010298,SBD
2656859,SBDFP,1010296,SCD
2656867,SBDFP,1011809,SBD
2656867,SBDFP,1011814,SBD
2656867,SBDFP,1293648,SCD
2656867,SBDFP,1657026,SCD
2657184,SBDFP,1373142,SBD
2657184,SBDFP,1373137,SCD
2657195,SBDFP,2477939,SBD
2657195,SBDFP,2047877,SCD
2657439,SBDFP,1046512,SBD
2657439,SBDFP,1010895,SCD
2657527,SBDFP,2264107,SBD
2657527,SBDFP,1010836,SCD
2657560,SBDFP,1372896,SBD
2657560,SBDFP,1009433,SCD
2657563,SBDFP,1939340,SBD
2657563,SBDFP,1373137,SCD
2657695,SBDFP,1549447,SBD
2657695,SBDFP,1011852,SCD
2658003,SBDFP,1010768,SBD
2658003,SBDFP,1608499,SBD
2658003,SBDFP,1293648,SCD
2658003,SBDFP,1657026,SCD
2658004,SBDFP,2592641,SBD
2658004,SBDFP,1373130,SCD
2658137,SBDFP,1871453,SBD
2658137,SBDFP,1491882,SCD
2658202,SBDFP,1012327,SBD
2658202,SBDFP,1012233,SCD
2658303,SBDFP,1872972,SBD
2658303,SBDFP,1010077,SCD
2658346,SBDFP,1011983,SBD
2658346,SBDFP,1011839,SCD
2658452,SBDFP,1543717,SBD
2658452,SBDFP,1543712,SCD
2658475,SBDFP,1747492,SBD
2658475,SBDFP,1010077,SCD
2658476,SBDFP,1088235,SBD
2658476,SBDFP,1009433,SCD
2658526,SBDFP,2047879,SBD
2658526,SBDFP,2047877,SCD
2667925,SBDFP,2667926,SBD
2667925,SBDFP,2667922,SCD
2675771,SBDFP,2675772,SBD
2675771,SBDFP,2675768,SCD
2678113,SBDFP,2678114,SBD
2678113,SBDFP,1723991,SCD
2678304,SBDFP,2678305,SBD
2678304,SBDFP,2675768,SCD
2684035,SBDFP,2684036,SBD
2684035,SBDFP,1545290,SCD
2716402,SBDFP,2716403,SBD
2716402,SBDFP,1010895,SCD
2739500,SBDFP,2739501,SBD
2739500,SBDFP,1293648,SCD
2740868,SBDFP,2740869,SBD
2740868,SBDFP,1011852,SCD
1020418,SCDF,1020420,SCD
1147234,SCDF,1872891,SBD
1147234,SCDF,1872886,SCD
1147234,SCDF,2049016,SCD
1190558,SCDF,1190560,SCD
1190558,SCDF,2684039,SCD
1243283,SCDF,1535618,SCD
1245193,SCDF,1652108,SBD
1245193,SCDF,1245194,SCD
1245193,SCDF,1652104,SCD
1303113,SCDF,2667926,SBD
1303113,SCDF,1374383,SCD
1303113,SCDF,2667922,SCD
1314135,SCDF,1314136,SCD
1314135,SCDF,2529640,SCD
1314135,SCDF,2684985,SCD
1358497,SCDF,1358498,SCD
1359265,SCDF,2199317,SCD
1359265,SCDF,2598162,SCD
1361409,SCDF,1601097,SBD
1361409,SCDF,1361410,SCD
1361409,SCDF,1601095,SCD
1361409,SCDF,1876751,SCD
1372898,SCDF,2595042,SCD
1426593,SCDF,1426594,SCD
1488327,SCDF,2369354,SCD
1535616,SCDF,1535617,SCD
1537196,SCDF,1537198,SCD
1595447,SCDF,1595448,SCD
1595447,SCDF,1606988,SCD
1595447,SCDF,2048005,SCD
1595447,SCDF,2667468,SCD
1657015,SCDF,1010768,SBD
1657015,SCDF,1011809,SBD
1657015,SCDF,1011814,SBD
1657015,SCDF,1608499,SBD
1657015,SCDF,2739501,SBD
1657015,SCDF,1293648,SCD
1657015,SCDF,1657016,SCD
1657015,SCDF,1657026,SCD
1668244,SCDF,1668245,SCD
1668244,SCDF,2471955,SCD
1672969,SCDF,1011709,SBD
1672969,SCDF,1011707,SCD
1733889,SCDF,1733890,SCD
1733891,SCDF,2462017,SCD
1737342,SCDF,1737345,SBD
1737342,SCDF,1737563,SBD
1737342,SCDF,1737567,SBD
1737342,SCDF,1737569,SBD
1737342,SCDF,1737571,SBD
1737342,SCDF,1737637,SBD
1737342,SCDF,1737641,SBD
1737342,SCDF,1737758,SBD
1737342,SCDF,1737762,SBD
1737342,SCDF,1737764,SBD
1737342,SCDF,1010844,SCD
1737342,SCDF,1011093,SCD
1737342,SCDF,1737343,SCD
1737342,SCDF,1737562,SCD
1737342,SCDF,1737566,SCD
1737342,SCDF,1737568,SCD
1737342,SCDF,1737570,SCD
1737342,SCDF,1737636,SCD
1737342,SCDF,1737640,SCD
1737342,SCDF,1737723,SCD
1737342,SCDF,1737735,SCD
1737342,SCDF,1737742,SCD
1737342,SCDF,1737744,SCD
1737342,SCDF,1737757,SCD
1737342,SCDF,1737761,SCD
1737342,SCDF,1737763,SCD
1739845,SCDF,2594492,SCD
1792851,SCDF,1249763,SBD
1792851,SCDF,1373136,SBD
1792851,SCDF,1549401,SBD
1792851,SCDF,1739875,SBD
1792851,SCDF,2201504,SBD
1792851,SCDF,2592641,SBD
1792851,SCDF,2675625,SBD
1792851,SCDF,1249758,SCD
1792851,SCDF,1373130,SCD
1792851,SCDF,1428948,SCD
1792851,SCDF,1552201,SCD
1792851,SCDF,1649008,SCD
1792851,SCDF,1653326,SCD
1792851,SCDF,1792852,SCD
1792851,SCDF,2199672,SCD
1792851,SCDF,2572014,SCD
1792851,SCDF,2600301,SCD
1792943,SCDF,1011705,SBD
1792943,SCDF,1858274,SBD
1792943,SCDF,2001439,SBD
1792943,SCDF,2263892,SBD
1792943,SCDF,2642344,SBD
1792943,SCDF,2678310,SBD
1792943,SCDF,2717286,SBD
1792943,SCDF,1012994,SCD
1792943,SCDF,1737778,SCD
1792943,SCDF,1745091,SCD
1792943,SCDF,2001434,SCD
1792943,SCDF,2199665,SCD
1792943,SCDF,2680724,SCD
1792950,SCDF,1356803,SCD
1792950,SCDF,2001686,SCD
1792950,SCDF,2107511,SCD
1793094,SCDF,1116626,SCD
1867937,SCDF,1010692,SBD
1867937,SCDF,1867940,SBD
1867937,SCDF,1867944,SBD
1867937,SCDF,1867993,SBD
1867937,SCDF,1867997,SBD
1867937,SCDF,1867999,SBD
1867937,SCDF,1868029,SBD
1867937,SCDF,1010688,SCD
1867937,SCDF,1867938,SCD
1867937,SCDF,1867943,SCD
1867937,SCDF,1867992,SCD
1867937,SCDF,1867996,SCD
1867937,SCDF,1867998,SCD
1867937,SCDF,1868028,SCD
1943536,SCDF,1943537,SCD
1999988,SCDF,2604567,SCD
2099772,SCDF,2099775,SCD
2566833,SCDF,2566834,SCD
2600048,SCDF,2600049,SCD
2600048,SCDF,2725633,SCD
2601578,SCDF,2601579,SCD
2604041,SCDF,2632946,SCD
2624686,SCDF,2624687,SCD
2624686,SCDF,2637486,SCD
2637867,SCDF,2637868,SCD
2637869,SCDF,2637875,SBD
2637869,SCDF,2637870,SCD
2637869,SCDF,2719723,SCD
2727300,SCDF,2727302,SCD
372598,SCDF,1010298,SBD
372598,SCDF,1009416,SCD
372598,SCDF,1010296,SCD
372598,SCDF,1543069,SCD
372598,SCDF,1858984,SCD
372598,SCDF,2559400,SCD
372599,SCDF,1010035,SBD
372599,SCDF,1010673,SBD
372599,SCDF,1010902,SBD
372599,SCDF,1010033,SCD
372599,SCDF,1010671,SCD
372599,SCDF,1010694,SCD
372599,SCDF,1010900,SCD
372599,SCDF,1012019,SCD
372599,SCDF,1013004,SCD
372600,SCDF,1010774,SCD
372600,SCDF,1012955,SCD
372600,SCDF,1987647,SCD
372600,SCDF,2197844,SCD
372600,SCDF,2607527,SCD
372600,SCDF,2670601,SCD
374456,SCDF,1010749,SBD
374456,SCDF,1010755,SBD
374456,SCDF,1010763,SBD
374456,SCDF,1010745,SCD
374456,SCDF,1010751,SCD
374456,SCDF,1010759,SCD
374456,SCDF,1012155,SCD
374456,SCDF,1012169,SCD
374855,SCDF,1011983,SBD
374855,SCDF,1235022,SBD
374855,SCDF,1011839,SCD
374855,SCDF,1012081,SCD
375137,SCDF,1246113,SBD
375137,SCDF,1010739,SCD
375137,SCDF,1010878,SCD
375139,SCDF,2002008,SCD
375139,SCDF,252967,SCD
375139,SCDF,2715395,SCD
375553,SCDF,1539441,SBD
375553,SCDF,1539436,SCD
377328,SCDF,1011767,SBD
377328,SCDF,1012594,SBD
377328,SCDF,1487770,SBD
377328,SCDF,1545297,SBD
377328,SCDF,2464334,SBD
377328,SCDF,2684036,SBD
377328,SCDF,1010769,SCD
377328,SCDF,1010931,SCD
377328,SCDF,1012966,SCD
377328,SCDF,1045432,SCD
377328,SCDF,1190150,SCD
377328,SCDF,1191692,SCD
377328,SCDF,1442274,SCD
377328,SCDF,1545290,SCD
377328,SCDF,1545295,SCD
377328,SCDF,1549223,SCD
377328,SCDF,1869797,SCD
377328,SCDF,2373431,SCD
377329,SCDF,1246628,SBD
377329,SCDF,1423328,SBD
377329,SCDF,2047879,SBD
377329,SCDF,2477939,SBD
377329,SCDF,1012099,SCD
377329,SCDF,1246623,SCD
377329,SCDF,1423323,SCD
377329,SCDF,2047877,SCD
377329,SCDF,2702415,SCD
377329,SCDF,2744608,SCD
377717,SCDF,1012345,SCD
377717,SCDF,2044886,SCD
377717,SCDF,2677462,SCD
377717,SCDF,2683735,SCD
377717,SCDF,2685535,SCD
377740,SCDF,1046512,SBD
377740,SCDF,1422080,SBD
377740,SCDF,1422103,SBD
377740,SCDF,1422172,SBD
377740,SCDF,1427002,SBD
377740,SCDF,1432487,SBD
377740,SCDF,1494601,SBD
377740,SCDF,1723996,SBD
377740,SCDF,1871453,SBD
377740,SCDF,2108920,SBD
377740,SCDF,2118551,SBD
377740,SCDF,2120175,SBD
377740,SCDF,2474489,SBD
377740,SCDF,2611978,SBD
377740,SCDF,2678114,SBD
377740,SCDF,2716403,SBD
377740,SCDF,1010835,SCD
377740,SCDF,1010895,SCD
377740,SCDF,106222,SCD
377740,SCDF,1421893,SCD
377740,SCDF,1432482,SCD
377740,SCDF,1491882,SCD
377740,SCDF,1534792,SCD
377740,SCDF,1593733,SCD
377740,SCDF,1600130,SCD
377740,SCDF,1723991,SCD
377740,SCDF,1947197,SCD
377740,SCDF,2049533,SCD
377740,SCDF,2108915,SCD
377741,SCDF,1543717,SBD
377741,SCDF,2264107,SBD
377741,SCDF,1010836,SCD
377741,SCDF,1543712,SCD
377741,SCDF,1796087,SCD
377741,SCDF,1811470,SCD
377741,SCDF,2199136,SCD
377741,SCDF,2465730,SCD
377741,SCDF,2599519,SCD
377746,SCDF,1366794,SBD
377746,SCDF,1422078,SBD
377746,SCDF,1422107,SBD
377746,SCDF,1422546,SBD
377746,SCDF,1436083,SBD
377746,SCDF,1729173,SBD
377746,SCDF,1013002,SCD
377746,SCDF,1366789,SCD
377746,SCDF,2678387,SCD
377965,SCDF,1011851,SBD
377965,SCDF,1011854,SBD
377965,SCDF,1088235,SBD
377965,SCDF,1291677,SBD
377965,SCDF,1292877,SBD
377965,SCDF,1372896,SBD
377965,SCDF,1549447,SBD
377965,SCDF,1592290,SBD
377965,SCDF,1651001,SBD
377965,SCDF,1747492,SBD
377965,SCDF,1872972,SBD
377965,SCDF,1875237,SBD
377965,SCDF,2604879,SBD
377965,SCDF,2675772,SBD
377965,SCDF,2678305,SBD
377965,SCDF,2740869,SBD
377965,SCDF,1009433,SCD
377965,SCDF,1010057,SCD
377965,SCDF,1010077,SCD
377965,SCDF,1011849,SCD
377965,SCDF,1011852,SCD
377965,SCDF,1012204,SCD
377965,SCDF,1098616,SCD
377965,SCDF,1291672,SCD
377965,SCDF,1372891,SCD
377965,SCDF,2000538,SCD
377965,SCDF,2562183,SCD
377965,SCDF,2675768,SCD
377985,SCDF,1373142,SBD
377985,SCDF,1939340,SBD
377985,SCDF,1189623,SCD
377985,SCDF,1361205,SCD
377985,SCDF,1373137,SCD
377985,SCDF,1804176,SCD
377985,SCDF,199105,SCD
377985,SCDF,2257313,SCD
377985,SCDF,2690870,SCD
379014,SCDF,1012327,SBD
379014,SCDF,1012229,SCD
379014,SCDF,1012233,SCD
379014,SCDF,1012235,SCD
379316,SCDF,1013014,SCD
385517,SCDF,1012362,SCD
385517,SCDF,2599635,SCD
385614,SCDF,1013001,SCD
385614,SCDF,2168528,SCD
393257,SCDF,1010053,SCD
393393,SCDF,1011280,SCD
393533,SCDF,1012216,SCD
406043,SCDF,1012238,SCD
406043,SCDF,2687694,SCD
406043,SCDF,2689312,SCD
440850,SCDF,1431687,SBD
440850,SCDF,2587646,SBD
440850,SCDF,1431682,SCD
440850,SCDF,2375042,SCD
440850,SCDF,2535510,SCD
440850,SCDF,2629979,SCD
440855,SCDF,1011845,SBD
440855,SCDF,1011843,SCD
440896,SCDF,1012100,SCD
440896,SCDF,1356071,SCD
440897,SCDF,1926513,SCD
603799,SCDF,1012221,SCD
603799,SCDF,1012223,SCD
727604,SCDF,1012066,SCD
727604,SCDF,1012068,SCD
809468,SCDF,1011703,SBD
809468,SCDF,1009462,SCD
2645381,SCDFP,1246113,SBD
2645381,SCDFP,1010739,SCD
2645381,SCDFP,1010878,SCD
2645415,SCDFP,1010035,SBD
2645415,SCDFP,1010673,SBD
2645415,SCDFP,1010902,SBD
2645415,SCDFP,1010033,SCD
2645415,SCDFP,1010671,SCD
2645415,SCDFP,1010694,SCD
2645415,SCDFP,1010900,SCD
2645415,SCDFP,1012019,SCD
2645415,SCDFP,1013004,SCD
2645496,SCDFP,2598162,SCD
2645506,SCDFP,1013014,SCD
2645537,SCDFP,2604567,SCD
2645599,SCDFP,2667926,SBD
2645599,SCDFP,1374383,SCD
2645599,SCDFP,2667922,SCD
2645700,SCDFP,1011983,SBD
2645700,SCDFP,1235022,SBD
2645700,SCDFP,1011839,SCD
2645700,SCDFP,1012081,SCD
2645730,SCDFP,2099775,SCD
2645912,SCDFP,1011767,SBD
2645912,SCDFP,1012594,SBD
2645912,SCDFP,1487770,SBD
2645912,SCDFP,1545297,SBD
2645912,SCDFP,2464334,SBD
2645912,SCDFP,2684036,SBD
2645912,SCDFP,1010769,SCD
2645912,SCDFP,1010931,SCD
2645912,SCDFP,1012966,SCD
2645912,SCDFP,1045432,SCD
2645912,SCDFP,1190150,SCD
2645912,SCDFP,1545290,SCD
2645912,SCDFP,1545295,SCD
2645926,SCDFP,1010692,SBD
2645926,SCDFP,1867940,SBD
2645926,SCDFP,1867944,SBD
2645926,SCDFP,1867993,SBD
2645926,SCDFP,1867997,SBD
2645926,SCDFP,1867999,SBD
2645926,SCDFP,1868029,SBD
2645926,SCDFP,1010688,SCD
2645926,SCDFP,1867938,SCD
2645926,SCDFP,1867943,SCD
2645926,SCDFP,1867992,SCD
2645926,SCDFP,1867996,SCD
2645926,SCDFP,1867998,SCD
2645926,SCDFP,1868028,SCD
2646205,SCDFP,1373136,SBD
2646205,SCDFP,1549401,SBD
2646205,SCDFP,2592641,SBD
2646205,SCDFP,1373130,SCD
2646205,SCDFP,2572014,SCD
2646205,SCDFP,2600301,SCD
2646396,SCDFP,1012345,SCD
2646396,SCDFP,2044886,SCD
2646396,SCDFP,2677462,SCD
2646396,SCDFP,2683735,SCD
2646410,SCDFP,1733890,SCD
2646425,SCDFP,2637868,SCD
2646449,SCDFP,1606988,SCD
2646449,SCDFP,2048005,SCD
2646449,SCDFP,2667468,SCD
2646579,SCDFP,1011703,SBD
2646579,SCDFP,1009462,SCD
2646596,SCDFP,2624687,SCD
2646656,SCDFP,1010768,SBD
2646656,SCDFP,1011809,SBD
2646656,SCDFP,1011814,SBD
2646656,SCDFP,1608499,SBD
2646656,SCDFP,2739501,SBD
2646656,SCDFP,1293648,SCD
2646656,SCDFP,1657016,SCD
2646656,SCDFP,1657026,SCD
2646706,SCDFP,2594492,SCD
2646728,SCDFP,1012221,SCD
2646728,SCDFP,1012223,SCD
2646740,SCDFP,1012994,SCD
2646824,SCDFP,1535618,SCD
2646844,SCDFP,1012362,SCD
2646960,SCDFP,1737345,SBD
2646960,SCDFP,1737563,SBD
2646960,SCDFP,1737567,SBD
2646960,SCDFP,1737569,SBD
2646960,SCDFP,1737571,SBD
2646960,SCDFP,1737637,SBD
2646960,SCDFP,1737641,SBD
2646960,SCDFP,1737758,SBD
2646960,SCDFP,1737762,SBD
2646960,SCDFP,1737764,SBD
2646960,SCDFP,1010844,SCD
2646960,SCDFP,1011093,SCD
2646960,SCDFP,1737343,SCD
2646960,SCDFP,1737562,SCD
2646960,SCDFP,1737566,SCD
2646960,SCDFP,1737568,SCD
2646960,SCDFP,1737570,SCD
2646960,SCDFP,1737636,SCD
2646960,SCDFP,1737640,SCD
2646960,SCDFP,1737723,SCD
2646960,SCDFP,1737735,SCD
2646960,SCDFP,1737742,SCD
2646960,SCDFP,1737744,SCD
2646960,SCDFP,1737757,SCD
2646960,SCDFP,1737761,SCD
2646960,SCDFP,1737763,SCD
2646998,SCDFP,1013002,SCD
2647078,SCDFP,2632946,SCD
2647079,SCDFP,1011709,SBD
2647079,SCDFP,1011707,SCD
2647096,SCDFP,1872891,SBD
2647096,SCDFP,1872886,SCD
2647096,SCDFP,2049016,SCD
2647110,SCDFP,2599635,SCD
2647117,SCDFP,1543717,SBD
2647117,SCDFP,2264107,SBD
2647117,SCDFP,1010836,SCD
2647117,SCDFP,1543712,SCD
2647117,SCDFP,1796087,SCD
2647117,SCDFP,1811470,SCD
2647117,SCDFP,2465730,SCD
2647151,SCDFP,1246628,SBD
2647151,SCDFP,1423328,SBD
2647151,SCDFP,2047879,SBD
2647151,SCDFP,2477939,SBD
2647151,SCDFP,1012099,SCD
2647151,SCDFP,1246623,SCD
2647151,SCDFP,1423323,SCD
2647151,SCDFP,2047877,SCD
2647151,SCDFP,2702415,SCD
2647187,SCDFP,2637875,SBD
2647187,SCDFP,2637870,SCD
2647203,SCDFP,1010774,SCD
2647203,SCDFP,1012955,SCD
2647203,SCDFP,1987647,SCD
2647203,SCDFP,2670601,SCD
2647259,SCDFP,2595042,SCD
2647299,SCDFP,2002008,SCD
2647299,SCDFP,2715395,SCD
2647394,SCDFP,1245194,SCD
2647405,SCDFP,1356803,SCD
2647437,SCDFP,1426594,SCD
2647805,SCDFP,2369354,SCD
2647882,SCDFP,1020420,SCD
2647916,SCDFP,1013001,SCD
2647916,SCDFP,2168528,SCD
2647931,SCDFP,1011845,SBD
2647931,SCDFP,1011843,SCD
2647958,SCDFP,1116626,SCD
2648116,SCDFP,1537198,SCD
2648146,SCDFP,1010298,SBD
2648146,SCDFP,1009416,SCD
2648146,SCDFP,1010296,SCD
2648146,SCDFP,1858984,SCD
2648226,SCDFP,2566834,SCD
2648426,SCDFP,1012327,SBD
2648426,SCDFP,1012229,SCD
2648426,SCDFP,1012233,SCD
2648426,SCDFP,1012235,SCD
2648450,SCDFP,2471955,SCD
2648550,SCDFP,1012100,SCD
2648565,SCDFP,1012066,SCD
2648565,SCDFP,1012068,SCD
2648601,SCDFP,1011851,SBD
2648601,SCDFP,1011854,SBD
2648601,SCDFP,1088235,SBD
2648601,SCDFP,1372896,SBD
2648601,SCDFP,1549447,SBD
2648601,SCDFP,1747492,SBD
2648601,SCDFP,1872972,SBD
2648601,SCDFP,1875237,SBD
2648601,SCDFP,2604879,SBD
2648601,SCDFP,2675772,SBD
2648601,SCDFP,2678305,SBD
2648601,SCDFP,2740869,SBD
2648601,SCDFP,1009433,SCD
2648601,SCDFP,1010057,SCD
2648601,SCDFP,1010077,SCD
2648601,SCDFP,1011849,SCD
2648601,SCDFP,1011852,SCD
2648601,SCDFP,1012204,SCD
2648601,SCDFP,1372891,SCD
2648601,SCDFP,2000538,SCD
2648601,SCDFP,2562183,SCD
2648601,SCDFP,2675768,SCD
2648639,SCDFP,1190560,SCD
2648639,SCDFP,2684039,SCD
2648677,SCDFP,1010053,SCD
2648746,SCDFP,1535617,SCD
2648873,SCDFP,1539441,SBD
2648873,SCDFP,1539436,SCD
2648927,SCDFP,1601097,SBD
2648927,SCDFP,1601095,SCD
2649007,SCDFP,1012238,SCD
2649007,SCDFP,2687694,SCD
2649007,SCDFP,2689312,SCD
2649019,SCDFP,2601579,SCD
2649045,SCDFP,1943537,SCD
2649126,SCDFP,1373142,SBD
2649126,SCDFP,1939340,SBD
2649126,SCDFP,1189623,SCD
2649126,SCDFP,1361205,SCD
2649126,SCDFP,1373137,SCD
2649126,SCDFP,2257313,SCD
2649126,SCDFP,2690870,SCD
2649197,SCDFP,2462017,SCD
2649198,SCDFP,1046512,SBD
2649198,SCDFP,1427002,SBD
2649198,SCDFP,1432487,SBD
2649198,SCDFP,1494601,SBD
2649198,SCDFP,1723996,SBD
2649198,SCDFP,1871453,SBD
2649198,SCDFP,2474489,SBD
2649198,SCDFP,2611978,SBD
2649198,SCDFP,2678114,SBD
2649198,SCDFP,2716403,SBD
2649198,SCDFP,1010835,SCD
2649198,SCDFP,1010895,SCD
2649198,SCDFP,1432482,SCD
2649198,SCDFP,1491882,SCD
2649198,SCDFP,1593733,SCD
2649198,SCDFP,1600130,SCD
2649198,SCDFP,1723991,SCD
2649198,SCDFP,1947197,SCD
2649252,SCDFP,1358498,SCD
2649260,SCDFP,1431687,SBD
2649260,SCDFP,2587646,SBD
2649260,SCDFP,1431682,SCD
2649260,SCDFP,2375042,SCD
2649260,SCDFP,2535510,SCD
2649284,SCDFP,1010749,SBD
2649284,SCDFP,1010755,SBD
2649284,SCDFP,1010763,SBD
2649284,SCDFP,1010745,SCD
2649284,SCDFP,1010751,SCD
2649284,SCDFP,1010759,SCD
2649284,SCDFP,1012155,SCD
2649284,SCDFP,1012169,SCD
2649427,SCDFP,1926513,SCD
2649429,SCDFP,1012216,SCD
2649484,SCDFP,1011280,SCD
2649537,SCDFP,2600049,SCD
2649537,SCDFP,2725633,SCD
2684984,SCDFP,2684985,SCD
2685534,SCDFP,2685535,SCD
2727301,SCDFP,2727302,SCD
1011861,SBDF,1422103,SBD
1011861,SBDF,1421893,SCD
1235135,SBDF,1422078,SBD
1235135,SBDF,1366789,SCD
1246533,SBDF,1422080,SBD
1246533,SBDF,1421893,SCD
1246686,SBDF,1422546,SBD
1246686,SBDF,1366789,SCD
1291675,SBDF,1291677,SBD
1291675,SBDF,1291672,SCD
1292875,SBDF,1292877,SBD
1292875,SBDF,1291672,SCD
1357986,SBDF,1422563,SBD
1357986,SBDF,1422561,SCD
1366792,SBDF,1366794,SBD
1366792,SBDF,1366789,SCD
1422105,SBDF,1422107,SBD
1422105,SBDF,1366789,SCD
1432539,SBDF,1432541,SBD
1432539,SBDF,1422561,SCD
1436081,SBDF,1436083,SBD
1436081,SBDF,1366789,SCD
1592288,SBDF,1592290,SBD
1592288,SBDF,1291672,SCD
1602016,SBDF,1602019,SBD
1602016,SBDF,1602013,SCD
1650999,SBDF,1651001,SBD
1650999,SBDF,1291672,SCD
1652106,SBDF,1652108,SBD
1652106,SBDF,1652104,SCD
1656325,SBDF,1656327,SBD
1656325,SBDF,197877,SCD
1729171,SBDF,1729173,SBD
1729171,SBDF,1366789,SCD
1745453,SBDF,1745455,SBD
1745453,SBDF,1745450,SCD
1792853,SBDF,1249763,SBD
1792853,SBDF,1739875,SBD
1792853,SBDF,1249758,SCD
1792853,SBDF,1792852,SCD
1792918,SBDF,1599302,SBD
1792918,SBDF,2675024,SBD
1792918,SBDF,1599164,SCD
1792918,SBDF,2675022,SCD
1793029,SBDF,644290,SBD
1793029,SBDF,644287,SCD
1793080,SBDF,1011705,SBD
1793080,SBDF,1745091,SCD
1858272,SBDF,1858274,SBD
1858272,SBDF,1737778,SCD
2001437,SBDF,2001439,SBD
2001437,SBDF,2001434,SCD
2108918,SBDF,2108920,SBD
2108918,SBDF,2108915,SCD
2118549,SBDF,2118551,SBD
2118549,SBDF,1421893,SCD
2120173,SBDF,2120175,SBD
2120173,SBDF,1534792,SCD
2263890,SBDF,2263892,SBD
2263890,SBDF,1737778,SCD
2642343,SBDF,2642344,SBD
2642343,SBDF,1745091,SCD
2669484,SBDF,2669486,SBD
2669484,SBDF,2669480,SCD
2675624,SBDF,2675625,SBD
2675624,SBDF,1249758,SCD
2678309,SBDF,2678310,SBD
2678309,SBDF,1745091,SCD
2716740,SBDF,2716742,SBD
2716740,SBDF,2716717,SCD
2717285,SBDF,2717286,SBD
2717285,SBDF,1737778,SCD
728125,SBDF,728126,SBD
728125,SBDF,687443,SCD
753299,SBDF,1422172,SBD
753299,SBDF,1421893,SCD
897116,SBDF,897117,SBD
897116,SBDF,897114,SCD
2656039,SBDFP,1745455,SBD
2656039,SBDFP,1745450,SCD
2669485,SBDFP,2669486,SBD
2669485,SBDFP,2669480,SCD
2716741,SBDFP,2716742,SBD
2716741,SBDFP,2716717,SCD
1356792,SCDF,1422563,SBD
1356792,SCDF,1432541,SBD
1356792,SCDF,1422561,SCD
1602011,SCDF,1602019,SBD
1602011,SCDF,1602013,SCD
1733857,SCDF,1733859,SCD
1733862,SCDF,1733863,SCD
1745436,SCDF,1745438,SCD
1745448,SCDF,1745455,SBD
1745448,SCDF,1745450,SCD
1792861,SCDF,1595989,SCD
1792876,SCDF,1599302,SBD
1792876,SCDF,2675024,SBD
1792876,SCDF,1599163,SCD
1792876,SCDF,1599164,SCD
1792876,SCDF,2623473,SCD
1792876,SCDF,2675022,SCD
1792975,SCDF,1608258,SCD
1793027,SCDF,644290,SBD
1793027,SCDF,644287,SCD
1798266,SCDF,2287556,SCD
1798266,SCDF,2473373,SCD
1866217,SCDF,1866218,SCD
1987015,SCDF,1987017,SCD
2102926,SCDF,2102928,SCD
2117859,SCDF,2117860,SCD
2121929,SCDF,2121931,SCD
2185998,SCDF,2186001,SCD
2275619,SCDF,2275621,SCD
2474634,SCDF,2474635,SCD
2586854,SCDF,2586855,SCD
2590655,SCDF,2590656,SCD
2621575,SCDF,2621576,SCD
2642219,SCDF,2642220,SCD
2667456,SCDF,2667457,SCD
2669477,SCDF,2669486,SBD
2669477,SCDF,2669480,SCD
2672352,SCDF,2672354,SCD
2672352,SCDF,2673304,SCD
2675778,SCDF,2675779,SCD
2688022,SCDF,2688023,SCD
2700663,SCDF,2700664,SCD
2716714,SCDF,2716742,SBD
2716714,SCDF,2716717,SCD
2719424,SCDF,2719425,SCD
2744826,SCDF,2744830,SCD
2745307,SCDF,2745308,SCD
374782,SCDF,1098397,SCD
374782,SCDF,308498,SCD
377346,SCDF,1545716,SCD
377743,SCDF,1656327,SBD
377743,SCDF,197877,SCD
485632,SCDF,1654662,SCD
485632,SCDF,1733864,SCD
687442,SCDF,728126,SBD
687442,SCDF,687443,SCD
897113,SCDF,897117,SBD
897113,SCDF,897114,SCD
2646253,SCDFP,1356071,SCD
2647126,SCDFP,1745455,SBD
2647126,SCDFP,1745450,SCD
2647516,SCDFP,2621576,SCD
2647572,SCDFP,2744608,SCD
2647712,SCDFP,2642220,SCD
2647728,SCDFP,2629979,SCD
2648278,SCDFP,1545716,SCD
2648665,SCDFP,1314136,SCD
2648665,SCDFP,2529640,SCD
2649140,SCDFP,2590656,SCD
2649356,SCDFP,1745438,SCD
2669479,SCDFP,2669486,SBD
2669479,SCDFP,2669480,SCD
2672353,SCDFP,2672354,SCD
2672353,SCDFP,2673304,SCD
2716716,SCDFP,2716742,SBD
2716716,SCDFP,2716717,SCD
2744829,SCDFP,2744830,SCD
1600697,SBDF,1600698,SBD
1600697,SBDF,1600700,SBD
1600697,SBDF,1600695,SCD
1600697,SBDF,884655,SCD
1720589,SBDF,1720592,SBD
1720589,SBDF,1720586,SCD
1739806,SBDF,1739809,SBD
1739806,SBDF,1739815,SBD
1739806,SBDF,1739821,SBD
1739806,SBDF,1739827,SBD
1739806,SBDF,1739833,SBD
1739806,SBDF,1739839,SBD
1739806,SBDF,1739803,SCD
1739806,SBDF,1739813,SCD
1739806,SBDF,1739819,SCD
1739806,SBDF,1739825,SCD
1739806,SBDF,1739831,SCD
1739806,SBDF,1739837,SCD
1927613,SBDF,1927616,SBD
1927613,SBDF,1927619,SBD
1927613,SBDF,1927632,SBD
1927613,SBDF,1927639,SBD
1927613,SBDF,1927610,SCD
1927613,SBDF,1927617,SCD
1927613,SBDF,1927630,SCD
1927613,SBDF,1927637,SCD
2175794,SBDF,2175796,SBD
2175794,SBDF,2175891,SBD
2175794,SBDF,2175893,SBD
2175794,SBDF,2175894,SBD
2175794,SBDF,2118895,SCD
2175794,SBDF,2118896,SCD
2175794,SBDF,2118898,SCD
2175794,SBDF,2118900,SCD
2585458,SBDF,2585461,SBD
2585458,SBDF,2585465,SBD
2585458,SBDF,2585471,SBD
2585458,SBDF,2585476,SBD
2585458,SBDF,2585460,SCD
2585458,SBDF,2585462,SCD
2585458,SBDF,2585468,SCD
2585458,SBDF,2585473,SCD
540479,SBDF,861222,SBD
540479,SBDF,861224,SBD
540479,SBDF,861226,SBD
540479,SBDF,861228,SBD
540479,SBDF,861233,SBD
540479,SBDF,861238,SBD
540479,SBDF,861221,SCD
540479,SBDF,861223,SCD
540479,SBDF,861225,SCD
540479,SBDF,861227,SCD
540479,SBDF,861232,SCD
540479,SBDF,861237,SCD
577959,SBDF,1009147,SBD
577959,SBDF,541365,SBD
577959,SBDF,541879,SBD
577959,SBDF,541894,SBD
577959,SBDF,577960,SBD
577959,SBDF,577962,SBD
577959,SBDF,687045,SBD
577959,SBDF,1009145,SCD
577959,SBDF,541363,SCD
577959,SBDF,541878,SCD
577959,SBDF,541892,SCD
577959,SBDF,577957,SCD
577959,SBDF,577961,SCD
577959,SBDF,687043,SCD
2656291,SBDFP,2175796,SBD
2656291,SBDFP,2175891,SBD
2656291,SBDFP,2175893,SBD
2656291,SBDFP,2175894,SBD
2656291,SBDFP,2118895,SCD
2656291,SBDFP,2118896,SCD
2656291,SBDFP,2118898,SCD
2656291,SBDFP,2118900,SCD
2656747,SBDFP,1009147,SBD
2656747,SBDFP,541365,SBD
2656747,SBDFP,541879,SBD
2656747,SBDFP,541894,SBD
2656747,SBDFP,577960,SBD
2656747,SBDFP,577962,SBD
2656747,SBDFP,687045,SBD
2656747,SBDFP,1009145,SCD
2656747,SBDFP,541363,SCD
2656747,SBDFP,541878,SCD
2656747,SBDFP,541892,SCD
2656747,SBDFP,577957,SCD
2656747,SBDFP,577961,SCD
2656747,SBDFP,687043,SCD
2656795,SBDFP,861222,SBD
2656795,SBDFP,861224,SBD
2656795,SBDFP,861226,SBD
2656795,SBDFP,861228,SBD
2656795,SBDFP,861233,SBD
2656795,SBDFP,861238,SBD
2656795,SBDFP,861221,SCD
2656795,SBDFP,861223,SCD
2656795,SBDFP,861225,SCD
2656795,SBDFP,861227,SCD
2656795,SBDFP,861232,SCD
2656795,SBDFP,861237,SCD
2658175,SBDFP,1600698,SBD
2658175,SBDFP,1600700,SBD
2658175,SBDFP,1600695,SCD
2658175,SBDFP,884655,SCD
2658681,SBDFP,1927616,SBD
2658681,SBDFP,1927619,SBD
2658681,SBDFP,1927632,SBD
2658681,SBDFP,1927639,SBD
2658681,SBDFP,1927610,SCD
2658681,SBDFP,1927617,SCD
2658681,SBDFP,1927630,SCD
2658681,SBDFP,1927637,SCD
1720585,SCDF,1720592,SBD
1720585,SCDF,1720586,SCD
1720585,SCDF,1945840,SCD
1739802,SCDF,1739809,SBD
1739802,SCDF,1739815,SBD
1739802,SCDF,1739821,SBD
1739802,SCDF,1739827,SBD
1739802,SCDF,1739833,SBD
1739802,SCDF,1739839,SBD
1739802,SCDF,2585461,SBD
1739802,SCDF,2585465,SBD
1739802,SCDF,2585471,SBD
1739802,SCDF,2585476,SBD
1739802,SCDF,1739803,SCD
1739802,SCDF,1739813,SCD
1739802,SCDF,1739819,SCD
1739802,SCDF,1739825,SCD
1739802,SCDF,1739831,SCD
1739802,SCDF,1739837,SCD
1739802,SCDF,2585460,SCD
1739802,SCDF,2585462,SCD
1739802,SCDF,2585468,SCD
1739802,SCDF,2585473,SCD
2118894,SCDF,2175796,SBD
2118894,SCDF,2175891,SBD
2118894,SCDF,2175893,SBD
2118894,SCDF,2175894,SBD
2118894,SCDF,2118895,SCD
2118894,SCDF,2118896,SCD
2118894,SCDF,2118898,SCD
2118894,SCDF,2118900,SCD
370893,SCDF,1600698,SBD
370893,SCDF,1600700,SBD
370893,SCDF,1600695,SCD
370893,SCDF,884655,SCD
376410,SCDF,1009147,SBD
376410,SCDF,541365,SBD
376410,SCDF,541879,SBD
376410,SCDF,541894,SBD
376410,SCDF,577960,SBD
376410,SCDF,577962,SBD
376410,SCDF,687045,SBD
376410,SCDF,1009145,SCD
376410,SCDF,541363,SCD
376410,SCDF,541878,SCD
376410,SCDF,541892,SCD
376410,SCDF,577957,SCD
376410,SCDF,577961,SCD
376410,SCDF,687043,SCD
378856,SCDF,1927616,SBD
378856,SCDF,1927619,SBD
378856,SCDF,1927632,SBD
378856,SCDF,1927639,SBD
378856,SCDF,861222,SBD
378856,SCDF,861224,SBD
378856,SCDF,861226,SBD
378856,SCDF,861228,SBD
378856,SCDF,861233,SBD
378856,SCDF,861238,SBD
378856,SCDF,1927610,SCD
378856,SCDF,1927617,SCD
378856,SCDF,1927630,SCD
378856,SCDF,1927637,SCD
378856,SCDF,861221,SCD
378856,SCDF,861223,SCD
378856,SCDF,861225,SCD
378856,SCDF,861227,SCD
378856,SCDF,861232,SCD
378856,SCDF,861237,SCD
2647525,SCDFP,1927616,SBD
2647525,SCDFP,1927619,SBD
2647525,SCDFP,1927632,SBD
2647525,SCDFP,1927639,SBD
2647525,SCDFP,861222,SBD
2647525,SCDFP,861224,SBD
2647525,SCDFP,861226,SBD
2647525,SCDFP,861228,SBD
2647525,SCDFP,861233,SBD
2647525,SCDFP,861238,SBD
2647525,SCDFP,1927610,SCD
2647525,SCDFP,1927617,SCD
2647525,SCDFP,1927630,SCD
2647525,SCDFP,1927637,SCD
2647525,SCDFP,861221,SCD
2647525,SCDFP,861223,SCD
2647525,SCDFP,861225,SCD
2647525,SCDFP,861227,SCD
2647525,SCDFP,861232,SCD
2647525,SCDFP,861237,SCD
2647800,SCDFP,1600698,SBD
2647800,SCDFP,1600700,SBD
2647800,SCDFP,1600695,SCD
2647800,SCDFP,884655,SCD
2648757,SCDFP,2175796,SBD
2648757,SCDFP,2175891,SBD
2648757,SCDFP,2175893,SBD
2648757,SCDFP,2175894,SBD
2648757,SCDFP,2118895,SCD
2648757,SCDFP,2118896,SCD
2648757,SCDFP,2118898,SCD
2648757,SCDFP,2118900,SCD
2649211,SCDFP,1009147,SBD
2649211,SCDFP,541365,SBD
2649211,SCDFP,541879,SBD
2649211,SCDFP,541894,SBD
2649211,SCDFP,577960,SBD
2649211,SCDFP,577962,SBD
2649211,SCDFP,687045,SBD
2649211,SCDFP,1009145,SCD
2649211,SCDFP,541363,SCD
2649211,SCDFP,541878,SCD
2649211,SCDFP,541892,SCD
2649211,SCDFP,577957,SCD
2649211,SCDFP,577961,SCD
2649211,SCDFP,687043,SCD
2108370,SBDF,863968,SBD
2108370,SBDF,310133,SCD
2108340,SCDF,212349,SBD
2108340,SCDF,863968,SBD
2108340,SCDF,310133,SCD
91990,SBDF,213729,SBD
91990,SBDF,308719,SCD
379140,SCDF,213729,SBD
379140,SCDF,308719,SCD
800927,SBDF,800928,SBD
800927,SBDF,800925,SCD
2657816,SBDFP,800928,SBD
2657816,SBDFP,800925,SCD
800924,SCDF,800928,SBD
800924,SCDF,800925,SCD
2646270,SCDFP,800928,SBD
2646270,SCDFP,800925,SCD
362489,SBDF,212586,SBD
362489,SBDF,205104,SCD
377513,SCDF,883501,BPCK
377513,SCDF,866892,GPCK
377513,SCDF,1091403,SBD
377513,SCDF,1299653,SBD
377513,SCDF,1303358,SBD
377513,SCDF,1442520,SBD
377513,SCDF,1744041,SBD
377513,SCDF,1996196,SBD
377513,SCDF,212318,SBD
377513,SCDF,212584,SBD
377513,SCDF,212586,SBD
377513,SCDF,2467167,SBD
377513,SCDF,2729287,SBD
377513,SCDF,999618,SBD
377513,SCDF,1537337,SCD
377513,SCDF,1941594,SCD
377513,SCDF,205023,SCD
377513,SCDF,205104,SCD
377513,SCDF,205173,SCD
377513,SCDF,2109053,SCD
377513,SCDF,242139,SCD
377513,SCDF,2586423,SCD
377513,SCDF,2712480,SCD
377513,SCDF,2739505,SCD
377513,SCDF,667904,SCD
367948,SBDF,1248015,SBD
367948,SBDF,998740,SCD
2655038,SBDFP,1248015,SBD
2655038,SBDFP,998740,SCD
373860,SCDF,1248013,SBD
373860,SCDF,1248015,SBD
373860,SCDF,1248017,SBD
373860,SCDF,1872920,SBD
373860,SCDF,2106884,SBD
373860,SCDF,1235252,SCD
373860,SCDF,998740,SCD
2649201,SCDFP,1248013,SBD
2649201,SCDFP,1248015,SBD
2649201,SCDFP,1248017,SBD
2649201,SCDFP,1872920,SBD
2649201,SCDFP,2106884,SBD
2649201,SCDFP,1235252,SCD
2649201,SCDFP,998740,SCD
2612085,SBDF,2612086,SBD
2612085,SBDF,2612081,SCD
2654458,SBDFP,2612086,SBD
2654458,SBDFP,2612081,SCD
753519,SBDF,1044433,SBD
753519,SBDF,1146963,SBD
753519,SBDF,753520,SBD
753519,SBDF,616344,SCD
753519,SBDF,637115,SCD
753519,SBDF,637116,SCD
852841,SCDF,2057911,SCD
852841,SCDF,2057913,SCD
852841,SCDF,852842,SCD
852841,SCDF,889656,SCD
852841,SCDF,889658,SCD
852841,SCDF,889660,SCD
1919510,SBDF,1919512,SBD
1919510,SBDF,1919516,SBD
1919510,SBDF,1919507,SCD
1919510,SBDF,1919515,SCD
1919506,SCDF,1919512,SBD
1919506,SCDF,1919516,SBD
1919506,SCDF,1919507,SCD
1919506,SCDF,1919515,SCD
2714178,SBDF,2714180,SBD
2714178,SBDF,2714182,SBD
2714178,SBDF,2714184,SBD
2714178,SBDF,2708991,SCD
2714178,SBDF,2708993,SCD
2714178,SBDF,2708994,SCD
367701,SBDF,866088,SBD
367701,SBDF,866018,SCD
2654173,SBDFP,866088,SBD
2654173,SBDFP,866018,SCD
2714179,SBDFP,2714180,SBD
2714179,SBDFP,2714182,SBD
2714179,SBDFP,2714184,SBD
2714179,SBDFP,2708991,SCD
2714179,SBDFP,2708993,SCD
2714179,SBDFP,2708994,SCD
2708989,SCDF,2714180,SBD
2708989,SCDF,2714182,SBD
2708989,SCDF,2714184,SBD
2708989,SCDF,2708991,SCD
2708989,SCDF,2708993,SCD
2708989,SCDF,2708994,SCD
371164,SCDF,866088,SBD
371164,SCDF,2744290,SCD
371164,SCDF,2744292,SCD
371164,SCDF,866018,SCD
371164,SCDF,866083,SCD
371164,SCDF,866090,SCD
371164,SCDF,866094,SCD
371164,SCDF,866111,SCD
2648765,SCDFP,866088,SBD
2648765,SCDFP,2744290,SCD
2648765,SCDFP,2744292,SCD
2648765,SCDFP,866018,SCD
2648765,SCDFP,866083,SCD
2648765,SCDFP,866090,SCD
2648765,SCDFP,866094,SCD
2648765,SCDFP,866111,SCD
2708990,SCDFP,2714180,SBD
2708990,SCDFP,2714182,SBD
2708990,SCDFP,2714184,SBD
2708990,SCDFP,2708991,SCD
2708990,SCDFP,2708993,SCD
2708990,SCDFP,2708994,SCD
1656999,SBDF,1538142,SBD
2667335,SBDF,2667336,SBD
2667341,SBDF,2667342,SBD
1656996,SCDF,1538137,SCD
2667331,SCDF,2667332,SCD
2667338,SCDF,2667339,SCD
1425334,SBDF,1425337,SBD
1425334,SBDF,1425339,SBD
1425334,SBDF,1426251,SBD
1425334,SBDF,1426253,SBD
1425334,SBDF,1535451,SBD
1425334,SBDF,1535456,SBD
1425334,SBDF,1535472,SBD
2624707,SBDF,2624708,SBD
2624707,SBDF,2624715,SBD
2624707,SBDF,2624729,SBD
2624707,SBDF,2624735,SBD
369176,SBDF,1541609,SBD
847178,SBDF,884526,SBD
880426,SBDF,884528,SBD
880426,SBDF,884534,SBD
880426,SBDF,884537,SBD
2654487,SBDFP,1541609,SBD
2654914,SBDFP,884528,SBD
2654914,SBDFP,884534,SBD
2654914,SBDFP,884537,SBD
2655145,SBDFP,884526,SBD
2656743,SBDFP,1425337,SBD
2656743,SBDFP,1425339,SBD
2656743,SBDFP,1426251,SBD
2656743,SBDFP,1426253,SBD
2656743,SBDFP,1535451,SBD
2656743,SBDFP,1535456,SBD
2656743,SBDFP,1535472,SBD
2624700,SCDF,2624701,SCD
2624700,SCDF,2624712,SCD
2624700,SCDF,2624726,SCD
2624700,SCDF,2624732,SCD
371751,SCDF,884520,SCD
371751,SCDF,884532,SCD
371751,SCDF,884535,SCD
371753,SCDF,1425847,SCD
371753,SCDF,1425854,SCD
371753,SCDF,1535454,SCD
371753,SCDF,1535470,SCD
371753,SCDF,884385,SCD
371753,SCDF,884386,SCD
371753,SCDF,884684,SCD
757335,SCDF,884522,SCD
2647496,SCDFP,1425847,SCD
2647496,SCDFP,1425854,SCD
2647496,SCDFP,1535454,SCD
2647496,SCDFP,1535470,SCD
2647496,SCDFP,884385,SCD
2647496,SCDFP,884386,SCD
2647496,SCDFP,884684,SCD
2649051,SCDFP,884522,SCD
2649334,SCDFP,884520,SCD
2649334,SCDFP,884532,SCD
2649334,SCDFP,884535,SCD
373355,SCDF,312390,SCD
1111109,SBDF,1111110,SBD
2279845,SBDF,2279847,SBD
1111105,SCDF,1111106,SCD
2279842,SCDF,2279843,SCD
1426878,SBDF,1426881,SBD
372591,SCDF,105510,SCD
372591,SCDF,105512,SCD
372591,SCDF,259218,SCD
372591,SCDF,483325,SCD
1922756,SBDF,1922759,SBD
374609,SCDF,313761,SCD
374609,SCDF,313762,SCD
367881,SBDF,854875,SBD
367881,SBDF,854878,SBD
602454,SBDF,854882,SBD
602454,SBDF,854896,SBD
836644,SBDF,836645,SBD
836644,SBDF,836649,SBD
2655366,SBDFP,854882,SBD
2655366,SBDFP,854896,SBD
2657285,SBDFP,854875,SBD
2657285,SBDFP,854878,SBD
2657922,SBDFP,836645,SBD
2657922,SBDFP,836649,SBD
2637352,SCDF,2637353,SCD
374364,SCDF,854873,SCD
374364,SCDF,854876,SCD
577086,SCDF,854880,SCD
577086,SCDF,854894,SCD
833458,SCDF,854885,SCD
833458,SCDF,854886,SCD
836640,SCDF,1232194,SCD
836640,SCDF,1232202,SCD
836640,SCDF,836641,SCD
836640,SCDF,836647,SCD
2646118,SCDFP,2637353,SCD
2646303,SCDFP,854880,SCD
2646303,SCDFP,854894,SCD
2648191,SCDFP,854873,SCD
2648191,SCDFP,854876,SCD
2648741,SCDFP,1232194,SCD
2648741,SCDFP,1232202,SCD
2648741,SCDFP,836641,SCD
2648741,SCDFP,836647,SCD
2648906,SCDFP,854885,SCD
2648906,SCDFP,854886,SCD
1999670,SBDF,1999673,SBD
1999670,SBDF,2584356,SBD
1999666,SCDF,1999667,SCD
1999666,SCDF,2584354,SCD
1537113,SBDF,1537116,SBD
1537113,SBDF,1537120,SBD
1537113,SBDF,1537122,SBD
1664445,SBDF,1664448,SBD
1664445,SBDF,1664634,SBD
1790530,SBDF,1790533,SBD
1790530,SBDF,1791560,SBD
1790530,SBDF,1791569,SBD
1790530,SBDF,1791576,SBD
1790530,SBDF,1791582,SBD
1944532,SBDF,1944535,SBD
1944532,SBDF,1944540,SBD
1944532,SBDF,1944543,SBD
1944532,SBDF,2693196,SBD
2045497,SBDF,2045500,SBD
2279507,SBDF,2279510,SBD
2279507,SBDF,2279512,SBD
2279507,SBDF,2279514,SBD
2281849,SBDF,2281851,SBD
368158,SBDF,1049613,SBD
368158,SBDF,1049620,SBD
368158,SBDF,1049623,SBD
370158,SBDF,1049504,SBD
370158,SBDF,1049545,SBD
370158,SBDF,1049565,SBD
370158,SBDF,1049576,SBD
370158,SBDF,1049586,SBD
370158,SBDF,1049595,SBD
370158,SBDF,1049601,SBD
825195,SBDF,1049625,SBD
825195,SBDF,1049637,SBD
825195,SBDF,1049640,SBD
825195,SBDF,1049642,SBD
825231,SBDF,1049216,SBD
825231,SBDF,1049223,SBD
825231,SBDF,1049227,SBD
825231,SBDF,1487288,SBD
2655468,SBDFP,1049504,SBD
2655468,SBDFP,1049545,SBD
2655468,SBDFP,1049565,SBD
2655468,SBDFP,1049576,SBD
2655468,SBDFP,1049586,SBD
2655468,SBDFP,1049595,SBD
2655468,SBDFP,1049601,SBD
2655570,SBDFP,1537116,SBD
2655570,SBDFP,1537120,SBD
2655570,SBDFP,1537122,SBD
2656119,SBDFP,1944535,SBD
2656119,SBDFP,1944540,SBD
2656119,SBDFP,1944543,SBD
2656119,SBDFP,2693196,SBD
2656148,SBDFP,1049625,SBD
2656148,SBDFP,1049637,SBD
2656148,SBDFP,1049640,SBD
2656148,SBDFP,1049642,SBD
2656603,SBDFP,2045500,SBD
2656725,SBDFP,1049613,SBD
2656725,SBDFP,1049620,SBD
2656725,SBDFP,1049623,SBD
2657025,SBDFP,2279510,SBD
2657025,SBDFP,2279512,SBD
2657025,SBDFP,2279514,SBD
2657638,SBDFP,1049216,SBD
2657638,SBDFP,1049223,SBD
2657638,SBDFP,1049227,SBD
2657638,SBDFP,1487288,SBD
2658064,SBDFP,1664448,SBD
2658064,SBDFP,1664634,SBD
2658381,SBDFP,2281851,SBD
1790526,SCDF,1790527,SCD
1790526,SCDF,1791558,SCD
1790526,SCDF,1791567,SCD
1790526,SCDF,1791574,SCD
1790526,SCDF,1791580,SCD
373195,SCDF,1049696,SCD
373195,SCDF,1049717,SCD
373195,SCDF,1049721,SCD
373196,SCDF,1049604,SCD
373196,SCDF,1049615,SCD
373196,SCDF,1049720,SCD
373198,SCDF,1049611,SCD
373198,SCDF,1049618,SCD
373198,SCDF,1049621,SCD
373198,SCDF,1049683,SCD
373198,SCDF,1049686,SCD
373198,SCDF,1113314,SCD
373198,SCDF,1944529,SCD
373198,SCDF,1944538,SCD
373198,SCDF,1944541,SCD
373198,SCDF,2693194,SCD
373199,SCDF,1049580,SCD
373199,SCDF,2105822,SCD
373200,SCDF,1014599,SCD
373200,SCDF,1014615,SCD
373200,SCDF,1014632,SCD
373200,SCDF,1037259,SCD
373200,SCDF,1049214,SCD
373200,SCDF,1049221,SCD
373200,SCDF,1049225,SCD
373200,SCDF,1049233,SCD
373200,SCDF,1049251,SCD
373200,SCDF,1049260,SCD
373200,SCDF,1049267,SCD
373200,SCDF,1049270,SCD
373200,SCDF,1049635,SCD
373200,SCDF,1049651,SCD
374711,SCDF,637540,SCD
374711,SCDF,724614,SCD
374711,SCDF,848768,SCD
375581,SCDF,1049658,SCD
385094,SCDF,1049502,SCD
385094,SCDF,1049543,SCD
385094,SCDF,1049563,SCD
385094,SCDF,1049574,SCD
385094,SCDF,1049584,SCD
385094,SCDF,1049593,SCD
385094,SCDF,1049599,SCD
385094,SCDF,1049727,SCD
385094,SCDF,1860127,SCD
385094,SCDF,1860129,SCD
385094,SCDF,1860137,SCD
385094,SCDF,1860148,SCD
385094,SCDF,1860151,SCD
385094,SCDF,1860154,SCD
385094,SCDF,1860157,SCD
402341,SCDF,1049719,SCD
483322,SCDF,1049589,SCD
2645384,SCDFP,1049611,SCD
2645384,SCDFP,1049618,SCD
2645384,SCDFP,1049621,SCD
2645384,SCDFP,1049683,SCD
2645384,SCDFP,1049686,SCD
2645384,SCDFP,1113314,SCD
2645384,SCDFP,1944529,SCD
2645384,SCDFP,1944538,SCD
2645384,SCDFP,1944541,SCD
2645384,SCDFP,2693194,SCD
2645448,SCDFP,1049604,SCD
2645448,SCDFP,1049615,SCD
2645448,SCDFP,1049720,SCD
2645579,SCDFP,848768,SCD
2645713,SCDFP,1049580,SCD
2645713,SCDFP,2105822,SCD
2646623,SCDFP,1049719,SCD
2646990,SCDFP,1014599,SCD
2646990,SCDFP,1014615,SCD
2646990,SCDFP,1014632,SCD
2646990,SCDFP,1037259,SCD
2646990,SCDFP,1049214,SCD
2646990,SCDFP,1049221,SCD
2646990,SCDFP,1049225,SCD
2646990,SCDFP,1049233,SCD
2646990,SCDFP,1049251,SCD
2646990,SCDFP,1049260,SCD
2646990,SCDFP,1049267,SCD
2646990,SCDFP,1049270,SCD
2646990,SCDFP,1049635,SCD
2646990,SCDFP,1049651,SCD
2648054,SCDFP,1049589,SCD
2648086,SCDFP,1049696,SCD
2648086,SCDFP,1049717,SCD
2648086,SCDFP,1049721,SCD
2648461,SCDFP,1049658,SCD
2648874,SCDFP,637540,SCD
2648874,SCDFP,724614,SCD
2649062,SCDFP,1049502,SCD
2649062,SCDFP,1049543,SCD
2649062,SCDFP,1049563,SCD
2649062,SCDFP,1049574,SCD
2649062,SCDFP,1049584,SCD
2649062,SCDFP,1049593,SCD
2649062,SCDFP,1049599,SCD
2649062,SCDFP,1049727,SCD
2649062,SCDFP,1860127,SCD
2649062,SCDFP,1860129,SCD
2649062,SCDFP,1860137,SCD
2649062,SCDFP,1860148,SCD
2649062,SCDFP,1860151,SCD
2649062,SCDFP,1860154,SCD
2649062,SCDFP,1860157,SCD
2468234,SCDF,2468235,SCD
2468234,SCDF,2470234,SCD
2468234,SCDF,2583743,SCD
2468234,SCDF,2598700,SCD
2468234,SCDF,2610319,SCD
2468234,SCDF,2610328,SCD
2468234,SCDF,2621900,SCD
2468234,SCDF,2623378,SCD
2468234,SCDF,2623382,SCD
2468234,SCDF,2664829,SCD
2468234,SCDF,2691196,SCD
2610321,SCDF,2610347,SCD
2610321,SCDF,2664729,SCD
2610321,SCDF,2664819,SCD
2610321,SCDF,2664832,SCD
2610321,SCDF,2664843,SCD
2610321,SCDF,2691200,SCD
2610321,SCDF,2691215,SCD
2610321,SCDF,2722609,SCD
2647043,SCDFP,2610347,SCD
2647501,SCDFP,2610319,SCD
2647501,SCDFP,2621900,SCD
2647501,SCDFP,2623382,SCD
2647414,SCDFP,2610328,SCD
2647414,SCDFP,2623378,SCD
2047244,SBDF,2047247,SBD
2047244,SBDF,2205474,SBD
2047244,SBDF,2601725,SBD
2047240,SCDF,2047241,SCD
2047240,SCDF,2205472,SCD
2047240,SCDF,2588561,SCD
368139,SBDF,213344,SBD
368139,SBDF,213345,SBD
368139,SBDF,284591,SBD
371532,SCDF,200371,SCD
371532,SCDF,283672,SCD
371532,SCDF,309314,SCD
374620,SCDF,309313,SCD
374620,SCDF,389202,SCD
645288,SCDF,645289,SCD
645288,SCDF,645290,SCD
645288,SCDF,645291,SCD
730439,SCDF,2591786,SCD
368571,SBDF,352272,SBD
368571,SBDF,352273,SBD
368571,SBDF,404408,SBD
2725158,SCDF,2725159,SCD
378695,SCDF,349332,SCD
378695,SCDF,351249,SCD
378695,SCDF,351250,SCD
378734,SCDF,351285,SCD
1732888,SBDF,861715,SBD
1732886,SCDF,259034,SCD
797696,SBDF,797697,SBD
797693,SCDF,797694,SCD
1149366,SBDF,1149367,SBD
1149366,SBDF,1149370,SBD
1149366,SBDF,1149373,SBD
1149366,SBDF,1149376,SBD
1149366,SBDF,1149378,SBD
854139,SBDF,854140,SBD
854139,SBDF,854142,SBD
854139,SBDF,854144,SBD
1148796,SCDF,1148797,SCD
1148796,SCDF,1148800,SCD
1148796,SCDF,1148803,SCD
1148796,SCDF,1148807,SCD
1148796,SCDF,1148809,SCD
1356314,SCDF,1356315,SCD
825408,SCDF,825409,SCD
825408,SCDF,825411,SCD
825408,SCDF,825413,SCD
366595,SBDF,105450,SBD
372907,SCDF,199772,SCD
2047763,SBDF,2047766,SBD
2047763,SBDF,2047769,SBD
2047763,SBDF,2047772,SBD
2047763,SBDF,2047775,SBD
2712150,SBDF,2712152,SBD
368757,SBDF,2723027,SBD
368757,SBDF,866513,SBD
368757,SBDF,866516,SBD
865577,SBDF,866414,SBD
865577,SBDF,866421,SBD
865577,SBDF,866429,SBD
865577,SBDF,866438,SBD
866497,SBDF,866498,SBD
866497,SBDF,866502,SBD
2654942,SBDFP,2047766,SBD
2654942,SBDFP,2047769,SBD
2654942,SBDFP,2047772,SBD
2654942,SBDFP,2047775,SBD
2656065,SBDFP,866414,SBD
2656065,SBDFP,866421,SBD
2656065,SBDFP,866429,SBD
2656065,SBDFP,866438,SBD
2656204,SBDFP,866498,SBD
2656204,SBDFP,866502,SBD
2657102,SBDFP,2723027,SBD
2657102,SBDFP,866513,SBD
2657102,SBDFP,866516,SBD
2712151,SBDFP,2712152,SBD
1740909,SCDF,866508,SCD
1744258,SCDF,1744259,SCD
1999027,SCDF,1999031,SCD
1999027,SCDF,1999033,SCD
1999027,SCDF,1999035,SCD
1999027,SCDF,1999037,SCD
2712144,SCDF,2712147,SCD
372889,SCDF,866479,SCD
372889,SCDF,866482,SCD
372889,SCDF,866491,SCD
372890,SCDF,1111439,SCD
372890,SCDF,866452,SCD
372891,SCDF,1606347,SCD
372891,SCDF,1606349,SCD
372891,SCDF,2723025,SCD
372891,SCDF,866511,SCD
372891,SCDF,866514,SCD
372891,SCDF,866924,SCD
378660,SCDF,866412,SCD
378660,SCDF,866419,SCD
378660,SCDF,866427,SCD
378660,SCDF,866436,SCD
2645453,SCDFP,1111439,SCD
2646152,SCDFP,1606347,SCD
2646152,SCDFP,1606349,SCD
2646152,SCDFP,2723025,SCD
2646152,SCDFP,866511,SCD
2646152,SCDFP,866514,SCD
2646152,SCDFP,866924,SCD
2646689,SCDFP,866508,SCD
2647670,SCDFP,866479,SCD
2647670,SCDFP,866482,SCD
2647670,SCDFP,866491,SCD
2647879,SCDFP,1744259,SCD
2648347,SCDFP,1999031,SCD
2648347,SCDFP,1999033,SCD
2648347,SCDFP,1999035,SCD
2648347,SCDFP,1999037,SCD
2648592,SCDFP,866452,SCD
2648648,SCDFP,866412,SCD
2648648,SCDFP,866419,SCD
2648648,SCDFP,866427,SCD
2648648,SCDFP,866436,SCD
2712146,SCDFP,2712147,SCD
1310637,SBDF,1310640,SBD
2654978,SBDFP,1310640,SBD
619128,SCDF,1150310,SCD
619128,SCDF,200209,SCD
619128,SCDF,2175997,SCD
619128,SCDF,252745,SCD
619128,SCDF,428898,SCD
619128,SCDF,428899,SCD
619128,SCDF,476845,SCD
619128,SCDF,823883,SCD
2647759,SCDFP,200209,SCD
2647759,SCDFP,2175997,SCD
2647759,SCDFP,428898,SCD
2647759,SCDFP,428899,SCD
745976,SBDF,854910,SBD
745976,SBDF,854918,SBD
745976,SBDF,854921,SBD
2656127,SBDFP,854910,SBD
2656127,SBDFP,854918,SBD
2656127,SBDFP,854921,SBD
371103,SCDF,854908,SCD
371103,SCDF,854916,SCD
371103,SCDF,854919,SCD
371104,SCDF,854901,SCD
371104,SCDF,854905,SCD
371104,SCDF,865154,SCD
371104,SCDF,865155,SCD
371104,SCDF,865157,SCD
371104,SCDF,865159,SCD
2648082,SCDFP,854901,SCD
2648082,SCDFP,854905,SCD
2648082,SCDFP,865154,SCD
2648082,SCDFP,865155,SCD
2648082,SCDFP,865157,SCD
2648082,SCDFP,865159,SCD
2648608,SCDFP,854908,SCD
2648608,SCDFP,854916,SCD
2648608,SCDFP,854919,SCD
369915,SBDF,885580,SBD
372185,SCDF,1095421,SCD
372185,SCDF,1098910,SCD
372185,SCDF,198999,SCD
372185,SCDF,2123165,SCD
372185,SCDF,244206,SCD
372185,SCDF,244207,SCD
372185,SCDF,245014,SCD
372185,SCDF,2667850,SCD
372185,SCDF,310318,SCD
372185,SCDF,885578,SCD
1305617,SBDF,1305620,SBD
1305617,SBDF,2639385,SBD
375516,SCDF,2639383,SCD
375516,SCDF,284159,SCD
849611,SBDF,849612,SBD
849607,SCDF,849608,SCD
630189,SBDF,630196,SBD
373909,SCDF,1044547,SCD
373909,SCDF,1099038,SCD
373909,SCDF,1235783,SCD
373909,SCDF,1489127,SCD
373909,SCDF,244333,SCD
373909,SCDF,245598,SCD
373909,SCDF,2585483,SCD
373909,SCDF,2701521,SCD
373909,SCDF,2722931,SCD
373909,SCDF,388516,SCD
373909,SCDF,392038,SCD
373909,SCDF,392144,SCD
373909,SCDF,416783,SCD
373909,SCDF,891775,SCD
1053650,SBDF,1053651,SBD
1053650,SBDF,1053654,SBD
1053650,SBDF,1053657,SBD
1053650,SBDF,1053660,SBD
1053650,SBDF,1053663,SBD
1053650,SBDF,1053666,SBD
1237053,SBDF,1237055,SBD
1237053,SBDF,1237059,SBD
1237053,SBDF,1237062,SBD
1237053,SBDF,1237070,SBD
1806414,SBDF,1666837,SBD
367214,SBDF,261106,SBD
367214,SBDF,261107,SBD
367214,SBDF,261108,SBD
367214,SBDF,261109,SBD
367214,SBDF,261110,SBD
367214,SBDF,262219,SBD
668621,SBDF,668622,SBD
668621,SBDF,668624,SBD
668621,SBDF,668626,SBD
668621,SBDF,668628,SBD
668621,SBDF,668630,SBD
1053646,SCDF,1053647,SCD
1053646,SCDF,1053652,SCD
1053646,SCDF,1053655,SCD
1053646,SCDF,1053658,SCD
1053646,SCDF,1053661,SCD
1053646,SCDF,1053664,SCD
1237049,SCDF,1237050,SCD
1237049,SCDF,1237057,SCD
1237049,SCDF,1237060,SCD
1237049,SCDF,1237068,SCD
1734964,SCDF,727759,SCD
1735002,SCDF,1735003,SCD
1735002,SCDF,1735006,SCD
1735002,SCDF,1735007,SCD
1735002,SCDF,1735008,SCD
1735002,SCDF,1735013,SCD
1735002,SCDF,2168270,SCD
1806273,SCDF,1603495,SCD
1806273,SCDF,1603498,SCD
1806273,SCDF,1603501,SCD
1806273,SCDF,1666831,SCD
1806273,SCDF,197696,SCD
1806273,SCDF,245134,SCD
1806273,SCDF,245135,SCD
1806273,SCDF,245136,SCD
1806273,SCDF,577057,SCD
2474266,SCDF,2474267,SCD
2474266,SCDF,2474269,SCD
2474266,SCDF,2629337,SCD
372161,SCDF,310293,SCD
372161,SCDF,310294,SCD
372161,SCDF,310295,SCD
372161,SCDF,310296,SCD
372161,SCDF,310297,SCD
372161,SCDF,313992,SCD
372161,SCDF,313993,SCD
668362,SCDF,668363,SCD
668362,SCDF,668364,SCD
668362,SCDF,668365,SCD
668362,SCDF,668366,SCD
668362,SCDF,668367,SCD
668362,SCDF,706898,SCD
858086,SCDF,858087,SCD
858086,SCDF,858092,SCD
858086,SCDF,858095,SCD
858086,SCDF,858098,SCD
858086,SCDF,858101,SCD
1872264,SBDF,1872265,SBD
1872264,SBDF,1872269,SBD
1872264,SBDF,1872272,SBD
1872264,SBDF,1872752,SBD
1872264,SBDF,2277370,SBD
368895,SBDF,897698,SBD
368895,SBDF,897704,SBD
368895,SBDF,897712,SBD
544565,SBDF,897658,SBD
2655116,SBDFP,897658,SBD
2656942,SBDFP,897698,SBD
2656942,SBDFP,897704,SBD
2656942,SBDFP,897712,SBD
2657343,SBDFP,1872265,SBD
2657343,SBDFP,1872269,SBD
2657343,SBDFP,1872272,SBD
2657343,SBDFP,1872752,SBD
2657343,SBDFP,2277370,SBD
1724190,SCDF,1724383,SCD
1724190,SCDF,1724644,SCD
1724190,SCDF,897758,SCD
1724207,SCDF,1724276,SCD
1724207,SCDF,1724338,SCD
1724207,SCDF,1724340,SCD
1724207,SCDF,1724341,SCD
1724207,SCDF,897653,SCD
1724207,SCDF,897753,SCD
370652,SCDF,897745,SCD
370653,SCDF,897657,SCD
370654,SCDF,897696,SCD
370654,SCDF,897702,SCD
370654,SCDF,897710,SCD
370654,SCDF,897771,SCD
370654,SCDF,898139,SCD
370655,SCDF,897749,SCD
372427,SCDF,898611,SCD
372427,SCDF,898614,SCD
372427,SCDF,898618,SCD
385569,SCDF,898004,SCD
385569,SCDF,898138,SCD
763042,SCDF,1433251,SCD
763042,SCDF,1872271,SCD
763042,SCDF,2277368,SCD
763042,SCDF,2675350,SCD
763042,SCDF,897756,SCD
763042,SCDF,897757,SCD
902728,SCDF,1306898,SCD
902728,SCDF,902729,SCD
902728,SCDF,902736,SCD
902728,SCDF,902741,SCD
2646953,SCDFP,1724383,SCD
2646953,SCDFP,1724644,SCD
2646953,SCDFP,897758,SCD
2647008,SCDFP,897749,SCD
2647093,SCDFP,1724276,SCD
2647093,SCDFP,1724338,SCD
2647093,SCDFP,1724340,SCD
2647093,SCDFP,1724341,SCD
2647093,SCDFP,897653,SCD
2647093,SCDFP,897753,SCD
2647573,SCDFP,897657,SCD
2647766,SCDFP,898004,SCD
2647766,SCDFP,898138,SCD
2648035,SCDFP,898611,SCD
2648035,SCDFP,898614,SCD
2648035,SCDFP,898618,SCD
2648247,SCDFP,897696,SCD
2648247,SCDFP,897702,SCD
2648247,SCDFP,897710,SCD
2648247,SCDFP,897771,SCD
2648247,SCDFP,898139,SCD
2648407,SCDFP,897745,SCD
2649153,SCDFP,1306898,SCD
2649153,SCDFP,902729,SCD
2649153,SCDFP,902736,SCD
2649153,SCDFP,902741,SCD
2649210,SCDFP,1433251,SCD
2649210,SCDFP,1872271,SCD
2649210,SCDFP,2277368,SCD
2649210,SCDFP,2675350,SCD
2649210,SCDFP,897756,SCD
2649210,SCDFP,897757,SCD
1148481,SBDF,1148482,SBD
1148481,SBDF,1148487,SBD
1148481,SBDF,1148491,SBD
2395811,SBDF,2395814,SBD
2588483,SBDF,2588484,SBD
369283,SBDF,835605,SBD
369486,SBDF,836397,SBD
616518,SBDF,845315,SBD
616518,SBDF,845316,SBD
2654364,SBDFP,2588484,SBD
2654830,SBDFP,1148482,SBD
2654830,SBDFP,1148487,SBD
2654830,SBDFP,1148491,SBD
2655105,SBDFP,835605,SBD
2656057,SBDFP,2395814,SBD
2656690,SBDFP,845315,SBD
2656690,SBDFP,845316,SBD
2657467,SBDFP,836397,SBD
2588477,SCDF,2588478,SCD
374169,SCDF,836466,SCD
374170,SCDF,849329,SCD
374171,SCDF,2395808,SCD
374171,SCDF,836485,SCD
374173,SCDF,2179635,SCD
374173,SCDF,2670390,SCD
374173,SCDF,2692878,SCD
374173,SCDF,835603,SCD
374174,SCDF,1946525,SCD
374174,SCDF,1946527,SCD
374174,SCDF,1946529,SCD
374174,SCDF,833709,SCD
374174,SCDF,833711,SCD
374174,SCDF,833713,SCD
374174,SCDF,849331,SCD
374174,SCDF,849561,SCD
378712,SCDF,836395,SCD
379523,SCDF,1148478,SCD
379523,SCDF,1148485,SCD
379523,SCDF,1148489,SCD
379523,SCDF,1248115,SCD
379523,SCDF,849903,SCD
402411,SCDF,836408,SCD
2645951,SCDFP,1946525,SCD
2645951,SCDFP,1946527,SCD
2645951,SCDFP,1946529,SCD
2645951,SCDFP,833709,SCD
2645951,SCDFP,833711,SCD
2645951,SCDFP,833713,SCD
2645951,SCDFP,849331,SCD
2645951,SCDFP,849561,SCD
2647435,SCDFP,2588478,SCD
2647581,SCDFP,2395808,SCD
2647581,SCDFP,836485,SCD
2647585,SCDFP,836466,SCD
2647590,SCDFP,836395,SCD
2647709,SCDFP,1148478,SCD
2647709,SCDFP,1148485,SCD
2647709,SCDFP,1148489,SCD
2647709,SCDFP,1248115,SCD
2647709,SCDFP,849903,SCD
2648855,SCDFP,849329,SCD
2648877,SCDFP,836408,SCD
2649526,SCDFP,2179635,SCD
2649526,SCDFP,2670390,SCD
2649526,SCDFP,2692878,SCD
2649526,SCDFP,835603,SCD
1657191,SBDF,1657192,SBD
1657191,SBDF,1657196,SBD
1657191,SBDF,1991413,SBD
1657191,SBDF,2569081,SBD
2596783,SBDF,2596784,SBD
2700803,SBDF,2700805,SBD
2700803,SBDF,2728492,SBD
2654690,SBDFP,2596784,SBD
2700804,SBDFP,2700805,SBD
2700804,SBDFP,2728492,SBD
1657189,SCDF,1657190,SCD
1657189,SCDF,1657195,SCD
1657189,SCDF,1991412,SCD
1657189,SCDF,2569080,SCD
2596777,SCDF,2596778,SCD
2700795,SCDF,2700798,SCD
2700795,SCDF,2728491,SCD
2648875,SCDFP,2596778,SCD
2700797,SCDFP,2700798,SCD
2700797,SCDFP,2728491,SCD
2724442,SBDF,2724443,SBD
369375,SBDF,205488,SBD
369375,SBDF,205489,SBD
369375,SBDF,205490,SBD
1727568,SCDF,1727569,SCD
1727568,SCDF,1727572,SCD
2724436,SCDF,2724437,SCD
370850,SCDF,977951,SCD
371157,SCDF,250660,SCD
371158,SCDF,104222,SCD
371158,SCDF,197417,SCD
371158,SCDF,197418,SCD
371158,SCDF,197419,SCD
374368,SCDF,104223,SCD
374368,SCDF,282486,SCD
438106,SCDF,431610,SCD
2648533,SCDFP,977951,SCD
1655949,SBDF,700387,SBD
1655947,SCDF,2706338,SCD
1655947,SCDF,2706351,SCD
1655947,SCDF,700384,SCD
1086811,SBDF,1086812,SBD
1086811,SBDF,1086838,SBD
1086811,SBDF,1086840,SBD
1086811,SBDF,1086847,SBD
1086850,SBDF,1115594,SBD
1088929,SBDF,1088930,SBD
1090914,SBDF,1090915,SBD
1366146,SBDF,1366149,SBD
1539262,SBDF,1539265,SBD
364670,SBDF,210453,SBD
995781,SBDF,995782,SBD
2655149,SBDFP,1086838,SBD
2655945,SBDFP,995782,SBD
2658744,SBDFP,1115594,SBD
1092390,SCDF,1092392,SCD
1312457,SCDF,1312459,SCD
1366141,SCDF,1366143,SCD
1999329,SCDF,1999330,SCD
204674,SCDF,150930,SCD
204674,SCDF,210467,SCD
204674,SCDF,237726,SCD
204674,SCDF,240865,SCD
204674,SCDF,245501,SCD
204674,SCDF,260476,SCD
204674,SCDF,313713,SCD
204674,SCDF,313724,SCD
204674,SCDF,412065,SCD
204674,SCDF,412113,SCD
204674,SCDF,581338,SCD
313725,SCDF,1424281,SCD
313725,SCDF,313714,SCD
374314,SCDF,237737,SCD
374314,SCDF,237739,SCD
374316,SCDF,2171111,SCD
374316,SCDF,282781,SCD
374316,SCDF,313722,SCD
374316,SCDF,896130,SCD
374317,SCDF,150932,SCD
374317,SCDF,199359,SCD
374317,SCDF,313717,SCD
374317,SCDF,389239,SCD
374995,SCDF,1539259,SCD
374995,SCDF,199156,SCD
374995,SCDF,2272402,SCD
374995,SCDF,477433,SCD
374995,SCDF,477437,SCD
374995,SCDF,485818,SCD
374995,SCDF,485819,SCD
374995,SCDF,578759,SCD
374995,SCDF,578760,SCD
374995,SCDF,664787,SCD
374995,SCDF,664790,SCD
374995,SCDF,664791,SCD
375357,SCDF,702648,SCD
375652,SCDF,240900,SCD
379302,SCDF,105784,SCD
385099,SCDF,1091325,SCD
578123,SCDF,578124,SCD
581412,SCDF,581413,SCD
618606,SCDF,1092397,SCD
632118,SCDF,1115592,SCD
757266,SCDF,1088926,SCD
757266,SCDF,1090911,SCD
757266,SCDF,756008,SCD
809884,SCDF,995778,SCD
2645539,SCDFP,995778,SCD
2646063,SCDFP,1092397,SCD
2646340,SCDFP,1115592,SCD
2646863,SCDFP,1092392,SCD
2647880,SCDFP,485819,SCD
863602,SBDF,863603,SBD
863605,SBDF,863606,SBD
2654636,SBDFP,863606,SBD
2656934,SBDFP,863603,SBD
372062,SCDF,313968,SCD
372062,SCDF,425351,SCD
372062,SCDF,486960,SCD
372062,SCDF,597193,SCD
372062,SCDF,597194,SCD
372062,SCDF,686400,SCD
372062,SCDF,686418,SCD
372064,SCDF,197650,SCD
372064,SCDF,486912,SCD
372064,SCDF,598006,SCD
372064,SCDF,686355,SCD
372064,SCDF,686405,SCD
372064,SCDF,686406,SCD
2648015,SCDFP,686405,SCD
2648213,SCDFP,686400,SCD
2648213,SCDFP,686418,SCD
2261390,SBDF,2261393,SBD
370784,SCDF,252078,SCD
370784,SCDF,485707,SCD
376362,SCDF,259258,SCD
376362,SCDF,730778,SCD
1039184,SBDF,1039185,SBD
374474,SCDF,1039181,SCD
374474,SCDF,1044412,SCD
374474,SCDF,1089065,SCD
374474,SCDF,198911,SCD
374474,SCDF,199099,SCD
374474,SCDF,199852,SCD
374474,SCDF,2003464,SCD
374474,SCDF,238405,SCD
374474,SCDF,244638,SCD
374474,SCDF,245663,SCD
374474,SCDF,2556793,SCD
374474,SCDF,418822,SCD
374474,SCDF,637168,SCD
374474,SCDF,702006,SCD
374474,SCDF,708071,SCD
374474,SCDF,797233,SCD
374474,SCDF,899863,SCD
369240,SBDF,208437,SBD
724153,SBDF,724154,SBD
373991,SCDF,198232,SCD
376645,SCDF,313142,SCD
374868,SCDF,253000,SCD
577711,SCDF,830784,SCD
2108927,SBDF,2108930,SBD
2108927,SBDF,2632846,SBD
2109024,SBDF,725098,SBD
2109027,SBDF,1251725,SBD
2109027,SBDF,1372909,SBD
366435,SBDF,261319,SBD
366435,SBDF,262080,SBD
367189,SBDF,153579,SBD
367189,SBDF,153580,SBD
2108923,SCDF,2108924,SCD
2108923,SCDF,2632844,SCD
2109022,SCDF,1251720,SCD
2109022,SCDF,1372907,SCD
2109022,SCDF,725094,SCD
2716917,SCDF,2716918,SCD
373616,SCDF,260243,SCD
373616,SCDF,312641,SCD
374412,SCDF,312644,SCD
377270,SCDF,312643,SCD
377270,SCDF,312645,SCD
806519,SCDF,631799,SCD
1245625,SBDF,1245627,SBD
2540672,SBDF,2540674,SBD
2588947,SBDF,2588948,SBD
827653,SBDF,827654,SBD
827709,SBDF,827710,SBD
827730,SBDF,827731,SBD
827759,SBDF,827760,SBD
827765,SBDF,827766,SBD
827777,SBDF,827778,SBD
385484,SCDF,106092,SCD
385484,SCDF,702050,SCD
1986800,SBDF,1986803,SBD
1986796,SCDF,1986797,SCD
1986796,SCDF,2467543,SCD
1236713,SBDF,1236716,SBD
2657484,SBDFP,1236716,SBD
371388,SCDF,1235861,SCD
2646777,SCDFP,1235861,SCD
1654036,SBDF,1654041,SBD
727356,SBDF,727357,SBD
1654034,SCDF,1654035,SCD
1654034,SCDF,1654040,SCD
1654034,SCDF,1654169,SCD
1654034,SCDF,1654186,SCD
727353,SCDF,727355,SCD
727353,SCDF,727360,SCD
636219,SBDF,881343,SBD
2658266,SBDFP,881343,SBD
636214,SCDF,881341,SCD
2648998,SCDFP,881341,SCD
2479834,SCDF,2479835,SCD
2646219,SCDFP,2479835,SCD
1099935,SCDF,1099936,SCD
1099939,SCDF,1099940,SCD
1731079,SBDF,1731082,SBD
2664070,SBDF,2664071,SBD
1731074,SCDF,1731075,SCD
1731074,SCDF,1731077,SCD
1731074,SCDF,2664065,SCD
1246246,SBDF,1246247,SBD
377519,SCDF,1043014,SCD
377519,SCDF,1052932,SCD
377519,SCDF,1091088,SCD
377519,SCDF,1245937,SCD
377519,SCDF,1441558,SCD
377519,SCDF,209884,SCD
377519,SCDF,244458,SCD
377519,SCDF,426904,SCD
1494597,SBDF,1494599,SBD
2655361,SBDFP,1494599,SBD
371889,SCDF,1049884,SCD
371889,SCDF,1049906,SCD
371889,SCDF,1248354,SCD
371889,SCDF,1251783,SCD
371889,SCDF,1789740,SCD
371889,SCDF,2671699,SCD
371889,SCDF,2685488,SCD
2647041,SCDFP,1049884,SCD
2647041,SCDFP,1049906,SCD
2647041,SCDFP,1248354,SCD
2647041,SCDFP,1251783,SCD
2647041,SCDFP,1789740,SCD
2647041,SCDFP,2671699,SCD
2647041,SCDFP,2685488,SCD
1734940,SBDF,1734942,SBD
377844,SCDF,1125471,SCD
377844,SCDF,1305337,SCD
377844,SCDF,1427410,SCD
377844,SCDF,1432509,SCD
377844,SCDF,1546589,SCD
377844,SCDF,1734937,SCD
377844,SCDF,1793915,SCD
377844,SCDF,1865206,SCD
377844,SCDF,2106103,SCD
377844,SCDF,2106107,SCD
377844,SCDF,245660,SCD
377844,SCDF,248279,SCD
377844,SCDF,2623963,SCD
377844,SCDF,2745297,SCD
377844,SCDF,349404,SCD
377844,SCDF,416750,SCD
377844,SCDF,417425,SCD
377844,SCDF,417994,SCD
377844,SCDF,436525,SCD
377844,SCDF,477180,SCD
377844,SCDF,630923,SCD
1737552,SBDF,1737554,SBD
376361,SCDF,1043549,SCD
376361,SCDF,1494207,SCD
376361,SCDF,1494214,SCD
376361,SCDF,1860083,SCD
376652,SCDF,1039339,SCD
376652,SCDF,1039474,SCD
376652,SCDF,1039483,SCD
376652,SCDF,1041807,SCD
376652,SCDF,1047755,SCD
376652,SCDF,1087912,SCD
376652,SCDF,1100016,SCD
376652,SCDF,1369900,SCD
376652,SCDF,1491797,SCD
376652,SCDF,1665370,SCD
376652,SCDF,1804178,SCD
376652,SCDF,2373444,SCD
376652,SCDF,2468410,SCD
376652,SCDF,247835,SCD
376652,SCDF,2710538,SCD
376652,SCDF,2710539,SCD
376652,SCDF,582753,SCD
376652,SCDF,616810,SCD
376652,SCDF,884783,SCD
2003707,SBDF,2003710,SBD
369806,SBDF,209611,SBD
371084,SCDF,308753,SCD
1424285,SBDF,1424287,SBD
2383350,SBDF,2383351,SBD
2655113,SBDFP,2383351,SBD
2656650,SBDFP,1424287,SBD
374857,SCDF,1049111,SCD
374857,SCDF,1302737,SCD
377306,SCDF,1049095,SCD
377306,SCDF,1370826,SCD
377306,SCDF,1876355,SCD
377306,SCDF,582205,SCD
2646734,SCDFP,1049111,SCD
2646734,SCDFP,1302737,SCD
2648663,SCDFP,1049095,SCD
2648663,SCDFP,1370826,SCD
2648663,SCDFP,1876355,SCD
2648663,SCDFP,582205,SCD
804972,SBDF,804973,SBD
377650,SCDF,197519,SCD
362518,SBDF,211456,SBD
362518,SBDF,794054,SBD
377510,SCDF,204681,SCD
377510,SCDF,204836,SCD
377510,SCDF,205099,SCD
377510,SCDF,205100,SCD
377510,SCDF,240428,SCD
377510,SCDF,259714,SCD
377510,SCDF,309381,SCD
377510,SCDF,309402,SCD
1486495,SBDF,1486496,SBD
807224,SBDF,807225,SBD
807221,SCDF,807222,SCD
807238,SCDF,807239,SCD
1235459,SBDF,1235462,SBD
1293939,SBDF,1293942,SBD
1293939,SBDF,1298830,SBD
1358832,SBDF,1358835,SBD
1358832,SBDF,1358837,SBD
369070,SBDF,209387,SBD
369070,SBDF,209459,SBD
369085,SBDF,209375,SBD
369085,SBDF,209443,SBD
369102,SBDF,209384,SBD
798925,SBDF,798926,SBD
369097,SCDF,198440,SCD
369097,SCDF,198444,SCD
369097,SCDF,282464,SCD
369097,SCDF,313782,SCD
369097,SCDF,348978,SCD
369097,SCDF,430837,SCD
1100004,SBDF,1100005,SBD
369079,SBDF,200977,SBD
369094,SBDF,209433,SBD
366322,SBDF,209890,SBD
366548,SBDF,351580,SBD
370511,SCDF,198436,SCD
370511,SCDF,198439,SCD
370511,SCDF,307667,SCD
370511,SCDF,307695,SCD
859364,SBDF,995064,SBD
859364,SBDF,995070,SBD
859364,SBDF,995073,SBD
859364,SBDF,995084,SBD
859364,SBDF,995095,SBD
859364,SBDF,995118,SBD
859364,SBDF,995125,SBD
2655475,SBDFP,995064,SBD
2655475,SBDFP,995070,SBD
2655475,SBDFP,995073,SBD
2655475,SBDFP,995084,SBD
2655475,SBDFP,995095,SBD
2655475,SBDFP,995118,SBD
2655475,SBDFP,995125,SBD
438611,SCDF,995062,SCD
438611,SCDF,995068,SCD
438611,SCDF,995071,SCD
438611,SCDF,995082,SCD
438611,SCDF,995093,SCD
438611,SCDF,995116,SCD
438611,SCDF,995123,SCD
2647070,SCDFP,995062,SCD
2647070,SCDFP,995068,SCD
2647070,SCDFP,995071,SCD
2647070,SCDFP,995082,SCD
2647070,SCDFP,995093,SCD
2647070,SCDFP,995116,SCD
2647070,SCDFP,995123,SCD
365541,SBDF,206193,SBD
370554,SCDF,197324,SCD
370554,SCDF,244613,SCD
370554,SCDF,308071,SCD
370554,SCDF,485338,SCD
370554,SCDF,672349,SCD
1940457,SBDF,1940460,SBD
2657704,SBDFP,1940460,SBD
1429358,SCDF,1593749,SCD
1429358,SCDF,1808189,SCD
1429358,SCDF,2672917,SCD
2649267,SCDFP,1593749,SCD
2649267,SCDFP,1808189,SCD
2649267,SCDFP,2672917,SCD
1235453,SBDF,1235456,SBD
1235448,SCDF,1235450,SCD
1246300,SBDF,1246303,SBD
1246295,SCDF,1246297,SCD
371721,SCDF,1374372,SCD
2646868,SCDFP,1374372,SCD
368207,SBDF,2391610,SBD
2659055,SBDFP,2391610,SBD
370522,SCDF,1602568,SCD
370522,SCDF,2391564,SCD
370522,SCDF,2391569,SCD
370522,SCDF,241864,SCD
370522,SCDF,284094,SCD
370522,SCDF,999419,SCD
2649106,SCDFP,1602568,SCD
2649106,SCDFP,2391564,SCD
2649106,SCDFP,2391569,SCD
2649106,SCDFP,241864,SCD
2649106,SCDFP,284094,SCD
2649106,SCDFP,999419,SCD
370506,SCDF,104906,SCD
370506,SCDF,1661683,SCD
370506,SCDF,204900,SCD
370506,SCDF,238159,SCD
370506,SCDF,248316,SCD
370506,SCDF,2719840,SCD
370506,SCDF,307675,SCD
370506,SCDF,307684,SCD
370506,SCDF,392293,SCD
370506,SCDF,425723,SCD
1038778,SBDF,1038779,SBD
1052415,SBDF,1052416,SBD
1052438,SBDF,1053852,SBD
1052444,SBDF,1052445,SBD
1052465,SBDF,1052466,SBD
1052465,SBDF,1052469,SBD
1052640,SBDF,1052641,SBD
1087679,SBDF,1483329,SBD
1088760,SBDF,1088761,SBD
1092377,SBDF,1092378,SBD
1094717,SBDF,1094718,SBD
1100906,SBDF,1100907,SBD
1101344,SBDF,1101345,SBD
1116531,SBDF,1116532,SBD
1301881,SBDF,1301882,SBD
1303156,SBDF,1303159,SBD
1356077,SBDF,1356080,SBD
1358850,SBDF,1358853,SBD
1361399,SBDF,1361402,SBD
1432260,SBDF,1432261,SBD
1542978,SBDF,1542981,SBD
1591931,SBDF,1591934,SBD
1593113,SBDF,1593116,SBD
1593768,SBDF,1593771,SBD
1648581,SBDF,1648584,SBD
1738138,SBDF,1738139,SBD
1866140,SBDF,1866143,SBD
1872072,SBDF,1872075,SBD
2001361,SBDF,2001364,SBD
2001361,SBDF,2118730,SBD
2001361,SBDF,2118734,SBD
2178756,SBDF,2178758,SBD
2178756,SBDF,2374361,SBD
2261400,SBDF,2261403,SBD
2279004,SBDF,2279007,SBD
2639350,SBDF,2639351,SBD
2673879,SBDF,2673880,SBD
2675764,SBDF,2675765,SBD
2723567,SBDF,2723568,SBD
364161,SBDF,209425,SBD
364168,SBDF,209397,SBD
364168,SBDF,209417,SBD
366380,SBDF,1487251,SBD
366427,SBDF,211161,SBD
366536,SBDF,1433802,SBD
367547,SBDF,209353,SBD
367547,SBDF,209361,SBD
367547,SBDF,209364,SBD
367547,SBDF,209531,SBD
367572,SBDF,209352,SBD
367572,SBDF,209360,SBD
367572,SBDF,209363,SBD
367856,SBDF,210864,SBD
368022,SBDF,1428622,SBD
368391,SBDF,1087609,SBD
368431,SBDF,1117539,SBD
368574,SBDF,1602570,SBD
368981,SBDF,1093077,SBD
368984,SBDF,209826,SBD
369063,SBDF,209468,SBD
369248,SBDF,993837,SBD
369639,SBDF,209501,SBD
369639,SBDF,209873,SBD
369642,SBDF,209495,SBD
369642,SBDF,209870,SBD
386243,SBDF,1095636,SBD
405991,SBDF,404172,SBD
540433,SBDF,540434,SBD
540467,SBDF,2391568,SBD
542943,SBDF,856942,SBD
545882,SBDF,1037274,SBD
545892,SBDF,998706,SBD
604823,SBDF,1092375,SBD
615915,SBDF,1243439,SBD
629026,SBDF,1037240,SBD
646458,SBDF,1243440,SBD
692667,SBDF,828557,SBD
702614,SBDF,702615,SBD
707321,SBDF,707322,SBD
723532,SBDF,723533,SBD
746613,SBDF,1190201,SBD
828554,SBDF,828555,SBD
829847,SBDF,857001,SBD
829847,SBDF,857004,SBD
829847,SBDF,857007,SBD
830544,SBDF,1101754,SBD
884769,SBDF,884770,SBD
2654206,SBDFP,856942,SBD
2654486,SBDFP,998706,SBD
2654597,SBDFP,1094718,SBD
2654637,SBDFP,1053852,SBD
2654661,SBDFP,1190201,SBD
2654810,SBDFP,1092378,SBD
2654895,SBDFP,1433802,SBD
2655014,SBDFP,1593116,SBD
2655022,SBDFP,2391568,SBD
2655119,SBDFP,857001,SBD
2655119,SBDFP,857004,SBD
2655119,SBDFP,857007,SBD
2655166,SBDFP,1602570,SBD
2655655,SBDFP,1088761,SBD
2656551,SBDFP,1116532,SBD
2657039,SBDFP,1087609,SBD
2657437,SBDFP,1037240,SBD
2657474,SBDFP,993837,SBD
2657548,SBDFP,1093077,SBD
2657644,SBDFP,1117539,SBD
2657765,SBDFP,1542981,SBD
2657776,SBDFP,1037274,SBD
2657845,SBDFP,1092375,SBD
2658039,SBDFP,1052466,SBD
2658039,SBDFP,1052469,SBD
2658378,SBDFP,1593771,SBD
2658453,SBDFP,1052641,SBD
1190929,SCDF,1190931,SCD
1190929,SCDF,1546700,SCD
1190929,SCDF,1798453,SCD
1190929,SCDF,2729424,SCD
1241827,SCDF,1241829,SCD
1303249,SCDF,1303251,SCD
1536456,SCDF,1536457,SCD
1536456,SCDF,1536459,SCD
1536879,SCDF,1536880,SCD
1536881,SCDF,1536882,SCD
1536930,SCDF,1536931,SCD
1536930,SCDF,2691098,SCD
1543071,SCDF,1543072,SCD
1593108,SCDF,1593110,SCD
1593764,SCDF,1593765,SCD
1659959,SCDF,1659960,SCD
1659963,SCDF,1659964,SCD
1659963,SCDF,1796460,SCD
1803956,SCDF,2480095,SCD
1803956,SCDF,2715604,SCD
1803956,SCDF,483017,SCD
1804047,SCDF,1659175,SCD
2001356,SCDF,2001358,SCD
2001356,SCDF,2118728,SCD
2001356,SCDF,2118732,SCD
2049222,SCDF,2049223,SCD
2178754,SCDF,2178755,SCD
2178754,SCDF,2374360,SCD
238137,SCDF,308278,SCD
238137,SCDF,359221,SCD
238142,SCDF,205251,SCD
238142,SCDF,243694,SCD
238142,SCDF,308297,SCD
2645105,SCDF,2645106,SCD
2668205,SCDF,2668206,SCD
2670674,SCDF,2670677,SCD
2673873,SCDF,2673874,SCD
2679422,SCDF,2679425,SCD
2691686,SCDF,2691689,SCD
2693773,SCDF,2693775,SCD
2705807,SCDF,2705808,SCD
2728417,SCDF,2728420,SCD
2739992,SCDF,2739993,SCD
370508,SCDF,152620,SCD
370508,SCDF,198434,SCD
370508,SCDF,198437,SCD
370508,SCDF,198443,SCD
370508,SCDF,198445,SCD
370508,SCDF,226882,SCD
370508,SCDF,249875,SCD
370508,SCDF,250651,SCD
370508,SCDF,251698,SCD
370508,SCDF,307666,SCD
370508,SCDF,421071,SCD
370509,SCDF,243675,SCD
370509,SCDF,250649,SCD
370509,SCDF,250650,SCD
370509,SCDF,307668,SCD
370509,SCDF,422626,SCD
370509,SCDF,437160,SCD
370510,SCDF,2264779,SCD
370510,SCDF,2683419,SCD
370510,SCDF,307696,SCD
370510,SCDF,313820,SCD
370510,SCDF,665056,SCD
370512,SCDF,1148399,SCD
370513,SCDF,197425,SCD
370513,SCDF,197427,SCD
370513,SCDF,1995136,SCD
370514,SCDF,1249617,SCD
370514,SCDF,1724446,SCD
370514,SCDF,197426,SCD
370514,SCDF,197428,SCD
370515,SCDF,106814,SCD
370515,SCDF,106815,SCD
370515,SCDF,247816,SCD
370515,SCDF,307686,SCD
370517,SCDF,1112864,SCD
370517,SCDF,1599133,SCD
370518,SCDF,1052462,SCD
370518,SCDF,1052467,SCD
370518,SCDF,1087607,SCD
370518,SCDF,1092189,SCD
370518,SCDF,1093075,SCD
370518,SCDF,1093083,SCD
370518,SCDF,1099872,SCD
370518,SCDF,2729789,SCD
370519,SCDF,1117245,SCD
370520,SCDF,252650,SCD
370521,SCDF,198449,SCD
370524,SCDF,1538456,SCD
370641,SCDF,833036,SCD
370641,SCDF,856903,SCD
370641,SCDF,856908,SCD
370641,SCDF,856980,SCD
370641,SCDF,856987,SCD
370641,SCDF,856992,SCD
370641,SCDF,856999,SCD
370641,SCDF,857002,SCD
370641,SCDF,857005,SCD
370641,SCDF,857083,SCD
370641,SCDF,857107,SCD
370641,SCDF,857111,SCD
370641,SCDF,857118,SCD
370641,SCDF,857128,SCD
370641,SCDF,857131,SCD
370641,SCDF,857134,SCD
370641,SCDF,857383,SCD
370641,SCDF,857391,SCD
370641,SCDF,857501,SCD
370642,SCDF,856962,SCD
370744,SCDF,251374,SCD
370744,SCDF,388081,SCD
370744,SCDF,477282,SCD
370744,SCDF,603136,SCD
370748,SCDF,996979,SCD
370748,SCDF,996981,SCD
370751,SCDF,993755,SCD
370754,SCDF,993770,SCD
370754,SCDF,993781,SCD
370754,SCDF,993890,SCD
370754,SCDF,994043,SCD
370754,SCDF,994046,SCD
370754,SCDF,996976,SCD
370754,SCDF,996978,SCD
370754,SCDF,996982,SCD
370759,SCDF,1044427,SCD
370759,SCDF,856940,SCD
370759,SCDF,856944,SCD
370759,SCDF,857076,SCD
370759,SCDF,857099,SCD
370761,SCDF,250420,SCD
370761,SCDF,410226,SCD
370763,SCDF,1234999,SCD
370763,SCDF,1235009,SCD
370763,SCDF,1235011,SCD
370767,SCDF,251454,SCD
370771,SCDF,198204,SCD
371897,SCDF,1092373,SCD
371897,SCDF,1291948,SCD
371897,SCDF,1294607,SCD
371897,SCDF,2374554,SCD
371897,SCDF,2683420,SCD
372451,SCDF,250085,SCD
372452,SCDF,2387532,SCD
372452,SCDF,2675760,SCD
373277,SCDF,312288,SCD
373376,SCDF,1539545,SCD
373379,SCDF,1046378,SCD
373379,SCDF,1101534,SCD
373644,SCDF,827751,SCD
373644,SCDF,828576,SCD
373644,SCDF,849293,SCD
373644,SCDF,849295,SCD
373644,SCDF,849304,SCD
373677,SCDF,1049179,SCD
373677,SCDF,1090743,SCD
374727,SCDF,606947,SCD
374739,SCDF,1046781,SCD
374739,SCDF,1052679,SCD
374739,SCDF,1193293,SCD
374739,SCDF,2463332,SCD
374742,SCDF,1251928,SCD
374742,SCDF,1293344,SCD
374744,SCDF,1294201,SCD
374750,SCDF,238153,SCD
374750,SCDF,308322,SCD
374750,SCDF,889520,SCD
374781,SCDF,1291711,SCD
374787,SCDF,1234871,SCD
374787,SCDF,1596108,SCD
374830,SCDF,1431286,SCD
374830,SCDF,993943,SCD
375662,SCDF,1597298,SCD
375674,SCDF,1234978,SCD
375674,SCDF,1812164,SCD
375685,SCDF,308310,SCD
375691,SCDF,1367210,SCD
375704,SCDF,880326,SCD
375705,SCDF,1037273,SCD
375995,SCDF,827318,SCD
376159,SCDF,251169,SCD
378119,SCDF,2181307,SCD
378268,SCDF,349113,SCD
379004,SCDF,1052637,SCD
379087,SCDF,283274,SCD
379087,SCDF,672601,SCD
379208,SCDF,1243679,SCD
379208,SCDF,1309062,SCD
379208,SCDF,1367206,SCD
379216,SCDF,1088758,SCD
384531,SCDF,1297947,SCD
385498,SCDF,104908,SCD
385498,SCDF,152596,SCD
385593,SCDF,153830,SCD
385623,SCDF,992908,SCD
385631,SCDF,106818,SCD
385631,SCDF,1370285,SCD
405760,SCDF,403937,SCD
437288,SCDF,432736,SCD
450691,SCDF,1052670,SCD
450698,SCDF,1540507,SCD
452725,SCDF,756245,SCD
578964,SCDF,1294019,SCD
602581,SCDF,1046751,SCD
602581,SCDF,1147619,SCD
602581,SCDF,1233575,SCD
602616,SCDF,602617,SCD
618787,SCDF,647888,SCD
632094,SCDF,106821,SCD
636764,SCDF,1304853,SCD
647333,SCDF,1372312,SCD
647866,SCDF,1242618,SCD
647876,SCDF,647877,SCD
654324,SCDF,857452,SCD
664711,SCDF,1313969,SCD
664711,SCDF,2599517,SCD
685047,SCDF,1052647,SCD
692835,SCDF,2360605,SCD
692835,SCDF,2734143,SCD
692835,SCDF,692836,SCD
692835,SCDF,763116,SCD
701912,SCDF,701913,SCD
705813,SCDF,1050385,SCD
705813,SCDF,1298348,SCD
705813,SCDF,1375932,SCD
707194,SCDF,707195,SCD
746126,SCDF,1741529,SCD
763110,SCDF,763111,SCD
827756,SCDF,1116568,SCD
827756,SCDF,2712156,SCD
827756,SCDF,827757,SCD
2645520,SCDFP,1297947,SCD
2645558,SCDFP,996979,SCD
2645558,SCDFP,996981,SCD
2645565,SCDFP,857452,SCD
2645587,SCDFP,1294201,SCD
2645592,SCDFP,1251928,SCD
2645592,SCDFP,1293344,SCD
2645758,SCDFP,1536882,SCD
2645786,SCDFP,1099872,SCD
2645791,SCDFP,106821,SCD
2645811,SCDFP,1536931,SCD
2645811,SCDFP,2691098,SCD
2645813,SCDFP,1304853,SCD
2645815,SCDFP,1052670,SCD
2645821,SCDFP,2049223,SCD
2645879,SCDFP,1291711,SCD
2645883,SCDFP,1050385,SCD
2645883,SCDFP,1298348,SCD
2645883,SCDFP,1375932,SCD
2645984,SCDFP,1538456,SCD
2645999,SCDFP,1112864,SCD
2645999,SCDFP,1599133,SCD
2646052,SCDFP,1243679,SCD
2646052,SCDFP,1309062,SCD
2646052,SCDFP,1367206,SCD
2646120,SCDFP,1234871,SCD
2646120,SCDFP,1596108,SCD
2646184,SCDFP,1372312,SCD
2646293,SCDFP,1741529,SCD
2646362,SCDFP,1659175,SCD
2646380,SCDFP,1117245,SCD
2646438,SCDFP,833036,SCD
2646438,SCDFP,856903,SCD
2646438,SCDFP,856908,SCD
2646438,SCDFP,856980,SCD
2646438,SCDFP,856987,SCD
2646438,SCDFP,856992,SCD
2646438,SCDFP,856999,SCD
2646438,SCDFP,857002,SCD
2646438,SCDFP,857005,SCD
2646438,SCDFP,857083,SCD
2646438,SCDFP,857107,SCD
2646438,SCDFP,857111,SCD
2646438,SCDFP,857118,SCD
2646438,SCDFP,857128,SCD
2646438,SCDFP,857131,SCD
2646438,SCDFP,857134,SCD
2646438,SCDFP,857383,SCD
2646438,SCDFP,857391,SCD
2646438,SCDFP,857501,SCD
2646451,SCDFP,1313969,SCD
2646451,SCDFP,2599517,SCD
2646588,SCDFP,1294019,SCD
2646810,SCDFP,1241829,SCD
2646855,SCDFP,701913,SCD
2646966,SCDFP,1044427,SCD
2646966,SCDFP,856940,SCD
2646966,SCDFP,856944,SCD
2646966,SCDFP,857076,SCD
2646966,SCDFP,857099,SCD
2646973,SCDFP,1046781,SCD
2646973,SCDFP,1052679,SCD
2646973,SCDFP,1193293,SCD
2646973,SCDFP,2463332,SCD
2647083,SCDFP,1539545,SCD
2647109,SCDFP,827751,SCD
2647109,SCDFP,828576,SCD
2647109,SCDFP,849295,SCD
2647109,SCDFP,849304,SCD
2647116,SCDFP,1659964,SCD
2647116,SCDFP,1796460,SCD
2647134,SCDFP,992908,SCD
2647143,SCDFP,1234978,SCD
2647143,SCDFP,1812164,SCD
2647334,SCDFP,1052647,SCD
2647341,SCDFP,1242618,SCD
2647568,SCDFP,1052462,SCD
2647568,SCDFP,1052467,SCD
2647568,SCDFP,1087607,SCD
2647568,SCDFP,1092189,SCD
2647568,SCDFP,1093075,SCD
2647568,SCDFP,1093083,SCD
2647568,SCDFP,2729789,SCD
2647760,SCDFP,1049179,SCD
2647760,SCDFP,1090743,SCD
2647775,SCDFP,1046751,SCD
2647775,SCDFP,1147619,SCD
2647775,SCDFP,1233575,SCD
2647897,SCDFP,1052637,SCD
2647908,SCDFP,1037273,SCD
2647994,SCDFP,856962,SCD
2648062,SCDFP,1092373,SCD
2648062,SCDFP,1291948,SCD
2648062,SCDFP,1294607,SCD
2648062,SCDFP,2374554,SCD
2648062,SCDFP,2683420,SCD
2648064,SCDFP,1597298,SCD
2648123,SCDFP,1431286,SCD
2648123,SCDFP,993943,SCD
2648169,SCDFP,849293,SCD
2648321,SCDFP,1367210,SCD
2648323,SCDFP,880326,SCD
2648363,SCDFP,2181307,SCD
2648453,SCDFP,1593765,SCD
2648519,SCDFP,993755,SCD
2648651,SCDFP,1190931,SCD
2648651,SCDFP,1546700,SCD
2648651,SCDFP,1798453,SCD
2648651,SCDFP,2729424,SCD
2648687,SCDFP,1234999,SCD
2648687,SCDFP,1235009,SCD
2648687,SCDFP,1235011,SCD
2648817,SCDFP,1536457,SCD
2648817,SCDFP,1536459,SCD
2648834,SCDFP,2645106,SCD
2648955,SCDFP,1116568,SCD
2648955,SCDFP,2712156,SCD
2648955,SCDFP,827757,SCD
2649021,SCDFP,1659960,SCD
2649076,SCDFP,993770,SCD
2649076,SCDFP,993781,SCD
2649076,SCDFP,993890,SCD
2649076,SCDFP,994043,SCD
2649076,SCDFP,994046,SCD
2649076,SCDFP,996976,SCD
2649076,SCDFP,996978,SCD
2649076,SCDFP,996982,SCD
2649220,SCDFP,1046378,SCD
2649220,SCDFP,1101534,SCD
2649339,SCDFP,1593110,SCD
2649434,SCDFP,1303251,SCD
2649470,SCDFP,1540507,SCD
2649523,SCDFP,1088758,SCD
2670676,SCDFP,2670677,SCD
2679424,SCDFP,2679425,SCD
2691688,SCDFP,2691689,SCD
2693774,SCDFP,2693775,SCD
2728419,SCDFP,2728420,SCD
368252,SBDF,213471,SBD
368252,SBDF,226426,SBD
372944,SCDF,205324,SCD
372944,SCDF,260218,SCD
1005843,SBDF,1494826,SBD
1006056,SBDF,1006057,SBD
1013027,SBDF,1602356,SBD
1115897,SBDF,1115898,SBD
1542379,SBDF,1542380,SBD
1605850,SBDF,1605852,SBD
363692,SBDF,1006122,SBD
365766,SBDF,1006693,SBD
543659,SBDF,1494824,SBD
580318,SBDF,1006684,SBD
582988,SBDF,1655062,SBD
619305,SBDF,1006110,SBD
636220,SBDF,1006689,SBD
707203,SBDF,1000736,SBD
707203,SBDF,1005835,SBD
759413,SBDF,1005767,SBD
759413,SBDF,1006105,SBD
797908,SBDF,1494827,SBD
806610,SBDF,1000861,SBD
807763,SBDF,1000720,SBD
828329,SBDF,1000976,SBD
856820,SBDF,1011987,SBD
901037,SBDF,901038,SBD
904779,SBDF,1010238,SBD
904779,SBDF,1011875,SBD
979256,SBDF,2531385,SBD
999563,SBDF,1494825,SBD
2654198,SBDFP,1000736,SBD
2654198,SBDFP,1005835,SBD
2654441,SBDFP,1605852,SBD
2654576,SBDFP,1115898,SBD
2654886,SBDFP,1005767,SBD
2654886,SBDFP,1006105,SBD
2654902,SBDFP,1494825,SBD
2654987,SBDFP,1602356,SBD
2655082,SBDFP,1655062,SBD
2655125,SBDFP,1006122,SBD
2655151,SBDFP,1006693,SBD
2655817,SBDFP,1000861,SBD
2655898,SBDFP,1000720,SBD
2656244,SBDFP,1494827,SBD
2656647,SBDFP,1006110,SBD
2656786,SBDFP,1494824,SBD
2657636,SBDFP,1006689,SBD
2657715,SBDFP,1006684,SBD
2657788,SBDFP,1006057,SBD
2657794,SBDFP,1494826,SBD
2658073,SBDFP,1011987,SBD
2658162,SBDFP,1000976,SBD
2658737,SBDFP,1010238,SBD
2658737,SBDFP,1011875,SBD
2658741,SBDFP,2531385,SBD
2658919,SBDFP,1542380,SBD
2659038,SBDFP,901038,SBD
2109031,SCDF,1012228,SCD
373972,SCDF,1011979,SCD
373972,SCDF,1011985,SCD
373973,SCDF,1012021,SCD
377432,SCDF,1006120,SCD
377432,SCDF,1006710,SCD
377432,SCDF,1006727,SCD
377432,SCDF,1006729,SCD
377818,SCDF,1005856,SCD
377818,SCDF,1494174,SCD
377819,SCDF,1006688,SCD
377819,SCDF,1542377,SCD
377933,SCDF,562395,SCD
378677,SCDF,1000731,SCD
378677,SCDF,1005834,SCD
378677,SCDF,1494173,SCD
378988,SCDF,1000556,SCD
378996,SCDF,1000673,SCD
378996,SCDF,1000868,SCD
378996,SCDF,1000874,SCD
384501,SCDF,1125494,SCD
384501,SCDF,1543308,SCD
384501,SCDF,904773,SCD
406196,SCDF,1655061,SCD
451669,SCDF,1006683,SCD
451670,SCDF,1000713,SCD
451904,SCDF,1000859,SCD
451904,SCDF,1000895,SCD
451904,SCDF,1001714,SCD
451904,SCDF,1010234,SCD
451904,SCDF,1115894,SCD
451904,SCDF,1494169,SCD
451904,SCDF,1602354,SCD
451904,SCDF,2531383,SCD
451904,SCDF,999604,SCD
451904,SCDF,999613,SCD
544671,SCDF,1006107,SCD
702362,SCDF,2571664,SCD
702362,SCDF,832864,SCD
705821,SCDF,1005853,SCD
705821,SCDF,1014123,SCD
705821,SCDF,1798995,SCD
797906,SCDF,1000946,SCD
797906,SCDF,1005819,SCD
797906,SCDF,1442079,SCD
797906,SCDF,1442081,SCD
797906,SCDF,1494170,SCD
2645363,SCDFP,1012021,SCD
2645419,SCDFP,1006120,SCD
2645419,SCDFP,1006710,SCD
2645419,SCDFP,1006727,SCD
2645419,SCDFP,1006729,SCD
2645896,SCDFP,1005853,SCD
2645896,SCDFP,1014123,SCD
2645896,SCDFP,1798995,SCD
2646053,SCDFP,2571664,SCD
2646053,SCDFP,832864,SCD
2646821,SCDFP,1000556,SCD
2647372,SCDFP,562395,SCD
2647820,SCDFP,1000673,SCD
2647820,SCDFP,1000868,SCD
2647820,SCDFP,1000874,SCD
2647912,SCDFP,1006683,SCD
2648184,SCDFP,1006688,SCD
2648184,SCDFP,1542377,SCD
2648388,SCDFP,1011979,SCD
2648388,SCDFP,1011985,SCD
2648617,SCDFP,1000713,SCD
2648785,SCDFP,1000946,SCD
2648785,SCDFP,1005819,SCD
2648785,SCDFP,1442079,SCD
2648785,SCDFP,1442081,SCD
2648785,SCDFP,1494170,SCD
2648883,SCDFP,1012228,SCD
2648900,SCDFP,1655061,SCD
2649096,SCDFP,1125494,SCD
2649096,SCDFP,1543308,SCD
2649096,SCDFP,904773,SCD
2649118,SCDFP,1005856,SCD
2649118,SCDFP,1494174,SCD
2649139,SCDFP,1000731,SCD
2649139,SCDFP,1005834,SCD
2649139,SCDFP,1494173,SCD
2649239,SCDFP,1000859,SCD
2649239,SCDFP,1000895,SCD
2649239,SCDFP,1001714,SCD
2649239,SCDFP,1010234,SCD
2649239,SCDFP,1115894,SCD
2649239,SCDFP,1494169,SCD
2649239,SCDFP,1602354,SCD
2649239,SCDFP,2531383,SCD
2649239,SCDFP,999604,SCD
2649239,SCDFP,999613,SCD
2649295,SCDFP,1006107,SCD
805658,SBDF,805659,SBD
805658,SBDF,805661,SBD
805658,SBDF,805663,SBD
805658,SBDF,861962,SBD
724858,SCDF,724859,SCD
724858,SCDF,724861,SCD
724858,SCDF,724863,SCD
724858,SCDF,861960,SCD
1742776,SBDF,582119,SBD
1742774,SCDF,465377,SCD
2108211,SCDF,307718,SCD
2108211,SCDF,307719,SCD
370532,SCDF,429042,SCD
377405,SCDF,106781,SCD
377405,SCDF,106783,SCD
377405,SCDF,2693999,SCD
437272,SCDF,606971,SCD
437272,SCDF,664732,SCD
2702938,SBDF,2693623,SBD
2702935,SCDF,2693617,SCD
1657067,SBDF,1657068,SBD
1657067,SBDF,1657074,SBD
2046143,SBDF,2046145,SBD
2046143,SBDF,2046149,SBD
2268042,SBDF,2268044,SBD
2268042,SBDF,2268048,SBD
2599048,SBDF,2599049,SBD
2599048,SBDF,2599052,SBD
2627655,SBDF,2627656,SBD
2627655,SBDF,2627659,SBD
2700740,SBDF,2700742,SBD
2700740,SBDF,2700745,SBD
2712053,SBDF,2712055,SBD
2712053,SBDF,2712058,SBD
2656811,SBDFP,2627656,SBD
2656811,SBDFP,2627659,SBD
2658024,SBDFP,2046145,SBD
2658024,SBDFP,2046149,SBD
2658120,SBDFP,2268044,SBD
2658120,SBDFP,2268048,SBD
2658765,SBDFP,2599049,SBD
2658765,SBDFP,2599052,SBD
2700741,SBDFP,2700742,SBD
2700741,SBDFP,2700745,SBD
2712054,SBDFP,2712055,SBD
2712054,SBDFP,2712058,SBD
1657065,SCDF,1657066,SCD
1657065,SCDF,1657073,SCD
1657065,SCDF,2046140,SCD
1657065,SCDF,2046148,SCD
1657065,SCDF,2268039,SCD
1657065,SCDF,2268047,SCD
1657065,SCDF,2599043,SCD
1657065,SCDF,2599051,SCD
1657065,SCDF,2627650,SCD
1657065,SCDF,2627658,SCD
1657065,SCDF,2700735,SCD
1657065,SCDF,2700744,SCD
1657065,SCDF,2712048,SCD
1657065,SCDF,2712057,SCD
2646080,SCDFP,2599043,SCD
2646080,SCDFP,2599051,SCD
2646576,SCDFP,2268039,SCD
2646576,SCDFP,2268047,SCD
2647183,SCDFP,2046140,SCD
2647183,SCDFP,2046148,SCD
2648078,SCDFP,2627650,SCD
2648078,SCDFP,2627658,SCD
2700734,SCDFP,2700735,SCD
2700734,SCDFP,2700744,SCD
2712047,SCDFP,2712048,SCD
2712047,SCDFP,2712057,SCD
1869719,SBDF,1869723,SBD
2656420,SBDFP,1869723,SBD
103328,SCDF,2611503,SCD
103328,SCDF,834127,SCD
103328,SCDF,834211,SCD
2648055,SCDFP,834127,SCD
2648055,SCDFP,834211,SCD
1810998,SBDF,1810999,SBD
1810998,SBDF,1811003,SBD
1810998,SBDF,1811007,SBD
1810998,SBDF,1811011,SBD
2656115,SBDFP,1810999,SBD
2656115,SBDFP,1811003,SBD
2656115,SBDFP,1811007,SBD
2656115,SBDFP,1811011,SBD
1810996,SCDF,1810997,SCD
1810996,SCDF,1811002,SCD
1810996,SCDF,1811006,SCD
1810996,SCDF,1811010,SCD
2646125,SCDFP,1810997,SCD
2646125,SCDFP,1811002,SCD
2646125,SCDFP,1811006,SCD
2646125,SCDFP,1811010,SCD
1593774,SBDF,1593775,SBD
1593774,SBDF,1593831,SBD
1593774,SBDF,1593833,SBD
1593774,SBDF,1593835,SBD
1593774,SBDF,1940498,SBD
2658093,SBDFP,1593775,SBD
2658093,SBDFP,1593831,SBD
2658093,SBDFP,1593833,SBD
2658093,SBDFP,1593835,SBD
2658093,SBDFP,1940498,SBD
1593057,SCDF,1593058,SCD
1593057,SCDF,1593068,SCD
1593057,SCDF,1593070,SCD
1593057,SCDF,1593072,SCD
1593057,SCDF,1940496,SCD
2648119,SCDFP,1593058,SCD
2648119,SCDFP,1593068,SCD
2648119,SCDFP,1593070,SCD
2648119,SCDFP,1593072,SCD
2648119,SCDFP,1940496,SCD
1796090,SBDF,1796091,SBD
1796090,SBDF,1796096,SBD
2655663,SBDFP,1796091,SBD
2655663,SBDFP,1796096,SBD
1796088,SCDF,1796089,SCD
1796088,SCDF,1796094,SCD
2648864,SCDFP,1796089,SCD
2648864,SCDFP,1796094,SCD
1043566,SBDF,1043567,SBD
1043566,SBDF,1043574,SBD
1043566,SBDF,1043582,SBD
1243037,SBDF,1243026,SBD
1243037,SBDF,1243033,SBD
1243037,SBDF,1243040,SBD
1243839,SBDF,1243833,SBD
1243839,SBDF,1243843,SBD
1243839,SBDF,1243848,SBD
1368395,SBDF,1368391,SBD
1368395,SBDF,1368398,SBD
1545153,SBDF,1545156,SBD
1545153,SBDF,1545159,SBD
1545153,SBDF,1545163,SBD
1545153,SBDF,1545166,SBD
1664318,SBDF,1664321,SBD
1664318,SBDF,1664325,SBD
1664318,SBDF,1664328,SBD
1664318,SBDF,1665369,SBD
1862687,SBDF,1862688,SBD
1862687,SBDF,1862692,SBD
1862687,SBDF,1862697,SBD
1862687,SBDF,1862701,SBD
1992688,SBDF,1992691,SBD
1992688,SBDF,1992695,SBD
1992688,SBDF,1992700,SBD
1992688,SBDF,1992703,SBD
2200519,SBDF,2200520,SBD
2359282,SBDF,2359285,SBD
2359282,SBDF,2359290,SBD
2359282,SBDF,2359353,SBD
2359282,SBDF,2359358,SBD
2677160,SBDF,2677162,SBD
2677160,SBDF,2677164,SBD
2696280,SBDF,2696282,SBD
2696280,SBDF,2696284,SBD
2696280,SBDF,2696287,SBD
368254,SBDF,861006,SBD
368254,SBDF,861008,SBD
368254,SBDF,861012,SBD
406257,SBDF,861027,SBD
647241,SBDF,861015,SBD
647241,SBDF,861018,SBD
731442,SBDF,861785,SBD
731442,SBDF,861824,SBD
757603,SBDF,861771,SBD
757603,SBDF,861821,SBD
802051,SBDF,860977,SBD
802051,SBDF,860983,SBD
2654357,SBDFP,860977,SBD
2654357,SBDFP,860983,SBD
2654503,SBDFP,1545156,SBD
2654503,SBDFP,1545159,SBD
2654503,SBDFP,1545163,SBD
2654503,SBDFP,1545166,SBD
2654999,SBDFP,1243026,SBD
2654999,SBDFP,1243033,SBD
2654999,SBDFP,1243040,SBD
2655509,SBDFP,1862688,SBD
2655509,SBDFP,1862692,SBD
2655509,SBDFP,1862697,SBD
2655509,SBDFP,1862701,SBD
2655947,SBDFP,861785,SBD
2655947,SBDFP,861824,SBD
2656131,SBDFP,861006,SBD
2656131,SBDFP,861008,SBD
2656131,SBDFP,861012,SBD
2656303,SBDFP,861015,SBD
2656303,SBDFP,861018,SBD
2656735,SBDFP,1664321,SBD
2656735,SBDFP,1664325,SBD
2656735,SBDFP,1664328,SBD
2656735,SBDFP,1665369,SBD
2656878,SBDFP,861027,SBD
2656899,SBDFP,1043567,SBD
2656899,SBDFP,1043574,SBD
2656899,SBDFP,1043582,SBD
2657345,SBDFP,1992691,SBD
2657345,SBDFP,1992695,SBD
2657345,SBDFP,1992700,SBD
2657345,SBDFP,1992703,SBD
2658568,SBDFP,1368391,SBD
2658568,SBDFP,1368398,SBD
2658588,SBDFP,2359285,SBD
2658588,SBDFP,2359290,SBD
2658588,SBDFP,2359353,SBD
2658588,SBDFP,2359358,SBD
2658944,SBDFP,2200520,SBD
2677161,SBDFP,2677162,SBD
2677161,SBDFP,2677164,SBD
2696281,SBDFP,2696282,SBD
2696281,SBDFP,2696284,SBD
2696281,SBDFP,2696287,SBD
2709473,SBDFP,1243833,SBD
2709473,SBDFP,1243843,SBD
2709473,SBDFP,1243848,SBD
2709489,SBDFP,861771,SBD
2709489,SBDFP,861821,SBD
1043561,SCDF,1043563,SCD
1043561,SCDF,1043570,SCD
1043561,SCDF,1043578,SCD
1243018,SCDF,1243020,SCD
1243018,SCDF,1243027,SCD
1243018,SCDF,1243034,SCD
1243826,SCDF,1243827,SCD
1243826,SCDF,1243842,SCD
1243826,SCDF,1243846,SCD
1243826,SCDF,2709470,SCD
1243826,SCDF,2709477,SCD
1243826,SCDF,2709482,SCD
1368383,SCDF,1368385,SCD
1368383,SCDF,1368392,SCD
1545148,SCDF,1545150,SCD
1545148,SCDF,1545157,SCD
1545148,SCDF,1545161,SCD
1545148,SCDF,1545164,SCD
1664313,SCDF,1664315,SCD
1664313,SCDF,1664323,SCD
1664313,SCDF,1664326,SCD
1664313,SCDF,1665367,SCD
1862684,SCDF,1862685,SCD
1862684,SCDF,1862691,SCD
1862684,SCDF,1862695,SCD
1862684,SCDF,1862700,SCD
1992683,SCDF,1992685,SCD
1992683,SCDF,1992693,SCD
1992683,SCDF,1992698,SCD
1992683,SCDF,1992701,SCD
2200517,SCDF,2200518,SCD
2359278,SCDF,2359279,SCD
2359278,SCDF,2359288,SCD
2359278,SCDF,2359351,SCD
2359278,SCDF,2359356,SCD
372803,SCDF,2703582,SCD
372803,SCDF,861004,SCD
372803,SCDF,861007,SCD
372803,SCDF,861010,SCD
372803,SCDF,861021,SCD
372804,SCDF,1807888,SCD
372804,SCDF,1807894,SCD
372804,SCDF,1807915,SCD
372804,SCDF,1807917,SCD
372804,SCDF,860975,SCD
372804,SCDF,860981,SCD
374635,SCDF,861743,SCD
374635,SCDF,861748,SCD
374635,SCDF,861753,SCD
378729,SCDF,861760,SCD
378729,SCDF,861763,SCD
378729,SCDF,861795,SCD
378729,SCDF,861806,SCD
378729,SCDF,861816,SCD
378730,SCDF,861731,SCD
378730,SCDF,861736,SCD
378730,SCDF,861740,SCD
406082,SCDF,861025,SCD
577093,SCDF,861783,SCD
577093,SCDF,861822,SCD
700516,SCDF,2709488,SCD
700516,SCDF,2709491,SCD
700516,SCDF,861769,SCD
700516,SCDF,861819,SCD
802742,SCDF,861787,SCD
802742,SCDF,861790,SCD
2645330,SCDFP,1664315,SCD
2645330,SCDFP,1664323,SCD
2645330,SCDFP,1664326,SCD
2645330,SCDFP,1665367,SCD
2645770,SCDFP,2200518,SCD
2645846,SCDFP,1862685,SCD
2645846,SCDFP,1862691,SCD
2645846,SCDFP,1862695,SCD
2645846,SCDFP,1862700,SCD
2645946,SCDFP,861025,SCD
2646038,SCDFP,861787,SCD
2646038,SCDFP,861790,SCD
2646142,SCDFP,1992685,SCD
2646142,SCDFP,1992693,SCD
2646142,SCDFP,1992698,SCD
2646142,SCDFP,1992701,SCD
2646330,SCDFP,861731,SCD
2646330,SCDFP,861736,SCD
2646330,SCDFP,861740,SCD
2646435,SCDFP,1807888,SCD
2646435,SCDFP,1807894,SCD
2646435,SCDFP,1807915,SCD
2646435,SCDFP,1807917,SCD
2646435,SCDFP,860975,SCD
2646435,SCDFP,860981,SCD
2646570,SCDFP,2703582,SCD
2646570,SCDFP,861004,SCD
2646570,SCDFP,861007,SCD
2646570,SCDFP,861010,SCD
2646570,SCDFP,861021,SCD
2646768,SCDFP,861743,SCD
2646768,SCDFP,861748,SCD
2646768,SCDFP,861753,SCD
2646947,SCDFP,2359279,SCD
2646947,SCDFP,2359288,SCD
2646947,SCDFP,2359351,SCD
2646947,SCDFP,2359356,SCD
2646954,SCDFP,861760,SCD
2646954,SCDFP,861763,SCD
2646954,SCDFP,861795,SCD
2646954,SCDFP,861806,SCD
2646954,SCDFP,861816,SCD
2647189,SCDFP,861783,SCD
2647189,SCDFP,861822,SCD
2647239,SCDFP,1368385,SCD
2647239,SCDFP,1368392,SCD
2647565,SCDFP,1545150,SCD
2647565,SCDFP,1545157,SCD
2647565,SCDFP,1545161,SCD
2647565,SCDFP,1545164,SCD
2647786,SCDFP,1243020,SCD
2647786,SCDFP,1243027,SCD
2647786,SCDFP,1243034,SCD
2648313,SCDFP,1243827,SCD
2648313,SCDFP,1243842,SCD
2648313,SCDFP,1243846,SCD
2648457,SCDFP,861769,SCD
2648457,SCDFP,861819,SCD
2648588,SCDFP,1043563,SCD
2648588,SCDFP,1043570,SCD
2648588,SCDFP,1043578,SCD
2709469,SCDFP,2709470,SCD
2709469,SCDFP,2709477,SCD
2709469,SCDFP,2709482,SCD
2709487,SCDFP,2709488,SCD
2709487,SCDFP,2709491,SCD
1050110,SBDF,1050111,SBD
1050114,SBDF,1050115,SBD
1484871,SBDF,1484873,SBD
1549549,SBDF,1549551,SBD
2671691,SBDF,2671693,SBD
2671691,SBDF,2671697,SBD
2684989,SBDF,2684991,SBD
730595,SBDF,731566,SBD
730595,SBDF,731568,SBD
730595,SBDF,731571,SBD
731540,SBDF,731541,SBD
731540,SBDF,836307,SBD
93752,SBDF,995906,SBD
2654286,SBDFP,731541,SBD
2654286,SBDFP,836307,SBD
2655180,SBDFP,1050111,SBD
2655617,SBDFP,1484873,SBD
2656061,SBDFP,1050115,SBD
2657299,SBDFP,731566,SBD
2657299,SBDFP,731568,SBD
2657299,SBDFP,731571,SBD
2657378,SBDFP,1549551,SBD
2657690,SBDFP,995906,SBD
2671692,SBDFP,2671693,SBD
2671692,SBDFP,2671697,SBD
2684990,SBDFP,2684991,SBD
1484755,SCDF,1484757,SCD
1549544,SCDF,1549546,SCD
1719795,SCDF,204466,SCD
1719795,SCDF,207390,SCD
1719795,SCDF,207391,SCD
1719795,SCDF,2671687,SCD
1719795,SCDF,2671695,SCD
373259,SCDF,745286,SCD
373259,SCDF,745292,SCD
373260,SCDF,623677,SCD
373260,SCDF,623695,SCD
373260,SCDF,731572,SCD
373260,SCDF,731575,SCD
373260,SCDF,745303,SCD
373260,SCDF,745477,SCD
373260,SCDF,745561,SCD
373262,SCDF,745302,SCD
373262,SCDF,863538,SCD
727620,SCDF,731538,SCD
727620,SCDF,731564,SCD
727620,SCDF,731567,SCD
727620,SCDF,731570,SCD
727620,SCDF,836306,SCD
2645349,SCDFP,1549546,SCD
2645729,SCDFP,731564,SCD
2645729,SCDFP,731567,SCD
2645729,SCDFP,731570,SCD
2647209,SCDFP,731572,SCD
2647209,SCDFP,731575,SCD
2647298,SCDFP,745302,SCD
2647493,SCDFP,863538,SCD
2647533,SCDFP,731538,SCD
2647533,SCDFP,836306,SCD
2647763,SCDFP,745303,SCD
2647763,SCDFP,745561,SCD
2647863,SCDFP,1484757,SCD
2648047,SCDFP,204466,SCD
2648047,SCDFP,207390,SCD
2648047,SCDFP,207391,SCD
2648052,SCDFP,745286,SCD
2648052,SCDFP,745292,SCD
2649246,SCDFP,623677,SCD
2649246,SCDFP,623695,SCD
2649246,SCDFP,745477,SCD
2671686,SCDFP,2671687,SCD
2671686,SCDFP,2671695,SCD
1809033,SBDF,1809034,SBD
1809033,SBDF,1809038,SBD
1809062,SBDF,1809063,SBD
1809062,SBDF,1809067,SBD
1809062,SBDF,1809069,SBD
1809062,SBDF,1809077,SBD
1809415,SBDF,1809416,SBD
1809415,SBDF,1809422,SBD
1809428,SBDF,1809429,SBD
1809428,SBDF,1809448,SBD
1809428,SBDF,1809457,SBD
1809428,SBDF,1809464,SBD
1809428,SBDF,1809471,SBD
1809428,SBDF,1809475,SBD
1809428,SBDF,1809477,SBD
1809428,SBDF,1809479,SBD
1809435,SBDF,1809436,SBD
1809435,SBDF,1809439,SBD
1809435,SBDF,1809440,SBD
1809435,SBDF,1809441,SBD
1809435,SBDF,1809445,SBD
1809498,SBDF,1809499,SBD
1809498,SBDF,1809501,SBD
1809498,SBDF,1809502,SBD
1809498,SBDF,1809503,SBD
1809498,SBDF,1809643,SBD
1809498,SBDF,1809647,SBD
1809498,SBDF,1809648,SBD
1809498,SBDF,1809649,SBD
1809498,SBDF,1809652,SBD
1809498,SBDF,2170634,SBD
1809507,SBDF,1809511,SBD
1809507,SBDF,1809513,SBD
1809507,SBDF,1809514,SBD
1809507,SBDF,1876671,SBD
1809507,SBDF,1876673,SBD
1809507,SBDF,1876674,SBD
1809516,SBDF,1809517,SBD
1809516,SBDF,1809520,SBD
1809516,SBDF,1809521,SBD
1809516,SBDF,1809525,SBD
1809577,SBDF,1809578,SBD
1809577,SBDF,1809580,SBD
1809577,SBDF,1809581,SBD
1809577,SBDF,1809582,SBD
1809577,SBDF,1809583,SBD
1809577,SBDF,1809584,SBD
1809664,SBDF,1809665,SBD
1809664,SBDF,1809667,SBD
1809664,SBDF,1809668,SBD
1809664,SBDF,1809670,SBD
1809664,SBDF,1809671,SBD
1809664,SBDF,1809672,SBD
1809664,SBDF,1809730,SBD
1809664,SBDF,1809738,SBD
1813409,SBDF,1813415,SBD
1813409,SBDF,1813417,SBD
1813409,SBDF,1813420,SBD
1813409,SBDF,1813424,SBD
1813409,SBDF,2117971,SBD
2102438,SBDF,2102440,SBD
2102438,SBDF,2102456,SBD
2102438,SBDF,2102460,SBD
2102438,SBDF,2102464,SBD
2102438,SBDF,2102470,SBD
2102438,SBDF,2102472,SBD
2123040,SBDF,2123042,SBD
2167150,SBDF,2167152,SBD
2167150,SBDF,2167157,SBD
2167150,SBDF,2167159,SBD
2167150,SBDF,2167161,SBD
2167150,SBDF,2167163,SBD
2167150,SBDF,2167165,SBD
2196295,SBDF,2196297,SBD
2196295,SBDF,2196391,SBD
2196295,SBDF,2196491,SBD
2196295,SBDF,2196493,SBD
2268104,SBDF,2268105,SBD
2268104,SBDF,2268109,SBD
2268104,SBDF,2287159,SBD
2268104,SBDF,2670629,SBD
2672103,SBDF,2672105,SBD
2672103,SBDF,2672108,SBD
2672103,SBDF,2672110,SBD
2706391,SBDF,2706393,SBD
2706391,SBDF,2706396,SBD
2706391,SBDF,2706398,SBD
2726021,SBDF,2726023,SBD
2726021,SBDF,2726026,SBD
2733843,SBDF,2733845,SBD
2733843,SBDF,2733847,SBD
2654223,SBDFP,1809063,SBD
2654223,SBDFP,1809067,SBD
2654223,SBDFP,1809069,SBD
2654223,SBDFP,1809077,SBD
2654294,SBDFP,2102440,SBD
2654294,SBDFP,2102456,SBD
2654294,SBDFP,2102460,SBD
2654294,SBDFP,2102464,SBD
2654294,SBDFP,2102470,SBD
2654294,SBDFP,2102472,SBD
2654414,SBDFP,1809436,SBD
2654414,SBDFP,1809439,SBD
2654414,SBDFP,1809440,SBD
2654414,SBDFP,1809441,SBD
2654414,SBDFP,1809445,SBD
2655283,SBDFP,1809416,SBD
2655283,SBDFP,1809422,SBD
2655472,SBDFP,1809511,SBD
2655472,SBDFP,1809513,SBD
2655472,SBDFP,1809514,SBD
2655472,SBDFP,1876671,SBD
2655472,SBDFP,1876673,SBD
2655472,SBDFP,1876674,SBD
2655635,SBDFP,2196297,SBD
2655635,SBDFP,2196391,SBD
2655635,SBDFP,2196491,SBD
2655635,SBDFP,2196493,SBD
2655700,SBDFP,1809034,SBD
2655700,SBDFP,1809038,SBD
2656736,SBDFP,1809517,SBD
2656736,SBDFP,1809520,SBD
2656736,SBDFP,1809521,SBD
2656736,SBDFP,1809525,SBD
2656737,SBDFP,1809499,SBD
2656737,SBDFP,1809501,SBD
2656737,SBDFP,1809502,SBD
2656737,SBDFP,1809503,SBD
2656737,SBDFP,1809643,SBD
2656737,SBDFP,1809647,SBD
2656737,SBDFP,1809648,SBD
2656737,SBDFP,1809649,SBD
2656737,SBDFP,1809652,SBD
2656737,SBDFP,2170634,SBD
2656739,SBDFP,1813415,SBD
2656739,SBDFP,1813417,SBD
2656739,SBDFP,1813420,SBD
2656739,SBDFP,1813424,SBD
2656739,SBDFP,2117971,SBD
2656829,SBDFP,2123042,SBD
2657707,SBDFP,2268105,SBD
2657707,SBDFP,2268109,SBD
2657707,SBDFP,2287159,SBD
2657707,SBDFP,2670629,SBD
2658026,SBDFP,2167152,SBD
2658026,SBDFP,2167157,SBD
2658026,SBDFP,2167159,SBD
2658026,SBDFP,2167161,SBD
2658026,SBDFP,2167163,SBD
2658026,SBDFP,2167165,SBD
2658536,SBDFP,1809429,SBD
2658536,SBDFP,1809448,SBD
2658536,SBDFP,1809457,SBD
2658536,SBDFP,1809464,SBD
2658536,SBDFP,1809471,SBD
2658536,SBDFP,1809475,SBD
2658536,SBDFP,1809477,SBD
2658536,SBDFP,1809479,SBD
2658537,SBDFP,1809578,SBD
2658537,SBDFP,1809580,SBD
2658537,SBDFP,1809581,SBD
2658537,SBDFP,1809582,SBD
2658537,SBDFP,1809583,SBD
2658537,SBDFP,1809584,SBD
2658728,SBDFP,1809665,SBD
2658728,SBDFP,1809667,SBD
2658728,SBDFP,1809668,SBD
2658728,SBDFP,1809670,SBD
2658728,SBDFP,1809671,SBD
2658728,SBDFP,1809672,SBD
2658728,SBDFP,1809730,SBD
2658728,SBDFP,1809738,SBD
2672104,SBDFP,2672105,SBD
2672104,SBDFP,2672108,SBD
2672104,SBDFP,2672110,SBD
2706392,SBDFP,2706393,SBD
2706392,SBDFP,2706396,SBD
2706392,SBDFP,2706398,SBD
2726022,SBDFP,2726023,SBD
2726022,SBDFP,2726026,SBD
2733844,SBDFP,2733845,SBD
2733844,SBDFP,2733847,SBD
1809031,SCDF,1809032,SCD
1809031,SCDF,1809037,SCD
1809031,SCDF,1809061,SCD
1809031,SCDF,1809066,SCD
1809031,SCDF,1809068,SCD
1809031,SCDF,1809076,SCD
1809031,SCDF,1809206,SCD
1809031,SCDF,1809218,SCD
1809031,SCDF,1809414,SCD
1809031,SCDF,1809421,SCD
1809031,SCDF,1809427,SCD
1809031,SCDF,1809434,SCD
1809031,SCDF,1809438,SCD
1809031,SCDF,1809444,SCD
1809031,SCDF,1809447,SCD
1809031,SCDF,1809456,SCD
1809031,SCDF,1809463,SCD
1809031,SCDF,1809474,SCD
1809031,SCDF,1809497,SCD
1809031,SCDF,1809524,SCD
1809031,SCDF,1809539,SCD
1809031,SCDF,1809642,SCD
1809031,SCDF,1809651,SCD
1809031,SCDF,1809728,SCD
1809031,SCDF,1809736,SCD
1809031,SCDF,1809745,SCD
1809031,SCDF,1813423,SCD
1809031,SCDF,2102435,SCD
1809031,SCDF,2102455,SCD
1809031,SCDF,2102459,SCD
1809031,SCDF,2102463,SCD
1809031,SCDF,2102469,SCD
1809031,SCDF,2102471,SCD
1809031,SCDF,2123037,SCD
1809031,SCDF,2167147,SCD
1809031,SCDF,2167156,SCD
1809031,SCDF,2167158,SCD
1809031,SCDF,2167160,SCD
1809031,SCDF,2167162,SCD
1809031,SCDF,2167164,SCD
1809031,SCDF,2196292,SCD
1809031,SCDF,2196390,SCD
1809031,SCDF,2196490,SCD
1809031,SCDF,2196492,SCD
1809031,SCDF,2672098,SCD
1809031,SCDF,2672107,SCD
1809031,SCDF,2672109,SCD
1809031,SCDF,2706386,SCD
1809031,SCDF,2706395,SCD
1809031,SCDF,2706397,SCD
1809031,SCDF,2726016,SCD
1809031,SCDF,2726025,SCD
204569,SCDF,142061,SCD
2268102,SCDF,2268103,SCD
2268102,SCDF,2268108,SCD
2268102,SCDF,2287158,SCD
2268102,SCDF,2670628,SCD
2646101,SCDFP,2102435,SCD
2646101,SCDFP,2102455,SCD
2646101,SCDFP,2102459,SCD
2646101,SCDFP,2102463,SCD
2646101,SCDFP,2102469,SCD
2646101,SCDFP,2102471,SCD
2646532,SCDFP,2196292,SCD
2646532,SCDFP,2196390,SCD
2646532,SCDFP,2196490,SCD
2646532,SCDFP,2196492,SCD
2646692,SCDFP,2167147,SCD
2646692,SCDFP,2167156,SCD
2646692,SCDFP,2167158,SCD
2646692,SCDFP,2167160,SCD
2646692,SCDFP,2167162,SCD
2646692,SCDFP,2167164,SCD
2648246,SCDFP,2268103,SCD
2648246,SCDFP,2268108,SCD
2648246,SCDFP,2287158,SCD
2648246,SCDFP,2670628,SCD
2648857,SCDFP,142061,SCD
2649070,SCDFP,1809032,SCD
2649070,SCDFP,1809037,SCD
2649070,SCDFP,1809061,SCD
2649070,SCDFP,1809066,SCD
2649070,SCDFP,1809068,SCD
2649070,SCDFP,1809076,SCD
2649070,SCDFP,1809206,SCD
2649070,SCDFP,1809218,SCD
2649070,SCDFP,1809414,SCD
2649070,SCDFP,1809421,SCD
2649070,SCDFP,1809427,SCD
2649070,SCDFP,1809434,SCD
2649070,SCDFP,1809438,SCD
2649070,SCDFP,1809444,SCD
2649070,SCDFP,1809447,SCD
2649070,SCDFP,1809456,SCD
2649070,SCDFP,1809463,SCD
2649070,SCDFP,1809474,SCD
2649070,SCDFP,1809497,SCD
2649070,SCDFP,1809524,SCD
2649070,SCDFP,1809539,SCD
2649070,SCDFP,1809642,SCD
2649070,SCDFP,1809651,SCD
2649070,SCDFP,1809728,SCD
2649070,SCDFP,1809736,SCD
2649070,SCDFP,1809745,SCD
2649070,SCDFP,1813423,SCD
2649109,SCDFP,2123037,SCD
2672097,SCDFP,2672098,SCD
2672097,SCDFP,2672107,SCD
2672097,SCDFP,2672109,SCD
2706385,SCDFP,2706386,SCD
2706385,SCDFP,2706395,SCD
2706385,SCDFP,2706397,SCD
2726015,SCDFP,2726016,SCD
2726015,SCDFP,2726025,SCD
367885,SBDF,210756,SBD
372683,SCDF,240488,SCD
372683,SCDF,242181,SCD
372683,SCDF,311425,SCD
1150299,SBDF,1150300,SBD
375098,SCDF,1245017,SCD
375098,SCDF,1291244,SCD
375098,SCDF,199389,SCD
375098,SCDF,259029,SCD
375098,SCDF,483561,SCD
375098,SCDF,487064,SCD
375098,SCDF,648024,SCD
375098,SCDF,723832,SCD
375098,SCDF,759524,SCD
373534,SCDF,1248210,SCD
373534,SCDF,1249528,SCD
373534,SCDF,237393,SCD
373534,SCDF,240060,SCD
373534,SCDF,430425,SCD
1653597,SBDF,897126,SBD
1653600,SBDF,1598268,SBD
1860170,SBDF,1860172,SBD
1653594,SCDF,2735350,SCD
1653594,SCDF,897122,SCD
1860166,SCDF,1860167,SCD
1437962,SBDF,1437966,SBD
544425,SBDF,834135,SBD
545702,SBDF,848755,SBD
545705,SBDF,834137,SBD
2656345,SBDFP,1437966,SBD
2657587,SBDFP,834137,SBD
2658264,SBDFP,834135,SBD
2658328,SBDFP,848755,SBD
1366733,SBDF,1366736,SBD
2657571,SBDFP,1366736,SBD
1191170,SCDF,1191171,SCD
1191170,SCDF,1918214,SCD
2645911,SCDFP,1191171,SCD
2645911,SCDFP,1918214,SCD
371226,SCDF,1010723,SCD
371226,SCDF,197435,SCD
376372,SCDF,259590,SCD
1668247,SCDF,1668248,SCD
1668247,SCDF,1668250,SCD
1668247,SCDF,2117608,SCD
1668247,SCDF,2117610,SCD
1668247,SCDF,2562542,SCD
372828,SCDF,239233,SCD
372828,SCDF,311621,SCD
372829,SCDF,102679,SCD
2464830,SBDF,2464832,SBD
2656805,SBDFP,2464832,SBD
2464826,SCDF,2464827,SCD
2648845,SCDFP,2464827,SCD
2588076,SCDF,2588077,SCD
2588076,SCDF,2594978,SCD
2594979,SCDF,2594980,SCD
2594979,SCDF,2594982,SCD
2588079,SBDF,2588080,SBD
1307429,SBDF,1307431,SBD
1658941,SBDF,882530,SBD
2637055,SBDF,2637056,SBD
2735820,SBDF,2735821,SBD
2735820,SBDF,2735824,SBD
2735820,SBDF,2735827,SBD
2735820,SBDF,2735831,SBD
368283,SBDF,213269,SBD
368283,SBDF,213270,SBD
368283,SBDF,213271,SBD
581644,SBDF,581645,SBD
2656625,SBDFP,2637056,SBD
1307426,SCDF,1307427,SCD
1307426,SCDF,2637050,SCD
1658939,SCDF,882527,SCD
2735814,SCDF,2735815,SCD
2735814,SCDF,2735822,SCD
2735814,SCDF,2735825,SCD
2735814,SCDF,2735829,SCD
373871,SCDF,312950,SCD
373871,SCDF,314228,SCD
373871,SCDF,314229,SCD
373871,SCDF,577033,SCD
2648492,SCDFP,2637050,SCD
2110452,SBDF,2110455,SBD
2587746,SBDF,2587747,SBD
2613568,SBDF,2613569,SBD
2677770,SBDF,2677771,SBD
2677770,SBDF,2677775,SBD
402437,SBDF,402096,SBD
402437,SBDF,402097,SBD
402437,SBDF,404711,SBD
402437,SBDF,762660,SBD
849865,SBDF,849866,SBD
2587740,SCDF,2587741,SCD
2613562,SCDF,2613563,SCD
2677764,SCDF,2677765,SCD
2677764,SCDF,2677773,SCD
402452,SCDF,2123194,SCD
402452,SCDF,402019,SCD
402452,SCDF,403957,SCD
402452,SCDF,484814,SCD
402452,SCDF,757707,SCD
1442140,SBDF,1442143,SBD
1442136,SCDF,1442137,SCD