ndc,rxcui
00480329001,583214
00517430001,583214
00781353191,583214
24979071051,583214
60505623004,583214
67457093750,583214
68001065137,583214
69097039878,583214
71288018350,583214
72603040801,583214
75007004101,583214
68817013450,583218
00143178701,238154
00143178705,238154
00527169501,238154
00527169505,238154
00591336901,238154
00591336905,238154
00603254421,238154
00603254428,238154
00904693806,238154
10702025301,238154
10702025350,238154
33358005930,238154
33358005960,238154
43063036910,238154
43063036915,238154
43063036920,238154
43063036930,238154
43063036960,238154
45865035230,238154
45865035251,238154
45865035260,238154
45865035290,238154
46672005310,238154
46672005350,238154
47781062501,238154
47781062505,238154
50090210500,238154
50090210503,238154
50090256400,238154
50090256403,238154
50090704200,238154
50090704203,238154
50090751900,238154
50268055311,238154
50268055313,238154
50436169501,238154
50436485601,238154
50436485602,238154
51407055601,238154
51407055605,238154
51655059029,238154
51655059050,238154
51862054001,238154
51862054005,238154
52959037000,238154
52959037002,238154
52959037012,238154
52959037020,238154
52959037025,238154
52959037030,238154
52959037050,238154
52959037060,238154
52959037090,238154
55154335600,238154
55700066230,238154
58864085730,238154
60429058901,238154
60429058905,238154
60687067211,238154
60687067265,238154
60760086512,238154
61919002230,238154
61919002260,238154
61919002290,238154
62135075101,238154
63187052030,238154
63187052060,238154
63187052090,238154
63187093314,238154
63187093330,238154
63187093360,238154
63187093390,238154
63629177402,238154
63629177403,238154
63629177405,238154
63629214001,238154
63629215101,238154
63629839200,238154
63629839201,238154
63629839202,238154
63629839203,238154
63629839204,238154
63629839205,238154
63629839206,238154
63629839207,238154
63629839208,238154
63629839209,238154
64380015701,238154
64380015702,238154
66267003912,238154
66267003984,238154
67296220401,238154
67544038330,238154
68071324900,238154
68071324902,238154
68071324903,238154
68071324906,238154
68788412602,238154
68788412603,238154
68788813702,238154
68788813703,238154
68788879402,238154
68788879403,238154
69367020301,238154
69367020305,238154
70010014901,238154
70010014905,238154
70518113400,238154
70518113401,238154
70518113402,238154
70518430900,238154
70518430901,238154
70518446700,238154
70518446701,238154
70518446702,238154
70518446703,238154
70518460100,238154
70518460101,238154
70518460102,238154
70752014210,238154
70752014214,238154
71205051014,238154
71205051030,238154
71205051060,238154
71205051090,238154
71205098100,238154
71205098130,238154
71205098155,238154
71205098160,238154
71205098172,238154
71205098190,238154
71335034700,238154
71335034701,238154
71335034702,238154
71335034703,238154
71335034704,238154
71335034705,238154
71335034706,238154
71335034707,238154
71335034708,238154
71335034709,238154
71335036500,238154
71335036501,238154
71335036502,238154
71335036503,238154
71335036504,238154
71335036505,238154
71335036506,238154
71335036507,238154
71335036508,238154
71335036509,238154
71335176400,238154
71335176401,238154
71335176402,238154
71335176403,238154
71335176404,238154
71335176405,238154
71335176406,238154
71335176407,238154
71335176408,238154
71335176409,238154
71335176700,238154
71335176701,238154
71335176702,238154
71335176703,238154
71335176704,238154
71335176705,238154
71335176706,238154
71335176707,238154
71335176708,238154
71335176709,238154
71335227000,238154
71335227001,238154
71335227002,238154
71335227003,238154
71335227004,238154
71335227005,238154
71335227006,238154
71335227007,238154
71335227008,238154
71335227009,238154
71335227200,238154
71335227201,238154
71335227202,238154
71335227203,238154
71335227204,238154
71335227205,238154
71335227206,238154
71335227207,238154
71335227208,238154
71335227209,238154
71335254600,238154
71335254601,238154
71335254602,238154
71335254603,238154
71335254604,238154
71335254605,238154
71335254606,238154
71335254607,238154
71335254608,238154
71335254609,238154
71335263000,238154
71335263001,238154
71335263002,238154
71335263003,238154
71335263004,238154
71335263005,238154
71335263006,238154
71335263007,238154
71335263008,238154
71335263009,238154
71335960300,238154
71335960301,238154
71335960302,238154
71335960303,238154
71335960304,238154
71335960305,238154
71335960306,238154
71335960307,238154
71335960308,238154
71335960309,238154
71610004230,238154
71610004253,238154
71610004260,238154
71610004270,238154
72189044112,238154
72189044130,238154
72189044160,238154
72189060012,238154
72189060030,238154
72189060060,238154
76420080201,238154
76420080205,238154
76420080210,238154
76420080212,238154
76420080220,238154
76420080230,238154
76420080260,238154
76420080290,238154
79739732001,238154
79739732005,238154
80425056701,238154
80425056702,238154
80425056703,238154
80425057001,238154
80425057002,238154
80425057003,238154
68308022001,211189
00642016210,211194
00264937988,1724784
00409361301,1724784
00409361311,1724784
36000009210,1724784
71351002202,1724784
71351002210,1724784
71351002250,1724784
73293000201,1724784
73293000202,1724784
00143932801,1012396
00143932810,1012396
00404982650,1012396
00409116001,1012396
00409116018,1012396
51662158102,1012396
51662158103,1012396
51662160602,1012396
51662160603,1012396
55150024950,1012396
70069075201,1012396
70069075210,1012396
70069075225,1012396
70594011601,1012396
71288072352,1012396
71872713301,1012396
71872721701,1012396
72603027901,1012396
72603027925,1012396
83270016801,1012396
84549025902,1012396
00143932901,1012404
00143932910,1012404
00247108250,1012404
00404982750,1012404
00409116301,1012404
00409116318,1012404
50090451600,1012404
51662139601,1012404
51662139602,1012404
51662139603,1012404
51662163802,1012404
51662163803,1012404
55150025050,1012404
70069075301,1012404
70069075310,1012404
70069075325,1012404
70594011901,1012404
71288072652,1012404
71872727001,1012404
72603028701,1012404
72603028725,1012404
83270016901,1012404
83854000601,1012404
59923071705,2178759
59923071805,2178760
00143933001,1725078
00143933010,1725078
00409115901,1725078
00409115918,1725078
31722027510,1725078
31722027531,1725078
31722027532,1725078
55150016710,1725078
70594011401,1725078
70594011402,1725078
71288072111,1725078
72266026301,1725078
72266026310,1725078
72603032701,1725078
72603032710,1725078
72603032725,1725078
76420001810,1725078
83270016210,1725078
83854000401,1725078
83854000410,1725078
85766007401,1725078
85766007425,1725078
00143933101,1724880
00143933110,1724880
00409116201,1724880
00409116218,1724880
31722027610,1724880
31722027631,1724880
31722027632,1724880
55150016910,1724880
70594011701,1724880
70594011702,1724880
71288072411,1724880
72266026401,1724880
72266026410,1724880
72603050601,1724880
72603050610,1724880
72603050625,1724880
76420000810,1724880
76420056110,1724880
76420057910,1724880
83270016310,1724880
85766001310,1724880
00143933201,1724787
00143933210,1724787
00409116501,1724787
00409116518,1724787
31722027710,1724787
31722027731,1724787
31722027732,1724787
55150017110,1724787
70594012001,1724787
70594012002,1724787
71288072711,1724787
72603070001,1724787
72603070010,1724787
72603070025,1724787
83270016410,1724787
00143933301,1725082
00143933310,1725082
00409115902,1725082
00409115909,1725082
00409115910,1725082
00409115919,1725082
31722027530,1725082
31722027533,1725082
31722027534,1725082
31722027535,1725082
55150016830,1725082
55154697005,1725082
70594011501,1725082
71288072232,1725082
72603041501,1725082
72603041510,1725082
72603041525,1725082
83270016501,1725082
00143933401,1724884
00143933410,1724884
00409116202,1724884
00409116209,1724884
00409116210,1724884
00409116219,1724884
31722027630,1724884
31722027633,1724884
31722027634,1724884
55150017030,1724884
70594011801,1724884
71288072532,1724884
72603060201,1724884
72603060225,1724884
83270016601,1724884
84549016202,1724884
00143933501,1724786
00143933510,1724786
00409116401,1724786
00409116502,1724786
00409116519,1724786
31722027730,1724786
31722027733,1724786
31722027734,1724786
55150017230,1724786
70594012101,1724786
71288072832,1724786
72603080001,1724786
72603080025,1724786
83270016701,1724786
83854000501,1724786
83854000510,1724786
57884325101,1745061
57884325201,1191508
00404982830,1012377
00409904301,1012377
00409904311,1012377
51662139701,1012377
51662139702,1012377
51662139703,1012377
00409904601,1012384
00409904611,1012384
00409904201,1867594
00409904211,1867594
00409904501,1672917
00409904511,1672917
00404990830,1867596
00409904216,1867596
00409904217,1867596
00409904516,1672919
00409904517,1672919
51715066001,2563417
51715066010,2563417
54274000101,2563417
00074361352,1724792
00409176102,1724792
00409176105,1724792
00409176110,1724792
00409176118,1724792
00409176119,1724792
00409176162,1724792
63323047302,1724807
00409158750,1012400
00404994550,1012455
63323046501,1012455
63323046557,1012455
00409052501,1012406
00409052525,1012406
00409161050,1012406
00404994750,1012457
63323046701,1012457
63323046757,1012457
00404977010,1725079
00409155910,1725079
00409155918,1725079
00409251001,1725079
00409251025,1725079
63323046401,1725175
63323046408,1725175
63323046417,1725175
63323046438,1725175
00409156010,1725044
00409156018,1725044
00409501001,1725044
00409501025,1725044
00404994610,1724881
63323046603,1724881
63323046608,1724881
63323046617,1724881
63323046638,1724881
00409158210,1724796
00409158218,1724796
63323047203,1724809
63323047217,1724809
00409155919,1725083
00409155930,1725083
00409753501,1725083
00409753525,1725083
63323046402,1725177
63323046403,1725177
63323046409,1725177
63323046431,1725177
63323046437,1725177
63323046439,1725177
00404976830,1725046
00409153001,1725046
00409153025,1725046
00409156019,1725046
00409156029,1725046
00186103391,1724885
63323046601,1724885
63323046602,1724885
63323046609,1724885
63323046631,1724885
63323046637,1724885
63323046639,1724885
00409158219,1724794
00409158229,1724794
00409225301,1724794
00409225325,1724794
00186103701,1724810
63323047201,1724810
63323047237,1724810
65250013304,1745062
65250013309,1745062
65250013310,1745062
58198553101,2566190
58198553102,2566190
58198553103,2566190
58198553104,2566190
65250026604,1191513
65250026609,1191513
65250026620,1191513
47426030301,2560306
47426030303,2560306
47426030305,2560306
47426050301,2560306
47426050303,2560306
47426030102,2560308
47426030104,2560308
47426030106,2560308
47426050102,2560308
47426050104,2560308
00362055705,1673142
31382055705,1673142
00362901150,1012461
00409175250,1012381
00409381201,1012381
63323046101,1012413
63323046157,1012413
00409175550,1012388
00409658101,1012388
58472023050,1012388
63323046301,1012417
63323046357,1012417
00409174610,1867612
00409174670,1867612
00409573801,1867612
00409573810,1867612
63323046801,1867618
63323046817,1867618
00409174910,1673242
00409174970,1673242
00409812601,1673242
00409812610,1673242
63323046204,1673296
63323046217,1673296
00409154101,1867614
00409154110,1867614
00409174630,1867614
00409174671,1867614
63323046802,1867620
63323046808,1867620
63323046837,1867620
63323046838,1867620
00409174929,1673243
00409174971,1673243
00409420801,1673243
00409420810,1673243
63323046201,1673298
63323046202,1673298
63323046203,1673298
63323046231,1673298
63323046237,1673298
63323046238,1673298
63323046001,1012421
63323046037,1012421
51715010003,2395798
51715010004,2395798
51715010010,2395798
00409930010,1734203
68462077710,1734203
68462077735,1734203
70069006101,1734203
70069006110,1734203
70069006125,1734203
71288073210,1734203
71288073211,1734203
00409930310,1734090
55150020010,1734090
70069006601,1734090
70069006610,1734090
70069006625,1734090
71288073710,1734090
71288073711,1734090
00143926301,1734207
00143926310,1734207
43066001501,1734207
43066001510,1734207
55150019520,1734207
65145010701,1734207
65145010710,1734207
68462079320,1734207
68462079355,1734207
68462079374,1734207
70069006201,1734207
70069006210,1734207
70069006225,1734207
71288073320,1734207
71288073321,1734207
72603021601,1734207
72603021625,1734207
83854001301,1734207
83854001302,1734207
83854001310,1734207
83854001325,1734207
83854001326,1734207
43066001901,1734483
43066001910,1734483
55150019720,1734483
65145010801,1734483
65145010810,1734483
68462077820,1734483
68462077855,1734483
68462077874,1734483
70069006301,1734483
70069006325,1734483
71288073420,1734483
71288073421,1734483
72603021701,1734483
72603021725,1734483
00143926501,905189
00143926510,905189
00409930220,905189
55150019920,905189
70069006501,905189
70069006525,905189
71288073620,905189
71288073621,905189
00143926601,1734084
00143926610,1734084
00781314214,1734084
00781314280,1734084
43066002701,1734084
43066002710,1734084
55150020120,1734084
65145011001,1734084
65145011010,1734084
67457087700,1734084
67457087720,1734084
68462079520,1734084
68462079555,1734084
70069006701,1734084
70069006710,1734084
70069006725,1734084
71288073820,1734084
71288073821,1734084
72603021901,1734084
72603021925,1734084
83854001501,1734084
83854001525,1734084
00143926401,1734475
00143926410,1734475
00409930130,1734475
00781314030,1734475
43066002301,1734475
43066002310,1734475
55150019830,1734475
65145010901,1734475
65145010910,1734475
67457087630,1734475
67457087699,1734475
68462079430,1734475
68462079462,1734475
68462079484,1734475
70069006401,1734475
70069006410,1734475
70069006425,1734475
71288073530,1734475
71288073531,1734475
72485051901,1734475
72485051910,1734475
72572070701,1734475
72572070710,1734475
72603021801,1734475
72603021825,1734475
83854001401,1734475
83854001402,1734475
83854001405,1734475
83854001406,1734475
83854001410,1734475
83854001425,1734475
83854001426,1734475
84549016425,1734475
85766009730,1734475
85766009801,1734475
85766009825,1734475
00143919501,1734347
00143919524,1734347
25021067166,1734347
25021067182,1734347
43066015201,1734347
43066015210,1734347
55150019699,1734347
65145016501,1734347
65145016510,1734347
65219063202,1734347
65219063210,1734347
67457079810,1734347
67457079899,1734347
68083026201,1734347
70121173201,1734347
70121173203,1734347
70121173209,1734347
70512079701,1734347
70512079724,1734347
00143919701,1734479
00143919724,1734479
25021065282,1734479
70121173401,1734479
70121173403,1734479
70121173407,1734479
00143919601,1734355
00143919612,1734355
25021067167,1734355
25021067187,1734355
43066015401,1734355
43066015410,1734355
65145016601,1734355
65145016610,1734355
65219063204,1734355
65219063220,1734355
67457079920,1734355
67457079999,1734355
68083026301,1734355
70121173301,1734355
70121173303,1734355
70121173309,1734355
70512079801,1734355
70512079824,1734355
25021065287,1734481
70121173503,1734481
70121173507,1734481
63323028501,1734204
63323028503,1734204
63323028510,1734204
63323028513,1734204
63323028801,1734091
63323028803,1734091
63323028810,1734091
63323028811,1734091
63323028506,1734208
63323028507,1734208
63323028520,1734208
63323028523,1734208
63323028528,1734208
63323028541,1734208
63323028601,1734484
63323028605,1734484
63323028620,1734484
63323028623,1734484
63323028627,1734484
63323028641,1734484
63323028701,905191
63323028703,905191
63323028720,905191
63323028721,905191
63323028806,1734086
63323028807,1734086
63323028820,1734086
63323028821,1734086
63323028823,1734086
63323028825,1734086
63323028827,1734086
63323028829,1734086
00404992430,1734476
63323028609,1734476
63323028611,1734476
63323028630,1734476
63323028631,1734476
63323028635,1734476
63323028638,1734476
63323028643,1734476
63323028693,1734476
63323028695,1734476
63323028502,1734348
63323028551,1734348
63323028553,1734348
63323028555,1734348
63323028561,1734348
63323028565,1734348
63323028567,1734348
63323028568,1734348
63323028600,1734480
63323028603,1734480
63323028504,1734356
63323028557,1734356
63323028559,1734356
63323028563,1734356
63323028564,1734356
63323028573,1734356
63323028633,1734482
63323028663,1734482
10135069461,861064
16714060101,861064
16714060102,861064
59762006701,861064
63304084005,861064
63629877401,861064
64980040906,861064
65862022420,861064
65862022460,861064
71093014311,861064
00378418601,312940
00378418605,312940
00378418693,312940
00378801101,312940
00378801105,312940
00615859605,312940
00615859639,312940
00904692461,312940
16714061101,312940
16714061102,312940
16714061103,312940
16714061104,312940
16714061105,312940
16714061106,312940
16729021510,312940
16729021511,312940
16729021515,312940
16729021516,312940
16729021543,312940
23155075703,312940
23155075705,312940
23155075709,312940
31722014505,312940
31722014530,312940
31722014590,312940
31722021205,312940
31722021230,312940
31722021290,312940
33358032130,312940
43353081230,312940
43602097915,312940
43602097916,312940
50090297600,312940
50090297601,312940
50090394700,312940
50090394701,312940
50090584800,312940
50090584801,312940
50090661300,312940
50090661301,312940
50090661400,312940
50090723000,312940
50090739500,312940
50090739501,312940
50090739600,312940
50090761400,312940
50090761401,312940
50090761500,312940
50090769800,312940
50090769801,312940
50090769900,312940
50111093010,312940
50228046705,312940
50228046730,312940
50228046790,312940
50268076811,312940
50268076815,312940
50268082311,312940
50268082315,312940
50436630601,312940
51079014901,312940
51079014920,312940
51655034526,312940
52959087230,312940
52959087238,312940
52959087260,312940
55700022230,312940
55700056230,312940
55700056290,312940
59762496001,312940
59762634701,312940
60505018008,312940
60687023101,312940
60687023111,312940
63187047830,312940
63187047860,312940
63187047890,312940
63187085930,312940
63187085960,312940
63187085990,312940
63304016430,312940
63629331301,312940
63629331302,312940
63629331303,312940
65862001101,312940
65862001105,312940
65862001130,312940
65862001150,312940
65862001151,312940
65862001160,312940
65862001190,312940
65862001199,312940
67046166503,312940
68071395103,312940
68071446203,312940
68071446206,312940
68084018001,312940
68084018011,312940
68180035101,312940
68180035103,312940
68180035106,312940
68180035108,312940
68180035109,312940
68180097801,312940
68180097802,312940
68180097803,312940
68645048770,312940
68645052154,312940
68788404501,312940
68788404503,312940
68788404506,312940
68788404509,312940
68788643701,312940
68788643703,312940
68788643706,312940
68788643709,312940
68788792801,312940
68788792803,312940
68788792806,312940
68788792809,312940
68788868901,312940
68788868903,312940
68788868906,312940
68788868909,312940
69097083302,312940
69097083305,312940
69097083307,312940
69097083312,312940
70010020303,312940
70010020305,312940
70010020309,312940
70010020310,312940
70010020350,312940
70010020353,312940
70010020363,312940
70518093800,312940
70518174800,312940
70518174801,312940
70518417100,312940
70518430700,312940
70518430701,312940
70518442500,312940
70518460600,312940
70518460601,312940
71093012901,312940
71093012903,312940
71093012905,312940
71205034330,312940
71205034360,312940
71205034390,312940
71335032801,312940
71335032802,312940
71335032803,312940
71335032804,312940
71335032805,312940
71335032806,312940
71335080801,312940
71335080802,312940
71335080803,312940
71335080804,312940
71335080805,312940
71335080806,312940
71335107801,312940
71335107802,312940
71335107803,312940
71335107804,312940
71335107805,312940
71335107806,312940
71335107807,312940
71335258701,312940
71335258702,312940
71335258703,312940
71335258704,312940
71335258705,312940
71335258706,312940
71335258707,312940
71335265901,312940
71335265902,312940
71335265903,312940
71335265904,312940
71335265905,312940
71335265906,312940
71335265907,312940
72789034690,312940
72865020505,312940
72865020518,312940
72865020530,312940
72865020590,312940
76282021201,312940
76282021205,312940
76282021218,312940
76282021230,312940
76282021260,312940
76282021290,312940
76420077901,312940
76420077930,312940
76420077960,312940
76420077990,312940
84386009701,312940
84386009705,312940
84386009730,312940
84386009750,312940
84386009751,312940
84386009760,312940
84386009790,312940
84386009799,312940
00378418701,312941
00378418705,312941
00378418793,312941
00378812101,312941
00378812105,312941
00615860305,312941
00615860328,312941
00615860339,312941
00904692561,312941
12634090471,312941
16714061201,312941
16714061202,312941
16714061203,312941
16714061204,312941
16714061205,312941
16714061206,312941
16729021601,312941
16729021610,312941
16729021615,312941
16729021616,312941
16729021643,312941
23155075803,312941
23155075805,312941
23155075809,312941
23155075869,312941
31722014605,312941
31722014630,312941
31722014690,312941
31722021305,312941
31722021330,312941
31722021390,312941
33358032230,312941
42708009230,312941
42708012430,312941
43063003301,312941
43063003330,312941
43063003360,312941
43063003390,312941
43063085530,312941
43063085560,312941
43063085590,312941
43353081715,312941
43353081730,312941
43353081745,312941
43353081760,312941
43602098015,312941
43602098016,312941
50090098900,312941
50090098901,312941
50090098902,312941
50090207100,312941
50090207101,312941
50090207102,312941
50090315300,312941
50090637900,312941
50090637901,312941
50090637902,312941
50090686100,312941
50090766100,312941
50090766101,312941
50090766102,312941
50090766200,312941
50090769100,312941
50090769101,312941
50090769102,312941
50090769200,312941
50090783000,312941
50111093101,312941
50111093102,312941
50111093110,312941
50228046805,312941
50228046830,312941
50228046890,312941
50268076911,312941
50268076915,312941
50268082411,312941
50268082415,312941
50436352001,312941
50436630401,312941
51655026526,312941
51655035226,312941
52959087530,312941
52959087560,312941
52959087590,312941
55045356601,312941
55154356900,312941
55154468700,312941
55700022530,312941
55700034030,312941
55700034060,312941
55700034090,312941
55887016860,312941
55887016890,312941
59762490001,312941
59762490002,312941
59762490003,312941
59762490004,312941
59762490005,312941
59762644301,312941
59762644302,312941
59762644303,312941
60505018103,312941
60687024201,312941
60687024211,312941
60760061290,312941
60760068390,312941
60760073790,312941
60760098890,312941
61919001460,312941
61919034530,312941
61919034560,312941
61919034590,312941
61919045730,312941
61919045760,312941
61919045790,312941
63187005530,312941
63187005560,312941
63187005590,312941
63187076730,312941
63187076760,312941
63187076790,312941
63304016501,312941
63304016505,312941
63304016530,312941
63629330901,312941
63629330902,312941
63629330903,312941
63629330904,312941
63629330905,312941
65862001201,312941
65862001205,312941
65862001230,312941
65862001250,312941
65862001251,312941
65862001260,312941
65862001290,312941
65862001299,312941
67046055503,312941
67046148303,312941
68071054828,312941
68071054856,312941
68071054860,312941
68071131700,312941
68071362603,312941
68071449402,312941
68071449403,312941
68071449405,312941
68071449406,312941
68071449408,312941
68071449409,312941
68071499303,312941
68084018101,312941
68084018111,312941
68180035201,312941
68180035202,312941
68180035203,312941
68180035205,312941
68180035206,312941
68180035209,312941
68180035211,312941
68180098601,312941
68180098602,312941
68180098603,312941
68180098604,312941
68645048870,312941
68645049901,312941
68645052254,312941
68788642901,312941
68788642902,312941
68788642903,312941
68788642906,312941
68788642908,312941
68788642909,312941
68788810901,312941
68788810903,312941
68788810906,312941
68788810909,312941
68788861201,312941
68788861203,312941
68788861206,312941
68788861209,312941
68788873201,312941
68788873203,312941
68788873206,312941
68788873209,312941
69097083402,312941
69097083405,312941
69097083407,312941
69097083412,312941
70010020401,312941
70010020403,312941
70010020405,312941
70010020409,312941
70010020410,312941
70010020453,312941
70010020463,312941
70518015300,312941
70518015301,312941
70518015302,312941
70518161700,312941
70518161701,312941
70518281200,312941
70518281201,312941
70518281202,312941
70518281203,312941
70518281204,312941
70518281205,312941
70518415700,312941
70518415701,312941
70518451800,312941
70518451801,312941
70518451802,312941
70518451803,312941
70518451804,312941
70518451805,312941
70934016990,312941
71093013001,312941
71093013003,312941
71093013005,312941
71205002830,312941
71205002860,312941
71205002890,312941
71205020530,312941
71205020560,312941
71205020590,312941
71335040301,312941
71335040302,312941
71335040303,312941
71335040304,312941
71335040305,312941
71335040306,312941
71335040307,312941
71335040308,312941
71335040309,312941
71335041501,312941
71335041502,312941
71335041503,312941
71335041504,312941
71335041505,312941
71335041506,312941
71335041507,312941
71335041508,312941
71335041509,312941
71335071801,312941
71335071802,312941
71335071803,312941
71335071804,312941
71335071805,312941
71335071806,312941
71335071807,312941
71335071808,312941
71335071809,312941
71335230001,312941
71335230002,312941
71335230003,312941
71335230004,312941
71335230005,312941
71335295501,312941
71335295502,312941
71335971401,312941
71335971402,312941
71335971403,312941
71335971404,312941
71335971405,312941
71335971406,312941
71335971407,312941
71335971408,312941
71335971409,312941
71610081815,312941
71610081830,312941
71610081845,312941
71610081860,312941
72162237001,312941
72162237003,312941
72162237006,312941
72162237008,312941
72162237009,312941
72189055130,312941
72189055190,312941
72789001330,312941
72789001360,312941
72789001390,312941
72865020605,312941
72865020618,312941
72865020630,312941
72865020690,312941
76282021301,312941
76282021305,312941
76282021318,312941
76282021330,312941
76282021360,312941
76282021390,312941
76420078101,312941
76420078130,312941
76420078160,312941
76420078190,312941
80425020001,312941
80425020002,312941
80425020003,312941
82009004905,312941
82868010090,312941
84386009801,312941
84386009805,312941
84386009830,312941
84386009850,312941
84386009851,312941
84386009860,312941
84386009890,312941
84386009899,312941
00378418801,312938
00378418805,312938
00378418893,312938
00378812701,312938
00378812705,312938
00615860405,312938
00615860428,312938
00615860439,312938
00904692661,312938
16714061301,312938
16714061302,312938
16714061303,312938
16714061304,312938
16714061305,312938
16714061306,312938
16729021701,312938
16729021710,312938
16729021715,312938
16729021716,312938
16729021743,312938
23155075903,312938
23155075905,312938
23155075909,312938
31722014705,312938
31722014730,312938
31722014790,312938
31722021405,312938
31722021430,312938
31722021490,312938
33358032330,312938
35356083230,312938
35356083260,312938
35356083290,312938
43063075430,312938
43063075460,312938
43063075490,312938
43353036215,312938
43353036415,312938
43353044715,312938
43353044730,312938
43353044745,312938
43353044753,312938
43353044773,312938
43353080915,312938
43353080930,312938
43353080945,312938
43353080953,312938
43353080960,312938
43353080973,312938
43353080980,312938
43602098115,312938
43602098116,312938
45865052430,312938
45865052451,312938
45865052460,312938
45865052490,312938
50090099100,312938
50090099101,312938
50090099102,312938
50090208000,312938
50090208001,312938
50090208002,312938
50090320300,312938
50090320301,312938
50090320302,312938
50090321700,312938
50090691700,312938
50090729500,312938
50090769300,312938
50090769301,312938
50090769302,312938
50090769400,312938
50090770000,312938
50090770001,312938
50090770002,312938
50090770100,312938
50111093201,312938
50111093202,312938
50111093210,312938
50228046905,312938
50228046930,312938
50228046990,312938
50268077011,312938
50268077015,312938
50268082511,312938
50268082515,312938
50436630501,312938
51079015101,312938
51079015120,312938
51079076401,312938
51079076420,312938
51655017326,312938
51655017352,312938
51655097945,312938
52959087600,312938
52959087630,312938
52959087660,312938
55045356201,312938
55154357000,312938
55154469200,312938
55700036200,312938
55700036230,312938
55700036260,312938
55700036290,312938
59762491002,312938
59762491003,312938
59762491004,312938
59762516001,312938
59762516002,312938
59762516003,312938
60505018208,312938
60687025301,312938
60687025311,312938
60760009190,312938
60760073890,312938
61919008620,312938
61919008630,312938
61919008660,312938
61919008690,312938
61919041630,312938
61919041660,312938
61919041690,312938
63187021230,312938
63187021260,312938
63187021290,312938
63187079530,312938
63187079560,312938
63187079590,312938
63304016601,312938
63304016605,312938
63304016630,312938
63629328901,312938
63629328902,312938
63629328903,312938
63629328904,312938
65862001301,312938
65862001305,312938
65862001325,312938
65862001330,312938
65862001350,312938
65862001360,312938
65862001390,312938
65862001399,312938
67046055403,312938
67046168203,312938
67544090815,312938
68071070228,312938
68071070260,312938
68071131800,312938
68071353403,312938
68071465803,312938
68071497306,312938
68084018201,312938
68084018211,312938
68180035301,312938
68180035302,312938
68180035303,312938
68180035305,312938
68180035306,312938
68180035309,312938
68180035311,312938
68180099201,312938
68180099202,312938
68180099203,312938
68180099204,312938
68645050001,312938
68645052354,312938
68645058954,312938
68788683501,312938
68788683502,312938
68788683503,312938
68788683506,312938
68788683508,312938
68788683509,312938
68788821003,312938
68788821006,312938
68788821009,312938
68788866901,312938
68788866902,312938
68788866903,312938
68788866906,312938
68788866908,312938
68788866909,312938
69097083502,312938
69097083505,312938
69097083507,312938
69097083512,312938
70010020501,312938
70010020503,312938
70010020505,312938
70010020509,312938
70010020510,312938
70010020553,312938
70010020563,312938
70518104000,312938
70518244800,312938
70518244801,312938
70518244802,312938
70518244803,312938
70518244804,312938
70518244805,312938
70518244806,312938
70518244807,312938
70518244808,312938
70518459000,312938
71093013101,312938
71093013103,312938
71093013105,312938
71205004730,312938
71205004760,312938
71205004790,312938
71205045530,312938
71205045560,312938
71205045590,312938
71335021001,312938
71335021002,312938
71335021003,312938
71335021004,312938
71335021005,312938
71335021006,312938
71335021007,312938
71335021008,312938
71335021009,312938
71335051001,312938
71335051002,312938
71335051003,312938
71335051004,312938
71335051005,312938
71335051006,312938
71335051007,312938
71335051008,312938
71335051009,312938
71335089601,312938
71335089602,312938
71335089603,312938
71335089604,312938
71335089605,312938
71335089606,312938
71335089607,312938
71335089608,312938
71335089609,312938
71335311001,312938
71335311002,312938
71335311003,312938
71335311004,312938
71335311005,312938
71335311006,312938
71335311007,312938
71335311008,312938
71335311009,312938
71335311501,312938
71335311502,312938
71335311503,312938
71335311504,312938
71335311505,312938
71335311506,312938
71335311507,312938
71335311508,312938
71335311509,312938
71610043315,312938
71610043545,312938
71610043553,312938
71610043560,312938
71610043573,312938
71610043580,312938
71610065115,312938
71610065130,312938
71610065145,312938
71610065153,312938
71610065160,312938
71610065173,312938
71610065180,312938
71610076915,312938
71610076930,312938
71610076945,312938
71610076953,312938
71610076960,312938
71610076973,312938
71610076980,312938
71610088615,312938
71610088645,312938
71610088660,312938
71610088673,312938
71610088680,312938
72162240703,312938
72162241100,312938
72162241101,312938
72162241105,312938
72189012230,312938
72189012260,312938
72189012290,312938
72789008860,312938
72789009230,312938
72789009260,312938
72789009290,312938
72789027301,312938
72865020705,312938
72865020718,312938
72865020730,312938
72865020790,312938
76282021401,312938
76282021405,312938
76282021418,312938
76282021430,312938
76282021460,312938
76282021490,312938
76420078601,312938
76420078630,312938
76420078660,312938
76420078690,312938
80425031001,312938
80425031002,312938
80425031003,312938
82009005005,312938
84386009901,312938
84386009905,312938
84386009925,312938
84386009930,312938
84386009950,312938
84386009960,312938
84386009990,312938
84386009999,312938
47781095130,410584
52427066430,410584
69097043802,410584
69238278901,410584
70377012811,410584
70710194803,410584
70771191303,410584
70954089910,410584
75907031030,410584
47781096230,251201
52427067230,251201
69097045102,251201
69238279101,251201
70377012911,251201
70710194903,251201
70771191403,251201
70954090010,251201
75907031130,251201
00049005001,861066
58151060135,861066
00049496030,212233
52959078730,212233
58151057493,212233
00049490030,208161
00049490041,208161
00049490073,208161
00049490094,208161
13411015201,208161
13411015203,208161
13411015206,208161
13411015209,208161
13411015215,208161
52959036100,208161
52959036114,208161
52959036130,208161
52959036160,208161
58151057532,208161
58151057588,208161
58151057593,208161
58864070730,208161
66105056010,208161
00049491030,208149
00049491041,208149
13411015301,208149
13411015303,208149
13411015306,208149
13411015309,208149
13411015315,208149
52959078130,208149
52959078160,208149
55289055015,208149
55289055030,208149
58151057632,208149
58151057688,208149
58151057693,208149
58864062715,208149
58864062730,208149
66105056110,208149
10432001301,313841
60142013301,313841
10135038327,602127
10432006702,198893
54629006601,198893
57896084216,308377
69618001854,308377
76518001204,308377
81033000805,308377
81033000850,308377
17856002201,2707116
84781086702,2707116
75376010230,199834
93595203701,199834
27917001920,1441371
81131011120,1441371
33674013607,245473
84781086601,245473
87701042638,245473
10432001201,141991
10432001202,141991
00904052560,308384
49348008110,308384
52735005401,308384
54629007001,308384
54629087001,308384
60142013401,308384
68016032510,308384
80681012900,308384
10135038427,602135
10135014101,199083
10135014110,199083
10432007501,199083
10432007503,199083
11917004632,199083
17856052202,199083
20555000100,199083
43292032128,199083
49348008010,199083
49348008019,199083
50268086011,199083
50268086015,199083
50428049435,199083
52735005301,199083
54629006901,199083
54629008502,199083
57896083101,199083
57896083110,199083
58487000751,199083
58487000753,199083
68016038900,199083
74312001820,199083
83035183801,199083
50989042912,312969
50989042915,312969
57319049605,312969
57319049606,312969
57561034804,312969
57561034805,312969
58005034804,312969
58005034805,312969
59051907705,312969
60270034213,312969
10135023703,313803
10135023761,313803
10432015701,313803
10432015702,313803
10939060144,313803
11383002826,313803
11917007523,313803
11917014673,313803
24385025758,313803
31604001496,313803
31604001879,313803
31604002456,313803
31604112509,313803
40093010168,313803
40093010324,313803
43292022323,313803
43292055574,313803
49348038810,313803
50268086111,313803
50268086115,313803
52735005601,313803
54629030820,313803
54629070001,313803
54629087301,313803
58526000536,313803
60142013501,313803
60142013505,313803
68016001777,313803
74312000500,313803
74312003880,313803
79854013082,313803
81131057371,313803
81131074913,313803
10006070039,308391
54629092001,308391
74312004750,308391
10432008401,308392
10432008402,308392
10432008403,308392
11845018111,308392
31604001645,308392
54629009701,308392
68016002075,308392
31604002509,198896
33674040310,198896
33674040311,198896
57896083908,2121705
00536329201,282402
00536329210,282402
00761009420,282402
00761009450,282402
00904052360,282402
00904052361,282402
00904052372,282402
00904052380,282402
10135014201,282402
10135014203,282402
10135014205,282402
10135014210,282402
10135014230,282402
10135014260,282402
10135014269,282402
10135016513,282402
10135023901,282402
10135023969,282402
10432009601,282402
10432009602,282402
10432025001,282402
10432025002,282402
10432025003,282402
11383003025,282402
11383003026,282402
11845005171,282402
11845051701,282402
11917007521,282402
11917007522,282402
11917017091,282402
16103035508,282402
16103035511,282402
31604001484,282402
31604001485,282402
31604001486,282402
31604001881,282402
35046000176,282402
35046000193,282402
37205008978,282402
37205008985,282402
37864092099,282402
40093010604,282402
40985021002,282402
43292022325,282402
47469007760,282402
47469007762,282402
49348007410,282402
49348008310,282402
49348008410,282402
49348038510,282402
49348046610,282402
49523008401,282402
50428028693,282402
50428028842,282402
50428038158,282402
51645092001,282402
51645092099,282402
52735005501,282402
52735005507,282402
52735005901,282402
53191004101,282402
54629007601,282402
54629008602,282402
54629009605,282402
54629045003,282402
54629050001,282402
57896084101,282402
57896084110,282402
57896084120,282402
57896084150,282402
60142011510,282402
60258014101,282402
63629298801,282402
63629298802,282402
63629298803,282402
63629298804,282402
63629298805,282402
68016001773,282402
68016001775,282402
68016001776,282402
68016053800,282402
68094011359,282402
68094011361,282402
71335972801,282402
71335972802,282402
71335972803,282402
71335972804,282402
71335972805,282402
71335972806,282402
73057035508,282402
74312001474,282402
74312001510,282402
74312001515,282402
74312014765,282402
74312700408,282402
78742043619,282402
78742043620,282402
79854030035,282402
83035183901,282402
83035183905,282402
87701040739,282402
54629037475,237722
65219002705,308395
65219002750,308395
65219002755,308395
67457011850,308395
71414011501,308395
71149000047,2603482
10432017401,308382
10432017402,308382
10432017403,308382
30727044707,308382
31604001264,308382
35046000185,308382
35046000201,308382
37205013372,308382
54629093106,308382
60142011601,308382
81131092886,308382
33674040312,245462
33674040313,245462
00761037920,198897
10432007601,198897
10432007602,198897
10432007603,198897
10432020801,198897
10432020802,198897
11383003226,198897
11383009326,198897
11917004625,198897
31604001780,198897
35046000200,198897
37205012978,198897
40093010391,198897
40093010603,198897
40985022383,198897
43292022327,198897
49348032710,198897
49348039010,198897
49348040912,198897
50268086211,198897
50268086215,198897
50428027221,198897
50428029391,198897
50428041181,198897
52735005101,198897
54022100901,198897
54022100902,198897
54629009301,198897
54629051101,198897
54629093002,198897
57896083001,198897
68016001770,198897
68016001771,198897
68016002045,198897
68016002046,198897
68016044000,198897
74312000690,198897
74312006883,198897
80681016600,198897
83035184001,198897
83035184005,198897
10432018601,846045
10432018603,846045
35046000202,237718
54629093205,237718
60142011801,237718
60142011806,237718
10432015001,282737
00536440601,1100457
10135011901,1100457
10135011910,1100457
10135011930,1100457
10175011910,1100457
61748009201,1100457
61748009210,1100457
61748009230,1100457
83035182701,1100457
83035182705,1100457
40093010110,2603517
57629030010,242668
60258009901,242668
80681017600,242668
58198079201,1648169
71399750405,1537233
52959096750,313599
76518002050,2713891
44946103508,1365980
52959024250,1365980
58657032350,1365980
61269016450,1365980
81542074350,1365980
44946103608,1365984
58657032450,1365984
61269016750,1365984
63629114101,1365984
72162165902,1365984
13811051810,348689
57629040010,1087414
60258010101,1087414
68016002228,891706
63044063510,999799
54629075506,1090824
00093356019,800915
00093356026,800915
68682020175,800915
13811060990,1087406
13811054330,1485531
13811059830,1043300
63044062201,891522
63044062230,891522
63044062290,891522
72287012130,348025
00247044650,1234482
44946200508,1234482
44946201708,1234482
44946201808,1234482
52959059350,1234482
52959086350,1234482
58657032550,1234482
58657032650,1234482
61269016150,1234482
61269016250,1234482
62542080550,1234482
58657016301,1235389
62542020030,1235389
58657016401,1364854
58657016501,1364855
58657016590,1364855
61269015701,1364855
63629113801,1364855
63629113901,1364855
72162165701,1364855
72162165709,1364855
13925011601,1313925
42937070610,1313925
60258019601,1313925
00093722193,1248142
13811052990,1248142
63736085958,212360
49483000701,211855
49483000710,211855
67157010150,2002739
67157010151,2002739
00944417601,728491
00944417705,728491
00944417802,728491
00944417910,728491
63736000046,1799178
63736012301,1799178
63717009901,1088869
51991070390,808085
54771390301,1648174
54771390302,1648174
54771390201,2612086
00087040303,876679
64980017303,861072
63044063321,999783
63044063217,999749
63717010001,1087418
24208043262,891815
24208043272,891815
24208053210,891793
24208053220,891793
24208053230,891793
24208053293,891793
24208040319,891709
24208063210,891820
24208063211,891820
24208063261,891820
00178008990,836270
13811001290,1087238
51991063501,1087208
13811053890,1087302
52747071130,999826
52747071160,999826
65649020175,800918
65649020176,800918
63833038602,1484963
63833038702,1484963
63833039601,1484963
63833039701,1484963
68982026101,2643209
68982026102,2643209
68982026181,2643209
68982026182,2643209
54629040766,1090975
24208038760,891719
24208038762,891719
24208038819,891719
67555013050,1087410
67555013590,1087410
10542007010,826860
60258016001,877466
17856615102,1090972
54838000870,1090972
54838000880,1090972
00087040203,876861
76413033701,876861
10542007510,826865
10542001510,826653
10542005010,1114342
44946101401,1428828
44946102205,1428828
54643564901,1304564
54643565002,1304564
54643786201,1304564
54643787402,1304564
54643900701,1304564
54643901502,1304564
54643564601,1305222
54643564700,1305222
54643788601,1305222
54643789800,1305222
54643902301,1305222
54643903100,1305222
52747062004,1314672
52747062010,1314672
52747062030,1314672
00642007001,1119573
00642007003,1119573
00642007030,1119573
00277017901,1116183
00178083230,1100471
65649040001,2045245
65649040002,2045245
50967012630,1102207
00363047340,1090946
32390003916,1090946
36800047338,1090946
68163077104,1090946
68163077404,1090946
68163077408,1090946
69423080912,1090946
00031869412,1370211
00043635004,1370211
00395912694,2373441
00395912698,2373441
11169004908,2373441
45728044494,2373441
45728044498,2373441
00363015904,1090496
00363030026,1090496
24385026226,1090496
24385026326,1090496
24385049326,1090496
36800030026,1090496
36800050904,1090496
46122032426,1090496
46122078429,1090496
49348090334,1090496
49580038304,1090496
55910030904,1090496
58552014304,1090496
58552014404,1090496
58552014904,1090496
58552015004,1090496
59779043326,1090496
63868007004,1090496
63868095704,1090496
63941030904,1090496
63941045504,1090496
65852000404,1090496
65852000704,1090496
68016002192,1090496
68016015604,1090496
68016015904,1090496
68016062304,1090496
68016074204,1090496
68163074204,1090496
69842063404,1090496
75663000210,1090496
76206000210,1090496
83324013404,1090496
72854026720,1370219
72854026740,1370219
00363025402,1440908
00363935816,2683424
72854008116,2683424
79903033716,2683424
49873030101,1861935
71598010240,2002003
00031034068,2173731
00031034077,2173731
00031931010,2173731
00031931020,2173731
00031874320,1090487
00031930201,1090487
00363044209,1090487
00363661009,1090487
00363899020,1090487
00536133434,1090487
00536148034,1090487
35916046101,1090487
35916046102,1090487
35916046103,1090487
35916046104,1090487
46122042660,1090487
46122067960,1090487
51316077823,1090487
51316087723,1090487
53345001101,1090487
53345002801,1090487
55629001102,1090487
59779066209,1090487
63868082420,1090487
68016030120,1090487
70692077806,1090487
70692077885,1090487
72090006301,1090487
73629000510,1090487
80513031106,1090487
82725101001,1090487
82725401001,1090487
82725401002,1090487
82725411001,1090487
82725411002,1090487
83059002701,1090487
83059011008,1090487
83059011606,1090487
83324030320,1090487
84324003701,1090487
71598015200,2173733
71598020015,2173733
72854035120,2173733
71598010030,2173856
00031865510,1373045
00031872510,1373045
00031872610,1373045
00031875303,1373045
00031875415,1373045
00031875515,1373045
00113038421,1373045
00113038428,1373045
00113095821,1373045
00113095828,1373045
00363038421,1373045
00363038428,1373045
00363049421,1373045
00363049428,1373045
00363089921,1373045
00363089928,1373045
00363095821,1373045
00363095828,1373045
00904631256,1373045
11673011421,1373045
11673011428,1373045
11822038401,1373045
11822038402,1373045
11822049401,1373045
11822049402,1373045
11822095801,1373045
17856631201,1373045
17856631202,1373045
21130001221,1373045
21130052021,1373045
21130053821,1373045
21130089021,1373045
30142038421,1373045
30142049421,1373045
30142095821,1373045
36800049421,1373045
36800049428,1373045
36800055221,1373045
36800055228,1373045
37205069721,1373045
37205069821,1373045
37808038421,1373045
37808038428,1373045
41163038421,1373045
41250038428,1373045
41250049428,1373045
41250089928,1373045
41250095828,1373045
41520038421,1373045
41520095821,1373045
42507038400,1373045
42507038401,1373045
42507038421,1373045
42507038428,1373045
42507049421,1373045
42507049489,1373045
45802043321,1373045
46122014121,1373045
46122014125,1373045
46122029321,1373045
46122029421,1373045
49035038421,1373045
49035038428,1373045
49035089928,1373045
49035095828,1373045
51316026321,1373045
51316026328,1373045
51316042921,1373045
51316042928,1373045
55910038421,1373045
55910095821,1373045
56062038421,1373045
58602061005,1373045
58602061006,1373045
58602061105,1373045
58602061106,1373045
58602061705,1373045
58602061706,1373045
58602061805,1373045
58602061806,1373045
59779038421,1373045
59779038428,1373045
59779070921,1373045
59779070928,1373045
59779095821,1373045
59779095828,1373045
62011017601,1373045
62011025101,1373045
65162070076,1373045
65162070077,1373045
65162079976,1373045
65162079977,1373045
70000018701,1373045
70000019501,1373045
70000030201,1373045
70000030202,1373045
70677102501,1373045
70677102601,1373045
72162228102,1373045
72288038428,1373045
72288049428,1373045
72288089928,1373045
72288095828,1373045
00113530540,2604561
00363619008,2604561
00363621916,2604561
00363810012,2604561
41100059786,2604561
42507053240,2604561
51316042112,2604561
51316066506,2604561
55319095412,2604561
55758041506,2604561
55910014240,2604561
69230033108,2604561
69423084312,2604561
69423097206,2604561
69423097208,2604561
76162048340,2604561
82706001101,2604561
82706002201,2604561
84126030408,2604561
84126030712,2604561
69676009609,2693770
00043634804,1796708
00363650404,1370113
50580019401,1370113
51316065004,1370113
59779019626,1370113
00031875012,1919076
00031875018,1919076
00031877112,1919076
00031877118,1919076
51316063108,1919076
51316066203,1919076
63824022166,1919076
63824022264,1919076
68163074908,1919076
69842094708,1919076
72854006404,1919076
72854007004,1919076
87078033101,1919076
87078033116,1919076
69676009309,2693772
00067298190,1359455
00067820401,1359455
00363069834,1359455
36800069834,1359455
50580014008,1359455
50580021301,1359455
79481011000,1359455
84126035608,1359455
84126035612,1359455
00067635818,2122363
00280015201,2678223
00280015202,2678223
00280827924,2678223
00067011101,2685209
00067011102,2685209
00067434942,2685209
00067435023,2685209
35916221101,1867684
50580013008,1867684
50580013024,1867684
51013066601,1867684
51013066701,1867684
51316089716,1867684
53345005601,1867684
69168047429,1867684
69168047451,1867684
69168047493,1867684
69423080324,1867684
69729005610,1867684
69729080810,1867684
69729080910,1867684
72854017108,1867684
72854017110,1867684
72854017116,1867684
72854021416,1867684
76281060903,1867684
82706001501,1867684
82706001502,1867684
82706001503,1867684
82706001504,1867684
23900003496,2709673
50269055401,2709673
51316067662,2709673
51316080309,2709673
66715620402,2709673
66715680402,2709673
66715960402,2709673
70000074701,2709673
70677131301,2709673
72854016102,2709673
72854016104,2709673
72854016110,2709673
72854016120,2709673
72854021520,2709673
79903043320,2709673
79903044712,2709673
84126035202,2709673
84126035224,2709673
00067816201,247324
00135703320,247324
00135703350,247324
50580044601,247324
50580058601,247324
51316098301,247324
00067000711,2670598
00067010006,2670598
00067010099,2670598
58933055201,2670598
58933055208,2670598
70264004701,2670598
79903035501,2670598
79903043606,2670598
00067000710,2670678
00067000720,2670678
00067010306,2670678
00067010606,2670678
00067327240,2636656
00067792102,2636656
00363530906,2636656
00363539006,2636656
46122084159,2636656
51316053906,2636656
51316055806,2636656
51316060405,2636656
76162053906,2636656
82442055806,2636656
00363111318,1039251
36800083618,1039251
37808006218,1039251
41250006618,1039251
69842037718,1039251
79903004218,1039251
00113601926,2683421
00363361126,2683421
00904753120,2683421
30142078026,2683421
41163026026,2683421
42507072700,2683421
42507072726,2683421
46122081329,2683421
50026066036,2683421
51316051326,2683421
51316051334,2683421
51316063204,2683421
56062050226,2683421
59640020026,2683421
68788409401,2683421
69536031504,2683421
69536031508,2683421
70000071501,2683421
70677128701,2683421
72476019926,2683421
76162009926,2683421
79481120000,2683421
79903034904,2683421
82442036608,2683421
82442065404,2683421
58593000106,2676758
58593000206,2676758
65852001306,2676758
00363075208,1114361
23900001433,1114361
37000055608,1114361
37000093708,1114361
49035054508,1114361
51316075208,1114361
69423077908,1114361
49348075434,636568
65131041809,636568
00031866012,1111440
00031869213,1111440
00031869312,1111440
00363756004,1111440
00363757204,1111440
24286155104,1111440
51316074504,1111440
55319075404,1111440
69676008809,1111440
00372003604,1370125
15187003604,1370125
00067635718,1251811
00363968921,1421985
00904663444,1421985
11523000801,1421985
11523360101,1421985
11523432601,1421985
11822068902,1421985
21130068921,1421985
36800068921,1421985
41100081138,1421985
41163069821,1421985
46122070573,1421985
50090553400,1421985
50804068921,1421985
50844068921,1421985
53943068921,1421985
55301068921,1421985
55319068921,1421985
55910068921,1421985
63868017901,1421985
63868017916,1421985
63868017999,1421985
63941098921,1421985
69732001201,1421985
69842068921,1421985
70000032401,1421985
83324007216,1421985
83324007224,1421985
50991027115,2741371
50991027116,2741371
79903041308,2743624
00113066834,1234386
00113066840,1234386
00363001940,1234386
00363066830,1234386
00363066834,1234386
00363066838,1234386
00363066840,1234386
00363499012,1234386
21130049912,1234386
23900001431,1234386
23900001432,1234386
24385046134,1234386
24385046140,1234386
30142066840,1234386
37000055008,1234386
37000055012,1234386
41163055140,1234386
51316049912,1234386
53943050828,1234386
59779066840,1234386
63868023712,1234386
63868029208,1234386
63868080808,1234386
63941049908,1234386
68016007201,1234386
68016007206,1234386
70000019301,1234386
83324015308,1234386
68163066008,2629973
00031871813,1115329
00031871818,1115329
00031871824,1115329
00031875812,1115329
00031875818,1115329
00031876212,1115329
00363075804,1115329
00363104319,1115329
11822600500,1115329
36800078826,1115329
41250075804,1115329
41520082626,1115329
42507068900,1115329
42507068926,1115329
46122054234,1115329
49035094319,1115329
50844004336,1115329
51316006226,1115329
51316043036,1115329
51316043136,1115329
55505017333,1115329
55505022133,1115329
55505022136,1115329
55910070926,1115329
68163066104,1115329
69842069926,1115329
72288058704,1115329
46122037534,1371196
59779014504,1371196
00363936016,2683423
51316008116,2683423
72854008216,2683423
00031034074,2685210
00031931120,2685210
53113051406,2719927
53113051506,2719927
53145008008,1298228
53145032204,1298228
53145040206,1298228
65131018098,1298228
79903041208,1298228
23900001438,1014005
23900003917,1014005
37000069012,1014005
37000095908,1014005
69423081012,1014005
69423081024,1014005
84126031006,1014005
84126035512,1014005
00031870213,1790650
00031871513,1790650
00031875712,1790650
00031875718,1790650
00031875912,1790650
00031876012,1790650
00113172526,1790650
00113172534,1790650
00363160326,1790650
00363160334,1790650
00363744008,1790650
00363747004,1790650
00363757104,1790650
00536134897,1790650
00904722320,1790650
00904722359,1790650
00904744120,1790650
11822163000,1790650
11822163001,1790650
41163081326,1790650
41163081334,1790650
43122078334,1790650
46122070426,1790650
46122070434,1790650
46122078229,1790650
46122078234,1790650
46122078334,1790650
50090674700,1790650
50090725700,1790650
51316008234,1790650
51316047334,1790650
51316074408,1790650
55910077626,1790650
56062060726,1790650
56062060734,1790650
59640010026,1790650
59640010034,1790650
68016074404,1790650
68163074704,1790650
68788826801,1790650
68788830001,1790650
68788830301,1790650
69842051326,1790650
69842051334,1790650
70000059601,1790650
70000059602,1790650
70000067001,1790650
70000071301,1790650
70677013901,1790650
70677013902,1790650
70677103501,1790650
70677103502,1790650
70677118501,1790650
70677118502,1790650
70677126101,1790650
70677126102,1790650
72288063126,1790650
72288063134,1790650
72476063026,1790650
76162060026,1790650
76162060034,1790650
79481006300,1790650
79481747008,1790650
79903009508,1790650
83324002304,1790650
83324002308,1790650
83324002504,1790650
83324032704,1790650
00031209701,1020138
00031209702,1020138
00031209801,1020138
00031301850,1020138
00031301860,1020138
00031301870,1020138
00031871510,1020138
00031873912,1020138
00031873918,1020138
00031873942,1020138
00031875612,1020138
00031875618,1020138
00113041926,1020138
00113092726,1020138
00113092734,1020138
00363023206,1020138
00363023208,1020138
00363041706,1020138
00363041926,1020138
00363050506,1020138
00363050606,1020138
00363102326,1020138
00363102334,1020138
00363114426,1020138
00363114434,1020138
00363338006,1020138
00363552704,1020138
00363600506,1020138
00363729606,1020138
00363739006,1020138
00363755004,1020138
00363775404,1020138
00363803145,1020138
10202074004,1020138
11673062726,1020138
11673062734,1020138
11822133201,1020138
11822133202,1020138
11822505006,1020138
21130050506,1020138
21130070726,1020138
21130070734,1020138
30142041926,1020138
30142050806,1020138
30142084326,1020138
36800041926,1020138
36800060506,1020138
36800084726,1020138
36800084734,1020138
37205099326,1020138
37808051825,1020138
37808059404,1020138
37808063926,1020138
37808063934,1020138
41163070426,1020138
41163070434,1020138
41226073906,1020138
41250026134,1020138
41250074806,1020138
41520093126,1020138
41520093134,1020138
42507063058,1020138
46122021830,1020138
46122037130,1020138
46122054134,1020138
46122078629,1020138
46122084029,1020138
49035055203,1020138
49035070526,1020138
49035077303,1020138
49035083906,1020138
49035093000,1020138
49035093019,1020138
49348082834,1020138
50001080573,1020138
50428033399,1020138
50428052219,1020138
51316030419,1020138
51316030436,1020138
51316030519,1020138
51316030536,1020138
51316031045,1020138
51316038945,1020138
51316050019,1020138
51316055203,1020138
51316074004,1020138
51316074008,1020138
51316077508,1020138
51316082600,1020138
51316082626,1020138
52412099201,1020138
53041062858,1020138
53942051825,1020138
53943051224,1020138
53943051825,1020138
55319073145,1020138
55319074004,1020138
55319092403,1020138
55758001304,1020138
55758030702,1020138
55910014695,1020138
55910050508,1020138
55910075526,1020138
57896059108,1020138
59779041926,1020138
59779090724,1020138
62011037201,1020138
63824001922,1020138
63824001966,1020138
63824021366,1020138
63824021464,1020138
63824021466,1020138
63824028664,1020138
63824053566,1020138
63824094603,1020138
63824094634,1020138
63824095764,1020138
63868023506,1020138
63868077104,1020138
63941051825,1020138
67091034206,1020138
68016015804,1020138
68016022200,1020138
68016074004,1020138
68163060506,1020138
68391029934,1020138
68391071100,1020138
68391071134,1020138
69256050506,1020138
69618007258,1020138
69676003709,1020138
69842057704,1020138
69842081926,1020138
69842081934,1020138
69842090406,1020138
69842092606,1020138
69842093706,1020138
70000000801,1020138
70000012901,1020138
70000038701,1020138
70000056501,1020138
70000062801,1020138
70000062802,1020138
70000063001,1020138
70000070701,1020138
70677004801,1020138
70677103601,1020138
72288029334,1020138
72854015966,1020138
73282252301,1020138
73282252302,1020138
73282252303,1020138
76162029404,1020138
76162062858,1020138
76162075104,1020138
76281051224,1020138
81033021305,1020138
81033021310,1020138
81033021350,1020138
81033021351,1020138
82442075104,1020138
82673010204,1020138
82706001301,1020138
82706002401,1020138
83324002606,1020138
83324032306,1020138
83324032404,1020138
83324032408,1020138
85786060404,1020138
84379027404,2692303
58809018708,2671189
00113035926,996520
00113035934,996520
00113057826,996520
00121063800,996520
00121063804,996520
00121063805,996520
00121063808,996520
00121063816,996520
00121127600,996520
00121127610,996520
00363035926,996520
00363035934,996520
00363035940,996520
00363039640,996520
00363057826,996520
00363057834,996520
00536131385,996520
00904713470,996520
00904713572,996520
00904751241,996520
00904751270,996520
00904751366,996520
00904751372,996520
11383017808,996520
11383025408,996520
11383031108,996520
11673077508,996520
11822030400,996520
11917010135,996520
11917010136,996520
17856013401,996520
17856013402,996520
17856100601,996520
17856100603,996520
17856100604,996520
17856112601,996520
17856112602,996520
17856112603,996520
17856112604,996520
17856630601,996520
21130038504,996520
21130038508,996520
21130058304,996520
21130058308,996520
23558550400,996520
23558550401,996520
23558550402,996520
23558550403,996520
24385035926,996520
24385035934,996520
24385057826,996520
30142035934,996520
30142057826,996520
36800035926,996520
36800035934,996520
36800035940,996520
36800057826,996520
37808035926,996520
37808035934,996520
41163035926,996520
41163035934,996520
42213016286,996520
42961012101,996520
45737020916,996520
49035035926,996520
49035035934,996520
49348001734,996520
49348001737,996520
49348086134,996520
49348086137,996520
49580083404,996520
50066050504,996520
50090265700,996520
50383006205,996520
50383006210,996520
52083066016,996520
52959075004,996520
52959075008,996520
53145003904,996520
53145005902,996520
53145032304,996520
53163011316,996520
53942050326,996520
53943050326,996520
54859001104,996520
54859050504,996520
54859050516,996520
54859050604,996520
54859050916,996520
54859083304,996520
55154578305,996520
55154578505,996520
55505011112,996520
55505011133,996520
56062035926,996520
56062035934,996520
57237031205,996520
57237031251,996520
57237031301,996520
57237031318,996520
57237036012,996520
57237036016,996520
57243050324,996520
57896029116,996520
57896066016,996520
57896066108,996520
57896066116,996520
57896073604,996520
57896073904,996520
57896075604,996520
58552013204,996520
58552013304,996520
58552013404,996520
58552014004,996520
58552014104,996520
58593027504,996520
58593027506,996520
58593027508,996520
58593027510,996520
58593027604,996520
58605031116,996520
58657050408,996520
58657050508,996520
59390000535,996520
59390000541,996520
59390000546,996520
59390000547,996520
59779035926,996520
59779035934,996520
59779035940,996520
59779057826,996520
59779091926,996520
59779091934,996520
60687081717,996520
60687081740,996520
60687081746,996520
60687082842,996520
60687082848,996520
60687082856,996520
61787006204,996520
61787051304,996520
62011009101,996520
62011009201,996520
62011009202,996520
63102014016,996520
63187004004,996520
63187085304,996520
63629115501,996520
63739050501,996520
63739050510,996520
63739050601,996520
63739050610,996520
63868084652,996520
63868086854,996520
63868086856,996520
63868086904,996520
63941081704,996520
65852000304,996520
65852000504,996520
65852000604,996520
65852000904,996520
65852001904,996520
66424056516,996520
66715685804,996520
67091026518,996520
67091046904,996520
68016001804,996520
68016010004,996520
68016062504,996520
68016085557,996520
68071393804,996520
68436012016,996520
68788693301,996520
69168047766,996520
69256038508,996520
69339014905,996520
69339014919,996520
69339015001,996520
69339015019,996520
69729003504,996520
69729003604,996520
69729006904,996520
69729081204,996520
69822020204,996520
70000031901,996520
70000031902,996520
71085010719,996520
71399002504,996520
71399002506,996520
71399002508,996520
71399002604,996520
71399002606,996520
71399002608,996520
71399100404,996520
71399100406,996520
71399100408,996520
71399100604,996520
71399100606,996520
71399100608,996520
71800005705,996520
72162167002,996520
72162227702,996520
73564080204,996520
73564080208,996520
73564080216,996520
75663000110,996520
76206000110,996520
76281050324,996520
81033010305,996520
81033010310,996520
81033010350,996520
81033010351,996520
82568001404,996520
82568001406,996520
82568001408,996520
82568001504,996520
82568001506,996520
82568001508,996520
84379031616,996520
84415001101,996520
84415001401,996520
84447010201,996520
85111080216,996520
85722000104,996520
85722000106,996520
85722000108,996520
15127080604,1605844
49580038502,1605844
49580038504,1605844
49580038508,1605844
63941038504,1605844
63941038508,1605844
52083063016,1441364
58238022704,1441364
58238022902,1441364
15127086408,1046631
46122001726,1046631
49035079926,1046631
58605031216,1046631
60569006408,1046631
61787006404,1046631
61787006408,1046631
61787051504,1046631
61787051508,1046631
65131010091,1046631
68016017704,1046631
68016017708,1046631
83720050504,1046631
83720050516,1046631
00363079926,1542452
00363079934,1542452
00363093426,1542452
36800079926,1542452
36800079934,1542452
37205068626,1542452
46122013926,1542452
49873030201,1234473
65131009108,1234473
00372005004,1150129
15187005004,1150129
11383023604,1117394
11383023608,1117394
37205061001,1117394
37205061026,1117394
69729002004,1117394
69729004004,1117394
69729006204,1117394
85722000204,1117394
85722000206,1117394
85722000208,1117394
45737025116,1113368
52083040001,1113368
52083040004,1113368
52083040016,1113368
52083060016,1113368
52083005801,1439992
63824025612,2122356
63824094302,2122356
63824094312,2122356
12539055501,1147924
12539055516,1147924
53809020101,1147924
53809020104,1147924
53413001110,1300539
53413001125,1300539
00280008901,2598125
00280008902,2598125
00031871910,1111663
00031871920,1111663
00363011520,1111663
00363668101,1111663
11523422101,1111663
11523715802,1111663
35916076001,1111663
41100080743,1111663
51316083002,1111663
53345003401,1111663
55301060102,1111663
69842078320,1111663
72854013716,1111663
72854015316,1111663
76281060102,1111663
51316080809,2173726
55505023124,2173726
72854015720,2173726
00113221901,1298324
00113221949,1298324
00363047401,1298324
00363047467,1298324
00363073320,1298324
00363073340,1298324
00363321901,1298324
00363321949,1298324
00536116134,1298324
00536116137,1298324
00536116144,1298324
00536144634,1298324
11673071601,1298324
11673071649,1298324
11822073302,1298324
11822073304,1298324
11822073306,1298324
11822221900,1298324
11822221901,1298324
17856116201,1298324
21130099767,1298324
30142027620,1298324
30142027640,1298324
30142094820,1298324
30142094840,1298324
36800021901,1298324
36800021949,1298324
37808073320,1298324
37808073340,1298324
41163059901,1298324
41250043601,1298324
41250043649,1298324
41415099820,1298324
42507022201,1298324
42507022220,1298324
43598011401,1298324
43598011420,1298324
43598011440,1298324
43598023101,1298324
46122081761,1298324
49035082520,1298324
49035096012,1298324
49035096073,1298324
50090107700,1298324
50090107800,1298324
51316000901,1298324
51316006567,1298324
51316085878,1298324
51660030121,1298324
51660030141,1298324
51660030161,1298324
53746009905,1298324
55887064060,1298324
55910073306,1298324
55910073320,1298324
55910074601,1298324
55910074691,1298324
58602071403,1298324
58602071405,1298324
58602071407,1298324
58602071408,1298324
58602071409,1298324
58602071412,1298324
58602071415,1298324
58602071466,1298324
58602071467,1298324
58602071473,1298324
58602082408,1298324
58602082467,1298324
58602087183,1298324
59726073306,1298324
59726073320,1298324
59726073340,1298324
60000005867,1298324
60687065111,1298324
60687065121,1298324
62011042401,1298324
63304010621,1298324
63824005601,1298324
63824005611,1298324
63824005632,1298324
63824005634,1298324
63824005636,1298324
63824005650,1298324
63824005669,1298324
63824005672,1298324
63824005673,1298324
63824005674,1298324
63824005680,1298324
63824005689,1298324
63941073320,1298324
65162003803,1298324
65162003806,1298324
65162003817,1298324
66715642401,1298324
66715652401,1298324
66715972401,1298324
67091031420,1298324
67091034420,1298324
67751017101,1298324
69842005711,1298324
69842005767,1298324
69842093320,1298324
69842093340,1298324
69842096301,1298324
69842096349,1298324
70000049101,1298324
70000072201,1298324
70677105001,1298324
72036001220,1298324
72288021949,1298324
72288022008,1298324
72476073320,1298324
79903006501,1298324
79903006549,1298324
85237165001,1298324
85237165002,1298324
85766015014,1298324
85766017220,1298324
85766017230,1298324
85766017240,1298324
85766017260,1298324
85766017290,1298324
85766017620,1298324
85766017640,1298324
85766017660,1298324
65224011024,485709
68025002310,1357923
00031876504,1099074
00031876508,1099074
00031876516,1099074
00113081203,1099074
00113081266,1099074
00363007614,1099074
00363007628,1099074
00363043714,1099074
00363043728,1099074
00363043742,1099074
00363051065,1099074
00363051070,1099074
00363051099,1099074
00363073530,1099074
00363681230,1099074
00363681255,1099074
00363681266,1099074
00536121388,1099074
00536144788,1099074
11673026705,1099074
11673026757,1099074
11673026760,1099074
11822181200,1099074
11822181201,1099074
11822181202,1099074
11822734004,1099074
11822999601,1099074
11822999602,1099074
21130098903,1099074
21130098965,1099074
30142027505,1099074
30142027514,1099074
30142070628,1099074
30142096314,1099074
30142096328,1099074
36800059230,1099074
36800059266,1099074
37808073042,1099074
37808081266,1099074
37808083414,1099074
41163078166,1099074
41250081230,1099074
41250081255,1099074
41250081266,1099074
41415099914,1099074
42507081214,1099074
42507081266,1099074
43598011528,1099074
43598011532,1099074
43598011537,1099074
43598011542,1099074
43598011556,1099074
43598011570,1099074
43598011574,1099074
43598023237,1099074
46122034874,1099074
46122042003,1099074
46122042074,1099074
46122063703,1099074
46122063774,1099074
49035007728,1099074
49035082428,1099074
49035095661,1099074
49035095665,1099074
50090602000,1099074
50090654900,1099074
50090725800,1099074
50090789100,1099074
51316006065,1099074
51316060070,1099074
51316067155,1099074
51316067166,1099074
51660007354,1099074
51660007386,1099074
51660011054,1099074
51660011058,1099074
51660011086,1099074
55301081266,1099074
55319073407,1099074
55319074114,1099074
55910057503,1099074
55910057566,1099074
58602071505,1099074
58602071506,1099074
58602071509,1099074
58602071510,1099074
58602071515,1099074
58602071557,1099074
58602071560,1099074
58602071564,1099074
58602071565,1099074
58602071568,1099074
58602071569,1099074
58602071570,1099074
58602082506,1099074
58602082565,1099074
58602084911,1099074
58602084915,1099074
58602084957,1099074
58602084964,1099074
58602084965,1099074
60000005765,1099074
62011042301,1099074
63304011054,1099074
63824007202,1099074
63824007207,1099074
63824007214,1099074
63824007218,1099074
63824007235,1099074
63824007236,1099074
63824007246,1099074
63824007248,1099074
63824007256,1099074
63868087014,1099074
63941073414,1099074
63981081201,1099074
64543017101,1099074
65162003903,1099074
65162003906,1099074
65162003917,1099074
67091031514,1099074
67091034514,1099074
68016067414,1099074
68016067428,1099074
68196081245,1099074
68196099956,1099074
68391081201,1099074
68391081245,1099074
69842005910,1099074
69842005965,1099074
69842005970,1099074
69842081230,1099074
69842081255,1099074
69842081266,1099074
70000037202,1099074
70000046401,1099074
70000046402,1099074
70677104901,1099074
71179001121,1099074
72036098065,1099074
72036098070,1099074
72288081255,1099074
72288081266,1099074
72476073414,1099074
73581040598,1099074
73581040601,1099074
73581040605,1099074
76162003256,1099074
81522073414,1099074
83324013714,1099074
85766004628,1099074
62441041510,1861926
00363901330,1661740
35916075902,1661740
35916075903,1661740
35916075904,1661740
55758050701,1661740
69729010820,1661740
69729078102,1661740
69729078302,1661740
69729078820,1661740
00363053301,1147685
00363053311,1147685
00363053325,1147685
00363053332,1147685
00536131208,1147685
10956000330,1147685
10956000360,1147685
10956000390,1147685
10956002011,1147685
10956013550,1147685
10956076150,1147685
10956084630,1147685
10956084650,1147685
11383023850,1147685
15127017050,1147685
15127047124,1147685
16103038104,1147685
16103038199,1147685
17714015060,1147685
24385002671,1147685
24689012301,1147685
24689012302,1147685
30142047230,1147685
36800098850,1147685
37205053801,1147685
37205053871,1147685
37205067501,1147685
37205067562,1147685
37835040340,1147685
41163011450,1147685
41226028003,1147685
41250053311,1147685
43063080130,1147685
43063080160,1147685
43063080190,1147685
46122005862,1147685
46122079061,1147685
47682034550,1147685
47682043246,1147685
47682043250,1147685
49348072809,1147685
49483028000,1147685
49483028006,1147685
49483028020,1147685
50804010930,1147685
50804043230,1147685
50804085830,1147685
50844063311,1147685
52083041060,1147685
54257027701,1147685
54738098530,1147685
54738098560,1147685
55301053301,1147685
55319089030,1147685
55910027230,1147685
55910027260,1147685
55910053301,1147685
55910053311,1147685
57631001310,1147685
62011006101,1147685
62441042010,1147685
63654034220,1147685
63654034230,1147685
63868075350,1147685
63941098550,1147685
68016017950,1147685
68998011450,1147685
69168043206,1147685
69168043207,1147685
69168043226,1147685
69168043230,1147685
69168043250,1147685
69168043298,1147685
69842099630,1147685
69842099660,1147685
70000005601,1147685
70000027801,1147685
70000027802,1147685
70677105501,1147685
70692018125,1147685
70692018181,1147685
71335020702,1147685
71335192801,1147685
71335192802,1147685
71335192803,1147685
71335221601,1147685
71335221602,1147685
71335221603,1147685
71335221604,1147685
72090002701,1147685
72476087150,1147685
73057038104,1147685
76095001220,1147685
76095001230,1147685
76162000801,1147685
79481533001,1147685
80513040709,1147685
83324019550,1147685
84324003501,1147685
72854026320,2566823
72854026340,2566823
00031034003,1301246
00031034006,1301246
00031034009,1301246
00031930601,1301246
00031930602,1301246
00031930701,1301246
00067634534,1544873
24385098126,1544873
36800044426,1544873
50580078504,1544873
58605030816,1544873
21130037804,1535366
55910037804,1535366
53145002634,1435918
61941100306,1111087
00116402416,991528
00121107004,991528
00121107016,991528
00713078075,991528
17856015501,991528
17856060405,991528
17856158601,991528
17856402401,991528
27808005701,991528
31722069211,991528
31722069247,991528
50090022500,991528
50090493400,991528
50090646700,991528
50090646701,991528
50090658500,991528
50090675500,991528
50090675501,991528
50090765800,991528
50090765801,991528
52959070004,991528
52959070006,991528
52959070008,991528
60432060416,991528
61919029204,991528
62559075804,991528
62559075816,991528
63187035516,991528
64679060416,991528
65162068086,991528
65162068090,991528
68071355104,991528
68788810001,991528
70436015541,991528
70436015542,991528
71205027216,991528
71205065404,991528
72162203902,991528
76420033504,991528
76420033516,991528
23900000022,1313298
23900000202,1313298
29978012715,1423307
29978012716,1423307
69367039816,1423307
65131003580,2679777
29978012316,2716698
65131011035,2712157
29978012810,1923362
31722069360,1040054
50991013605,2637485
50991013615,2637485
50991013616,2637485
72988002701,2588212
49873010801,1236070
37000069912,1046384
69423089912,1046384
00363029704,1086750
00363792004,1086750
36800029704,1086750
50580024501,1086750
50580024502,1086750
50580024512,1086750
50580024904,1086750
55910029704,1086750
68016013004,1086750
69842079204,1086750
76162079204,1086750
00043639404,1113522
00067634904,1113522
00067298240,2604562
00067820501,2604562
00672098200,2604562
69423081112,1292342
00280015101,2678231
00280015102,2678231
00280826924,2678231
00280828016,2744312
00363738008,2049841
00363738009,2049841
11523003801,2049841
11523003802,2049841
11822073808,2049841
11822738009,2049841
41100058964,2049841
41250063809,2049841
51316073808,2049841
51316073809,2049841
63868056720,2049841
70000005001,2049841
83324006225,2049841
46084012320,1425315
00067816301,1098496
00135703420,1098496
00363046109,1098496
11523130502,1098496
11523411101,1098496
41100057463,1098496
51316045101,1098496
59779046109,1098496
00067328520,2636658
00067792202,2636658
00363549006,2636658
51316054906,2636658
51316056006,2636658
51316060505,2636658
51316094506,2636658
76162054906,2636658
82442056006,2636658
61787045204,1094131
61787045208,1094131
61787047104,1094131
00113601240,1042675
42507081140,1042675
55910075340,1042675
58593000306,1042675
69423084412,1042675
76162059940,1042675
84126030508,1042675
84126030812,1042675
00113033530,1043400
00113033534,1043400
00113033538,1043400
00113033540,1043400
00113045930,1043400
00113045934,1043400
00113045938,1043400
00113045940,1043400
00363033534,1043400
00363040134,1043400
00363040140,1043400
00363045934,1043400
00363045940,1043400
00363045943,1043400
00363045950,1043400
00363056540,1043400
00363056634,1043400
00363056640,1043400
00363056643,1043400
00363056650,1043400
00363087240,1043400
00363087250,1043400
00363343012,1043400
00363621008,1043400
00363622116,1043400
00363991302,1043400
00363991396,1043400
00363991399,1043400
00363997508,1043400
00363997608,1043400
00904646509,1043400
11523435801,1043400
11523721402,1043400
11673001940,1043400
11673028701,1043400
11673031201,1043400
11822331800,1043400
11822331801,1043400
11822331805,1043400
11822583201,1043400
11822583202,1043400
11822583203,1043400
21130004408,1043400
21130004412,1043400
21130034308,1043400
21130034312,1043400
21130034324,1043400
21130060340,1043400
21130090701,1043400
21130090702,1043400
21130090706,1043400
21130095106,1043400
23900001424,1043400
23900001426,1043400
23900001429,1043400
23900001430,1043400
24385031634,1043400
24385031640,1043400
30142029212,1043400
30142033530,1043400
30142033534,1043400
30142033538,1043400
30142033540,1043400
30142045940,1043400
30142063412,1043400
30142087240,1043400
36800033534,1043400
36800033540,1043400
36800045930,1043400
36800045934,1043400
36800045938,1043400
36800045940,1043400
37000080708,1043400
37000080712,1043400
37000080808,1043400
37000080812,1043400
37000080912,1043400
37205058634,1043400
37205058640,1043400
37205058734,1043400
37205058740,1043400
37808033534,1043400
37808033540,1043400
37808045938,1043400
37808045940,1043400
37808045950,1043400
37835052402,1043400
37835052430,1043400
37835052512,1043400
41100080884,1043400
41163033534,1043400
41163033538,1043400
41163033540,1043400
41163045940,1043400
41163087240,1043400
41226075001,1043400
41226078201,1043400
41250033540,1043400
41250045940,1043400
41250045943,1043400
41520008434,1043400
41520008440,1043400
41520071234,1043400
41520071240,1043400
42507000140,1043400
42507040140,1043400
46122013634,1043400
46122013640,1043400
46122019830,1043400
46122019834,1043400
46122019838,1043400
46122019840,1043400
46122040440,1043400
49035004412,1043400
49035004424,1043400
49035032434,1043400
49035032440,1043400
49035032450,1043400
49035033540,1043400
49035045934,1043400
49035045940,1043400
49035045950,1043400
49035060940,1043400
49348006137,1043400
49348006139,1043400
49348097539,1043400
49580034302,1043400
49580034304,1043400
49580034306,1043400
49580034308,1043400
49580034602,1043400
49580034604,1043400
49580034608,1043400
50066030304,1043400
50844025202,1043400
50844025245,1043400
51316013002,1043400
51316034308,1043400
51316034312,1043400
51316034412,1043400
51316061912,1043400
51316066406,1043400
51316069212,1043400
51316088440,1043400
53942050128,1043400
53942050228,1043400
53943050128,1043400
53943050228,1043400
55301031002,1043400
55319009608,1043400
55319069212,1043400
55319092612,1043400
55758005625,1043400
55758041606,1043400
55910033534,1043400
55910033538,1043400
55910033540,1043400
55910044312,1043400
55910045934,1043400
55910045938,1043400
55910045940,1043400
56062033540,1043400
56062045940,1043400
57243050125,1043400
57243050225,1043400
59779033530,1043400
59779033534,1043400
59779033538,1043400
59779033540,1043400
59779033550,1043400
59779045930,1043400
59779045934,1043400
59779045938,1043400
59779045940,1043400
59779045950,1043400
62011008202,1043400
62011008302,1043400
63868014008,1043400
63868014012,1043400
63868023408,1043400
63868023412,1043400
63941034308,1043400
63941034312,1043400
63941034408,1043400
63941034412,1043400
66715553404,1043400
66715641604,1043400
66715661604,1043400
66715693404,1043400
67091025823,1043400
67091025854,1043400
67091026023,1043400
67091026054,1043400
69256034312,1043400
69256034412,1043400
69423078908,1043400
69423078912,1043400
69423078924,1043400
69423079108,1043400
69423079112,1043400
69423079124,1043400
69423079136,1043400
69423097306,1043400
69423097308,1043400
69842008602,1043400
70000018301,1043400
70000018302,1043400
70000018401,1043400
70000018402,1043400
70000067301,1043400
70677103201,1043400
70677103301,1043400
70677103302,1043400
71141018032,1043400
72288033534,1043400
72288033540,1043400
72288045934,1043400
72288045940,1043400
72288067000,1043400
72288099001,1043400
76281030528,1043400
76281030725,1043400
76281050125,1043400
76281050128,1043400
76281050224,1043400
76281050225,1043400
76281050228,1043400
79481692102,1043400
79903017308,1043400
79903017312,1043400
79903017324,1043400
81660055501,1043400
81660077701,1043400
82501045900,1043400
82706001201,1043400
82706002301,1043400
83324015812,1043400
83324015908,1043400
83324016312,1043400
83324016408,1043400
84126031404,1043400
84126034204,1043400
84379027604,1043400
84379044406,1043400
84379044412,1043400
85766017724,1043400
85766017736,1043400
85828075001,1043400
69676009409,2692302
00113066634,1042684
00363004130,1042684
00363004138,1042684
00363004143,1042684
00363019326,1042684
00363090830,1042684
00363090838,1042684
00363090843,1042684
36800004130,1042684
36800004138,1042684
36800066634,1042684
36800099038,1042684
46017002608,1042684
46122027734,1042684
50580024301,1042684
50580035008,1042684
50580055908,1042684
56062004138,1042684
56062090838,1042684
59779029334,1042684
68016011201,1042684
68016011206,1042684
68016011301,1042684
68016011302,1042684
84126035708,1042684
84126035712,1042684
50580021201,2744316
72854008516,2715863
00363175678,1426334
35916018502,1426334
35916018503,1426334
35916018504,1426334
35916018901,1426334
51013066801,1426334
69423080148,1426334
69423080424,1426334
23900003497,2713312
66715620502,2713312
66715680502,2713312
66715960502,2713312
84126035302,2713312
84126035324,2713312
00031874410,1094549
00113005651,1094549
00113005662,1094549
00113005667,1094549
00113005673,1094549
00113100000,1094549
00363053502,1094549
00363053509,1094549
00363053510,1094549
00363085007,1094549
00363085024,1094549
00363100504,1094549
00363114101,1094549
00363114102,1094549
00363116816,1094549
00363116924,1094549
00363660008,1094549
00363899924,1094549
00904699644,1094549
10135059324,1094549
10135059374,1094549
10135059386,1094549
11673097624,1094549
11822198700,1094549
11822198709,1094549
11822333505,1094549
11822339200,1094549
21130084924,1094549
21130089924,1094549
21130094024,1094549
23900000031,1094549
23900001439,1094549
23900001440,1094549
23900001441,1094549
23900003843,1094549
30142008648,1094549
30142097762,1094549
30142097767,1094549
35916015401,1094549
36800014362,1094549
36800014373,1094549
36800097753,1094549
36800097760,1094549
37000055708,1094549
37000055716,1094549
37000055724,1094549
37000055748,1094549
37000055772,1094549
37205070762,1094549
37205070773,1094549
37808005662,1094549
37808009516,1094549
37835052224,1094549
37835052296,1094549
41163048024,1094549
41163084924,1094549
41163089924,1094549
41226069424,1094549
42507005662,1094549
46122018373,1094549
46122024562,1094549
46122032673,1094549
49035097804,1094549
50580013124,1094549
53345000601,1094549
53345002601,1094549
53943060303,1094549
55301060303,1094549
55319096808,1094549
55319096816,1094549
55319096824,1094549
55629001402,1094549
55758051008,1094549
55910014948,1094549
55910030051,1094549
55910030060,1094549
55910030062,1094549
55910059948,1094549
55910091008,1094549
56062005662,1094549
56062005673,1094549
56062097753,1094549
56062097760,1094549
57243060303,1094549
58602076978,1094549
58602076979,1094549
59450004748,1094549
59726089908,1094549
59726089916,1094549
59779044524,1094549
59779046548,1094549
59779067116,1094549
62011041001,1094549
63868041824,1094549
63868073724,1094549
66715557208,1094549
66715671608,1094549
66715681608,1094549
67091033824,1094549
67091039524,1094549
68016020216,1094549
68016020224,1094549
68016059916,1094549
68016059924,1094549
68016079816,1094549
68016087816,1094549
68016087824,1094549
68163006210,1094549
69168041829,1094549
69168041851,1094549
69168041886,1094549
69256089924,1094549
69423099502,1094549
69423099508,1094549
69423099516,1094549
69423099524,1094549
69423099548,1094549
69517016110,1094549
69729000310,1094549
69729004110,1094549
69729005410,1094549
69729005710,1094549
69729015310,1094549
69842084716,1094549
69842084724,1094549
69842084748,1094549
69842089916,1094549
69842089924,1094549
69842089948,1094549
70000042701,1094549
70000042702,1094549
70000051601,1094549
70000051602,1094549
71179000308,1094549
71179000324,1094549
71679010200,1094549
71679010250,1094549
72288005600,1094549
72288005662,1094549
72288005667,1094549
72476089924,1094549
76162002616,1094549
76168005602,1094549
76281060303,1094549
79481080804,1094549
79481082804,1094549
80513030250,1094549
80513030450,1094549
80513031650,1094549
81179004401,1094549
81522089916,1094549
82501005600,1094549
82706001601,1094549
82706001602,1094549
82706001603,1094549
82706001604,1094549
83059002401,1094549
83059011201,1094549
83324014824,1094549
84324001901,1094549
84324002401,1094549
85786060224,1094549
85828041893,1094549
55758051508,2739790
00067000712,1042695
00067010408,1042695
11523007601,1042695
55505021736,1042695
00031010004,2680300
00031010008,2680300
00031209466,2680300
00031209467,2680300
00113200900,2680300
00113200934,2680300
42507058100,2680300
42507058126,2680300
51316008908,2680300
51316018926,2680300
51316018934,2680300
57896059608,2680300
58593000508,2680300
70000073901,2680300
76162019826,2680300
35916018402,2377385
35916018403,2377385
35916018404,2377385
41100058930,2377385
55505023024,2684921
00043046108,1113705
00067812708,1113705
00113065630,1113705
00113065634,1113705
00113065638,1113705
00113065640,1113705
00363065630,1113705
00363065634,1113705
00363065638,1113705
00363065640,1113705
00363066634,1113705
00363066640,1113705
00363466112,1113705
00363991202,1113705
00363997408,1113705
11673076501,1113705
11822158301,1113705
11822158302,1113705
15127080810,1113705
21130058008,1113705
21130058012,1113705
21130086608,1113705
21130086612,1113705
21130094706,1113705
23900001435,1113705
23900001436,1113705
23900001577,1113705
24385000530,1113705
24385000534,1113705
24385000538,1113705
24385000540,1113705
30142065640,1113705
30142066612,1113705
36800052234,1113705
36800052238,1113705
36800052240,1113705
36800065630,1113705
36800065638,1113705
37000055508,1113705
37000055512,1113705
37205071934,1113705
37205071940,1113705
37808065638,1113705
37808065640,1113705
37808071883,1113705
37835052602,1113705
37835052630,1113705
37835052712,1113705
41163065634,1113705
41163065638,1113705
41163065640,1113705
41226077201,1113705
41250065640,1113705
41520003234,1113705
41520003240,1113705
42507052240,1113705
46122001533,1113705
49035014202,1113705
49035046612,1113705
49035072640,1113705
49348075337,1113705
49580046601,1113705
49580046602,1113705
49580046604,1113705
49580046606,1113705
49580050108,1113705
50066030204,1113705
50844025102,1113705
50844025145,1113705
51316012002,1113705
51316035034,1113705
51316035040,1113705
51316046608,1113705
51316046612,1113705
51316061712,1113705
51316062012,1113705
53942050628,1113705
53943050628,1113705
55301071202,1113705
55319003608,1113705
55319064612,1113705
55319096008,1113705
55758005525,1113705
55910036612,1113705
55910065634,1113705
55910065638,1113705
55910065640,1113705
55910080108,1113705
56062065640,1113705
57243050625,1113705
59779065630,1113705
59779065634,1113705
59779065638,1113705
59779065640,1113705
59779069108,1113705
60816015508,1113705
62011006502,1113705
63868002008,1113705
63868002012,1113705
63941046606,1113705
63941046608,1113705
63941046610,1113705
63941046612,1113705
66715553104,1113705
66715641504,1113705
66715661504,1113705
66715693104,1113705
67091028754,1113705
67091047112,1113705
68016014201,1113705
68016014206,1113705
69256046612,1113705
69423078804,1113705
69423078806,1113705
69423078808,1113705
69423078812,1113705
70000019101,1113705
70000019102,1113705
70677103101,1113705
71141017932,1113705
72288065634,1113705
72288065640,1113705
76281030428,1113705
76281030625,1113705
76281050625,1113705
76281050628,1113705
82501065600,1113705
83324016712,1113705
83324016808,1113705
84126031504,1113705
84379027504,1113705
84379044106,1113705
84379044112,1113705
85828077201,1113705
70134040308,1996081
55758050172,2691101
00031872102,1086997
00031872120,1086997
00113099451,1086997
00113099453,1086997
00113099460,1086997
00113099462,1086997
00113099473,1086997
00113210100,1086997
00280009501,1086997
00280009502,1086997
00280113420,1086997
00280159020,1086997
00280163016,1086997
00280163024,1086997
00280827524,1086997
00280828124,1086997
00363053402,1086997
00363053409,1086997
00363053410,1086997
00363085307,1086997
00363085316,1086997
00363085324,1086997
00363100001,1086997
00363100002,1086997
00363100303,1086997
00363114001,1086997
00363114002,1086997
00363116616,1086997
00363116724,1086997
00363659008,1086997
00363659021,1086997
00363899816,1086997
00363899824,1086997
00363901916,1086997
00904699544,1086997
11673084348,1086997
11673097524,1086997
11822198900,1086997
11822198909,1086997
11822339108,1086997
11822339109,1086997
11822385509,1086997
21130059824,1086997
21130065024,1086997
21130090024,1086997
23900001442,1086997
23900001443,1086997
23900001444,1086997
23900001446,1086997
23900003844,1086997
24385003662,1086997
30142008748,1086997
30142070462,1086997
30142070467,1086997
35916015501,1086997
35916018801,1086997
35916018802,1086997
35916018803,1086997
35916018804,1086997
35916091701,1086997
36800021553,1086997
36800021560,1086997
36800070062,1086997
36800070073,1086997
37000055808,1086997
37000055816,1086997
37000055824,1086997
37000055848,1086997
37000055872,1086997
37000058816,1086997
37205070562,1086997
37205070573,1086997
37808009316,1086997
37808084816,1086997
37808086416,1086997
37808099460,1086997
37808099462,1086997
37835052024,1086997
37835052096,1086997
41163084824,1086997
41163099824,1086997
41226069324,1086997
41520006824,1086997
42507070062,1086997
46122018473,1086997
46122033973,1086997
49035019324,1086997
49035019348,1086997
49035053422,1086997
49483069348,1086997
50066000143,1086997
50090647600,1086997
50804046816,1086997
50804046824,1086997
50804089816,1086997
51316089624,1086997
53345000401,1086997
53345002501,1086997
53345005201,1086997
55301060403,1086997
55319093322,1086997
55319096708,1086997
55319096716,1086997
55319096724,1086997
55629001202,1086997
55758050808,1086997
55758051408,1086997
55910098208,1086997
55910099451,1086997
55910099460,1086997
55910099462,1086997
56062021553,1086997
56062041762,1086997
56062041773,1086997
57243060403,1086997
58602076815,1086997
59450004648,1086997
59726085024,1086997
59726085048,1086997
59726089808,1086997
59726089816,1086997
59779047216,1086997
59779047248,1086997
59779099462,1086997
62011035501,1086997
63824069216,1086997
63868073624,1086997
66715557108,1086997
66715681508,1086997
67091039424,1086997
68016019916,1086997
68016019924,1086997
68016059816,1086997
68016059824,1086997
68016079716,1086997
68016087716,1086997
68016087724,1086997
68210505301,1086997
69168041729,1086997
69168041751,1086997
69168041793,1086997
69256089824,1086997
69423080048,1086997
69423099402,1086997
69423099408,1086997
69423099416,1086997
69423099424,1086997
69423099448,1086997
69517016010,1086997
69729000810,1086997
69729012010,1086997
69729012110,1086997
69729015210,1086997
69729080210,1086997
69842084816,1086997
69842084824,1086997
69842084848,1086997
69842089716,1086997
69842089724,1086997
69842089748,1086997
70000051501,1086997
70000075201,1086997
70677003701,1086997
71679010100,1086997
72090000501,1086997
72090006201,1086997
72288099400,1086997
72288099462,1086997
72288099467,1086997
72476084824,1086997
72476089824,1086997
72854012816,1086997
72854020316,1086997
76162006516,1086997
76162091224,1086997
76281060403,1086997
79481080704,1086997
79481082704,1086997
79903024512,1086997
80513030350,1086997
81179008801,1086997
81522089816,1086997
82501099400,1086997
83059002301,1086997
83059005001,1086997
83059009401,1086997
83059011301,1086997
83059011401,1086997
83059012801,1086997
83324014524,1086997
83558002101,1086997
84324001801,1086997
84324002301,1086997
85786060112,1086997
85828041793,1086997
00045027125,1094538
00067207720,1094538
00067813610,1094538
00067813620,1094538
00113006462,1094538
00363047008,1094538
00363047608,1094538
00363056007,1094538
00904578624,1094538
30142047008,1094538
36800037162,1094538
36800040262,1094538
36800051402,1094538
36800052105,1094538
36800092105,1094538
36800092402,1094538
37205075662,1094538
41163090708,1094538
41520013805,1094538
41520060302,1094538
46084012220,1094538
46122007362,1094538
46122041062,1094538
47682010836,1094538
47682010880,1094538
47682010899,1094538
49035056008,1094538
50580051501,1094538
53943013805,1094538
55301047008,1094538
56062040262,1094538
59779055508,1094538
59779087008,1094538
63187065224,1094538
63941047008,1094538
66715562803,1094538
67510215601,1094538
67510415601,1094538
68016002602,1094538
68998023805,1094538
69168032486,1094538
70000016801,1094538
70000065201,1094538
72036013805,1094538
85766016236,1094538
85766016280,1094538
66715671508,1312260
69517015506,1367205
69517015572,1367205
00067642601,1189316
00067642606,1189316
00067680202,1189316
00113002391,1189316
00363110406,1189316
00363547006,1189316
00363547906,1189316
46122031613,1189316
49035090791,1189316
55910050991,1189316
58933055001,1189316
58933055008,1189316
68163054706,1189316
70000015601,1189316
72288030391,1189316
72288080991,1189316
79903054101,1189316
82442012200,1189316
00043625706,1659967
00067377610,1659967
00067609401,1659967
00067609402,1659967
00067609403,1659967
00067680002,1659967
00067791701,1659967
00067791706,1659967
00067821101,1659967
00113009691,1659967
00363110006,1659967
11673054006,1659967
30142009691,1659967
30142011207,1659967
36800009691,1659967
36800054006,1659967
46122002213,1659967
55758038406,1659967
59779051291,1659967
67091032206,1659967
68163054006,1659967
49580141604,1291951
49580141606,1291951
00067011501,1369927
00182111511,1236419
37205042853,1236435
56062020060,1236435
50580034401,1250743
00067012101,2722932
00363698006,2173667
00363806345,2173667
11673069806,2173667
41250086906,2173667
51316006345,2173667
51316096345,2173667
63824021367,2173667
63824022366,2173667
63824050364,2173667
63824050366,2173667
63824050369,2173667
68163069806,2173667
69842088606,2173667
72854006304,2173667
72854014366,2173667
72854016766,2173667
79903011945,2173667
82442069806,2173667
72854016320,2549034
72854020920,2549034
72854023320,2549034
79903044808,2549034
00280002401,1536498
00280002402,1536498
71992015420,1536498
61787007015,1045532
00031223413,1090463
00031223419,1090463
00113098726,1090463
00363098726,1090463
00485020404,1090463
00485020416,1090463
00904646320,1090463
11673061304,1090463
21130008226,1090463
24385051926,1090463
30142098726,1090463
36800098726,1090463
37205096926,1090463
37808098726,1090463
41163098726,1090463
41520098726,1090463
49035008234,1090463
49348077534,1090463
49348077537,1090463
51316057803,1090463
51316064508,1090463
51316091603,1090463
52412092001,1090463
53041057703,1090463
56062098726,1090463
58605032016,1090463
59779036326,1090463
62011006301,1090463
63868077504,1090463
68016012804,1090463
68047014316,1090463
68788813401,1090463
68788833101,1090463
70000018901,1090463
70000063101,1090463
70030014816,1090463
70677012101,1090463
70677104401,1090463
80070031004,1090463
80070031008,1090463
82442046404,1090463
82442064504,1090463
68047012916,1423702
70147023016,1423702
28595080016,1486964
51991066016,1486964
58657053016,1486964
68047035016,1486964
75834006016,1486964
52083023701,1148155
52083023704,1148155
52083023705,1148155
52083023716,1148155
52083063716,1148155
53163010116,1148155
70147022316,1148155
42819010201,1304105
00363026326,1098497
45737020316,1245722
00121093304,1357010
00121093316,1357010
00527530264,1357010
00527530270,1357010
00574110404,1357010
00574110416,1357010
42192060704,1357010
42192060705,1357010
42192060716,1357010
42192060740,1357010
42192063004,1357010
42192063016,1357010
42192063040,1357010
50090562500,1357010
51672416508,1357010
51672416509,1357010
51991084704,1357010
51991084716,1357010
60432027504,1357010
60432027516,1357010
62135030205,1357010
62135030224,1357010
62135030247,1357010
62135030248,1357010
63187066404,1357010
63187093004,1357010
63187093016,1357010
63629205801,1357010
63629205901,1357010
63629208501,1357010
63629208601,1357010
63629861501,1357010
63629861601,1357010
67877055816,1357010
67877055817,1357010
68788797501,1357010
68999030205,1357010
68999030224,1357010
69452047855,1357010
69452047888,1357010
70518452600,1357010
70518452601,1357010
70518452602,1357010
70518452603,1357010
70518452604,1357010
70518452605,1357010
71930002618,1357010
71930002643,1357010
72162112302,1357010
72162112304,1357010
75907020704,1357010
75907020716,1357010
58605044101,1356812
45728044594,2167740
45737025016,1363752
52083065016,1363752
53809022204,1363752
58552013804,1363752
58552013904,1363752
65852000204,1363752
65852001704,1363752
65852001804,1363752
65852002116,1363752
76117000116,1363752
68047032116,1190174
49963011801,700949
49963053204,1291266
00485017116,1086443
51991013116,1086443
58605032116,1086443
68047018616,1086443
16477018601,1489310
12539077901,2167750
12539077916,2167750
16500050592,1536862
58552033701,2603661
58552033702,2603661
00485024001,1593105
58605011101,1593105
58605010301,2003130
53809024001,2167752
68025003310,1357894
64543010504,1423711
64543010516,1423711
58605044301,1359114
58809021708,2670541
50991012116,1812101
50991082616,1812101
69367035316,1812101
71321070016,1812101
83521011116,1812101
11026266202,1300195
52083005701,1303797
65852002001,1303797
50991078490,1946979
12830081616,1190600
12830081630,1190600
50991014216,2727430
50991014220,2727430
50991049216,1990881
69367033416,1990881
52083062516,1298433
58238022504,1298433
00363624808,2566814
69423098308,2566814
69423099908,2566814
69423099912,2566814
69036012016,1094350
70147023316,1094350
72854000116,2744506
72854000132,2744506
72854000150,2744506
58809095008,1808192
00363623808,2566816
69423077808,2566816
69423077816,2566816
69423094608,2566816
23900004024,2166123
69423092212,2166123
69423098206,2166123
00031209149,1370205
00031871612,1370205
50066030804,1370205
50066053624,1370205
53145069104,1370205
45737010516,1119541
52083023201,1119541
52083023204,1119541
52083023205,1119541
52083023216,1119541
52083065316,1119541
53163010316,1119541
54859060416,1119541
63102013016,1119541
00113083926,1043543
00363023408,1043543
00363033706,1043543
00363033709,1043543
00363051206,1043543
00363061503,1043543
00363068106,1043543
00363105688,1043543
00363407004,1043543
00363738909,1043543
00363776006,1043543
00363800445,1043543
00363905736,1043543
00363983926,1043543
11673033706,1043543
11673070404,1043543
11673073806,1043543
21130016204,1043543
21130073806,1043543
30142073806,1043543
30142083926,1043543
36800003706,1043543
36800083926,1043543
37808031725,1043543
41163004706,1043543
41163073806,1043543
41226093705,1043543
41250044606,1043543
41250077606,1043543
46122021930,1043543
46122023526,1043543
46122030530,1043543
46122036030,1043543
49035071503,1043543
49035077406,1043543
49035077409,1043543
49035097606,1043543
49348008834,1043543
50066051725,1043543
50428034565,1043543
50804033702,1043543
50804033706,1043543
50844000445,1043543
51316000445,1043543
51316081503,1043543
53041061503,1043543
53041061758,1043543
53145069706,1043543
53942051725,1043543
53943051725,1043543
55319020445,1043543
55758032206,1043543
55910003709,1043543
55910053706,1043543
59779063426,1043543
63824001465,1043543
63824028222,1043543
63824028264,1043543
63824028267,1043543
63824054066,1043543
63824054069,1043543
63824054081,1043543
63824054166,1043543
63824093966,1043543
63824094711,1043543
63824094901,1043543
63824094915,1043543
63824095664,1043543
63868074506,1043543
63941051725,1043543
68016013400,1043543
68016022100,1043543
68163073809,1043543
69256033706,1043543
69842057088,1043543
69842060704,1043543
69842075688,1043543
69842076706,1043543
69842094245,1043543
70000026101,1043543
70000062901,1043543
72288064904,1043543
72854013466,1043543
76162004045,1043543
76162005788,1043543
76281051725,1043543
79903017606,1043543
79903017699,1043543
79903027003,1043543
82442046904,1043543
83324007706,1043543
83324014406,1043543
58809055508,1429362
69367018408,1429362
58809085008,2265849
00031874214,1044949
00031874220,1044949
00113051626,1044949
00113051634,1044949
00113070326,1044949
00113070334,1044949
00363051626,1044949
00363051634,1044949
00363051640,1044949
00904653720,1044949
11584104604,1044949
11584104706,1044949
24286154604,1044949
24385090426,1044949
24385090434,1044949
30142051634,1044949
36800051626,1044949
36800051634,1044949
37205070926,1044949
37205070934,1044949
37808051634,1044949
41163051626,1044949
41163051634,1044949
49035051626,1044949
49035051634,1044949
49348073734,1044949
49348073737,1044949
50066030104,1044949
50066050424,1044949
50066051004,1044949
50066053324,1044949
50066053404,1044949
50804025604,1044949
52083064616,1044949
52959088304,1044949
53145069304,1044949
53145069504,1044949
53942050426,1044949
53943050426,1044949
55319020136,1044949
55758051208,1044949
55758051209,1044949
56062051626,1044949
56062051634,1044949
58593023504,1044949
58593023506,1044949
58593023508,1044949
58593023510,1044949
58593023529,1044949
59779051634,1044949
59779051640,1044949
62011009001,1044949
63868024404,1044949
63868024408,1044949
63941038204,1044949
63941082304,1044949
67091026618,1044949
67091047004,1044949
67091069104,1044949
68016012604,1044949
68016012608,1044949
70000013301,1044949
70000013302,1044949
70677118701,1044949
76281050424,1044949
83324015504,1044949
52083023104,1098647
52083023110,1098647
52083023116,1098647
52083063216,1098647
53163010416,1098647
59779041204,1098647
59779041208,1098647
37205069626,1486140
46122013826,1486140
46122013834,1486140
49035022908,1486140
54859060601,2268062
45737022116,1358620
45737020516,1251031
49963038104,1251031
49963081304,1251031
58407081016,1251031
58552010808,1251031
58552013004,1251031
58552013104,1251031
65852001104,1251031
65852001204,1251031
11026278004,1372451
52083067816,1372451
53145033315,1661314
52083062416,2728493
45737024916,1091331
52083023901,1091331
52083023904,1091331
52083023916,1091331
52083063916,1091331
54859051716,1091331
63102010416,1091331
11584111001,1095503
52083005501,1095503
52083064101,1095503
52083065501,1095503
58552010702,1095503
11026279002,1372459
52083067901,1372459
52083062216,880359
53163010616,880359
58552012516,880359
58552012904,1741944
12539089916,1000502
53809020301,1364914
53809020304,1364914
53809020316,1364914
63102011016,1364914
52083062301,1487369
58809019860,1874730
00363604809,1372652
00363604819,1372652
59779064801,1372652
59779064895,1372652
63824019320,1372652
63824019321,1372652
63824019330,1372652
63824051501,1372652
63824051520,1372652
68025001810,1357905
00642064510,1251401
49873030601,1245616
68025003510,1113490
75834004060,1603294
28595090660,1490000
29978058701,1552200
69367019890,1808604
50991074001,2172190
50991074002,2172190
52083023960,1305214
52083028960,1305214
58552031701,2167784
58552033120,2167784
58552033501,2603662
58552033502,2603662
45737020716,1098911
54859054404,1098911
54859054416,1098911
63102010216,1098911
52083062816,1435143
58238022804,1435143
58238023002,1435143
63102012016,1435143
54859060302,1241674
42192052316,1424919
45737020616,1098227
54859050206,1098227
54859050210,1098227
54859050216,1098227
63102010116,1098227
00363041502,1090468
11584110101,1114896
52083064810,1114896
68047024001,1424849
68047015301,2167676
60258026801,1430404
65224056001,1094460
29978060130,1426660
29978060190,1426660
29978058890,2368128
50991021401,1427998
50991021402,1427998
58605041701,2167782
58605041501,1300017
68047024201,2167783
68047024701,2167783
58605040701,1307253
68047015501,1307253
54859080160,1251296
50991044415,2639752
50991044416,2639752
50991013215,2639753
50991013216,2639753
50991022016,1427392
54859050816,2268058
28595080416,1492052
70868070416,1492052
70868074016,1492052
54859051416,2699313
28595031016,2707699
00363003404,1113397
24385098426,1113397
30142090326,1113397
30142098804,1113397
36800090326,1113397
46122003626,1113397
46122031026,1113397
50580029901,1113397
50580045601,1113397
55910003104,1113397
59779014004,1113397
68016014504,1113397
69842049426,1113397
76864020801,1370440
58552013604,2121065
58552013704,2121065
49873011301,1242747
49873011401,1245169
00280002203,1536477
00280002204,1536477
00280002205,1536477
00280008801,1536477
00280008802,1536477
00280826801,1536477
00280826816,1536477
00280826824,1536477
00280826848,1536477
00280826872,1536477
00280827124,1536477
16500058763,1536477
53145032002,1536477
66715653102,1536477
66715783102,1536477
66715983102,1536477
66715983108,1536477
66715983109,1536477
67751021701,1536477
67751021702,1536477
70264001601,1536477
48201000112,1193292
55758040712,1193292
63654080006,1193292
63654080012,1193292
00280005501,2557336
00280005502,2557336
55758050272,2557336
00280009201,1042688
00280009202,1042688
00280157010,1042688
00280157020,1042688
00280157040,1042688
16500055534,1042688
53345004501,1042688
00067208120,1086991
00067208124,1086991
00363047308,1086991
00363059108,1086991
11822475309,1086991
24385019562,1086991
36800001462,1086991
36800039362,1086991
36800091402,1086991
36800092502,1086991
37205095862,1086991
46122040962,1086991
49781001124,1086991
51467000701,1086991
51467000702,1086991
51467001201,1086991
51467001202,1086991
53943023902,1086991
56062039362,1086991
63941047308,1086991
67510115601,1086991
67510315601,1086991
68016002589,1086991
68016002604,1086991
68998013902,1086991
69168031986,1086991
72476023902,1086991
65131011195,1744049
65131010111,2709229
00067011401,2049283
00363014862,1366825
00182117716,1299662
00280119720,1299662
16500005401,1299662
16500005402,1299662
00927018707,1147795
23900000106,1299646
00067013624,1089968
00067611112,1089968
70134040208,1996098
00113001934,1431245
00113001940,1431245
00113076334,1431245
00113076340,1431245
00113250140,1431245
00363024108,1431245
00363033126,1431245
00363062334,1431245
00363062340,1431245
00363062350,1431245
00363076340,1431245
00363202940,1431245
00363590040,1431245
00363610412,1431245
00363614212,1431245
11673001240,1431245
11673032201,1431245
11673082801,1431245
11822051101,1431245
11822076301,1431245
11822409900,1431245
21130012940,1431245
23900003814,1431245
23900003815,1431245
23900003816,1431245
23900003822,1431245
23900003841,1431245
23900003842,1431245
23900003941,1431245
23900004161,1431245
23900004163,1431245
30142076340,1431245
36800029140,1431245
37000081201,1431245
37000081204,1431245
37000081208,1431245
37000081212,1431245
37000081224,1431245
37000081508,1431245
37000081512,1431245
37000081536,1431245
37808076340,1431245
41163076340,1431245
41226076701,1431245
41226077501,1431245
41250076340,1431245
41250076350,1431245
41250081140,1431245
41520056140,1431245
42507002040,1431245
42507076340,1431245
42507086140,1431245
46122003434,1431245
46122023334,1431245
46122029834,1431245
46122030034,1431245
49035080740,1431245
49580041608,1431245
49580416008,1431245
50580036901,1431245
50580057101,1431245
51316017940,1431245
51316053340,1431245
51316064112,1431245
51316071212,1431245
55319064108,1431245
55910071608,1431245
55910090034,1431245
55910090040,1431245
55910092840,1431245
56062076340,1431245
58593083006,1431245
59640042340,1431245
59779076334,1431245
59779076340,1431245
59779076350,1431245
68016031108,1431245
69423080708,1431245
69423080712,1431245
69423096806,1431245
69423096808,1431245
69423096812,1431245
69423098908,1431245
69423098912,1431245
69842080040,1431245
70000045301,1431245
70677016101,1431245
70677103001,1431245
72288018940,1431245
72288060140,1431245
72288063940,1431245
76162020240,1431245
79481899900,1431245
79903012212,1431245
79903019112,1431245
85828077501,1431245
87078087203,2733907
87078087232,2733907
16500050590,1536999
16500050591,1536999
00280009701,1297288
00280009702,1297288
00280119520,1297288
00280119540,1297288
00280160020,1297288
00280162020,1297288
00280164016,1297288
00280164024,1297288
00280827616,1297288
00280827624,1297288
00280828224,1297288
00363011424,1297288
00363101124,1297288
00363899724,1297288
11673098308,1297288
11673098324,1297288
11822385308,1297288
11822385608,1297288
16500057683,1297288
35916016701,1297288
35916018601,1297288
35916018602,1297288
35916018603,1297288
36800041104,1297288
37000051802,1297288
37000051808,1297288
37000051824,1297288
46122027260,1297288
51013016908,1297288
51013017504,1297288
51316052624,1297288
53345002001,1297288
53345005301,1297288
55319093408,1297288
55629001602,1297288
63868046824,1297288
68210421001,1297288
69842029008,1297288
69842038208,1297288
70692083784,1297288
72476099814,1297288
76162063724,1297288
76162081224,1297288
79903013424,1297288
79903024604,1297288
79903038724,1297288
81179000400,1297288
83324003824,1297288
83324022424,1297288
11822067708,1546881
23900003838,1546881
23900003839,1546881
29485505306,1546881
36800030762,1546881
37000052302,1546881
37000052324,1546881
37000081324,1546881
41250087708,1546881
46122030162,1546881
49035070862,1546881
50844067721,1546881
55910072500,1546881
66715640502,1546881
66715650503,1546881
66715651608,1546881
66715658102,1546881
66715990502,1546881
69423098624,1546881
72288072100,1546881
72288072162,1546881
79481009900,1546881
55758038201,2677914
55758038218,2677914
83059012901,2734621
00280092206,1534835
00280827206,1534835
16500055939,1534835
24385053060,1089822
84126036412,2723021
00067813208,1369842
00113060334,1369842
00113060340,1369842
00113229940,1369842
00363060334,1369842
00363060340,1369842
00363194040,1369842
00363415008,1369842
00363500140,1369842
00363610612,1369842
00363727012,1369842
11673060340,1369842
11822071001,1369842
11822312000,1369842
21130009140,1369842
21130043640,1369842
23900003812,1369842
23900003813,1369842
23900004162,1369842
30142060340,1369842
30142072212,1369842
36800060334,1369842
36800060340,1369842
37000053212,1369842
37000081001,1369842
37000081004,1369842
37000081008,1369842
37000081012,1369842
37000081024,1369842
37808060340,1369842
41163060340,1369842
41226076601,1369842
41226077401,1369842
41226078001,1369842
41250060340,1369842
41520071340,1369842
42507051140,1369842
42507060340,1369842
46122023434,1369842
49035047640,1369842
49580041508,1369842
50580025808,1369842
50580040308,1369842
50580051101,1369842
51316029340,1369842
51316041212,1369842
51316061340,1369842
51316068140,1369842
51316072712,1369842
55319014508,1369842
55910051508,1369842
55910057640,1369842
55910073734,1369842
59640030840,1369842
59779060334,1369842
59779060340,1369842
59779094108,1369842
69423075906,1369842
69423075908,1369842
69423075912,1369842
69423080608,1369842
69423080612,1369842
69423096408,1369842
69423099008,1369842
69423099012,1369842
70000019201,1369842
70677016001,1369842
70677102901,1369842
72288051540,1369842
72288055734,1369842
72288055740,1369842
72288060334,1369842
72288060340,1369842
76162050040,1369842
79481510000,1369842
79903012312,1369842
79903019012,1369842
82442011940,1369842
85828077401,1369842
69729005106,1790651
69729007006,1790651
69729078406,1790651
69729078506,1790651
69729078606,1790651
69729078706,1790651
69729078906,1790651
69729079006,1790651
00031875112,1116572
00031875118,1116572
00113101126,1116572
00113900726,1116572
00363041006,1116572
00363078206,1116572
00363088606,1116572
00363120930,1116572
00363336006,1116572
00363336106,1116572
00363405004,1116572
00363630008,1116572
00363800545,1116572
00363904245,1116572
11673029503,1116572
11673041006,1116572
11673077306,1116572
11822140000,1116572
21130003606,1116572
21130090903,1116572
27854029900,1116572
30142073106,1116572
37808031625,1116572
37808081140,1116572
41163003506,1116572
41163073706,1116572
46122021730,1116572
46122030330,1116572
46122044726,1116572
46122044734,1116572
49035033606,1116572
49035077109,1116572
50066031306,1116572
50066051625,1116572
50066051924,1116572
50428033768,1116572
51316032326,1116572
51316032334,1116572
51316063004,1116572
51316063008,1116572
53041061858,1116572
53145069606,1116572
53942051625,1116572
55319070545,1116572
55758044304,1116572
55910033609,1116572
55910039826,1116572
55910088606,1116572
59640001026,1116572
63824001566,1116572
63824001569,1116572
63824001764,1116572
63824027864,1116572
63824052703,1116572
63824054266,1116572
63824054833,1116572
63824054864,1116572
63824054866,1116572
63824054869,1116572
63824093766,1116572
63824094827,1116572
63824095217,1116572
63824095404,1116572
63824095864,1116572
63868074607,1116572
67091045706,1116572
68016022400,1116572
68163073709,1116572
69842000624,1116572
69842047536,1116572
69842056606,1116572
69842090306,1116572
69842090309,1116572
70000031301,1116572
70000062301,1116572
70134040108,1116572
72288046334,1116572
72854013366,1116572
72854013866,1116572
76162000026,1116572
76162000034,1116572
76162005045,1116572
79481630008,1116572
82442073706,1116572
83324014306,1116572
49035077203,1593450
53041062203,1593450
55758031106,1593450
58593082808,1593450
76281051924,1593450
65131001168,2712155
00280050520,1432488
00280050720,1432488
00363054609,1098435
00363546001,1098435
00363546008,1098435
00924014200,1098435
00924014201,1098435
11822546209,1098435
27854035001,1098435
36800047402,1098435
37808057402,1098435
41163071302,1098435
41250057402,1098435
47682004747,1098435
47682004780,1098435
47682004799,1098435
47682043536,1098435
47682043580,1098435
47682043599,1098435
47682073533,1098435
47682073599,1098435
47682083536,1098435
47682083580,1098435
47682083599,1098435
47682083636,1098435
47682083680,1098435
47682083699,1098435
50332014103,1098435
50332014104,1098435
50332014107,1098435
50580045001,1098435
50804017402,1098435
50804027402,1098435
51316054608,1098435
53809020501,1098435
53943027402,1098435
63868010224,1098435
63868072124,1098435
63941027402,1098435
72036027402,1098435
72476017402,1098435
73408083580,1098435
84269255601,1098435
84269255602,1098435
85766017401,1098435
00280006101,1656815
00280006102,1656815
00280829424,1656815
00363010924,1656815
00363052416,1656815
00363071916,1656815
00363117116,1656815
00363899624,1656815
00363901616,1656815
00363901716,1656815
00363979016,1656815
11673097216,1656815
11673097224,1656815
11673097816,1656815
11822385409,1656815
35916016601,1656815
37000051702,1656815
37000051708,1656815
37000051716,1656815
37000051724,1656815
41226062524,1656815
41226062816,1656815
41520098414,1656815
41520098514,1656815
51013011604,1656815
51013017404,1656815
51316052524,1656815
53345002101,1656815
55319062816,1656815
55629001502,1656815
63824051808,1656815
63824051816,1656815
63824059116,1656815
63824069308,1656815
63824069316,1656815
63868046724,1656815
63868067116,1656815
69729078210,1656815
69842009416,1656815
69842050516,1656815
69842061616,1656815
69842061716,1656815
69842078916,1656815
69842096916,1656815
70692083684,1656815
72854012608,1656815
72854012610,1656815
72854012616,1656815
72854012624,1656815
72854012716,1656815
72854020208,1656815
72854020216,1656815
76162063624,1656815
76162081124,1656815
79903016224,1656815
79903038624,1656815
81179000800,1656815
83324003724,1656815
83324016224,1656815
00067814501,1110988
00113023462,1110988
00113029962,1110988
00113030862,1110988
00113054862,1110988
00113450053,1110988
00113450062,1110988
00363037201,1110988
00363050307,1110988
00363050308,1110988
00363050322,1110988
00363064008,1110988
00363083962,1110988
00363617109,1110988
11673034702,1110988
11673096109,1110988
11822064008,1110988
11822503108,1110988
11822534709,1110988
11822617908,1110988
11822617909,1110988
23900003808,1110988
23900003809,1110988
23900003811,1110988
30142054862,1110988
30142070739,1110988
30142088839,1110988
36800023462,1110988
36800029802,1110988
36800029804,1110988
36800030862,1110988
36800050205,1110988
36800058162,1110988
36800069704,1110988
37000052402,1110988
37000052424,1110988
37000081124,1110988
37000081172,1110988
37205082862,1110988
37808017803,1110988
37808049704,1110988
37808059804,1110988
37808066305,1110988
41163005308,1110988
41163050308,1110988
41163081709,1110988
41226067524,1110988
41250019702,1110988
41250019704,1110988
41250056900,1110988
41250064308,1110988
41250066305,1110988
41250097902,1110988
41250098102,1110988
41250098104,1110988
42507016305,1110988
42507027803,1110988
46122007262,1110988
46122012662,1110988
46122019260,1110988
46122019360,1110988
46122023062,1110988
46122023262,1110988
46122029560,1110988
46122041862,1110988
46122046062,1110988
49035005308,1110988
49035005342,1110988
49035081362,1110988
49348010404,1110988
50269040225,1110988
50269055001,1110988
50580040201,1110988
50580040202,1110988
50580040226,1110988
50580040272,1110988
50804050308,1110988
50844064021,1110988
51316053008,1110988
51316062709,1110988
51316073162,1110988
53209100301,1110988
53209100302,1110988
53943016305,1110988
53943017803,1110988
53943019704,1110988
53943019804,1110988
53943019902,1110988
55910043200,1110988
55910043253,1110988
55910061309,1110988
55959013301,1110988
56062019702,1110988
56062019704,1110988
56062019802,1110988
56062019804,1110988
56062023462,1110988
56062030862,1110988
56062039902,1110988
57344016305,1110988
59779063162,1110988
59779088908,1110988
62011040601,1110988
62011044201,1110988
63824023720,1110988
63824023721,1110988
63824023744,1110988
63824023772,1110988
63824024220,1110988
63824051401,1110988
63824057504,1110988
63824057510,1110988
63824057520,1110988
63824057521,1110988
63824057544,1110988
63824057572,1110988
63868000324,1110988
63868058720,1110988
63868058820,1110988
63868058920,1110988
63941026305,1110988
63941039902,1110988
63941049704,1110988
63941049804,1110988
63941050908,1110988
66715630403,1110988
66715631508,1110988
66715640402,1110988
66715645607,1110988
66715645608,1110988
66715650403,1110988
66715651508,1110988
66715655602,1110988
66715658002,1110988
66715785602,1110988
66715975602,1110988
66715975603,1110988
66715990402,1110988
66715990403,1110988
66715990407,1110988
67091028824,1110988
67091029902,1110988
67414040200,1110988
67414040202,1110988
67751024001,1110988
67751024002,1110988
68016002588,1110988
68016054624,1110988
68016054720,1110988
68016054820,1110988
68016062520,1110988
68998026305,1110988
69423098724,1110988
69732000301,1110988
69842050308,1110988
69842072362,1110988
69842079602,1110988
70000028901,1110988
70000052501,1110988
70000063601,1110988
70264002502,1110988
70677010001,1110988
70677102701,1110988
72036015505,1110988
72036019902,1110988
72036029704,1110988
72036029804,1110988
72288035700,1110988
72288035762,1110988
72476016305,1110988
72476019702,1110988
72476019704,1110988
73097001102,1110988
73097001140,1110988
73097001150,1110988
79481503008,1110988
79481617009,1110988
79481617109,1110988
79481617209,1110988
79903021820,1110988
79903023510,1110988
83324010420,1110988
83324010520,1110988
83324010620,1110988
83324011124,1110988
85766017912,1110988
55758038101,2677915
55758038118,2677915
47682013999,1367204
47682042513,1367204
47682042533,1367204
47682082213,1367204
47682082233,1367204
47682082248,1367204
50332012904,1367204
50332012907,1367204
55670014313,1367204
55758036102,1367204
55758036199,1367204
69729014302,1367204
69729014306,1367204
69729014372,1367204
82652003201,1367204
58605043501,1484879
00280092106,1550968
00280827306,1550968
16500055942,1550968
00363045102,1090476
84126036312,2723022
50991053501,1673869
50991053502,1673869
58605043201,1359154
00363807845,2173662
11673087203,2173662
63824026966,2173662
63824027066,2173662
63824050166,2173662
63824050466,2173662
63824093866,2173662
63824095964,2173662
63854050466,2173662
69842096606,2173662
72854014066,2173662
72854025066,2173662
72854023808,2608082
72854023816,2608082
72854023916,2608082
72854023402,2549037
72854023420,2549037
72854024020,2549037
00280002301,1537029
00280002302,1537029
00280002303,1537029
00280012101,1537029
00280012102,1537029
00280155520,1537029
00280826516,1537029
00280826524,1537029
00280826716,1537029
00280826724,1537029
00280826748,1537029
16500059886,1537029
00280006801,2565491
00280002101,1536503
00280143020,1536503
00280143032,1536503
00280154520,1536503
65131011687,1743369
70893001200,1246254
70893001201,1246254
23900001437,1114041
37000056512,1114041
12090001401,1246340
70893001100,1246340
70893001101,1246340
00927051312,1483723
51672025048,1483726
00372004304,1422935
15187004304,1422935
00372004416,2122389
00043626404,1536157
58593029504,1099285
58593029506,1099285
00536106834,1111766
17856017201,1373128
17856017202,1373128
50090022400,1373128
63824017122,1373128
63824017163,1373128
63824017165,1373128
63824017175,1373128
63824017263,1373128
63824017265,1373128
63824017363,1373128
63824017365,1373128
63824017522,1373128
63824017563,1373128
63824017565,1373128
63824017575,1373128
63824017763,1373128
63824017765,1373128
50090293500,1092424
50580053404,1049908
50580053408,1049908
50580053416,1049908
50580053418,1049908
50580053501,1049908
50580053502,1049908
50580053504,1049908
50580053508,1049908
50580057304,1049908
54838013540,1094393
54838013570,1094393
54838013580,1094393
68071132504,1094393
00363009208,1086767
00363010104,1086767
00363010612,1086767
00363014178,1086767
00363029304,1086767
00363037926,1086767
00363037934,1086767
00363041804,1086767
00363071008,1086767
00363071010,1086767
63824074416,1039255
63824074436,1039255
63824074494,1039255
81968003022,2741703
81968004514,2611266
81968004530,2611266
81968004531,2611266
81968004560,2611266
59148005307,1040058
59148005316,1040058
59148005398,1040058
64597030113,1040058
64597030160,1040058
63736011027,1872897
63736020501,1872897
67172001511,1045541
67172001611,1045541
78112001511,1045541
78112080122,1045541
60432083704,1358993
60432083716,1358993
69437060504,1358993
69437060516,1358993
51316063508,2683422
69536035508,2683422
69536036512,2683422
82442036508,2683422
00363003102,1360638
00363939332,2683425
72854008332,2683425
84126031212,2685490
82673090108,2683226
69676009203,2693776
00067012201,2679426
00067012301,2679426
58933055406,2679426
58933055416,2679426
58933055606,2679426
58933055616,2679426
79903035012,2679426
00031209499,2362250
00031209901,2362250
00363757008,2362250
69842065708,2119625
69676011009,2743069
79903041416,2743625
00031209554,2722413
00031210201,2722413
00031205901,2056073
00031209448,2056073
00031209581,2056073
00031210301,2056073
00031283401,2056073
00363091312,2056073
51316043419,2056073
51316043936,2056073
69842092912,2056073
50428054582,1795585
00067811208,1730190
00363042208,1730190
00067820601,2604635
00280828724,2744508
11523476501,1250983
00067816101,2604579
50580055101,2604579
51316098403,2604579
00067792302,2636659
00363559012,2636659
51316055906,2636659
51316060907,2636659
76162055912,2636659
82442055912,2636659
00363622016,2637756
51316066607,2637756
69423084524,2637756
69676009503,2693777
50580013224,2676954
50580014103,2676954
69168001315,2676954
82706001701,2676954
82706001801,2676954
11523012401,2687211
36800030102,2687211
76162090302,2687211
84126030924,2687211
84126034416,2687211
69676007903,2692304
84126035824,1242575
51316093724,2663936
69423080548,2663936
72854016810,2663936
72854016824,2663936
72854016848,2663936
84126035424,2713313
84126035448,2713313
11523010001,2612689
51316096124,2612689
72854021724,2612689
00067000714,2695452
00067010701,2695452
63824011866,2287760
69842069612,2287760
72854016026,2287760
72854016526,2287760
72854006204,2744509
00363191102,2717875
11673047464,2717875
72854016910,2717875
72854016920,2717875
72854016940,2717875
79903043220,2717875
11673059102,2717656
41226067802,2717656
72854021010,2717656
72854021020,2717656
72854021040,2717656
63824021822,2637730
63824022022,2637730
00363005908,1666116
00363459008,1666116
11673005908,1666116
51316093904,1666116
80070035008,1666116
80070036012,1666116
82442053608,1666116
69423078016,2644878
69423078024,2644878
69423099712,2626497
11673075783,1648203
11673084883,1648203
41226077883,1648203
51316087583,1648203
69423080296,1648203
00067812516,1803669
59779068616,1803669
00113621902,2637726
00363056702,2637726
00363121302,2637726
00363121399,2637726
00363173302,2637726
00363467024,2637726
11673002102,2637726
11673082302,2637726
11673092102,2637726
21130046724,2637726
21130096702,2637726
30142066724,2637726
37000003324,2637726
41163056702,2637726
41226079002,2637726
41250073302,2637726
49035071802,2637726
50066030402,2637726
51316012302,2637726
51316012396,2637726
51316061812,2637726
59779056702,2637726
67091037112,2637726
69256046724,2637726
69423079812,2637726
69423079824,2637726
69423097412,2637726
69423097416,2637726
69423099316,2637726
72288073302,2637726
82501073301,2637726
85828077302,2637726
00363072924,2634564
00363114204,2634564
00363221124,2634564
00363221248,2634564
00363901124,2634564
00363901248,2634564
11673096948,2634564
11822085104,2634564
21130005848,2634564
21130069548,2634564
21130090148,2634564
23900001452,2634564
24689015201,2634564
30142023374,2634564
36800058072,2634564
37808019148,2634564
41163085048,2634564
41163090148,2634564
49035019248,2634564
49483069548,2634564
55301060505,2634564
55319056624,2634564
55910081172,2634564
56062009000,2634564
56062071772,2634564
59450004848,2634564
59726090124,2634564
62011043701,2634564
67091033648,2634564
67091039348,2634564
68016020348,2634564
68016060048,2634564
68016079948,2634564
68016087948,2634564
69168043815,2634564
69256090148,2634564
69423099612,2634564
69423099624,2634564
69423099648,2634564
69423099660,2634564
69423099672,2634564
69842085224,2634564
69842085248,2634564
69842089624,2634564
69842089648,2634564
70677102801,2634564
72288058072,2634564
72476085048,2634564
72476090148,2634564
79481087808,2634564
79481088808,2634564
81522090148,2634564
82501121101,2634564
82706000401,2634564
83558002002,2634564
84324002001,2634564
84324002501,2634564
85828069548,2634564
00067680402,2640034
00067791912,2640034
00067820001,2640034
00363131955,2640034
00363548012,2640034
11673087755,2640034
49035094812,2640034
58933054216,2640034
59779076812,2640034
72288019155,2640034
00067640312,1428880
00363110212,1428880
11673054212,1428880
59779065455,1428880
00363406345,2390630
51316046399,2390630
63824011766,2390630
72854016626,2390630
72854024240,2560238
00363086212,2637728
00363420008,2637728
11673042008,2637728
49035093804,2637728
55910056212,2637728
63824028722,2637728
63824094434,2637728
63824095574,2637728
69842046212,2637728
69842082008,2637728
82442047608,2637728
63824055840,2634815
00067208220,2634560
00067208224,2634560
36800025056,2634560
36800092702,2634560
41163052908,2634560
46122041162,2634560
49035093108,2634560
50580028220,2634560
50580036920,2634560
50804055102,2634560
50844052909,2634560
56062025004,2634560
56062049604,2634560
57344015003,2634560
63868001520,2634560
83324009320,2634560
50580037401,2558505
00280004001,2634363
00280009801,2634363
00280009901,2634363
00280012501,2634363
00280112220,2634363
00280112240,2634363
00280118720,2634363
00280158020,2634363
00280158140,2634363
00280161020,2634363
00280165016,2634363
00280168024,2634363
00280828324,2634363
00280828816,2634363
00280828824,2634363
00363103102,2634363
00363555224,2634363
00363907724,2634363
00363908024,2634363
00363989020,2634363
49035067416,2634363
51013016808,2634363
51316054724,2634363
55319093502,2634363
79903013320,2634363
79903031520,2634363
79903038316,2634363
11673069112,2637729
00031209404,1424850
00363046312,1424850
00363914012,1424850
11673079401,1424850
00363091208,2634562
00363091209,2634562
63824051110,2634816
63824051120,2634816
63824051140,2634816
63824051601,2634816
79903023620,2634816
63824013666,2288826
63824011566,2397132
63824011666,2397132
00280010901,2664074
00280011001,2664074
00280828524,2664074
00280828548,2664074
00280006901,2565492
00280008601,2565492
00280002501,1730187
00280155020,1730187
11822503408,2634819
37808028601,2634819
50580041401,2634819
50580041403,2634819
50580041404,2634819
50844054708,2634819
51316050908,2634819
53943018601,2634819
55301054708,2634819
55910057308,2634819
63868023816,2634819
63981070295,2634819
69842080308,2634819
72036018601,2634819
79481503408,2634819
83324009224,2634819
00113597002,2637731
00363057702,2637731
00363159702,2637731
00363610524,2637731
11673032802,2637731
11673073902,2637731
11673079102,2637731
11673082402,2637731
11822032801,2637731
23900001778,2637731
36800059702,2637731
37000004524,2637731
37000081424,2637731
41226077602,2637731
41250059702,2637731
41250091902,2637731
49035071402,2637731
50580023101,2637731
50580024101,2637731
50580052601,2637731
50580052901,2637731
51316015624,2637731
55319013816,2637731
55910093116,2637731
59779059702,2637731
69423080824,2637731
69423099124,2637731
72288059702,2637731
72288071102,2637731
76162041702,2637731
79903034824,2637731
84126032624,2637731
85828077602,2637731
00280003501,2634364
00280006201,2634364
00280828616,2634364
00280828624,2634364
00363072324,2634364
00363074424,2634364
00363074624,2634364
00363074648,2634364
00363077524,2634364
00363221024,2634364
00363221824,2634364
00363899448,2634364
00363899524,2634364
00363989624,2634364
11673098424,2634364
37000093412,2634364
37000093424,2634364
37000093448,2634364
37000093472,2634364
49035058604,2634364
49035058704,2634364
51316052724,2634364
51316052748,2634364
63824051924,2634364
63824051948,2634364
63824059424,2634364
63824069024,2634364
69842044224,2634364
69842045124,2634364
69842090624,2634364
69842090824,2634364
72854012924,2634364
72854014410,2634364
72854020424,2634364
76162067824,2634364
76162067924,2634364
76162082312,2634364
76162082412,2634364
00363640608,2634817
00363640622,2634817
30142005190,2634817
41250084022,2634817
49035079602,2634817
51316064722,2634817
55301062008,2634817
55910064390,2634817
63981079581,2634817
69423098824,2634817
69423098848,2634817
72288000290,2634817
72288050272,2634817
79481520000,2634817
00363427845,2637727
11673028601,2637727
63824050526,2637727
63824094026,2637727
63824096024,2637727
72854013526,2637727
72854013926,2637727
72854015426,2637727
00280050620,1927849
00363961764,2560237
11673034364,2560237
49483072664,2560237
72584024340,2560237
72854024110,2560237
72854024120,2560237
72854024140,2560237
72854024310,2560237
72854024320,2560237
72854024340,2560237
00280828412,1804384
69842054612,1804384
84126036524,2723023
81968034503,2744513
81968034501,2744515
44567060004,1788947
44567060104,1788947
70069075801,1788947
70069075804,1788947
70069075901,1788947
70069075904,1788947
00143953201,309710
00143953225,309710
00781329772,309710
00781329795,309710
16729023930,309710
16729023993,309710
16729043293,309710
17478005502,309710
36000026201,309710
36000026205,309710
36000026210,309710
36000026225,309710
42023014625,309710
55150020902,309710
57664059640,309710
57664059650,309710
63323042101,309710
63323042102,309710
63323042116,309710
65219064201,309710
65219064202,309710
66794023002,309710
66794023042,309710
66794023302,309710
66794023342,309710
67457025100,309710
67457025102,309710
68083052725,309710
70860060502,309710
70860060503,309710
70860060541,309710
71288050502,309710
71288050503,309710
71872703001,309710
71872703101,309710
71872712201,309710
71872721801,309710
71872732301,309710
83634060002,309710
83634060041,309710
84549023042,309710
84549050503,309710
00781349380,1718900
00781349395,1718900
63323067102,1718900
63323067120,1718900
68094004701,1718900
68094004710,1718900
71225012601,1718900
71225012604,1718900
84549049395,1718900
00143952601,1718906
00143952610,1718906
00338955524,1718906
00781349491,1718906
00781349495,1718906
25021061550,1718906
42023018601,1718906
42023018620,1718906
43066055524,1718906
43066056124,1718906
43598097611,1718906
43598097658,1718906
44567060224,1718906
52536012501,1718906
52536012510,1718906
55150029601,1718906
55150029610,1718906
63323067105,1718906
63323067150,1718906
66794023402,1718906
66794023444,1718906
67457092400,1718906
67457092450,1718906
68083023820,1718906
68094014701,1718906
68094014720,1718906
70121138801,1718906
70121138808,1718906
70121171101,1718906
70121171102,1718906
70121171109,1718906
71225012602,1718906
71225012605,1718906
71225013201,1718906
71225013202,1718906
72572012701,1718906
72572012710,1718906
00143952501,1718909
00143952510,1718909
00338955712,1718909
00781349546,1718909
00781349595,1718909
25021061551,1718909
25021061782,1718909
42023018701,1718909
42023018710,1718909
43066055712,1718909
43066056512,1718909
43598097511,1718909
43598097558,1718909
44567060324,1718909
52536012601,1718909
52536012608,1718909
55150029701,1718909
55150029710,1718909
63323067100,1718909
63323067101,1718909
66794023502,1718909
66794023541,1718909
67457092500,1718909
67457092510,1718909
68083023910,1718909
68083065710,1718909
68094024701,1718909
68094024710,1718909
70121138901,1718909
70121138907,1718909
70121171201,1718909
70121171202,1718909
70121171203,1718909
71225012603,1718909
71225012606,1718909
71225013301,1718909
71225013302,1718909
72572012801,1718909
72572012808,1718909
00143919801,2396891
00143919810,2396891
11695696701,1535228
68504000610,1535228
86101006141,1535228
54771105001,1732674
81092112000,2601126
81092112001,2601126
81092112003,2601126
81092118000,2601131
81092118001,2601131
81092118003,2601131
00404993802,284397
00409163802,284397
00409163832,284397
00409166020,1718902
00409166022,1718902
00409330101,1718902
00409330110,1718902
00409145401,1718907
00409145420,1718907
00409166050,1718907
00409166055,1718907
00409459601,1718907
00409459620,1718907
00409783801,1718907
00409783824,1718907
00409015501,1718910
00409015502,1718910
00409117401,1718910
00409117410,1718910
00409159601,1718910
00409159610,1718910
00409166010,1718910
00409166035,1718910
00409785301,1718910
00409785324,1718910
00409143401,2396892
00409281501,2396892
00409787501,2396892
00409787512,2396892
54771280601,1535226
46066008813,2535256
54771280501,1535230
17033000510,2268610
69043003810,2665898
86136010531,2532532
86136015231,2532532
00093412573,834046
00093412574,834046
00781612046,834046
00781612048,834046
67253020210,834046
67253020220,834046
68788985301,834046
68788985302,834046
00093412773,834040
00093412774,834040
00781612146,834040
00781612148,834040
33261094901,834040
50090040900,834040
63187053300,834040
63187053320,834040
67253020310,834040
67253020320,834040
68071182002,834040
68788985201,834040
68788985202,834040
00093117201,834061
00093117210,834061
00143983701,834061
00143983710,834061
00781120501,834061
00781120510,834061
16714023401,834061
16714023402,834061
33358028420,834061
33358028430,834061
33358028440,834061
33358028460,834061
43063062240,834061
43063070406,834061
43063070420,834061
43063070428,834061
43063070440,834061
49999000240,834061
50090228600,834061
50090228602,834061
50090228603,834061
50090228604,834061
50090228700,834061
50090330700,834061
50090330701,834061
50090337400,834061
50090337402,834061
50090337403,834061
50090337404,834061
50090342500,834061
50090342501,834061
50090350600,834061
50090350602,834061
50090350603,834061
50090350604,834061
52959033320,834061
52959033324,834061
52959033328,834061
52959033330,834061
52959033340,834061
57237004001,834061
57237004099,834061
58864037940,834061
63187067620,834061
63187067630,834061
63187067640,834061
63629273802,834061
63629505001,834061
65862017501,834061
65862017599,834061
66267015906,834061
66267015920,834061
66267015930,834061
66267015940,834061
68071224406,834061
68071317602,834061
68071317603,834061
68071317604,834061
68071317606,834061
68071317608,834061
68071340104,834061
68071342706,834061
68071356204,834061
68071429803,834061
68071429804,834061
68071429806,834061
68071429808,834061
68071429809,834061
68071469704,834061
68071469708,834061
68071475306,834061
68071475308,834061
70518431000,834061
70518431001,834061
71335270201,834061
72789014606,834061
72789014620,834061
72789014628,834061
72789022301,834061
72789024520,834061
72789024528,834061
72789024540,834061
72789036628,834061
00093117401,834102
00093117410,834102
00093519501,834102
00143983601,834102
00143983610,834102
00781165501,834102
00781165510,834102
16714023501,834102
16714023502,834102
33358028520,834102
33358028530,834102
33358028540,834102
33358028560,834102
42708009814,834102
43063009604,834102
43063009606,834102
43063009615,834102
43063009620,834102
43063009628,834102
43063009630,834102
43063009640,834102
43063055704,834102
43063055706,834102
43063055715,834102
43063055720,834102
43063055728,834102
43063055730,834102
43063055740,834102
43063057628,834102
43063057640,834102
43063061440,834102
43063068040,834102
43063078006,834102
43063078015,834102
43063078020,834102
43063078028,834102
43063078030,834102
43063078040,834102
43063099528,834102
43063099540,834102
50090321001,834102
50090321002,834102
50090321004,834102
50090321006,834102
50090465100,834102
50090465101,834102
50090465201,834102
50090465202,834102
50090465204,834102
50090465205,834102
50090465206,834102
50090554300,834102
50090554301,834102
50090554302,834102
50090554304,834102
50090554305,834102
50090554306,834102
50090667500,834102
50090667501,834102
51655001103,834102
51655001120,834102
51655001151,834102
51655001152,834102
52959021301,834102
52959021310,834102
52959021320,834102
52959021324,834102
52959021328,834102
52959021330,834102
52959021340,834102
55700023028,834102
55700057240,834102
55887098021,834102
55887098028,834102
57237004101,834102
57237004105,834102
57237004199,834102
58864061228,834102
61919064928,834102
61919064930,834102
61919064940,834102
63187075620,834102
63187075630,834102
63187075640,834102
63187092620,834102
63187092630,834102
63187092640,834102
63629422801,834102
63629422901,834102
63629423601,834102
63629762301,834102
63629792801,834102
63629911001,834102
65862017601,834102
65862017605,834102
65862017699,834102
66267016020,834102
66267016028,834102
66267016030,834102
66267016040,834102
66336009520,834102
66336009528,834102
66336009530,834102
66336009540,834102
67296226102,834102
67296226104,834102
68071329904,834102
68071329906,834102
68071329909,834102
68071364003,834102
68071364004,834102
68071364008,834102
68071483803,834102
68071483808,834102
68071508106,834102
68788824202,834102
68788824204,834102
70518275800,834102
70518275801,834102
70518275802,834102
70518275803,834102
70518275804,834102
70518275805,834102
70518275806,834102
70518275807,834102
70518275808,834102
70518275809,834102
70518287701,834102
70518344100,834102
70518344101,834102
70518344102,834102
70518344103,834102
70518344104,834102
70518344105,834102
70518465700,834102
70934003520,834102
70934003530,834102
70934003540,834102
70934003591,834102
70934003593,834102
70934003594,834102
72789022201,834102
72789022230,834102
58198566700,584596
17033038204,1789689
00121109155,2727399
14335073010,2727399
00378627045,465355
31722026631,465355
40032003800,465355
40032003860,465355
43386003860,465355
59762093503,465355
65162091322,465355
70436023039,465355
72673011130,465355
00378162693,349435
00781566705,349435
00781566706,349435
00781566710,349435
00781566713,349435
00781566731,349435
00904659604,349435
16714019801,349435
27241006203,349435
40032008830,349435
43386008803,349435
43386008805,349435
43386008830,349435
43386008831,349435
43547037703,349435
43547037750,349435
48433014601,349435
48433014603,349435
51079016401,349435
51079016403,349435
51079016420,349435
59762093401,349435
60687029411,349435
60687029421,349435
64980027403,349435
65841083001,349435
65841083005,349435
65841083006,349435
65841083010,349435
65841083016,349435
65841083030,349435
65841083077,349435
65862089101,349435
65862089103,349435
65862089105,349435
65862089110,349435
65862089130,349435
68462057213,349435
68462057230,349435
68462057290,349435
72578006201,349435
72578006205,349435
72578006206,349435
72578006210,349435
72578006216,349435
72578006230,349435
72578006277,349435
00781341694,351209
31722022431,351209
39822107701,351209
47781046671,351209
55150032101,351209
65219019030,351209
68083032101,351209
70436002980,351209
70594006701,351209
71288002730,351209
72266013101,351209
72572087501,351209
72843044101,351209
00378164093,349434
00781566805,349434
00781566806,349434
00781566810,349434
00781566813,349434
00781566831,349434
00904702404,349434
16714019901,349434
27241006303,349434
40032008930,349434
43386008903,349434
43386008905,349434
43386008930,349434
43386008931,349434
43547037803,349434
43547037850,349434
48433014701,349434
48433014703,349434
50268080311,349434
50268080312,349434
51079016501,349434
51079016503,349434
51079016520,349434
51407013330,349434
59762093601,349434
60687027311,349434
60687027321,349434
63629873401,349434
63739000833,349434
63739070733,349434
64980027503,349434
65841083101,349434
65841083105,349434
65841083106,349434
65841083110,349434
65841083116,349434
65841083130,349434
65841083177,349434
65862089201,349434
65862089203,349434
65862089205,349434
65862089210,349434
65862089230,349434
68084053825,349434
68084053895,349434
68462057313,349434
68462057330,349434
68462057390,349434
71335291101,349434
72162119803,349434
72578006301,349434
72578006305,349434
72578006306,349434
72578006310,349434
72578006316,349434
72578006330,349434
72578006377,349434
00049316044,546624
00049317030,352218
00049319001,352220
00049319028,352220
00049419001,352220
00049318030,352219
10432009101,105686
11917003928,105686
69618007158,1112803
10432007001,199364
00761037220,309595
10135033063,309595
11917003929,309595
11917007928,309595
49348008910,309595
49348039210,309595
50268085211,309595
50268085215,309595
52735004601,309595
54629005801,309595
57896085601,309595
74312001170,309595
80681007100,309595
10432015801,199374
10432015802,199374
00536141638,309604
00904421813,309604
10135033163,309604
43292012349,309604
50268085311,309604
50268085315,309604
54629058001,309604
54738000133,309604
68016002222,309604
79854020055,309604
80681016500,309604
27917027096,2185309
10432024101,199365
10432024102,199365
90011018015,199365
00761044020,313896
10135033263,313896
10939095710,313896
11917006545,313896
11917007930,313896
11917013971,313896
11917013972,313896
20555003200,313896
31604001079,313896
31604001290,313896
37205049178,313896
40093010600,313896
50268085411,313896
50268085415,313896
51645091301,313896
52735004801,313896
54629058501,313896
54738000201,313896
54738000233,313896
57896088601,313896
68016030310,313896
69375001310,313896
74312001370,313896
77333093710,313896
77333093725,313896
79854020060,313896
80681007200,313896
80681012800,313896
83035182001,313896
83035182005,313896
74312003595,636371
43386023760,861113
43386023770,861113
45802049100,861113
45802049184,861113
88395002434,198890
40093010111,1374869
40093010225,1374869
74312071950,1374869
07610022120,237776
10939095711,237776
11917003941,237776
11917006548,237776
11917007931,237776
31604002730,237776
31604002929,237776
40093011099,237776
40985021104,237776
78742000985,237776
31604002732,245557
31604004130,245557
31604002717,242698
00536136601,309593
00904740361,309593
10006070022,309593
10006070163,309593
10006070165,309593
10135032963,309593
10135065201,309593
10135065250,309593
10135065263,309593
11845006935,309593
20555000600,309593
20555001600,309593
31604002731,309593
37205049572,309593
37864091401,309593
40093010137,309593
40093010602,309593
45861006901,309593
50268085511,309593
50268085515,309593
51645091401,309593
52735004713,309593
54629001045,309593
54629058605,309593
54738000301,309593
54738000333,309593
54738000350,309593
57896089601,309593
68016033260,309593
68094011559,309593
68094011561,309593
69375000710,309593
71085011305,309593
74312001380,309593
77333093810,309593
77333093825,309593
83035182101,309593
83035182105,309593
11845009661,237779
35046001130,237779
60142011710,237779
63629438001,237779
63629438002,237779
63629438003,237779
63629438004,237779
63629438005,237779
68016033160,237779
00143961901,309594
00143961910,309594
00143962001,309594
00143962010,309594
00143962101,309594
00143962125,309594
00404978330,309594
00404978610,309594
00517003101,309594
00517003125,309594
00517003201,309594
00517003225,309594
00517013001,309594
00517013005,309594
13985040004,309594
13985040005,309594
13985040006,309594
16714016501,309594
16714016525,309594
16714030201,309594
16714030210,309594
16714060901,309594
16714060905,309594
25021050201,309594
46066020203,309594
46066020204,309594
46066020205,309594
49910002929,309594
50090622900,309594
50989042612,309594
50989042615,309594
51662139401,309594
51662139402,309594
51662139403,309594
51662144001,309594
51662164702,309594
51662164703,309594
51662170301,309594
51662170302,309594
51662170303,309594
55150036401,309594
55150036410,309594
55150036425,309594
57319050205,309594
57319050206,309594
57561001104,309594
57561001105,309594
57561001106,309594
58005040004,309594
58005040005,309594
58005040006,309594
60270033110,309594
60270033113,309594
60270033117,309594
63323004400,309594
63323004401,309594
63323004441,309594
63323004444,309594
67457039910,309594
67457039925,309594
67457040005,309594
67457040031,309594
68001054259,309594
68001054260,309594
68001064059,309594
68001064060,309594
68083044925,309594
68083056125,309594
68083056201,309594
69680011201,309594
69680011210,309594
69680011225,309594
69680011310,309594
69680011399,309594
69680012105,309594
69680012110,309594
69680012130,309594
70069000501,309594
70069000510,309594
70069017101,309594
70069017105,309594
70069017110,309594
70069017201,309594
70069017210,309594
70069017225,309594
70512084001,309594
70512084025,309594
70710166301,309594
70710166307,309594
70710166401,309594
70710166406,309594
70710166407,309594
70710166501,309594
70710166505,309594
70756063510,309594
70756063525,309594
70756063581,309594
70756063610,309594
70756063625,309594
70756063705,309594
70756063710,309594
70756063788,309594
70771168801,309594
70771168807,309594
70771168901,309594
70771168906,309594
70771168907,309594
70771169001,309594
70771169005,309594
71288030001,309594
71288030002,309594
71288030091,309594
71288030092,309594
71288030110,309594
71288030111,309594
71288030230,309594
71288030301,309594
71288030302,309594
71288030391,309594
71288030392,309594
72603065001,309594
72603065025,309594
72843048701,309594
72843048710,309594
72843048725,309594
76420007525,309594
76420011125,309594
76420061825,309594
85766002901,309594
85766002925,309594
87188011101,309594
87188011190,309594
87188011201,309594
87188011301,309594
11917010170,1423423
11917013852,1423423
11917007933,237777
11917013368,237777
02669093320,2171138
33674040440,200165
31604002718,1245015
00761051612,198891
40985027112,198891
54629055100,198891
74312003860,198891
74312058911,198891
31604002719,855213
31604002817,855213
13985042604,1006047
46066022604,1006047
46066022605,1006047
50989042712,1006047
58005042604,1006047
58005042605,1006047
59051908705,1006047
60270033010,1006047
86136001910,1006047
54629898001,1488563
90011018004,1804852
90011018028,1804852
35515096769,1291288
47469006672,1291288
81131071774,1291288
87701019052,1291288
74312053795,1606305
31604002886,1653780
11845014818,199184
40985027113,199184
68016055330,199184
74312001471,199184
74312058912,199184
11695123005,2001499
13985005685,2001499
59051908805,2001499
30768018565,835519
11917015663,797238
10432019801,199240
10432019802,199240
30727043406,808611
30727043506,808513
11694071201,763597
11694071202,763597
52083061210,259711
58607011200,309606
10432035801,748672
69367022209,1145991
69367022409,1146002
54629038382,359541
60010089076,2711570
60010089077,2711570
73352089030,2711570
00245018311,359542
51991025201,359542
68016002125,1244146
42192036860,1193037
58005061004,1314636
58005061005,1314636
29983271301,1314626
30798033213,1314626
30798033217,1314626
46066020604,1314626
46066020605,1314626
46066020606,1314626
50989043112,1314626
50989043115,1314626
50989043116,1314626
58005060604,1314626
58005060605,1314626
58005060606,1314626
49884027052,861115
49884027082,861115
16729053303,2598453
16729053308,2598453
16729053310,2598453
16729053363,2598453
50991032301,542045
66869012210,542045
13349001029,1150291
51991019811,861083
63044019862,1087438
60258018601,979338
60575091390,808534
61269032560,997951
00245019111,1145348
51991008490,644790
51991038490,644794
58526000514,644794
75834008090,1809029
51991007733,1087262
51991054390,802762
66213054360,1193046
00245015560,1087285
51991054490,802748
51991079890,1087249
00259035116,1111752
89411035116,1111752
51991021516,1111750
52747090260,1314685
52747080030,1087399
52747080060,1087399
00185041001,993503
00185041005,993503
00185041060,993503
00378341101,993503
00378341105,993503
00591354001,993503
00591354005,993503
00591354060,993503
00615860139,993503
00904709961,993503
00904727061,993503
31722006601,993503
31722006605,993503
31722006660,993503
33358005360,993503
42806041001,993503
42806041005,993503
42806041060,993503
42806042401,993503
42806042405,993503
42806042460,993503
43353053816,993503
43353053882,993503
43547028806,993503
43547028809,993503
43547028810,993503
43547028850,993503
43598053601,993503
43598053605,993503
43598053660,993503
43598075101,993503
43598075105,993503
43598075160,993503
47335073608,993503
47335073613,993503
47335073686,993503
47335073688,993503
50090713000,993503
50090734900,993503
50228017401,993503
50228017405,993503
50228017410,993503
50228017430,993503
50228017460,993503
51079039101,993503
51079039120,993503
52959080560,993503
55648010108,993503
59651084601,993503
59651084605,993503
63187017630,993503
63187017660,993503
63187017678,993503
63187095214,993503
63187095230,993503
63187095260,993503
63187095290,993503
63629319601,993503
63629319602,993503
63629319603,993503
64679010101,993503
64679010105,993503
64679010107,993503
64679010108,993503
67046157203,993503
68084069701,993503
68084069711,993503
68788781903,993503
68788781906,993503
68788781909,993503
69097087702,993503
69097087703,993503
69097087707,993503
69097087712,993503
70010012503,993503
70010012505,993503
70010012506,993503
70436005801,993503
70436005802,993503
70436005805,993503
70518378700,993503
70518378701,993503
70518409300,993503
70518459100,993503
71205038730,993503
71205038760,993503
71335186601,993503
71335186602,993503
71335186603,993503
71335186604,993503
71335186605,993503
71335186606,993503
71335198601,993503
71335198602,993503
71335198603,993503
71335198604,993503
71335198605,993503
71335198606,993503
71335249601,993503
71335249602,993503
71335249603,993503
71335249604,993503
71335249605,993503
71335249606,993503
71335264901,993503
71335264902,993503
71335264903,993503
71335264904,993503
71335264905,993503
71335264906,993503
71335264907,993503
72189005730,993503
72189005760,993503
72189067660,993503
72789015860,993503
72789067660,993503
77771017405,993503
77771017460,993503
00185041501,993518
00185041505,993518
00185041552,993518
00185041560,993518
00378341201,993518
00378341205,993518
00591354101,993518
00591354105,993518
00591354125,993518
00591354160,993518
00615860239,993518
00904721461,993518
00904746561,993518
31722006701,993518
31722006705,993518
31722006725,993518
31722006760,993518
31722006790,993518
33358036460,993518
42806041501,993518
42806041505,993518
42806041552,993518
42806041560,993518
42806042501,993518
42806042505,993518
42806042552,993518
42806042560,993518
43063074430,993518
43063091330,993518
43353054630,993518
43353054660,993518
43353054680,993518
43547028906,993518
43547028909,993518
43547028910,993518
43547028925,993518
43547028950,993518
43598053701,993518
43598053705,993518
43598053760,993518
43598075201,993518
43598075205,993518
43598075260,993518
47335073708,993518
47335073713,993518
47335073786,993518
47335073788,993518
50090307800,993518
50090345300,993518
50090635300,993518
50090635301,993518
50090635302,993518
50090635303,993518
50090687100,993518
50090687101,993518
50090687102,993518
50090687103,993518
50090687200,993518
50090742200,993518
50090742201,993518
50090742202,993518
50090742203,993518
50090742300,993518
50228017501,993518
50228017505,993518
50228017510,993518
50228017530,993518
50228017560,993518
50436910201,993518
51079039201,993518
51079039220,993518
51655000326,993518
51655000352,993518
51655011525,993518
51655011526,993518
51655011552,993518
51655011583,993518
51655035726,993518
51655035752,993518
52959080630,993518
52959080660,993518
55154018300,993518
55648010507,993518
55700002830,993518
55700002860,993518
55700064430,993518
55700064460,993518
59651084701,993518
59651084705,993518
61919003830,993518
61919003860,993518
61919006360,993518
61919013630,993518
61919013660,993518
63187005230,993518
63187005260,993518
63187005278,993518
63187072630,993518
63187072660,993518
63187072690,993518
63629287301,993518
63629287302,993518
63629287303,993518
63629847301,993518
64679010501,993518
64679010505,993518
64679010507,993518
68071012230,993518
68071012260,993518
68071202203,993518
68071202209,993518
68071289003,993518
68071289006,993518
68084070825,993518
68084070895,993518
68788780701,993518
68788780702,993518
68788780703,993518
68788780706,993518
68788780708,993518
68788780709,993518
68788876901,993518
68788876902,993518
68788876903,993518
68788876906,993518
68788876908,993518
68788876909,993518
69097087802,993518
69097087803,993518
69097087807,993518
69097087812,993518
70010012603,993518
70010012605,993518
70010012606,993518
70436005901,993518
70436005902,993518
70436005905,993518
70436005922,993518
70518405600,993518
70518405601,993518
70518408100,993518
70518408101,993518
70518408102,993518
70518408103,993518
70518408104,993518
70934079130,993518
70934079160,993518
70934079190,993518
71205055030,993518
71205055060,993518
71205055090,993518
71205056530,993518
71205056560,993518
71205056590,993518
71335013501,993518
71335013502,993518
71335013503,993518
71335013504,993518
71335013505,993518
71335013506,993518
71335013507,993518
71335013508,993518
71335013509,993518
71335061201,993518
71335078501,993518
71335078502,993518
71335078503,993518
71335170201,993518
71335170202,993518
71335170203,993518
71335170204,993518
71335170205,993518
71335170206,993518
71335170207,993518
71335170208,993518
71335170209,993518
71335183701,993518
71335183702,993518
71335183703,993518
71335183704,993518
71335183705,993518
71335183706,993518
71335183707,993518
71335183708,993518
71335183709,993518
71335245701,993518
71335245702,993518
71335245703,993518
71335245704,993518
71335245705,993518
71335245706,993518
71335245707,993518
71335245708,993518
71335245709,993518
71610057630,993518
71610057660,993518
71610057680,993518
71610099030,993518
71610099053,993518
71610099060,993518
71610099080,993518
72162152905,993518
72189034930,993518
72189034960,993518
77771017505,993518
77771017560,993518
82868001930,993518
82868001960,993518
82868001990,993518
82868001996,993518
00115544513,993536
00115544519,993536
00185111160,993536
00378341301,993536
00378341305,993536
00591354201,993536
00591354205,993536
00591354260,993536
31722006801,993536
31722006805,993536
31722006860,993536
31722006890,993536
42806041160,993536
42806042601,993536
42806042605,993536
42806042660,993536
43353090083,993536
43547029006,993536
43547029009,993536
43547029010,993536
43547029050,993536
43598053860,993536
43598075360,993536
47335073808,993536
47335073813,993536
47335073886,993536
47335073888,993536
50228017601,993536
50228017610,993536
50228017630,993536
50228017660,993536
55648010707,993536
59651084801,993536
59651084860,993536
60429021806,993536
63187017830,993536
63187017860,993536
63187017890,993536
63187056630,993536
63187056660,993536
63187056690,993536
63629333201,993536
63629333202,993536
63629333203,993536
64679010701,993536
64679010704,993536
64679010705,993536
64679010707,993536
68788779301,993536
68788779302,993536
68788779303,993536
68788779306,993536
68788779308,993536
68788779309,993536
69097087902,993536
69097087903,993536
69097087907,993536
69097087912,993536
70010012703,993536
70010012705,993536
70010012706,993536
70436006001,993536
70436006002,993536
70436006005,993536
71335080101,993536
71335080102,993536
71335080103,993536
71335080104,993536
71335080105,993536
71335080106,993536
71335187001,993536
71335187002,993536
71335187003,993536
71335187004,993536
71335187005,993536
71335187006,993536
71335198401,993536
71335198402,993536
71335198403,993536
71335198404,993536
71335198405,993536
71335198406,993536
71335240001,993536
71335240002,993536
71335240003,993536
71335240004,993536
71335240005,993536
71335240006,993536
71610058283,993536
77771017660,993536
00115681102,993541
00115681108,993541
00115681110,993541
00378200877,993541
00527241532,993541
00527241541,993541
00527241543,993541
00527241546,993541
00591333105,993541
00591333119,993541
00591333130,993541
00615850405,993541
00615850439,993541
00781552810,993541
00781552831,993541
00904708404,993541
00904708461,993541
00904750504,993541
00904750561,993541
10135070305,993541
10135070330,993541
10135070390,993541
10370010100,993541
10370010103,993541
10370010150,993541
16571086203,993541
16571086209,993541
16571086210,993541
16571086212,993541
16571086250,993541
16729044310,993541
16729044315,993541
16729044316,993541
24979010102,993541
24979010106,993541
24979010107,993541
31722048705,993541
31722048730,993541
31722048790,993541
35356062730,993541
42291018230,993541
42291018250,993541
42291018290,993541
42806034805,993541
42806034809,993541
42806034830,993541
42806041405,993541
42806041409,993541
42806041430,993541
43063038790,993541
43598065505,993541
43598065530,993541
43598065590,993541
47335095413,993541
47335095481,993541
47335095483,993541
50090404900,993541
50090404901,993541
50090404902,993541
50090474700,993541
50090474701,993541
50090474702,993541
50090516300,993541
50090516301,993541
50090516302,993541
50090617300,993541
50090617301,993541
50090617302,993541
50090678900,993541
50090710900,993541
50090711000,993541
50090711001,993541
50090711002,993541
50090711200,993541
50090711300,993541
50090711301,993541
50090711302,993541
50090771100,993541
50090771101,993541
50090771102,993541
50090771200,993541
50228014405,993541
50228014430,993541
50228014490,993541
50268013311,993541
50268013313,993541
50268014011,993541
50268014013,993541
51079004701,993541
51079004720,993541
51407020605,993541
51407020630,993541
51407020690,993541
51655009826,993541
51655009852,993541
51655009883,993541
52817034550,993541
52817034590,993541
55700084930,993541
58657071030,993541
58657071050,993541
58657071090,993541
58657071230,993541
58657071250,993541
58657071290,993541
60687031201,993541
60687031211,993541
60687078201,993541
60687078211,993541
61919006960,993541
61919055860,993541
61919055872,993541
61919055890,993541
61919058930,993541
61919058960,993541
61919067430,993541
61919067460,993541
62135087530,993541
63187012430,993541
63187012490,993541
63187071330,993541
63187071360,993541
63187071390,993541
63187076630,993541
63187076660,993541
63187076690,993541
63304072305,993541
63304072330,993541
63304072390,993541
63629213601,993541
63629213701,993541
63629376202,993541
63629376203,993541
63629376204,993541
63629847401,993541
64679010201,993541
64679010202,993541
64679010205,993541
65841083605,993541
65841083606,993541
65841083610,993541
65841083616,993541
67046069903,993541
68001026104,993541
68001028703,993541
68001028704,993541
68001051903,993541
68001051904,993541
68001051905,993541
68001061303,993541
68001061304,993541
68001061305,993541
68071202306,993541
68071355909,993541
68071359403,993541
68071392703,993541
68071393203,993541
68084025101,993541
68084025111,993541
68180031902,993541
68180031906,993541
68180031909,993541
68382035305,993541
68382035306,993541
68382035310,993541
68382035316,993541
68788401001,993541
68788401003,993541
68788401006,993541
68788401009,993541
68788778601,993541
68788778603,993541
68788778606,993541
68788778608,993541
68788778609,993541
69097007112,993541
69097087502,993541
69097087505,993541
69097087512,993541
69367028805,993541
69367028809,993541
69680015730,993541
69680015790,993541
69680015792,993541
69680015793,993541
70010078403,993541
70010078405,993541
70010078409,993541
70436001002,993541
70436001004,993541
70436001006,993541
70518202200,993541
70518202201,993541
70518202202,993541
70518245800,993541
70518245801,993541
70518245802,993541
70518245803,993541
70518245804,993541
70518245805,993541
70518245806,993541
70518245807,993541
70518396300,993541
70518396301,993541
70518396302,993541
70518396303,993541
70518396304,993541
70518418900,993541
70518444800,993541
70518467400,993541
70934072430,993541
70934072490,993541
71205004530,993541
71205004590,993541
71205007690,993541
71205029130,993541
71205029160,993541
71205029190,993541
71205039430,993541
71205039460,993541
71205039490,993541
71205050430,993541
71205050460,993541
71205050490,993541
71205096730,993541
71205096755,993541
71205096790,993541
71335104401,993541
71335104402,993541
71335104403,993541
71335104404,993541
71335104405,993541
71335154201,993541
71335154202,993541
71335154203,993541
71335154204,993541
71335237801,993541
71335237802,993541
71335237803,993541
71335237804,993541
71335237805,993541
71335246901,993541
71335246902,993541
71335246903,993541
71335246904,993541
71335246905,993541
71610054360,993541
72162121803,993541
72162121805,993541
72162152603,993541
72162152605,993541
72189013430,993541
72189013460,993541
72189013472,993541
72189013490,993541
72189025290,993541
72516003503,993541
72516003509,993541
72516003550,993541
72789012090,993541
72789030190,993541
72789037790,993541
76282048005,993541
76282048030,993541
76282048090,993541
76420092301,993541
76420092305,993541
76420092330,993541
76420092360,993541
76420092390,993541
76519102103,993541
77771014405,993541
77771014430,993541
77771014490,993541
80425030001,993541
80425030002,993541
80425030003,993541
80425046101,993541
80425046102,993541
80425046103,993541
82009005105,993541
82804008030,993541
82804008060,993541
82804008090,993541
82804029690,993541
82868009796,993541
83008008230,993541
83301002401,993541
83301002402,993541
83301002403,993541
83301002404,993541
00378200905,993557
00527243032,993557
00527243041,993557
00527243043,993557
00527243046,993557
00615850505,993557
00615850539,993557
00781552910,993557
00781552931,993557
00904657304,993557
00904746904,993557
10135070405,993557
10135070430,993557
10135070490,993557
10370010200,993557
10370010203,993557
10370010250,993557
16571086303,993557
16571086309,993557
16571086310,993557
16571086350,993557
16729044410,993557
16729044415,993557
16729044416,993557
24979010202,993557
24979010206,993557
24979010207,993557
31722048805,993557
31722048830,993557
31722048890,993557
42291018330,993557
42291018350,993557
42806034905,993557
42806034909,993557
42806041605,993557
42806041609,993557
42806041630,993557
42806041660,993557
43063038890,993557
43598065605,993557
43598065630,993557
43598065690,993557
45963014205,993557
45963014230,993557
45963014290,993557
50090105900,993557
50090105901,993557
50090474900,993557
50090474901,993557
50090524500,993557
50090524501,993557
50090533400,993557
50090533401,993557
50090625800,993557
50090625801,993557
50090696100,993557
50090696101,993557
50090696200,993557
50090733400,993557
50090733401,993557
50090733500,993557
50090760200,993557
50228014505,993557
50228014530,993557
50228014590,993557
50268013411,993557
50268013413,993557
50268014111,993557
50268014115,993557
51079010901,993557
51079010903,993557
51407020705,993557
51407020730,993557
51407020790,993557
52817034650,993557
52817034690,993557
55700014630,993557
55700025730,993557
55700025790,993557
55700082030,993557
55700082090,993557
58657071130,993557
58657071150,993557
58657071190,993557
58657071330,993557
58657071350,993557
58657071390,993557
60687079311,993557
60687079321,993557
62135087630,993557
63187052130,993557
63187052160,993557
63187052190,993557
63187081930,993557
63187081960,993557
63187081978,993557
63187081990,993557
63304072405,993557
63304072430,993557
63304072490,993557
63629213801,993557
63629213901,993557
63629331602,993557
63629331603,993557
63629331604,993557
63629847501,993557
63629847601,993557
63739013233,993557
65841078005,993557
65841078006,993557
65841078010,993557
65841078016,993557
67046149703,993557
67046164803,993557
68001052003,993557
68001052004,993557
68001052005,993557
68001061403,993557
68001061404,993557
68001061405,993557
68071131100,993557
68071392809,993557
68084025211,993557
68084025221,993557
68180032002,993557
68180032006,993557
68180032009,993557
68382035405,993557
68382035406,993557
68382035410,993557
68382035416,993557
68788799201,993557
68788799203,993557
68788799206,993557
68788799208,993557
68788799209,993557
68788853701,993557
68788853703,993557
68788853706,993557
68788853708,993557
68788853709,993557
68788858901,993557
68788858903,993557
68788858906,993557
68788858908,993557
68788858909,993557
68788867701,993557
68788867703,993557
68788867706,993557
68788867708,993557
68788867709,993557
68788881501,993557
68788881503,993557
68788881506,993557
68788881508,993557
68788881509,993557
69097007212,993557
69097087602,993557
69097087612,993557
69367028905,993557
69367028909,993557
69680015830,993557
69680015890,993557
69680015892,993557
69680015893,993557
70010078503,993557
70010078505,993557
70010078509,993557
70436001102,993557
70436001104,993557
70436001106,993557
70518277202,993557
70518379000,993557
70518379001,993557
70518379002,993557
70518379003,993557
70518401400,993557
70518401401,993557
70518434300,993557
70518441500,993557
70518444600,993557
70518455100,993557
71205024830,993557
71205046530,993557
71205046560,993557
71205046590,993557
71205096830,993557
71205096855,993557
71205096890,993557
71335068701,993557
71335068702,993557
71335068703,993557
71335068704,993557
71335068705,993557
71335082401,993557
71335082402,993557
71335082403,993557
71335082404,993557
71335082405,993557
71335111401,993557
71335111402,993557
71335111403,993557
71335111404,993557
71335111405,993557
71335111406,993557
71335121401,993557
71335121402,993557
71335121403,993557
71335121404,993557
71335121405,993557
71335121406,993557
71335231201,993557
71335231202,993557
71335231203,993557
71335231204,993557
71335231205,993557
71335231206,993557
71335249901,993557
71335249902,993557
71335249903,993557
71335249904,993557
71335249905,993557
71335249906,993557
72162121903,993557
72162121905,993557
72162127809,993557
72162152703,993557
72162152705,993557
72189012430,993557
72189012472,993557
72189053930,993557
72189053990,993557
72516003603,993557
72516003609,993557
72516003650,993557
72789011290,993557
76282048105,993557
76282048130,993557
76282048190,993557
76420081201,993557
76420081205,993557
76420081230,993557
76420081260,993557
76420081290,993557
77771014505,993557
77771014530,993557
77771014590,993557
80425046801,993557
80425046802,993557
80425046803,993557
80425053901,993557
80425053902,993557
80425053903,993557
82009005205,993557
82804001330,993557
82804001360,993557
82804001390,993557
83301002501,993557
83301002502,993557
83301002503,993557
83301002504,993557
85534000601,993557
85534000603,993557
85534000605,993557
85534000606,993557
85534000609,993557
87441001401,993557
24979024806,1232585
47781063730,1232585
64679083001,1232585
70756083016,1232585
70756083030,1232585
00378043301,993691
00378043305,993691
00615858139,993691
00781105301,993691
00781105310,993691
00904663561,993691
00904752960,993691
23155019101,993691
23155019110,993691
24689011901,993691
42571024101,993691
43063088030,993691
43063088060,993691
45865047330,993691
45865047351,993691
45865047360,993691
45865047390,993691
46708011831,993691
46708011891,993691
50268014211,993691
50268014215,993691
51079094301,993691
51079094320,993691
51079094330,993691
51079094356,993691
52959089830,993691
52959089860,993691
55154415200,993691
55154818000,993691
55887065092,993691
58864079430,993691
59651087401,993691
60429074601,993691
60505015801,993691
60505015803,993691
60505015805,993691
60505015807,993691
60505015809,993691
60687034001,993691
60687034011,993691
61919003760,993691
62135072390,993691
62332011831,993691
62332011891,993691
64980020101,993691
67046087203,993691
67046158703,993691
67046164103,993691
68001030800,993691
68071225601,993691
68387035030,993691
68387035060,993691
69097091702,993691
69097091707,993691
69097091715,993691
69292060101,993691
70518156600,993691
70518426400,993691
71209005205,993691
71209005211,993691
71209005217,993691
71335001301,993691
71335001302,993691
71335001303,993691
71335001304,993691
71335001305,993691
71335001306,993691
71335001307,993691
71335079101,993691
71335079102,993691
71335079103,993691
71335079104,993691
71335079105,993691
71335079106,993691
71335079107,993691
71335155101,993691
71335155102,993691
71335155103,993691
71335155104,993691
71335155105,993691
71335155106,993691
71335155107,993691
71335286701,993691
71610037253,993691
71610037270,993691
71610037280,993691
71610037294,993691
71610077453,993691
71610077470,993691
71610077480,993691
71610077494,993691
71610086653,993691
71610086660,993691
71610086670,993691
71610086680,993691
71610089953,993691
71610089960,993691
71610089980,993691
72162209801,993691
72162240001,993691
72241002005,993691
72241002011,993691
72241002017,993691
82804012730,993691
00378043501,993687
00378043505,993687
00615858239,993687
00781106401,993687
00781106410,993687
00904663661,993687
00904753060,993687
23155019201,993687
23155019210,993687
24689012001,993687
42571024201,993687
43063099430,993687
45865037500,993687
45865037530,993687
45865037551,993687
45865037560,993687
45865037590,993687
46708012731,993687
46708012771,993687
50090186900,993687
50090186903,993687
50090751100,993687
50090751103,993687
50268014311,993687
50268014315,993687
50436910102,993687
51079094401,993687
51079094420,993687
51655039025,993687
51655039026,993687
52959065500,993687
52959065502,993687
52959065530,993687
52959065540,993687
52959065560,993687
52959065590,993687
55289073330,993687
55289073360,993687
58864080890,993687
59651087501,993687
60429074701,993687
60505015701,993687
60505015703,993687
60505015705,993687
60505015707,993687
60505015709,993687
60687035101,993687
60687035111,993687
60760078130,993687
62135072490,993687
62332012731,993687
62332012771,993687
63629323301,993687
63629323302,993687
63629323303,993687
63629323304,993687
63629323305,993687
63629323306,993687
64980020201,993687
66267061430,993687
67046156203,993687
67046167203,993687
67544089753,993687
67544089760,993687
67544089780,993687
67544089783,993687
68001030900,993687
68071257703,993687
68071257709,993687
68387035360,993687
68788798801,993687
68788798803,993687
68788798806,993687
68788798809,993687
69097091802,993687
69097091807,993687
69097091815,993687
69292060201,993687
70518421800,993687
70518421801,993687
71209005305,993687
71209005311,993687
71209005317,993687
71335018201,993687
71335018202,993687
71335018203,993687
71335018204,993687
71335018205,993687
71335018206,993687
71335018207,993687
71335087701,993687
71335087702,993687
71335087703,993687
71335087704,993687
71335087705,993687
71335087706,993687
71335087707,993687
71335265201,993687
71335265202,993687
71335265203,993687
71335265204,993687
71335265205,993687
71335265206,993687
71335265207,993687
71335269001,993687
71335287501,993687
71610016483,993687
71610070880,993687
72162209701,993687
72162240101,993687
72189045730,993687
72241002105,993687
72241002111,993687
72241002117,993687
72789007030,993687
72789007090,993687
72789054490,993687
82804012330,993687
00378552101,1801289
00591354360,1801289
00591354376,1801289
00781152960,1801289
00781516960,1801289
42806041360,1801289
43598086310,1801289
43598086330,1801289
43598086360,1801289
50090115000,1801289
50090115001,1801289
50090510100,1801289
50090510101,1801289
50090732200,1801289
50090732201,1801289
50228033811,1801289
50228033831,1801289
50228033861,1801289
65084041413,1801289
65084041442,1801289
00187581007,993552
00187581030,993552
00187581107,993569
00187581130,993569
00187581207,993683
00187581230,993683
00173094755,993511
58864071530,993511
66105048001,993511
66105048002,993511
66105048003,993511
66105048006,993511
66105048015,993511
00173013555,993528
52959028530,993528
52959028560,993528
55289090530,993528
58864062530,993528
58864062560,993528
66105048101,993528
66105048102,993528
66105048103,993528
66105048106,993528
66105048115,993528
00173072200,993537
00187073007,993545
00187073030,993545
00187073090,993545
52959082060,993545
55289092215,993545
55289092230,993545
00187073107,993564
00187073130,993564
55289090015,993564
55289090030,993564
24979024706,1232591
52427057530,1232591
43063077270,1551474
50090294500,1551474
51267089007,1551474
51267089099,1551474
00143920401,1860480
00409036601,1860480
00409423501,1860480
00955102001,1860480
23155090331,1860480
25021024501,1860480
43598025811,1860480
43598061111,1860480
45963073454,1860480
47335032340,1860480
57884304101,1860480
70121122101,1860480
71288013301,1860480
72485021401,1860480
00409020102,1860619
00409202601,1860619
43066004401,1860619
43066004402,1860619
46708067802,1860619
50742042802,1860619
55150037801,1860619
62332067802,1860619
67457053102,1860619
68083039901,1860619
70700017422,1860619
71288015095,1860619
00143920501,1860485
00955102104,1860485
23155090431,1860485
25021024504,1860485
43598025940,1860485
43598061040,1860485
45963076552,1860485
47335089540,1860485
57884304201,1860485
70121122201,1860485
71288015204,1860485
72485021504,1860485
00955102208,1861411
23155090531,1861411
43598038957,1861411
47335093940,1861411
57884304301,1861411
70121122301,1861411
72485021608,1861411
00409001601,1093280
00409020110,1093280
00409020120,1093280
00409173201,1093280
00409787001,1093280
25021025408,1093280
25021025416,1093280
43066000101,1093280
43066000601,1093280
43066001001,1093280
43066004601,1093280
43066004608,1093280
43066004801,1093280
43066004816,1093280
46708067808,1093280
46708067816,1093280
50742043108,1093280
50742046316,1093280
55150037901,1093280
55150038001,1093280
62332067808,1093280
62332067816,1093280
66758005001,1093280
66758005002,1093280
66758005003,1093280
66758095002,1093280
66758095003,1093280
66758095004,1093280
67457053208,1093280
67457053316,1093280
68083040001,1093280
68083040101,1093280
70700017522,1093280
70700017622,1093280
71288014408,1093280
71288014416,1093280
71288015195,1093280
71288015196,1093280
72078004008,1093280
73358021008,1093280
73358021016,1093280
00409036501,1001405
00409036701,1001405
00409036801,1001405
00409506801,1001405
16729026763,1001405
16729026764,1001405
16729026765,1001405
63739093211,1001405
63739097117,1001405
67457078108,1001405
64208251203,2054170
64208251204,2054170
70710209201,2728902
70710209208,2728902
83513000801,2728902
83831010102,2679786
70710209001,2697044
70710215201,2697044
83513000901,2697044
83513001001,2697044
83831010208,2679788
83831010316,2679784
70710209103,2723664
70710209304,2723666
68982063301,1741290
68209064301,1741375
68982064301,1741375
68982062301,1741410
68982063302,1741295
68209064302,1741380
68982064302,1741380
68982062302,1741420
68982062303,1741423
64208251207,2054174
64208251208,2054174
64208251001,2054223
64208251002,2054223
64208251005,2054227
64208251006,2054227
76125079220,1742331
76125079221,1742331
68516521605,1798549
68516521606,1798549
13533069216,1742400
13533069217,1742400
76125079005,1742038
76125079006,1742038
68516521405,1799326
68516521406,1799326
13533069020,1742329
13533069021,1742329
76125079150,1741292
76125079151,1741292
68516521501,1742217
68516521503,1742217
68516521505,1742217
68516521507,1742217
61953000101,1741301
13533069120,1741311
13533069121,1741311
50090632000,1742029
50090632001,1742029
76125079225,1742029
76125079226,1742029
44206025105,1742404
44206025190,1742404
68516521601,1741377
68516521603,1741377
68516521607,1741377
68516521609,1741377
00944049301,1742401
00944049303,1742401
61953000201,1742225
76179002501,1742222
76179002502,1742222
13533069220,1742395
13533069221,1742395
76125079110,1741296
76125079111,1741296
68516521502,1742220
68516521504,1742220
68516521506,1742220
68516521508,1742220
61953000102,1741304
61953000104,1741304
13533069171,1741313
13533069172,1741313
76125079210,1742031
76125079211,1742031
44206025110,1742406
44206025191,1742406
68516521600,1741381
68516521602,1741381
68516521604,1741381
68516521608,1741381
00944049302,1742403
00944049304,1742403
61953000202,1742227
76179002503,1742224
76179002504,1742224
13533069271,1742399
13533069272,1742399
76125079025,1741974
76125079026,1741974
44206031025,1741899
44206031090,1741899
68516521401,1741421
68516521403,1741421
68516521407,1741421
68516521409,1741421
68516521800,1741421
68516521801,1741421
68516521804,1741421
00944049505,1741986
00944049506,1741986
13533069025,1742228
13533069026,1742228
44206031050,1741903
44206031091,1741903
68516521400,1741424
68516521402,1741424
68516521404,1741424
68516521408,1741424
68516521900,1741424
68516521901,1741424
68516521902,1741424
13533069027,1742330
13533069028,1742330
31604001306,313652
50428033650,313652
54629011001,313652
78742043564,313652
83035183601,313652
00904208560,313638
10135021401,313638
10939096153,313638
11822028832,313638
11845005921,313638
33674040110,313638
39686001100,313638
40093010144,313638
40985021464,313638
50268084911,313638
50268084915,313638
60142074601,313638
68016001758,313638
71149000162,313638
83035183701,313638
87701040725,313638
10432006101,243795
10432006102,243795
10432030101,313653
10432030102,313653
10135012801,313654
53191021801,313654
71149000303,313654
10432023501,313643
10340000601,313656
10340000602,313656
68016001757,705726
37205007078,259287
54629012401,259287
68016002080,259287
13985033202,999793
13985033204,999793
13985033205,999793
30798032710,999793
30798032713,999793
30798032717,999793
46066033204,999793
46066033205,999793
46066033206,999793
50989017812,999793
50989017815,999793
50989017816,999793
57319042406,999793
58005033204,999793
58005033205,999793
58005033206,999793
10432006401,991456
00363965002,1043658
11917003693,1043658
12547049378,1043658
59779036501,1043658
68016040700,1043658
69968036701,1043658
69968036702,1043658
00363043015,1043704
11673043015,1043704
11822055201,1043704
11822055202,1043704
49035043015,1043704
49035043030,1043704
55910055215,1043704
59390017713,1043704
69842044102,1043704
69842044115,1043704
64980072102,210972
70199002611,210972
00065008515,1046266
00065008542,1046266
00065008552,1046266
00247108415,1046266
50090018500,1046266
52959010701,1046266
52959010703,1046266
10119002090,1043708
10119002178,1043708
10119020900,1043708
24208043003,1043708
24208043015,1043708
24208043030,1043708
24208043045,1043708
24208043115,1043708
24208043145,1043708
59007104101,1716031
59007105100,1716036
59007106100,1716042
39822105505,239240
23155059431,967385
55150036501,967385
62756023301,967385
62756023302,967385
62756095401,967385
62756095402,967385
67457092650,967385
67457092699,967385
57665010141,984082
00469305130,967388
00069144204,1191138
00069154220,1191138
00069303420,1191138
00069403701,1191138
00143908701,1191138
00143909101,1191138
16714000101,1191138
25021020751,1191138
45963073360,1191138
62756082740,1191138
63323010161,1191138
68083025001,1191138
70860020851,1191138
00069035820,1790097
00069303020,1790097
00069400405,1790097
00069420505,1790097
00069562905,1790097
00143908401,1790097
00143908801,1790097
25021020705,1790097
45963073355,1790097
63323088305,1790097
68083024801,1790097
70860020805,1790097
00143909201,1790103
67457047810,1790103
00069025510,1790099
00069027702,1790099
00069303120,1790099
00069401510,1790099
00069403112,1790099
00143908501,1790099
00143908901,1790099
45963073357,1790099
63323088310,1790099
70121121801,1872062
70121121807,1872062
00069034302,1790100
00069303220,1790100
00069335825,1790100
00069402625,1790100
00143908601,1790100
00143909001,1790100
25021020725,1790100
45963073368,1790100
62756082640,1790100
63323088330,1790100
70860020825,1790100
00143909301,1790095
67457043650,1790095
70121121901,1790095
00338008001,1790115
00574093010,1790115
16714074201,1790115
25021026310,1790115
43598028335,1790115
43598068235,1790115
46708081010,1790115
47335004940,1790115
49315000803,1790115
62332081010,1790115
63629953001,1790115
68001034528,1790115
68001034536,1790115
68001049236,1790115
68001062936,1790115
68001070336,1790115
70710153001,1790115
70748033901,1790115
72603010301,1790115
72603034601,1790115
75907036301,1790115
00338008601,1790127
00574093125,1790127
16714085601,1790127
25021026325,1790127
43598054125,1790127
43598068325,1790127
46708052525,1790127
47335005040,1790127
49315000907,1790127
62332052525,1790127
63629953101,1790127
68001034523,1790127
68001034526,1790127
68001049326,1790127
68001062926,1790127
68001070426,1790127
68083024901,1790127
70710153101,1790127
70748034001,1790127
72603020001,1790127
72603050701,1790127
75907036401,1790127
00143927701,2001100
00338958101,2675326
00338958102,2675326
00338006301,1790131
00338966701,1790131
00338006701,1790128
00338966501,1790128
00143926101,313920
00143926110,313920
00143966510,313920
00143998303,313920
00143998391,313920
00781345246,313920
00781345295,313920
25021010269,313920
25021010299,313920
44567070810,313920
60505068005,313920
60505076900,313920
60505076901,313920
60505609401,313920
60505614300,313920
60505614304,313920
60505624400,313920
60505624404,313920
63323023801,313920
63323023861,313920
63323044961,313920
66288110001,313920
66288130001,313920
72572005601,313920
72572005610,313920
00143992390,1665052
00404983599,1665052
00781333870,1665052
00781345070,1665052
00781345095,1665052
25021010010,1665052
25021010066,1665052
44567070625,1665052
63323023601,1665052
63323023610,1665052
68330001401,1665052
68330001425,1665052
00143926201,1665050
00143926225,1665050
00143992490,1665050
00264310311,1665050
00338350341,1665050
00404983399,1665050
00404983499,1665050
00409258501,1665050
00409258511,1665050
00781345170,1665050
00781345195,1665050
00781345196,1665050
25021010110,1665050
25021010167,1665050
44567012025,1665050
44567070725,1665050
50090425600,1665050
60505068002,1665050
60505074901,1665050
60505074904,1665050
60505074905,1665050
60505614200,1665050
60505614205,1665050
60505624300,1665050
60505624304,1665050
63323023701,1665050
63323023710,1665050
67184100102,1665050
68330001501,1665050
68330001525,1665050
71205067901,1665050
71872702701,1665050
71872714101,1665050
72189058401,1665050
72572005501,1665050
72572005525,1665050
84549014205,1665050
00143913901,1665060
00143913925,1665060
00264310511,1665060
00338350841,1665060
44567084001,1665060
44567084025,1665060
60505623100,1665060
60505623105,1665060
67184056001,1665060
00143914001,2630753
00143914025,2630753
00264310711,2630753
00338009606,2630753
44567084501,2630753
44567084525,2630753
60505626600,2630753
60505626605,2630753
00093417573,309110
00093417574,309110
00247039300,309110
42043014238,309110
42043014258,309110
52959020001,309110
52959020002,309110
59651032201,309110
59651032202,309110
62135048042,309110
62135048049,309110
63629920401,309110
63629920501,309110
67877054468,309110
67877054488,309110
68071158500,309110
68071158602,309110
68071224600,309110
68180044001,309110
68180044002,309110
68788779601,309110
68788779602,309110
72162185001,309110
72162185002,309110
00093417773,309113
00093417774,309113
42043014338,309113
42043014358,309113
50090479500,309113
50090519600,309113
50090644500,309113
50090709100,309113
52959062000,309113
52959062001,309113
55700056300,309113
55700065600,309113
55887076102,309113
59651032301,309113
59651032302,309113
61919004932,309113
61919079832,309113
62135048142,309113
62135048149,309113
63187020500,309113
63187020520,309113
63629885701,309113
63629885801,309113
63629920601,309113
63629920701,309113
66267098120,309113
66267098200,309113
67877054568,309113
67877054588,309113
68071288902,309113
68071358702,309113
68071503800,309113
68180044101,309113
68180044102,309113
68788727101,309113
68788727102,309113
68788752901,309113
68788752902,309113
68788868602,309113
70518451100,309113
71205055300,309113
71335273401,309113
71335287701,309113
71335298601,309113
72162185101,309113
72162185102,309113
72162185104,309113
00093314501,309112
00093314505,309112
00440724328,309112
00904733661,309112
12634043371,309112
33358007115,309112
33358007120,309112
33358007128,309112
33358007140,309112
33358007160,309112
42043014001,309112
42043014005,309112
42291000650,309112
42291020850,309112
42582021110,309112
42582021118,309112
42708010028,309112
42708014528,309112
43063049704,309112
43063049706,309112
43063049708,309112
43063049709,309112
43063049710,309112
43063049715,309112
43063049720,309112
43063049728,309112
43063049730,309112
43063049740,309112
43063067828,309112
43063067840,309112
50090007002,309112
50090320200,309112
50090320201,309112
50090320202,309112
50090320203,309112
50090320204,309112
50090320205,309112
50090320206,309112
50090320207,309112
50090320208,309112
50090320209,309112
50090329100,309112
50090329101,309112
50268015111,309112
50268015115,309112
52959003001,309112
52959003008,309112
52959003010,309112
52959003012,309112
52959003020,309112
52959003024,309112
52959003028,309112
52959003030,309112
52959003040,309112
52959003056,309112
55289005706,309112
55289005710,309112
55289005715,309112
55289005720,309112
55289005724,309112
55289005728,309112
55289005730,309112
55289005740,309112
55289007201,309112
55289007240,309112
55700014540,309112
55700062028,309112
55700062030,309112
58864007230,309112
60687015201,309112
60687015211,309112
61442016101,309112
61442016105,309112
62135071074,309112
62645050110,309112
62645050150,309112
62756029313,309112
62756029388,309112
63304065601,309112
63304065605,309112
63629131701,309112
63629131702,309112
63629131703,309112
63629131704,309112
63629131705,309112
63629422201,309112
63629425701,309112
63629426701,309112
63629426801,309112
63629762101,309112
63629792701,309112
63629885401,309112
63629885501,309112
63629919801,309112
63629919901,309112
65862001801,309112
65862001805,309112
65862001820,309112
65862001840,309112
66267004912,309112
66267004920,309112
66267004928,309112
66267004930,309112
66267004940,309112
67046153303,309112
67877022001,309112
67877022005,309112
67877022010,309112
67877022020,309112
67877022038,309112
67877022074,309112
67877022084,309112
68071368004,309112
68071374003,309112
68071374009,309112
68071443404,309112
68071443408,309112
68071446503,309112
68071446506,309112
68071451608,309112
68071524104,309112
68180012101,309112
68180012102,309112
68788971300,309112
68788971302,309112
68788971303,309112
68788971304,309112
68788971306,309112
68788971307,309112
68788971308,309112
69043000801,309112
69043000805,309112
69778093004,309112
70518227300,309112
70518227301,309112
70518227302,309112
70518227303,309112
70518227304,309112
70518227305,309112
70518425000,309112
70518425001,309112
70518425002,309112
70934003730,309112
70934008230,309112
70934008294,309112
70934010840,309112
70934084020,309112
71335286401,309112
72162183101,309112
72162183102,309112
72162183105,309112
72162260701,309112
72162260705,309112
72789025201,309112
76420003440,309112
76420028701,309112
76420059410,309112
76420075428,309112
76420075430,309112
76420075440,309112
85766000528,309112
85766000530,309112
85766000540,309112
00093223801,309115
59651078301,309115
67877089101,309115
67877025401,645617
67877025405,645617
67877025410,645617
67877025420,645617
67877025438,645617
76420059310,645617
00093314701,309114
00093314705,309114
00143989701,309114
00143989705,309114
00904733706,309114
00904733735,309114
00904733761,309114
12634043440,309114
12634043471,309114
12634043480,309114
33261002007,309114
33261002010,309114
33261002014,309114
33261002021,309114
33261002042,309114
33261002048,309114
33261002060,309114
33358007214,309114
33358007215,309114
33358007220,309114
33358007221,309114
33358007228,309114
33358007230,309114
33358007240,309114
33358007260,309114
35356097810,309114
35356097820,309114
35356097828,309114
35356097830,309114
35356097840,309114
35356097865,309114
42043014101,309114
42043014105,309114
42291000750,309114
42291020950,309114
42582021210,309114
42582021218,309114
42708001728,309114
42708007028,309114
43063053604,309114
43063053606,309114
43063053608,309114
43063053609,309114
43063053610,309114
43063053614,309114
43063053620,309114
43063053621,309114
43063053628,309114
43063053630,309114
43063053640,309114
43063053656,309114
43063063428,309114
43063063440,309114
45865042830,309114
45865042851,309114
45865042860,309114
45865042890,309114
50090007900,309114
50090007901,309114
50090007902,309114
50090007903,309114
50090007905,309114
50090007906,309114
50090007907,309114
50090007908,309114
50090008001,309114
50090008003,309114
50090008100,309114
50090008101,309114
50090305700,309114
50090305701,309114
50090305702,309114
50090305703,309114
50090305705,309114
50090305706,309114
50090305707,309114
50090305708,309114
50090311101,309114
50090319900,309114
50090319901,309114
50090319902,309114
50090319903,309114
50090319905,309114
50090319906,309114
50090319907,309114
50090319908,309114
50090325200,309114
50090325201,309114
50090342701,309114
50090342703,309114
50090442200,309114
50090442201,309114
50090442202,309114
50090442203,309114
50090442205,309114
50090442206,309114
50090442207,309114
50090442208,309114
50090594800,309114
50090594801,309114
50090594802,309114
50090594803,309114
50090594805,309114
50090594807,309114
50090594808,309114
50090702601,309114
50090702603,309114
50090702700,309114
50090716201,309114
50090722300,309114
50090722400,309114
50268015211,309114
50268015215,309114
50436011701,309114
50436011702,309114
50436011703,309114
50436011704,309114
50436011705,309114
50436011708,309114
50436102001,309114
50436102002,309114
50436102004,309114
50436102005,309114
50436221001,309114
50436221002,309114
50436221004,309114
50436221005,309114
51655002520,309114
51655002820,309114
51655002852,309114
51655012504,309114
51655012529,309114
51655072020,309114
51655072029,309114
51655072051,309114
51655072052,309114
52959003100,309114
52959003102,309114
52959003104,309114
52959003106,309114
52959003108,309114
52959003110,309114
52959003112,309114
52959003114,309114
52959003115,309114
52959003120,309114
52959003121,309114
52959003124,309114
52959003128,309114
52959003130,309114
52959003140,309114
52959003156,309114
52959003160,309114
55289005804,309114
55289005808,309114
55289005810,309114
55289005814,309114
55289005820,309114
55289005821,309114
55289005824,309114
55289005828,309114
55289005830,309114
55289005840,309114
55289005856,309114
55700004314,309114
55700004320,309114
55700004328,309114
55700004340,309114
55700036420,309114
55700036430,309114
55700053320,309114
55700053328,309114
55700053330,309114
55700053340,309114
55887095801,309114
55887095860,309114
55887095890,309114
58864007320,309114
58864007328,309114
58864007330,309114
58864007340,309114
58864007356,309114
60687016301,309114
60687016311,309114
61442016201,309114
61442016205,309114
61919002910,309114
61919002920,309114
61919002928,309114
61919003510,309114
61919003514,309114
61919003520,309114
61919003528,309114
61919003530,309114
61919003540,309114
61919005120,309114
61919005130,309114
61919005140,309114
61919041010,309114
61919041030,309114
61919052210,309114
61919052220,309114
61919052228,309114
61919052230,309114
61919052240,309114
61919060610,309114
61919060614,309114
61919060620,309114
61919060628,309114
61919060630,309114
61919060640,309114
61919060656,309114
61919060660,309114
62135071174,309114
62250080208,309114
62645050210,309114
62645050250,309114
62756029413,309114
62756029488,309114
63187004606,309114
63187004614,309114
63187004615,309114
63187004620,309114
63187004621,309114
63187004628,309114
63187004630,309114
63187004640,309114
63187059206,309114
63187059220,309114
63187059228,309114
63187059230,309114
63187059240,309114
63304065701,309114
63304065705,309114
63629131900,309114
63629131909,309114
63629421901,309114
63629422001,309114
63629422101,309114
63629423001,309114
63629425901,309114
63629426901,309114
63629427001,309114
63629574001,309114
63629574101,309114
63629574201,309114
63629774001,309114
63629774201,309114
63629774301,309114
63629818401,309114
63629885601,309114
63629920001,309114
63629920101,309114
64038003301,309114
64038003340,309114
64205010214,309114
65862001901,309114
65862001905,309114
65862001920,309114
65862001940,309114
66267005005,309114
66267005006,309114
66267005010,309114
66267005014,309114
66267005015,309114
66267005020,309114
66267005028,309114
66267005030,309114
66267005040,309114
66267005060,309114
66336005530,309114
67046124503,309114
67877021901,309114
67877021905,309114
67877021910,309114
67877021920,309114
67877021938,309114
67877021974,309114
67877021984,309114
68071202408,309114
68071224903,309114
68071224904,309114
68071353201,309114
68071353202,309114
68071353203,309114
68071353204,309114
68071353206,309114
68071353207,309114
68071353208,309114
68071353803,309114
68071353804,309114
68071353806,309114
68071353808,309114
68071353809,309114
68071435501,309114
68071435502,309114
68071435503,309114
68071435504,309114
68071435507,309114
68071435508,309114
68071435509,309114
68071440604,309114
68071440607,309114
68071442903,309114
68071442904,309114
68071442906,309114
68071442908,309114
68071442909,309114
68180012201,309114
68180012202,309114
68387019020,309114
68387019021,309114
68387019030,309114
68387019040,309114
68788853801,309114
68788853802,309114
68788853803,309114
68788853804,309114
68788853805,309114
68788853806,309114
68788853807,309114
68788853808,309114
68788853809,309114
68788874001,309114
68788874002,309114
68788874003,309114
68788874004,309114
68788874005,309114
68788874006,309114
68788874007,309114
68788874008,309114
68788874009,309114
68788932602,309114
68788932603,309114
68788932604,309114
68788932607,309114
68788932608,309114
68788932609,309114
69043000901,309114
69043000905,309114
69778093104,309114
70518305900,309114
70518305901,309114
70518305902,309114
70518305903,309114
70518305904,309114
70518305905,309114
70518305906,309114
70518305907,309114
70518305908,309114
70518305909,309114
70518306600,309114
70518306601,309114
70518306602,309114
70518306603,309114
70518306604,309114
70518306605,309114
70518306606,309114
70518336200,309114
70518336201,309114
70518336202,309114
70518336203,309114
70518336204,309114
70518336205,309114
70518337800,309114
70518337801,309114
70518337802,309114
70518337803,309114
70518337804,309114
70518344800,309114
70518344801,309114
70518344802,309114
70518344803,309114
70518344804,309114
70518344805,309114
70518344806,309114
70518344807,309114
70518344808,309114
70518344809,309114
70518385700,309114
70518385701,309114
70518385702,309114
70518385703,309114
70934003414,309114
70934003420,309114
70934003421,309114
70934003428,309114
70934003430,309114
70934003440,309114
70934003494,309114
70934004010,309114
70934004021,309114
70934004030,309114
70934004040,309114
70934004056,309114
70934004094,309114
70934006520,309114
70934006530,309114
70934006540,309114
70934006594,309114
70934010910,309114
70934010928,309114
71205059106,309114
71205059114,309114
71205059115,309114
71205059120,309114
71205059121,309114
71205059128,309114
71205059130,309114
71205059140,309114
71205067206,309114
71205067214,309114
71205067215,309114
71205067220,309114
71205067221,309114
71205067228,309114
71205067230,309114
71205067240,309114
71335268501,309114
71335270401,309114
71335297601,309114
72162183001,309114
72162183002,309114
72162183005,309114
72162214505,309114
72287031001,309114
72789025128,309114
72789025182,309114
73614020203,309114
76420005228,309114
76420028801,309114
76420059210,309114
76420073600,309114
76420073601,309114
76420073614,309114
76420073620,309114
76420073621,309114
76420073628,309114
76420073630,309114
76420073640,309114
76420083110,309114
76420083130,309114
76420083140,309114
76420083142,309114
80425000401,309114
80425000402,309114
80425000403,309114
80425000404,309114
80425000405,309114
80425000406,309114
80425000407,309114
80425000501,309114
80425000502,309114
80425000503,309114
80425000601,309114
80425000602,309114
80425012101,309114
80425012102,309114
80425012103,309114
80425012104,309114
80425012105,309114
80425012106,309114
80425012107,309114
82804010614,309114
82804010615,309114
82804010620,309114
82804010628,309114
82804010630,309114
82804010640,309114
82868005710,309114
82868005714,309114
82868005720,309114
82868005721,309114
82868005728,309114
82868005730,309114
82868005740,309114
82868009510,309114
82868009521,309114
82868009528,309114
82868009530,309114
82982002420,309114
85766000414,309114
85766000420,309114
85766000421,309114
85766000428,309114
85766000430,309114
85766019114,309114
85766019120,309114
85766019121,309114
85766019128,309114
85766019130,309114
85766019133,309114
87441000401,309114
00093224001,197454
59651078401,197454
67877089201,197454
48102002120,637173
59651072820,637173
59651072850,637173
63629920201,637173
63629920301,637173
63629943501,637173
63629943601,637173
67877025501,637173
67877025505,637173
67877025510,637173
67877025520,637173
67877025523,637173
72162183302,637173
72162183304,637173
76420059510,637173
51311002610,1312438
51311003610,1312442
51311004610,1312446
00143967801,309090
00143976801,309090
00409733410,309090
00409733420,309090
00781321046,309090
25021010869,309090
25021010899,309090
44567070301,309090
60505615005,309090
63323034861,309090
66288610001,309090
66794021515,309090
70594009801,309090
00143985901,309092
00143985925,309092
00409733701,309092
00409733711,309092
00409733720,309092
00409733721,309092
00781320685,309092
00781320695,309092
50090187500,309092
50090244400,309092
50090468900,309092
60505075000,309092
60505075001,309092
60505075004,309092
60505615101,309092
60505615104,309092
63323034410,309092
64679070101,309092
64679070102,309092
64679070103,309092
66794021102,309092
66794021142,309092
67184100501,309092
67184100502,309092
68180061101,309092
68180061110,309092
70594009401,309092
70594009402,309092
00143985801,1665005
00143985825,1665005
00409733801,1665005
00409733811,1665005
00409733820,1665005
00409733821,1665005
00781320785,1665005
00781320795,1665005
25021010510,1665005
25021010566,1665005
44567070025,1665005
50090094400,1665005
50090344700,1665005
50090383800,1665005
60505075100,1665005
60505075101,1665005
60505075104,1665005
60505615201,1665005
60505615204,1665005
63323034510,1665005
64679070201,1665005
64679070202,1665005
66794021202,1665005
66794021242,1665005
67184100601,1665005
67184100602,1665005
68180062201,1665005
68180062210,1665005
70594009501,1665005
70594009502,1665005
76420059601,1665005
76420059610,1665005
82804006601,1665005
82804006610,1665005
85766012801,1665005
85766012810,1665005
00143985701,1665021
00143985725,1665021
00264315311,1665021
00338500241,1665021
00409733201,1665021
00409733211,1665021
00409733220,1665021
00409733221,1665021
00409733304,1665021
00409733311,1665021
00409733331,1665021
00409733349,1665021
00781320885,1665021
00781320895,1665021
00781932885,1665021
00781932895,1665021
25021010610,1665021
25021010667,1665021
44567070125,1665021
44567070195,1665021
50090094500,1665021
50090094501,1665021
50090381001,1665021
60505075203,1665021
60505075204,1665021
60505614800,1665021
60505614804,1665021
63323034601,1665021
63323034610,1665021
64679098301,1665021
64679098302,1665021
66794021302,1665021
66794021342,1665021
67184100701,1665021
68180063301,1665021
68180063310,1665021
70518249900,1665021
70518249901,1665021
70594009601,1665021
70594009602,1665021
71205054501,1665021
72572006101,1665021
72572006125,1665021
85766006901,1665021
85766006910,1665021
00143985601,1665046
00143985625,1665046
00264315511,1665046
00338500341,1665046
00409733503,1665046
00409733513,1665046
00409733520,1665046
00409733521,1665046
00409733604,1665046
00409733611,1665046
00781320990,1665046
00781320995,1665046
25021010720,1665046
25021010768,1665046
44567070225,1665046
44567070295,1665046
60505075303,1665046
60505075304,1665046
60505614900,1665046
60505614904,1665046
63323034720,1665046
64679070301,1665046
64679070302,1665046
66794021402,1665046
66794021442,1665046
67184100801,1665046
68180064401,1665046
68180064410,1665046
70594009701,1665046
70594009702,1665046
71205059301,1665046
71205071001,1665046
72572006201,1665046
72572006225,1665046
66288810001,2058953
67184100201,1665097
00143938201,1665093
00143938210,1665093
00143947701,1665093
00143947710,1665093
00264319311,1665093
00338130141,1665093
00409956601,1665093
00409956610,1665093
00781322280,1665093
00781322295,1665093
25021012120,1665093
25021012166,1665093
44567013010,1665093
44567024010,1665093
60505614400,1665093
60505614404,1665093
60505614600,1665093
60505614604,1665093
60505624500,1665093
60505624504,1665093
63323032620,1665093
63323032621,1665093
66794020902,1665093
66794020941,1665093
67184100301,1665093
70594008901,1665093
70594008902,1665093
71288000815,1665093
00143938301,1665088
00143938310,1665088
00143947801,1665088
00143947810,1665088
00264319511,1665088
00338130148,1665088
00409973501,1665088
00409973510,1665088
00781322391,1665088
00781322395,1665088
25021012250,1665088
25021012267,1665088
44567013110,1665088
44567024110,1665088
60505614500,1665088
60505614504,1665088
60505614700,1665088
60505614704,1665088
60505624600,1665088
60505624604,1665088
63323034020,1665088
63323034021,1665088
66794021002,1665088
66794021041,1665088
67184100401,1665088
70594009001,1665088
70594009002,1665088
71288000920,1665088
55529016302,2282006
55529016304,2282006
54771540201,1356516
54771540202,1356516
54771522301,1552097
54771522401,1421023
54771522402,1421023
54771522403,1421023
54771522404,1421023
83289010102,2675995
87706086600,2744824
87706086601,2744824
42507090725,701201
51316085201,701201
54305010210,701201
54305010265,701201
54305010290,701201
54305010295,701201
55301058625,701201
63667095610,701201
63667095619,701201
63667095624,701201
63667095645,701201
63667095665,701201
63667095690,701201
63667095695,701201
76162006001,701201
79481002401,701201
82442020201,701201
83173013225,701201
83698013225,701201
83698058625,701201
83698090725,701201
54305051809,2634992
63667051809,2634992
54305091019,2634994
54305091045,2634994
63667095219,2634994
63667095245,2634994
54305048924,1043731
54305048930,1043731
63667095724,1043731
63667095730,1043731
54305067610,637116
63667067610,637116
37000067920,665080
54305043610,665080
54305043619,665080
54305043645,665080
63667043610,665080
63667043619,665080
63667043645,665080
54305050710,1429019
63667050710,1429019
54305001015,2264360
63667001015,2264360
54305010810,644109
63667095410,644109
83173014330,644109
83698014330,644109
54305051709,2590178
63667051709,2590178
63667097619,1305130
63667097624,1305130
00031864501,616344
00031864601,616344
10202001309,616344
70000069201,616344
83173012830,616344
83324030830,616344
83698001309,616344
83698012830,616344
83698062030,616344
83698069230,616344
00363107330,433196
37808011330,433196
52642002030,433196
53943050925,433196
55319004830,433196
71165001400,433196
75712002201,433196
79481009101,433196
83002000101,433196
83002001001,433196
83173012630,433196
83698012630,433196
83698050925,433196
83698067330,433196
37000068020,665082
54305034134,2739244
63667034134,2739244
54305046719,433195
54305046724,433195
54305046730,433195
54305046745,433195
63667096019,433195
63667096024,433195
63667096030,433195
63667096045,433195
54305034234,311507
63667034234,311507
54305084019,1044602
54305084024,1044602
63667097119,1044602
63667097124,1044602
11673004450,637119
11673014401,637119
42507090630,637119
42681003901,637119
51316085001,637119
54305017510,637119
54305017515,637119
54305017521,637119
54305017526,637119
54305017527,637119
54305017545,637119
54305017550,637119
54305017565,637119
54305017590,637119
54305017593,637119
54305017595,637119
54305018519,637119
54305018545,637119
54305080219,637119
54305080224,637119
55301058730,637119
63667018519,637119
63667018545,637119
63667095510,637119
63667095515,637119
63667095521,637119
63667095526,637119
63667095527,637119
63667095545,637119
63667095550,637119
63667095565,637119
63667095590,637119
63667095593,637119
63667095595,637119
63667095819,637119
63667095824,637119
68016005304,637119
72628010701,637119
72628011101,637119
76162006101,637119
83173013130,637119
83698013130,637119
83698058530,637119
83698090630,637119
84126032350,637119
68016010502,311508
70084060518,311508
70084061018,311508
78732001001,311508
78732001030,311508
79903025730,311508
54305092310,1426844
63667092310,1426844
00363107030,485287
00363995740,485287
12546011630,485287
12546011680,485287
12546011699,485287
21130026530,485287
30142003130,485287
36800081430,485287
37808003230,485287
37808047560,485287
41250008200,485287
41250014904,485287
41520000930,485287
42507090530,485287
49348099044,485287
49781001230,485287
50804001302,485287
50804001330,485287
50804059201,485287
52642004230,485287
52642005580,485287
53943010230,485287
55301058130,485287
55301058425,485287
55319000630,485287
55319000680,485287
59450071301,485287
59450071401,485287
67091030030,485287
67091030080,485287
68016088530,485287
69842053660,485287
70000026801,485287
70000063801,485287
71165001200,485287
71165001201,485287
72036008530,485287
72628011801,485287
75712001701,485287
75712002101,485287
75712002301,485287
76162001101,485287
79903025330,485287
83002000401,485287
83002000501,485287
83173010930,485287
83173010980,485287
83173011325,485287
83173011370,485287
83324026530,485287
83455020601,485287
83698010230,485287
83698011030,485287
83698011080,485287
83698011325,485287
83698011370,485287
83698058130,485287
83698058425,485287
83698067530,485287
83698088530,485287
83698090130,485287
54305093309,749548
55711007101,749548
55711007102,749548
55711007103,749548
55711007104,749548
63667093309,749548
00363107100,476973
00363108550,476973
00363108630,476973
00363995840,476973
09629512005,476973
11673003580,476973
21130026630,476973
21130030800,476973
30142003230,476973
30142004500,476973
36800081530,476973
36800081925,476973
37000099750,476973
37808003330,476973
37808005125,476973
37808047360,476973
41250015130,476973
41250015200,476973
41250016850,476973
41415000830,476973
41520002025,476973
41520002630,476973
42507090230,476973
42681004001,476973
46122000263,476973
47682011003,476973
47682011005,476973
49035001230,476973
49035001260,476973
49348098605,476973
49348098744,476973
49781001330,476973
49781004325,476973
50090296000,476973
50804001402,476973
50804001430,476973
50804059101,476973
51316001301,476973
51316001601,476973
51316085101,476973
51316098901,476973
52642004330,476973
52642004380,476973
52642004625,476973
53943020230,476973
53943020280,476973
55301003825,476973
55301058225,476973
55319000730,476973
55319000780,476973
59779069536,476973
67091030130,476973
67091030325,476973
68016088330,476973
68016088625,476973
68599109003,476973
69842053260,476973
69842059340,476973
70000026501,476973
70000064001,476973
70000064101,476973
70000064301,476973
70677129801,476973
71141011132,476973
71141011232,476973
71165001100,476973
72036008230,476973
72288023160,476973
72288023340,476973
72288023730,476973
72628010401,476973
72628010501,476973
72628010601,476973
75712001801,476973
76162001001,476973
76162001201,476973
76162001401,476973
76162001601,476973
76162001801,476973
79903018570,476973
81522042190,476973
82442000101,476973
82442000102,476973
82442020001,476973
83002000201,476973
83002000301,476973
83002000801,476973
83173012130,476973
83173012180,476973
83173012725,476973
83173012770,476973
83324026730,476973
83324030725,476973
83455020101,476973
83455020201,476973
83455020401,476973
83455020501,476973
83698012130,476973
83698012180,476973
83698012725,476973
83698012770,476973
83698020230,476973
83698020280,476973
83698042190,476973
83698058225,476973
83698062425,476973
83698067430,476973
83698088330,476973
83698088625,476973
83698090230,476973
84126036250,476973
71270058115,200107
47682050601,315140
71105000301,315140
46122006765,637121
53236000510,1052744
53236000512,1052744
53236000515,1052744
42961023201,253015
42961023202,253015
42961023203,253015
46122006665,253015
71165017202,253015
00363107230,1250189
00363108700,1250189
00363995940,1250189
11673003680,1250189
21130030900,1250189
30142002800,1250189
30142002830,1250189
30142002880,1250189
36602007917,1250189
36800081630,1250189
37808006030,1250189
37808047460,1250189
41250015530,1250189
41250015600,1250189
41415000930,1250189
41520001130,1250189
42507090430,1250189
42681003801,1250189
49035002760,1250189
49348098844,1250189
49781001430,1250189
50804002102,1250189
50804002130,1250189
50804059301,1250189
51316098701,1250189
52642004430,1250189
52642004480,1250189
53943015030,1250189
53943015080,1250189
55301058030,1250189
55319000830,1250189
55319000880,1250189
59450071501,1250189
59450071601,1250189
59450071701,1250189
67091030230,1250189
67091030280,1250189
68016088430,1250189
69842053460,1250189
70000063901,1250189
70677129701,1250189
71141011032,1250189
71165001300,1250189
71165001301,1250189
72036008330,1250189
72288023260,1250189
75712001501,1250189
75712002001,1250189
76162002401,1250189
76162002501,1250189
76162002701,1250189
79903019230,1250189
80159010503,1250189
83002000601,1250189
83002000701,1250189
83002000901,1250189
83173011430,1250189
83173011480,1250189
83324027930,1250189
83455020301,1250189
83698011430,1250189
83698011480,1250189
83698015030,1250189
83698015080,1250189
83698058030,1250189
83698061730,1250189
83698088430,1250189
83698090330,1250189
00363107725,359751
00363109450,359751
00924015001,359751
00924015002,359751
30142003425,359751
36800082225,359751
37808048340,359751
41250017125,359751
41520004525,359751
47682001825,359751
47682001850,359751
47682005022,359751
47682005046,359751
47682005060,359751
47682005064,359751
47682005066,359751
47682005069,359751
47682081525,359751
47682081550,359751
47682091525,359751
47682091550,359751
49035009740,359751
49314050505,359751
50804002825,359751
50804059001,359751
51316084801,359751
51316098801,359751
52642004525,359751
55301058325,359751
55319008025,359751
59779069736,359751
67060012001,359751
68599050003,359751
69842059440,359751
70000064201,359751
70677129601,359751
71105093001,359751
72036008425,359751
72288023640,359751
72628010201,359751
72628010301,359751
72628010901,359751
73408081550,359751
73598120201,359751
73598120401,359751
76162002801,359751
83173011525,359751
83173011570,359751
83324028825,359751
83455020001,359751
83698012525,359751
83698012570,359751
83698058325,359751
83698061625,359751
27854010201,1039799
54305031319,1424614
54305031326,1424614
54305031375,1424614
54305032319,1424614
54305032326,1424614
54305032375,1424614
54305061704,1424614
54305061719,1424614
54305061726,1424614
63667022419,1424614
63667022426,1424614
63667022475,1424614
63667023419,1424614
63667023426,1424614
63667023475,1424614
63667050304,1424614
63667050319,1424614
63667050326,1424614
63667060319,1424614
63667060326,1424614
71165017302,311512
54305033119,1232117
54305033126,1232117
54305033175,1232117
63667024219,1232117
63667024226,1232117
63667024275,1232117
47682004025,433194
47682004050,433194
47682084025,433194
47682084125,433194
67060012101,433194
42961023301,2569961
42961023302,2569961
42961023303,2569961
71165017102,2569961
49348064944,199393
53236000500,199393
53236000502,199393
53236000505,199393
54305051310,2277805
63667051310,2277805
54305015619,2122215
54305015624,2122215
54305015645,2122215
63667015619,2122215
63667015624,2122215
63667015645,2122215
00363995645,1995300
00363996145,1995300
37000059718,1995300
37000059720,1995300
37000059745,1995300
37000059770,1995300
69423079605,1995300
69423079618,1995300
69423079645,1995300
69423079670,1995300
69423079718,1995300
69423079745,1995300
69423079770,1995300
72628010801,1995300
75712001601,1995300
75712002401,1995300
79481009201,1995300
79903025445,1995300
82442020101,1995300
83002001101,1995300
83002001201,1995300
84126031330,1995300
84126032040,1995300
84126034112,1995300
00002880501,847199
00002880559,847199
00169300401,2206099
00169300412,2206099
00169300415,2206099
00169300425,2206099
50090656500,2206099
00002831501,311026
00002831517,311026
00247153810,311026
50090035200,311026
50090035209,311026
00169183402,311027
00169183411,311027
54746000101,598014
00501261030,753520
00501261130,753520
52183025914,753520
52183025920,753520
36602019210,701203
14832001042,1146963
52183025530,1146963
36602009191,2684627
12546024130,2109514
12546024140,2109514
12546024180,2109514
36602007290,2677464
36602030001,2677464
54305090924,2677464
54305090930,2677464
54305090945,2677464
54305090950,2677464
12546000492,896992
12546011830,896992
12546011880,896992
12546011980,896992
12546033830,896992
12546033880,896992
12546034703,896992
12546034724,896992
12546034748,896992
12546035124,896992
12546035148,896992
12546011430,1250183
12546011440,1250183
12546011480,1250183
12546034903,1250183
12546034924,1250183
12546034803,2264914
12546034824,2264914
12546034848,2264914
12546034849,2264914
12546021909,1439976
12546062544,802713
12546062546,802713
41528000066,802773
63736085264,802773
63736085622,802773
63736085917,802773
63736085918,802773
63736085943,802773
63736085944,802773
63736085946,802773
63736085948,802773
63736085967,802773
63736085973,802773
63736086004,802773
63736086114,802773
69626004204,802773
69626004304,802773
69626004404,802773
69626004504,802773
69626004604,802773
11509000003,804626
12546011214,1250187
12546011230,1250187
12546011240,1250187
12546011280,1250187
12546011289,1250187
12546011296,1250187
12546062139,1250187
12546062936,1250187
12546010425,896994
12546010430,896994
12546010470,896994
12546010900,896994
12546010901,896994
12546010902,896994
12546010903,896994
12546010904,896994
12546010914,896994
12546010916,896994
12546010918,896994
12546010924,896994
12546010930,896994
12546010940,896994
12546010980,896994
12546010989,896994
12546010990,896994
12546010996,896994
12546010999,896994
12546062141,896994
12546062542,896994
12546062749,896994
12546064001,896994
12546064025,896994
12546064070,896994
12546064098,896994
12546072401,896994
12546072470,896994
12546072498,896994
50332013704,2548889
00927018207,1146111
00927018307,1146111
12546033409,1857615
12546072109,1857615
12546005082,807004
50332011302,1237023
12546033309,1858828
55711007001,1052746
55711007003,1052746
55711007004,1052746
55711007005,1052746
54473013207,1112209
54473029731,1112209
50332012302,1237025
12546011000,1250191
12546011001,1250191
12546011002,1250191
12546011003,1250191
12546011004,1250191
12546011014,1250191
12546011016,1250191
12546011018,1250191
12546011024,1250191
12546011030,1250191
12546011040,1250191
12546011080,1250191
12546011096,1250191
12546011099,1250191
12546062137,1250191
12546000155,897006
12546064202,897006
12546064225,897006
12546064230,897006
12546064270,897006
12546064279,897006
50332015704,2699082
50332015707,2699082
50332015708,2699082
54305020134,2599618
54305020234,2599618
54305020334,2599618
63667020134,2599618
63667020234,2599618
63667020334,2599618
00927018407,1146113
50332015604,2699389
50332015607,2699389
12546032009,1811176
12546005080,896998
50332011202,1237030
55711006401,1014609
55711006402,1014609
55711006403,1014609
55711006405,1014609
55711006407,1014609
12546005081,807006
54305020634,2599616
63667020634,2599616
12546072209,1422189
00363007826,204691
00395051394,204691
00395051516,204691
00395051592,204691
00395051596,204691
00869007816,204691
00869007826,204691
11344007826,204691
11917010064,204691
21130007826,204691
24286152601,204691
24286152605,204691
24286152608,204691
24286152609,204691
24385051530,204691
24385051546,204691
36800095226,204691
41163007826,204691
49452183001,204691
49452183002,204691
49452183003,204691
63868032206,204691
70000002401,204691
70677108501,204691
70677131701,204691
72476001716,204691
72476001726,204691
75981007826,204691
79481078206,204691
83324005504,204691
00069111101,797544
00113200078,797544
00121210501,797544
00247092301,797544
00363080930,797544
00363080960,797544
00363080967,797544
00363080986,797544
00363650500,797544
00404000702,797544
00404010302,797544
00404940602,797544
00404940702,797544
00404940802,797544
00536110301,797544
00924000900,797544
00924000901,797544
00924000902,797544
00924000903,797544
00924000904,797544
00924001500,797544
00924001501,797544
00924001502,797544
00924001503,797544
00924001504,797544
00924002002,797544
00924002004,797544
00924002005,797544
00924002007,797544
00924025100,797544
00924025102,797544
00924025110,797544
00924025200,797544
00924030100,797544
00924030104,797544
00924030105,797544
00924050000,797544
00924050001,797544
00924050002,797544
00924050004,797544
08080575000,797544
08222440006,797544
08222440013,797544
08290006893,797544
08290036893,797544
08290326895,797544
08290326902,797544
08290366893,797544
08521080100,797544
08622700000,797544
09492244037,797544
10819391401,797544
10819391402,797544
10819391403,797544
10819391404,797544
11673032640,797544
11673080909,797544
11822350000,797544
11822370909,797544
11822515602,797544
11822515606,797544
11917006104,797544
11917014301,797544
19154012458,797544
19154099510,797544
21130068509,797544
21130068530,797544
21130068630,797544
21130087501,797544
30142078500,797544
30142080909,797544
30142080930,797544
30142080931,797544
34645000101,797544
34645000501,797544
34645000801,797544
34645001601,797544
34645002001,797544
34645002101,797544
34645104201,797544
34645300803,797544
34645301803,797544
34645302503,797544
34645311003,797544
34645311103,797544
34645550500,797544
35515099989,797544
37012049930,797544
37808035640,797544
37808080909,797544
37808080930,797544
37808080960,797544
38779690401,797544
38779690402,797544
38779754401,797544
38779754501,797544
39892010001,797544
39892010002,797544
39892010003,797544
39892010101,797544
39892080101,797544
39892080102,797544
39892080301,797544
39892080302,797544
41163081630,797544
41250004081,797544
41250004082,797544
41520080930,797544
42339000101,797544
42339000102,797544
42339000103,797544
42339000104,797544
42339000105,797544
42339000106,797544
42339000107,797544
42339000108,797544
42339000109,797544
42339000110,797544
42339000111,797544
42339000112,797544
42339000113,797544
42339000114,797544
42339000115,797544
42339000116,797544
42339000117,797544
42339000118,797544
42339000119,797544
42339000120,797544
42339000121,797544
42339000122,797544
42339000123,797544
42339000124,797544
42339000125,797544
42339000126,797544
42339000127,797544
42339000128,797544
42339000129,797544
42423027001,797544
42423027002,797544
42423027101,797544
42423027102,797544
42423027103,797544
42423027104,797544
42423027112,797544
42507045030,797544
42961012801,797544
42961012802,797544
42961012803,797544
42961012804,797544
42961050400,797544
46122004378,797544
47682003150,797544
47682003550,797544
47682003599,797544
47682021812,797544
47682021833,797544
47682021850,797544
47682021899,797544
47682021950,797544
47682022212,797544
47682022233,797544
47682022250,797544
47682022299,797544
47682029950,797544
49035081430,797544
49035081460,797544
49687001200,797544
49687001800,797544
50000051107,797544
50000051503,797544
50002086054,797544
50027049412,797544
50090627900,797544
50090788400,797544
50332004600,797544
50332004605,797544
50332004607,797544
50484021000,797544
50484021200,797544
50632000703,797544
50632000715,797544
50632000733,797544
50632000787,797544
50804000701,797544
50814001801,797544
50814003901,797544
50814005501,797544
50814008200,797544
51142044521,797544
51316055701,797544
51316095200,797544
51316095300,797544
52124001701,797544
52380020505,797544
52410411004,797544
52410411005,797544
53329023303,797544
53329023359,797544
53329077897,797544
53329080509,797544
53329080530,797544
53329080557,797544
53329080560,797544
53329080586,797544
53329080597,797544
53329080702,797544
53329080759,797544
53329081109,797544
53329081130,797544
53329081209,797544
53329081230,797544
53329081285,797544
53329081286,797544
53329082009,797544
53329082609,797544
53329082630,797544
53329082709,797544
53329082729,797544
53329082730,797544
53329082733,797544
53329082736,797544
53329082740,797544
53329082760,797544
53329082809,797544
53329082891,797544
53439010001,797544
54860049401,797544
54860049402,797544
55239036100,797544
55239036200,797544
55239036201,797544
55305012001,797544
55305012002,797544
55305012003,797544
55319082130,797544
55550022201,797544
55550024204,797544
55681005001,797544
55681005002,797544
55681005101,797544
55681005102,797544
58228207801,797544
58228217601,797544
58228251001,797544
58228261001,797544
59050011701,797544
59050011801,797544
59050012001,797544
59050024221,797544
59050024421,797544
59050026600,797544
59050044420,797544
59050044421,797544
59050044820,797544
59050070301,797544
59050080300,797544
59779075640,797544
59779080826,797544
59779080830,797544
59779080867,797544
59779092226,797544
59779092230,797544
60000032640,797544
60000052651,797544
60000052657,797544
60000052658,797544
60003012550,797544
60006037780,797544
60913000601,797544
60913000702,797544
60913000801,797544
60913000902,797544
60913001002,797544
60913001702,797544
60913001802,797544
60913002402,797544
60913002501,797544
60913002502,797544
60913002503,797544
60913002504,797544
60913003801,797544
60913003901,797544
60913003902,797544
60913004101,797544
60913004501,797544
60913004601,797544
60913004701,797544
60913004702,797544
60913004705,797544
60913004710,797544
60913004801,797544
60913004802,797544
60913004805,797544
60913010702,797544
60913020602,797544
60913020702,797544
60913021702,797544
61333020601,797544
61333021701,797544
61333021901,797544
61333021902,797544
61333021903,797544
62011004501,797544
62379000505,797544
62379000506,797544
62850000001,797544
63517024221,797544
63517024421,797544
63517050002,797544
63517060001,797544
63517060002,797544
63517060050,797544
63868018540,797544
63868096310,797544
63868098001,797544
64307000201,797544
65219033295,797544
65517000101,797544
65517000201,797544
65517000202,797544
65517000203,797544
65517202201,797544
65517202202,797544
65517202203,797544
65517300001,797544
65781061050,797544
67777012111,797544
67777012112,797544
67777012113,797544
67777012114,797544
67777012116,797544
67777012117,797544
67777012118,797544
67777012119,797544
67777012120,797544
67777012121,797544
67777012122,797544
67777012123,797544
67777012124,797544
67777012126,797544
67777012127,797544
67777030001,797544
67777030002,797544
67777030010,797544
67777030012,797544
68016001290,797544
68016080930,797544
68016080960,797544
68113011400,797544
68113011401,797544
68113099601,797544
68113099602,797544
68196040401,797544
68196050086,797544
68599580401,797544
68599580402,797544
68599580403,797544
68599580404,797544
68599580405,797544
68599580406,797544
68599580503,797544
68599580504,797544
68599580505,797544
68599863501,797544
68599863502,797544
68599863503,797544
68786012013,797544
68786012014,797544
68786012016,797544
68786012201,797544
68786012202,797544
68786030001,797544
68786030002,797544
69256097060,797544
69556080400,797544
69740021200,797544
69771001501,797544
69771001505,797544
69771001510,797544
70000002601,797544
70000011201,797544
70000057801,797544
70082001001,797544
70082001101,797544
70082001102,797544
70082001103,797544
70108010501,797544
70108010601,797544
70121253809,797544
70393040010,797544
70393040020,797544
70393040030,797544
70393040040,797544
70393040440,797544
70710189708,797544
70771176508,797544
71105000601,797544
71105000602,797544
71105011101,797544
71105011102,797544
71288035091,797544
71310011601,797544
71310011801,797544
71310011901,797544
71412011020,797544
71584000101,797544
71677503601,797544
71677503602,797544
71677503603,797544
71677503604,797544
71677503605,797544
71677503606,797544
71677503607,797544
71677503608,797544
71677503609,797544
71734011201,797544
71734034101,797544
71749000101,797544
71749000200,797544
71749000201,797544
71749030011,797544
71749030020,797544
71749030021,797544
71749030022,797544
71749030023,797544
71749030024,797544
71884001301,797544
71884001302,797544
71884001303,797544
71884001304,797544
71884001320,797544
71884001350,797544
71884001380,797544
71884001381,797544
71884001382,797544
71884001388,797544
71884006101,797544
71884006103,797544
71884020501,797544
71884020502,797544
71884020503,797544
71884020504,797544
72217000101,797544
72347007001,797544
72459001001,797544
72459001401,797544
72459001901,797544
72459002101,797544
72459002301,797544
72727000102,797544
73288000101,797544
73317880101,797544
73408003350,797544
74149011401,797544
75697000701,797544
75712080530,797544
76123012101,797544
76162032640,797544
76162080830,797544
76162080930,797544
76557000201,797544
77039002701,797544
77039003201,797544
77133000300,797544
77133000301,797544
77133000302,797544
77133000303,797544
77629080530,797544
77661003001,797544
79481004901,797544
79481004904,797544
79481567000,797544
79903022740,797544
79903027810,797544
79903027840,797544
79903037404,797544
79903037410,797544
79903037610,797544
79903039525,797544
80436000601,797544
80436000602,797544
80436000603,797544
80436000701,797544
80436000702,797544
80436000703,797544
80632000775,797544
80684013700,797544
81085000101,797544
81085000102,797544
81085000201,797544
81131006044,797544
81280000101,797544
81280000103,797544
81306041113,797544
81428007101,797544
81428007102,797544
81428007103,797544
81428007301,797544
81428007302,797544
81428007303,797544
81428007304,797544
81428008001,797544
81428008002,797544
81428008501,797544
81428008502,797544
81522050510,797544
81522050601,797544
81522050701,797544
81603062510,797544
81849000102,797544
81849000301,797544
81849000325,797544
81849000501,797544
81849000525,797544
82098081410,797544
82275000101,797544
82308000101,797544
82996000001,797544
83017689503,797544
83165000600,797544
83324028940,797544
83324030501,797544
83446000101,797544
83446000102,797544
83446000103,797544
83446000105,797544
83446000201,797544
83446000202,797544
83446020301,797544
83457092701,797544
83506000501,797544
83506000902,797544
83506001802,797544
83584043601,797544
83584043602,797544
83584043603,797544
83600000101,797544
83600000102,797544
83601000101,797544
83634045301,797544
83807001101,797544
83807002101,797544
83878010111,797544
84219000000,797544
84376000101,797544
84376000102,797544
84376000103,797544
84456002601,797544
84456002602,797544
84527002064,797544
84974000100,797544
84985070001,797544
85361000301,797544
85734000101,797544
85734000201,797544
86173000103,797544
86173000106,797544
86173000115,797544
86173000130,797544
86227000000,797544
86227012205,797544
86227012305,797544
87401000000,797544
87558099901,797544
87558099902,797544
87558099903,797544
87558099904,797544
87558099905,797544
87558099907,797544
89156000000,797544
91237000128,797544
91237000176,797544
98302000105,797544
98302015226,797544
52641070001,1193047
76370001200,2287160
78149020101,2287160
78149020102,2287160
78149020103,2287160
78149020104,2287160
53706100303,260239
58980078011,992582
58980078021,992582
58980078050,992582
16781011606,636109
00480095101,1116320
24979025201,1116320
47781015301,1116320
69420137501,1116320
00480095258,1116339
24979025368,1116339
47781015475,1116339
62037082675,1116339
00480095356,1116349
24979025406,1116349
47781015530,1116349
00054363063,311913
31722068205,311913
42192061916,311913
59651052847,311913
68134020116,311913
69238173002,311913
70868020016,311913
70954015110,311913
00378037701,198013
00378037705,198013
00781116301,198013
00781116305,198013
12634049871,198013
25000013803,198013
25000013814,198013
25000013821,198013
25000013831,198013
25000013898,198013
31722034001,198013
31722034005,198013
33261012830,198013
33358025330,198013
33358025360,198013
42806012401,198013
42806012405,198013
43063060006,198013
43063060015,198013
43063060020,198013
43063060030,198013
43063060060,198013
43353021653,198013
43353021660,198013
43353021670,198013
43353021680,198013
43353021694,198013
43353050660,198013
43353050670,198013
43353050694,198013
49483061901,198013
49483061950,198013
50090278804,198013
50090475204,198013
50228043401,198013
50228043405,198013
50228043410,198013
50228043430,198013
50268059411,198013
50268059415,198013
51079079320,198013
51655068530,198013
52605013805,198013
52959019020,198013
52959019028,198013
52959019030,198013
52959019040,198013
52959019060,198013
52959019090,198013
53746018801,198013
53746018805,198013
53746018810,198013
55111036601,198013
55111036605,198013
62207074543,198013
62207074547,198013
62207074549,198013
63187046115,198013
63187046130,198013
63187046145,198013
63187046160,198013
63187046190,198013
63629320201,198013
63629320202,198013
63629320203,198013
63629320204,198013
63629851101,198013
65162018810,198013
65162018811,198013
65162018850,198013
65862052001,198013
65862052005,198013
65862052010,198013
65862052099,198013
66267015120,198013
66267015130,198013
66267015140,198013
66267015160,198013
67046049903,198013
68071451006,198013
68462018801,198013
68462018805,198013
69097085307,198013
69097085312,198013
69150013814,198013
69150013815,198013
69150013816,198013
70010013701,198013
70010013705,198013
70010013710,198013
70518451400,198013
71335021701,198013
71335021702,198013
71335021703,198013
71335021704,198013
71335021705,198013
71335021706,198013
71335021707,198013
71335021708,198013
71335097301,198013
71335097302,198013
71335097303,198013
71335097304,198013
71335097305,198013
71335097306,198013
71335097307,198013
71335097308,198013
71335186901,198013
71335186902,198013
71335186903,198013
71335186904,198013
71335186905,198013
71335186906,198013
71335186907,198013
71335186908,198013
71610059253,198013
71610059280,198013
76282034001,198013
76282034005,198013
76420078701,198013
76420078702,198013
76420078705,198013
76420078707,198013
76420078710,198013
76420078714,198013
76420078720,198013
76420078730,198013
76420078760,198013
76420078790,198013
77771043401,198013
77771043405,198013
82804022930,198013
85766010500,198013
85766010501,198013
85766010505,198013
85766010510,198013
85766010514,198013
85766010520,198013
85766010530,198013
85766010560,198013
85766010590,198013
00093100501,603103
00093100505,603103
00781164601,603103
11534021101,603103
31722033801,603103
33261008202,603103
33261008210,603103
33261008214,603103
33261008220,603103
33261008221,603103
33261008228,603103
33261008230,603103
33261008240,603103
33261008290,603103
42291062901,603103
42494045310,603103
50111061401,603103
52817038010,603103
52959019430,603103
55289092128,603103
59651098601,603103
59651098605,603103
69097085107,603103
69543042510,603103
69784050101,603103
70954092510,603103
71205006014,603103
71205006015,603103
71205006020,603103
71205006030,603103
71205006040,603103
71205006045,603103
71205006060,603103
71205006090,603103
71205046960,603103
72162227501,603103
00378055501,198012
00378055505,198012
00781116401,198012
00781116405,198012
12634083171,198012
25000013903,198012
25000013914,198012
25000013922,198012
25000013932,198012
25000013998,198012
31722034101,198012
31722034105,198012
33261008007,198012
33261008010,198012
33261008012,198012
33261008014,198012
33261008020,198012
33261008021,198012
33261008028,198012
33261008030,198012
33261008040,198012
33261008060,198012
33261008090,198012
33358025401,198012
33358025420,198012
33358025430,198012
33358025460,198012
42806012501,198012
42806012505,198012
43063065006,198012
43063065010,198012
43063065014,198012
43063065015,198012
43063065020,198012
43063065021,198012
43063065024,198012
43063065030,198012
43063065042,198012
43063065060,198012
43353021853,198012
43353021880,198012
45865023860,198012
49483061701,198012
49483061750,198012
49999004960,198012
50090158302,198012
50090158304,198012
50090158308,198012
50090158401,198012
50090158500,198012
50090463600,198012
50090463701,198012
50090463800,198012
50090463801,198012
50090463802,198012
50090463803,198012
50090463804,198012
50090463805,198012
50090463806,198012
50090463807,198012
50090463808,198012
50090463809,198012
50228043501,198012
50228043505,198012
50228043510,198012
50228043530,198012
50268059511,198012
50268059515,198012
50436660801,198012
51079079420,198012
51655065752,198012
52605013905,198012
52959019100,198012
52959019102,198012
52959019110,198012
52959019114,198012
52959019115,198012
52959019120,198012
52959019128,198012
52959019130,198012
52959019140,198012
52959019142,198012
52959019160,198012
53746018901,198012
53746018905,198012
53746018910,198012
55111036701,198012
55111036705,198012
55700098730,198012
60760014020,198012
60760064420,198012
60760064460,198012
61919016230,198012
61919016260,198012
62207074643,198012
62207074647,198012
62207074649,198012
63187053515,198012
63187053520,198012
63187053530,198012
63187053545,198012
63187053560,198012
63187053590,198012
63629147601,198012
63629147602,198012
63629147604,198012
63629147605,198012
63629147606,198012
63629851201,198012
63629851301,198012
65162018910,198012
65162018911,198012
65162018950,198012
65862052101,198012
65862052105,198012
65862052199,198012
66267015220,198012
66267015230,198012
66267015240,198012
66267015260,198012
66267015290,198012
67046050003,198012
67544045653,198012
67544045680,198012
68462018901,198012
68462018905,198012
68788794601,198012
68788794602,198012
68788794603,198012
68788794606,198012
68788794608,198012
68788794609,198012
68788884401,198012
68788884402,198012
68788884403,198012
68788884406,198012
68788884408,198012
68788884409,198012
69097085407,198012
69097085412,198012
69150013914,198012
69150013915,198012
69150013916,198012
70010013801,198012
70010013805,198012
70010013810,198012
70518348600,198012
70518348601,198012
71335009501,198012
71335009502,198012
71335009503,198012
71335009504,198012
71335009505,198012
71335009506,198012
71335009507,198012
71335009508,198012
71335009509,198012
71335025501,198012
71335025502,198012
71335025503,198012
71335025504,198012
71335025505,198012
71335025506,198012
71335025507,198012
71335025508,198012
71335185001,198012
71335185002,198012
71335185003,198012
71335185004,198012
71335185005,198012
71335185006,198012
71335185007,198012
71335185008,198012
71335185009,198012
71610059153,198012
71610059180,198012
72189042530,198012
72189042560,198012
76282034101,198012
76282034105,198012
76420078801,198012
76420078802,198012
76420078805,198012
76420078807,198012
76420078810,198012
76420078814,198012
76420078820,198012
76420078830,198012
76420078860,198012
76420078890,198012
77771043501,198012
77771043505,198012
80425001001,198012
80425004801,198012
80425017502,198012
82868003030,198012
85766010600,198012
85766010601,198012
85766010605,198012
85766010610,198012
85766010614,198012
85766010620,198012
85766010630,198012
85766010660,198012
85766010690,198012
00093100601,311915
00093100605,311915
00781165301,311915
11534021201,311915
31722033901,311915
31722033905,311915
31722033910,311915
33261008302,311915
33261008310,311915
33261008314,311915
33261008320,311915
33261008321,311915
33261008328,311915
33261008340,311915
33261008390,311915
33358025660,311915
42291063001,311915
42494045410,311915
49999089730,311915
49999089760,311915
50090302500,311915
50090302501,311915
50090302503,311915
50111061501,311915
51655062852,311915
52817038110,311915
52959051602,311915
52959051610,311915
52959051614,311915
52959051615,311915
52959051620,311915
52959051630,311915
52959051640,311915
52959051642,311915
52959051660,311915
59651098701,311915
63629248401,311915
63629379501,311915
63629379502,311915
63629379503,311915
63629379504,311915
66267037320,311915
66267037330,311915
66267037360,311915
69097085207,311915
69097085212,311915
69543042610,311915
69784050001,311915
70954092810,311915
72162193501,311915
72162227601,311915
72789000360,311915
90096016101,311915
00378045101,198014
00378045105,198014
00440185260,198014
00440785214,198014
00440785220,198014
00440785230,198014
00440785260,198014
00440785400,198014
00440785405,198014
00615809439,198014
00781116501,198014
00781116505,198014
10544004420,198014
10544004430,198014
12634068460,198014
12634068471,198014
25000014003,198014
25000014014,198014
25000014019,198014
25000014029,198014
25000014098,198014
31722034201,198014
31722034205,198014
33358025501,198014
33358025514,198014
33358025515,198014
33358025520,198014
33358025528,198014
33358025530,198014
33358025545,198014
33358025560,198014
33358025590,198014
35356068290,198014
35356068420,198014
35356068430,198014
35356068460,198014
42291062818,198014
42291062820,198014
42291062860,198014
42708004320,198014
42708014020,198014
42806012601,198014
42806012605,198014
42806012610,198014
43063092004,198014
43063092006,198014
43063092014,198014
43063092015,198014
43063092020,198014
43063092028,198014
43063092030,198014
43063092060,198014
43063092090,198014
43063093720,198014
43353021153,198014
43353021160,198014
43353021170,198014
43353021180,198014
45861001200,198014
45861010201,198014
45865044930,198014
45865044951,198014
45865044960,198014
45865044990,198014
45865058160,198014
49483061801,198014
49483061850,198014
50090047800,198014
50090047801,198014
50090047802,198014
50090047804,198014
50090047806,198014
50090047807,198014
50090048100,198014
50090048101,198014
50090048102,198014
50090048104,198014
50090048105,198014
50090048106,198014
50090048107,198014
50090048109,198014
50090048200,198014
50090048201,198014
50090048202,198014
50090048300,198014
50090564500,198014
50090564501,198014
50090564502,198014
50090564504,198014
50090564505,198014
50090564506,198014
50090564507,198014
50090564509,198014
50090564601,198014
50090564602,198014
50090564900,198014
50090666600,198014
50090666601,198014
50090666602,198014
50090666604,198014
50090666605,198014
50090666606,198014
50090666607,198014
50090666609,198014
50090666701,198014
50090666702,198014
50090676200,198014
50090698000,198014
50090719800,198014
50090767600,198014
50228043601,198014
50228043605,198014
50228043610,198014
50228043630,198014
50268059615,198014
50436019001,198014
50436019002,198014
50436019004,198014
50436061801,198014
50436061802,198014
50436061803,198014
50436091001,198014
50436091002,198014
50436091004,198014
50436660901,198014
50436660903,198014
50436660906,198014
51079079501,198014
51079079520,198014
51655036320,198014
51655036325,198014
51655036326,198014
51655036352,198014
51655045720,198014
51655045725,198014
51655045726,198014
51655045752,198014
51655062120,198014
51655062125,198014
51655062183,198014
51655062620,198014
51655062683,198014
51655074320,198014
51655074325,198014
51655074326,198014
51655074352,198014
52605014005,198014
52605014010,198014
52959019300,198014
52959019302,198014
52959019310,198014
52959019314,198014
52959019315,198014
52959019320,198014
52959019321,198014
52959019324,198014
52959019328,198014
52959019330,198014
52959019335,198014
52959019340,198014
52959019342,198014
52959019360,198014
52959019390,198014
53746019001,198014
53746019005,198014
53746019010,198014
55111036801,198014
55111036805,198014
55289029806,198014
55289029807,198014
55289029820,198014
55289029824,198014
55289029828,198014
55289029830,198014
55289029840,198014
55289029860,198014
55289029890,198014
55289029893,198014
55700031620,198014
55700031630,198014
55700031660,198014
55700031690,198014
55700088820,198014
55700088830,198014
55700088860,198014
55700088890,198014
55887095910,198014
55887095924,198014
58864040020,198014
58864040030,198014
58864040060,198014
60687049101,198014
60687049111,198014
60760019014,198014
60760019015,198014
60760019020,198014
60760019030,198014
60760019060,198014
60760056414,198014
60760056415,198014
60760056420,198014
60760056430,198014
60760056460,198014
61919016314,198014
61919016320,198014
61919016330,198014
61919016360,198014
61919016390,198014
61919017330,198014
61919017360,198014
61919020414,198014
61919020420,198014
61919020428,198014
61919020430,198014
61919020460,198014
61919020490,198014
61919037614,198014
61919037620,198014
61919037628,198014
61919037630,198014
61919037645,198014
61919037660,198014
61919037690,198014
61919058614,198014
61919058620,198014
61919058630,198014
61919058645,198014
61919058660,198014
61919058690,198014
62207074743,198014
62207074747,198014
62207074749,198014
63187002810,198014
63187002814,198014
63187002815,198014
63187002820,198014
63187002830,198014
63187002840,198014
63187002845,198014
63187002860,198014
63187002890,198014
63187045520,198014
63187045530,198014
63187045560,198014
63187045590,198014
63629147701,198014
63629147702,198014
63629147703,198014
63629147704,198014
63629147705,198014
63629147706,198014
63629147707,198014
63629147708,198014
63629147709,198014
63629586301,198014
63629851401,198014
63629851501,198014
63739040310,198014
64038009301,198014
64038009360,198014
65162019010,198014
65162019011,198014
65162019050,198014
65862052201,198014
65862052205,198014
65862052226,198014
66267015310,198014
66267015314,198014
66267015315,198014
66267015320,198014
66267015330,198014
66267015340,198014
66267015342,198014
66267015360,198014
66267015390,198014
66267015391,198014
66267080704,198014
66267080706,198014
66336081510,198014
66336081520,198014
67046050103,198014
67046155303,198014
67296223505,198014
67544047530,198014
67544047553,198014
67544047570,198014
67544047580,198014
68071239604,198014
68071239606,198014
68071400601,198014
68071400602,198014
68071400603,198014
68071400604,198014
68071400605,198014
68071400606,198014
68071400607,198014
68071400609,198014
68071438102,198014
68071438104,198014
68071438106,198014
68084012701,198014
68084012711,198014
68462019001,198014
68462019005,198014
68462019030,198014
68462019050,198014
68788709001,198014
68788709002,198014
68788709003,198014
68788709004,198014
68788709005,198014
68788709006,198014
68788709007,198014
68788709008,198014
68788709009,198014
68788860201,198014
68788860202,198014
68788860203,198014
68788860204,198014
68788860205,198014
68788860206,198014
68788860207,198014
68788860208,198014
68788860209,198014
68788879701,198014
68788879702,198014
68788879703,198014
68788879704,198014
68788879705,198014
68788879706,198014
68788879707,198014
68788879708,198014
68788879709,198014
69036022030,198014
69097085507,198014
69097085512,198014
69150014014,198014
69150014015,198014
69150014016,198014
69512019010,198014
70010013901,198014
70010013905,198014
70010013910,198014
70518382200,198014
70518382201,198014
70518382202,198014
70518382203,198014
70518382204,198014
70518382205,198014
70518382206,198014
70518382207,198014
70518443900,198014
70518443901,198014
70518443902,198014
70518443903,198014
70518443904,198014
70934007320,198014
70934007330,198014
70934012430,198014
70934012490,198014
70934080330,198014
71205059710,198014
71205059714,198014
71205059715,198014
71205059720,198014
71205059730,198014
71205059740,198014
71205059760,198014
71205059790,198014
71335034500,198014
71335034501,198014
71335034502,198014
71335034503,198014
71335034504,198014
71335034505,198014
71335034506,198014
71335034507,198014
71335034508,198014
71335034509,198014
71335248500,198014
71335248501,198014
71335248502,198014
71335248503,198014
71335248504,198014
71335248505,198014
71335248506,198014
71335248507,198014
71335248508,198014
71335248509,198014
71335277700,198014
71335277701,198014
71335277702,198014
71335277703,198014
71335277704,198014
71335277705,198014
71335277706,198014
71335277707,198014
71335277708,198014
71335277709,198014
71610043653,198014
71610043660,198014
71610043680,198014
71610048953,198014
71610048980,198014
71610059753,198014
71610059770,198014
71610059780,198014
72189013614,198014
72189013620,198014
72189013630,198014
72189013660,198014
72189013671,198014
72189013690,198014
72789032104,198014
72789032115,198014
72789032120,198014
72789032130,198014
72789032160,198014
72789032190,198014
72789054114,198014
76282034201,198014
76282034205,198014
76420004201,198014
76420004202,198014
76420004210,198014
76420004214,198014
76420004230,198014
76420004260,198014
76420004290,198014
76420026401,198014
76420026402,198014
76420026405,198014
76420026407,198014
76420026410,198014
76420026412,198014
76420026414,198014
76420026420,198014
76420026430,198014
76420026460,198014
76420026490,198014
77771043601,198014
77771043605,198014
80425004901,198014
80425004902,198014
80425004903,198014
80425004904,198014
80425005001,198014
80425005002,198014
80425005101,198014
80425005102,198014
80425037801,198014
80425037802,198014
80425037803,198014
82461071160,198014
83209019014,198014
83209019015,198014
83209019018,198014
83209019020,198014
83209019028,198014
83209019030,198014
83209019060,198014
85509143603,198014
85509143606,198014
85509143609,198014
85766010700,198014
85766010701,198014
85766010705,198014
85766010710,198014
85766010714,198014
85766010720,198014
85766010730,198014
85766010760,198014
85766010790,198014
00363009827,1112231
00363010215,1112231
00363017418,1112231
00363017711,1112231
00363017715,1112231
00363017716,1112231
00363017722,1112231
00363017725,1112231
00363017778,1112231
00363017799,1112231
00363074227,1112231
00363074258,1112231
00363074260,1112231
00363074808,1112231
00363074812,1112231
00363074818,1112231
00363074820,1112231
00363074840,1112231
00363074850,1112231
00363074880,1112231
11673065178,1112231
11673074818,1112231
11673074840,1112231
11673074880,1112231
11822078804,1112231
11822078805,1112231
11822078806,1112231
21130074820,1112231
21130074840,1112231
21130074880,1112231
21130094811,1112231
21130094815,1112231
21130094816,1112231
21130094878,1112231
30142028522,1112231
30142028578,1112231
36800020411,1112231
36800020416,1112231
36800020478,1112231
36800074206,1112231
36800074227,1112231
36800074258,1112231
36800074260,1112231
37205085458,1112231
37205085460,1112231
37808004915,1112231
37808004916,1112231
37808004978,1112231
41163007915,1112231
41250022515,1112231
41250022516,1112231
41250022578,1112231
41520074820,1112231
41520074880,1112231
46122028358,1112231
46122028360,1112231
46122053460,1112231
46122078064,1112231
49035007580,1112231
49035038222,1112231
49035038278,1112231
49035074812,1112231
49035074820,1112231
49035074880,1112231
49348081971,1112231
51013013715,1112231
51013013728,1112231
51013013760,1112231
53345004201,1112231
53943017911,1112231
55301074820,1112231
55910074820,1112231
55910074840,1112231
56062074840,1112231
59428074820,1112231
59428078420,1112231
59726017420,1112231
59726017480,1112231
59726075120,1112231
59779074206,1112231
59779074258,1112231
62011036901,1112231
63868083020,1112231
63941068116,1112231
68016005640,1112231
69230030520,1112231
69230030580,1112231
69452017911,1112231
69452017915,1112231
69452017920,1112231
69452017922,1112231
69452017978,1112231
69452017979,1112231
69452025921,1112231
69452025922,1112231
69452025925,1112231
69452025978,1112231
69452028425,1112231
69842074808,1112231
69842074816,1112231
69842074820,1112231
69842074830,1112231
69842074840,1112231
69842074850,1112231
69842074880,1112231
70677114801,1112231
72288031225,1112231
72476074820,1112231
72476074880,1112231
00113036862,849574
00113036871,849574
00113036878,849574
00113090162,849574
00113090171,849574
00113090175,849574
00113090176,849574
00113090178,849574
00113141271,849574
00113436800,849574
00113436862,849574
00113436871,849574
00113436875,849574
00113436876,849574
00113436878,849574
00113436879,849574
00113436882,849574
00113949062,849574
00113949071,849574
00113949078,849574
00363014075,849574
00363014078,849574
00363014082,849574
00363016801,849574
00363036837,849574
00363036852,849574
00363036861,849574
00363036862,849574
00363036871,849574
00363036875,849574
00363036876,849574
00363036878,849574
00363036879,849574
00363036882,849574
00363049071,849574
00363049076,849574
00363049078,849574
00363049082,849574
00363093882,849574
00363609901,849574
00363609905,849574
00363609920,849574
00363960801,849574
00363960805,849574
00363960809,849574
00363960820,849574
00363960827,849574
00363960842,849574
00363960861,849574
00363960890,849574
00363960901,849574
00363960909,849574
00363960920,849574
00363960942,849574
00536109301,849574
00536109306,849574
00536109311,849574
00536109401,849574
00536109406,849574
00536109411,849574
11383022111,849574
11383022150,849574
11673036871,849574
11673036876,849574
11673036878,849574
11673036882,849574
11673036887,849574
11673076405,849574
11673076409,849574
11673090975,849574
11673090978,849574
11822417002,849574
11822417005,849574
11822417102,849574
11822417105,849574
11822604002,849574
11822604005,849574
11822604006,849574
11822604007,849574
11822604008,849574
11822604009,849574
15127046624,849574
15127046650,849574
21130006105,849574
21130006109,849574
21130006205,849574
21130006209,849574
21130006220,849574
21130018062,849574
21130018071,849574
21130018075,849574
21130018078,849574
21130018079,849574
21130059379,849574
21130060805,849574
21130060820,849574
21130060842,849574
21130067452,849574
21130069005,849574
21130085652,849574
24385036871,849574
24385036878,849574
24385036881,849574
24385049071,849574
24385049078,849574
25000014102,849574
25000014114,849574
25000014126,849574
25000014130,849574
25000014143,849574
25000014198,849574
25000014402,849574
25000014414,849574
25000014420,849574
25000014430,849574
25000014443,849574
25000014498,849574
27854010301,849574
27854010304,849574
27854016000,849574
27854016001,849574
27854016024,849574
27854016510,849574
27854017001,849574
27854050501,849574
27854050502,849574
27854055501,849574
27854055502,849574
27854070001,849574
27854070010,849574
27854070099,849574
27854070101,849574
30142061762,849574
30142061771,849574
30142061776,849574
30142061778,849574
30142061790,849574
30142095410,849574
30142095420,849574
30142095450,849574
30142098082,849574
33358025730,849574
36800014082,849574
36800036862,849574
36800036871,849574
36800036875,849574
36800036876,849574
36800036878,849574
36800036879,849574
36800036882,849574
36800049062,849574
36800049071,849574
36800049075,849574
36800049076,849574
36800049078,849574
36800069675,849574
36800069678,849574
37205026171,849574
37205026178,849574
37205026271,849574
37205026278,849574
37205074471,849574
37205074478,849574
37808006824,849574
37808006850,849574
37808049071,849574
37808063182,849574
37808065262,849574
37808065271,849574
37808071379,849574
37835059401,849574
37835059403,849574
41163051162,849574
41163051171,849574
41163051175,849574
41163051178,849574
41163070771,849574
41163070775,849574
41163070778,849574
41226060905,849574
41250031301,849574
41250031382,849574
41250047762,849574
41250047771,849574
41250047775,849574
41250047776,849574
41250047778,849574
41250047779,849574
41250068071,849574
41250068075,849574
41250068078,849574
41250081862,849574
41250081875,849574
41250081878,849574
41520034982,849574
41520050748,849574
41520050771,849574
41520050772,849574
41520050775,849574
41520050778,849574
41520050782,849574
41520050787,849574
41520053371,849574
42507024501,849574
42507024514,849574
42507084401,849574
42507084414,849574
42937081005,849574
42937081010,849574
42961012201,849574
42961012202,849574
43063090920,849574
43063090930,849574
43292056368,849574
43598005829,849574
43598005952,849574
43598006052,849574
43598007201,849574
43598007401,849574
45802049071,849574
45802049075,849574
45802049078,849574
46122030923,849574
46122030971,849574
46122030976,849574
46122030978,849574
46122056258,849574
46122056271,849574
46122056278,849574
46122056471,849574
46122056478,849574
46122056481,849574
47682003750,849574
47682023733,849574
47682023746,849574
47682023750,849574
47682073746,849574
47682073750,849574
48201000724,849574
49035036862,849574
49035036878,849574
49035036887,849574
49035049078,849574
49035076778,849574
49348030609,849574
49348030610,849574
49348030611,849574
49483060800,849574
49483060801,849574
49483060805,849574
49483060831,849574
49483060900,849574
49483060901,849574
49483060905,849574
50090068500,849574
50090068501,849574
50090068502,849574
50090068505,849574
50090238800,849574
50090335600,849574
50090335601,849574
50090336900,849574
50090470400,849574
50844026108,849574
50844041711,849574
50844041714,849574
50844041716,849574
50844041719,849574
50844041722,849574
50844041743,849574
50844041756,849574
50844041798,849574
50844041799,849574
50844047111,849574
50844047114,849574
50844047116,849574
50844047119,849574
50844047122,849574
50844047143,849574
50844047156,849574
50844047198,849574
50844047199,849574
50844060406,849574
50844060409,849574
50844060414,849574
50844060415,849574
50844060416,849574
50844060419,849574
50844060456,849574
50844060498,849574
50844060499,849574
50844071414,849574
50844071416,849574
50844071419,849574
50844071456,849574
50844071498,849574
50844071499,849574
51316060890,849574
51316076120,849574
51316076270,849574
51316081708,849574
51316081715,849574
51316081752,849574
51655062424,849574
51824007201,849574
51824010901,849574
52959046914,849574
52959046915,849574
52959046920,849574
52959046921,849574
52959046924,849574
52959046928,849574
52959046930,849574
52959046940,849574
52959046960,849574
53185039450,849574
53185060412,849574
53185060415,849574
53329068830,849574
53746019105,849574
53746019108,849574
53746019124,849574
53746019205,849574
53746019208,849574
53746019224,849574
53943014402,849574
53943014403,849574
53943014502,849574
53943014503,849574
55111027201,849574
55111027202,849574
55111027205,849574
55111027224,849574
55111027250,849574
55111027301,849574
55111027302,849574
55111027305,849574
55111027324,849574
55111027340,849574
55111027350,849574
55289057920,849574
55289057930,849574
55301036871,849574
55301036878,849574
55319040615,849574
55319040652,849574
55319071708,849574
55700033530,849574
55758004802,849574
55758004824,849574
55758004850,849574
55910048162,849574
55910048171,849574
55910049062,849574
55910049071,849574
55910049078,849574
55910050071,849574
55910050072,849574
55910050076,849574
55910050078,849574
55910050082,849574
55910072962,849574
55910072971,849574
55910072975,849574
55910072978,849574
56062036862,849574
56062036871,849574
56062036875,849574
56062036878,849574
56062049071,849574
56062049075,849574
56062049078,849574
57344014501,849574
57896095101,849574
57896095105,849574
57896095401,849574
57896095405,849574
57896095450,849574
58602073507,849574
58602073519,849574
58602073521,849574
58602073529,849574
58602073538,849574
58602073540,849574
58602073578,849574
58602073607,849574
58602073619,849574
58602073621,849574
58602073629,849574
58602073638,849574
58602073640,849574
58602073678,849574
58602073707,849574
58602073712,849574
58602073719,849574
58602073721,849574
58602073725,849574
58602073729,849574
58602073734,849574
58602073738,849574
58602073740,849574
58602073744,849574
58602073778,849574
58602073807,849574
58602073812,849574
58602073814,849574
58602073819,849574
58602073821,849574
58602073825,849574
58602073829,849574
58602073834,849574
58602073838,849574
58602073840,849574
58602073844,849574
58602073907,849574
58602073912,849574
58602073919,849574
58602073921,849574
58602073925,849574
58602073929,849574
58602073934,849574
58602073938,849574
58602073940,849574
58602073944,849574
58602073978,849574
58602081907,849574
58602081914,849574
58602081919,849574
58602081921,849574
58602081929,849574
58602081938,849574
58602081940,849574
58602084521,849574
59428060408,849574
59726016915,849574
59726016940,849574
59779006178,849574
59779014078,849574
59779036871,849574
59779036882,849574
59779091475,849574
59779091478,849574
61504014502,849574
62011001701,849574
62011001702,849574
62207032741,849574
62207032742,849574
62207032743,849574
62207032747,849574
62207032749,849574
62207032841,849574
62207032842,849574
62207032843,849574
62207032847,849574
62207032849,849574
62207072824,849574
62207072842,849574
62207072843,849574
62207072847,849574
62207072849,849574
62207072924,849574
62207072942,849574
62207072943,849574
62207072947,849574
62207072949,849574
62207076142,849574
62207076143,849574
62207076147,849574
62207076149,849574
62207076242,849574
62207076243,849574
62207076247,849574
62207076249,849574
63187059610,849574
63187059624,849574
63187059628,849574
63187059630,849574
63187059660,849574
63187059690,849574
63187079420,849574
63187079430,849574
63187079460,849574
63187098624,849574
63187098628,849574
63187098630,849574
63629179302,849574
63629179303,849574
63629179304,849574
63629179305,849574
63629179306,849574
63629179307,849574
63629179308,849574
63629777301,849574
63629777302,849574
63629777303,849574
63629777304,849574
63629777305,849574
63629777306,849574
63629777307,849574
63629777309,849574
63868010824,849574
63868046501,849574
63868046550,849574
63868046601,849574
63868046625,849574
63868046650,849574
63941014401,849574
63941014402,849574
63941014403,849574
63941024501,849574
63941024502,849574
63941024503,849574
63941044401,849574
63941044402,849574
63941044403,849574
63941044501,849574
63941044502,849574
63941044503,849574
63981036879,849574
63981036891,849574
65162019721,849574
65162019750,849574
66267034320,849574
66267034328,849574
66267034330,849574
66715542804,849574
66715974004,849574
67091013850,849574
67091014010,849574
67091014050,849574
67751012501,849574
68016046214,849574
68016046220,849574
68016046414,849574
68016046420,849574
68016066005,849574
68016066010,849574
68016066105,849574
68016066110,849574
68071503901,849574
68196025520,849574
68196025540,849574
68387057040,849574
68391036879,849574
68391036887,849574
68788757202,849574
68788757203,849574
68788757204,849574
68788757206,849574
68788844302,849574
68788844303,849574
68788844304,849574
68788844306,849574
68788844702,849574
68788844703,849574
68788844704,849574
68788844706,849574
68998014403,849574
68998014503,849574
69168036207,849574
69168039424,849574
69168039507,849574
69168039517,849574
69168039550,849574
69197039424,849574
69230031301,849574
69230031305,849574
69230031350,849574
69230032901,849574
69230032902,849574
69230032905,849574
69230032910,849574
69230032924,849574
69230032950,849574
69517010901,849574
69517010902,849574
69517010904,849574
69517010924,849574
69517010925,849574
69517010950,849574
69729012312,849574
69729012324,849574
69729012350,849574
69842001062,849574
69842081162,849574
69842081168,849574
69842081171,849574
69842081175,849574
69842081178,849574
69842081190,849574
69848001001,849574
69848001005,849574
69848001010,849574
70000017101,849574
70000017102,849574
70000017103,849574
70000017104,849574
70000017105,849574
70000017106,849574
70000020101,849574
70000020102,849574
70000020103,849574
70000020104,849574
70000020105,849574
70000020106,849574
70677113701,849574
70677113702,849574
70934024724,849574
70934042524,849574
71141018232,849574
71205059524,849574
71205059530,849574
71205059560,849574
71205059590,849574
71335106101,849574
71335106102,849574
71335106103,849574
71335106104,849574
71335106105,849574
71335106106,849574
71335106107,849574
71335106108,849574
71335128201,849574
71335128202,849574
71335128203,849574
71335128204,849574
71335128205,849574
71335128206,849574
71335128207,849574
71335128208,849574
71335128209,849574
71335258401,849574
71335258402,849574
71335258403,849574
71335258404,849574
71335258405,849574
71335258406,849574
71335258407,849574
71335258408,849574
71335258409,849574
71335300901,849574
71335300902,849574
71335300903,849574
71335300904,849574
71335300905,849574
71335300906,849574
71335300907,849574
71335300908,849574
71335300909,849574
72036014401,849574
72036014402,849574
72036014403,849574
72036014501,849574
72036014502,849574
72036014503,849574
72036014508,849574
72189027240,849574
72288033162,849574
72288033175,849574
72288033178,849574
72288036620,849574
72288036630,849574
72288036690,849574
72288036875,849574
72288036878,849574
72288036882,849574
72288036887,849574
72288048975,849574
72789054314,849574
72789054328,849574
79903000510,849574
79903000512,849574
79903000520,849574
79903000525,849574
79903000527,849574
79903000530,849574
79903000575,849574
79903000590,849574
79903000599,849574
79903023150,849574
79903023290,849574
79903038950,849574
79903060909,849574
79903060920,849574
80267000171,849574
81522004505,849574
82501157601,849574
83324010801,849574
83324010824,849574
83324010850,849574
83324010901,849574
83324010950,849574
85766012101,849574
85766012110,849574
85766012150,849574
85786010424,849574
85828039492,849574
42291051601,849398
43598049401,849398
43598049405,849398
43598049410,849398
43598049430,849398
45865051930,849398
45865051951,849398
45865051960,849398
45865051990,849398
50228043201,849398
50228043205,849398
50228043210,849398
50228043230,849398
50268059211,849398
50268059215,849398
52959035721,849398
52959035730,849398
52959035742,849398
52959035760,849398
53746019301,849398
53746019305,849398
58864075130,849398
63629363801,849398
63629363802,849398
63629363803,849398
63629363804,849398
63629363805,849398
63629363806,849398
65862051501,849398
65862051505,849398
65862051599,849398
68462017801,849398
68462017805,849398
71335192501,849398
71335192502,849398
71335192503,849398
71335192504,849398
71335192505,849398
71335192506,849398
76420063701,849398
76420063730,849398
76420063760,849398
76420063790,849398
33261008510,849431
33261008528,849431
33261008540,849431
33358025900,849431
33358025914,849431
33358025920,849431
33358025921,849431
33358025930,849431
33358025960,849431
33358025990,849431
42291051701,849431
42291051750,849431
42494040001,849431
43598049501,849431
43598049505,849431
43598049510,849431
43598049530,849431
45865034900,849431
45865034901,849431
45865034902,849431
45865034905,849431
45865034930,849431
45865034951,849431
45865034960,849431
45865034990,849431
50090523803,849431
50090523805,849431
50090523806,849431
50228043301,849431
50228043305,849431
50228043310,849431
50228043330,849431
50436661303,849431
51655062720,849431
52959027102,849431
52959027110,849431
52959027114,849431
52959027115,849431
52959027120,849431
52959027121,849431
52959027128,849431
52959027130,849431
52959027140,849431
52959027142,849431
52959027160,849431
52959027190,849431
53746019401,849431
53746019405,849431
55289036706,849431
55289036710,849431
55289036714,849431
55289036715,849431
55289036720,849431
55289036728,849431
55289036730,849431
55289036742,849431
55289036760,849431
55700007330,849431
55700007360,849431
55700062530,849431
55700062560,849431
55887092315,849431
55887092393,849431
58864075230,849431
60760053706,849431
60760053720,849431
60760053760,849431
60760080114,849431
60760080130,849431
60760080160,849431
60760080190,849431
61919016560,849431
63629126001,849431
63629126002,849431
63629126003,849431
63629126004,849431
63629126005,849431
63629126006,849431
63629126007,849431
63629126008,849431
63629851601,849431
63629851701,849431
65862051601,849431
65862051605,849431
65862051626,849431
65862051630,849431
66267015414,849431
66267015420,849431
66267015430,849431
66267015460,849431
66267015490,849431
66336082660,849431
68071200506,849431
68071200509,849431
68071233302,849431
68071233303,849431
68071233304,849431
68462017901,849431
68462017905,849431
68788780001,849431
68788780002,849431
68788780003,849431
68788780004,849431
68788780006,849431
68788780008,849431
68788780009,849431
69784055001,849431
71205047915,849431
71205047930,849431
71205047960,849431
71205047990,849431
71205063115,849431
71205063130,849431
71205063160,849431
71205063190,849431
71335082200,849431
71335082201,849431
71335082202,849431
71335082203,849431
71335082204,849431
71335082205,849431
71335082206,849431
71335082207,849431
71335082208,849431
71335082209,849431
71335165000,849431
71335165001,849431
71335165002,849431
71335165003,849431
71335165004,849431
71335165005,849431
71335165006,849431
71335165007,849431
71335165008,849431
71335165009,849431
71335229401,849431
71335307500,849431
71335307501,849431
71335307502,849431
71335307503,849431
71335307504,849431
71335307505,849431
71335307506,849431
71335307507,849431
71335307508,849431
71335307509,849431
71335966300,849431
71335966301,849431
71335966302,849431
71335966303,849431
71335966304,849431
71335966305,849431
71335966306,849431
71335966307,849431
71335966308,849431
71335966309,849431
72189001160,849431
72189033260,849431
72789038960,849431
76420062701,849431
76420062730,849431
76420062760,849431
76420062790,849431
80425053101,849431
80425053102,849431
80425053103,849431
80425053201,849431
80425053202,849431
80425053203,849431
80425057401,849431
80425057402,849431
80425057403,849431
85509149503,849431
85509149506,849431
85509149509,849431
00113826400,1550957
00113826406,1550957
00113826458,1550957
00113826460,1550957
00113826471,1550957
00363084480,1550957
00363226427,1550957
00363226480,1550957
11673068727,1550957
11673081908,1550957
21130063971,1550957
21130081405,1550957
30142038360,1550957
30142075327,1550957
36800026427,1550957
36800026460,1550957
37808026427,1550957
37808026460,1550957
41163059358,1550957
41163059371,1550957
41250052627,1550957
41250052660,1550957
41520026427,1550957
41520026460,1550957
55910085827,1550957
55910085858,1550957
55910085860,1550957
62011039601,1550957
62207081438,1550957
62207081439,1550957
62207081447,1550957
62207081495,1550957
69238142202,1550957
69238142204,1550957
69238142206,1550957
69238142208,1550957
69842032802,1550957
69842032808,1550957
70677006401,1550957
72288031006,1550957
79903020420,1550957
00378438591,994005
27241020260,994005
50228043710,994005
50228043730,994005
50228043760,994005
55111028960,994005
68788890603,994005
68788890606,994005
70748021507,994005
76420089001,994005
76420089030,994005
76420089060,994005
76420089090,994005
85509120203,994005
85509120206,994005
00378438691,994008
27241020360,994008
50228043805,994008
50228043830,994008
50228043860,994008
55111070160,994008
63629487301,994008
63629487302,994008
68788404303,994008
68788404306,994008
68788876603,994008
68788876606,994008
69306000560,994008
70748021607,994008
71335255201,994008
71335255202,994008
71335255301,994008
71335255302,994008
76420088901,994008
76420088930,994008
76420088960,994008
76420088990,994008
82804027660,994008
85509120301,994008
85509120303,994008
85509120306,994008
85509143801,994008
85509143803,994008
85509143806,994008
85509143809,994008
00045035816,1367426
00280603002,1367426
00280603010,1367426
00280603020,1367426
00280604010,1367426
00280604510,1367426
00280609010,1367426
00280609020,1367426
00363041701,1367426
00363065001,1367426
25866004121,1367426
25866004122,1367426
25866041210,1367426
25866041220,1367426
25866050170,1367426
25866053923,1367426
25866053924,1367426
25866053925,1367426
25866059280,1367426
36800041701,1367426
41250041701,1367426
46122019752,1367426
49035079201,1367426
50580043401,1367426
51316033901,1367426
58602081667,1367426
58602081672,1367426
58602081683,1367426
58602083267,1367426
58602083283,1367426
70000060501,1367426
71179081624,1367426
00378875559,849450
16714089101,849450
44183085009,849450
47335041022,849450
47335041083,849450
47335041088,849450
65862092836,849450
24979024901,1116331
52427027201,1116331
68071070560,1116331
24979025068,1116341
52427027375,1116341
52959048514,1116341
52959048515,1116341
52959048520,1116341
52959048521,1116341
52959048530,1116341
52959048540,1116341
52959048560,1116341
24979025106,1116351
52427027430,1116351
69437002828,207093
71511070116,207093
69437041501,608793
52959045630,835560
52959045640,835560
52959045660,835560
69437041601,835560
52959011114,105899
52959011120,105899
52959011128,105899
52959011130,105899
52959011140,105899
52959011160,105899
55289042010,105899
55289042014,105899
55289042015,105899
55289042020,105899
55289042030,105899
55289042040,105899
69437031601,105899
00280010501,1112233
00280010502,1112233
00280010503,1112233
00280010504,1112233
00280010505,1112233
00280010506,1112233
00280608001,1112233
00280608002,1112233
00280608004,1112233
00280608016,1112233
00280608020,1112233
00280608040,1112233
00280608080,1112233
00280609180,1112233
25866052782,1112233
25866052812,1112233
25866052813,1112233
25866052814,1112233
25866053590,1112233
25866055834,1112233
25866056155,1112233
25866058005,1112233
00280004101,849728
00280004102,849728
00280004103,849728
00280004104,849728
00280004105,849728
00280011101,849728
00280011102,849728
00280011103,849728
00280011104,849728
00280011105,849728
00280011106,849728
00280011107,849728
00280011201,849728
00280011202,849728
00280011203,849728
00280011204,849728
00280011301,849728
00280011302,849728
00280011303,849728
00280011304,849728
00280011305,849728
00280011306,849728
00280011401,849728
00280011402,849728
00280011403,849728
00280011404,849728
00280011405,849728
00280011501,849728
00280011502,849728
00280013001,849728
00280013002,849728
00280013101,849728
00280600001,849728
00280600002,849728
00280600003,849728
00280600004,849728
00280600005,849728
00280600006,849728
00280600007,849728
00280600008,849728
00280600009,849728
00280600010,849728
00280600012,849728
00280600015,849728
00280600016,849728
00280600024,849728
00280600027,849728
00280600032,849728
00280600050,849728
00280600070,849728
00280600075,849728
00280601001,849728
00280601002,849728
00280601003,849728
00280601004,849728
00280601005,849728
00280601006,849728
00280601007,849728
00280601009,849728
00280601010,849728
00280601020,849728
00280601024,849728
00280601050,849728
00280602002,849728
00280602016,849728
00280602020,849728
00280602040,849728
00280602080,849728
00280605001,849728
00280605002,849728
00280605003,849728
00280605004,849728
00280605005,849728
00280605006,849728
00280605027,849728
00280605050,849728
00280606020,849728
00280606025,849728
00280606032,849728
00280607040,849728
00280609202,849728
00280609204,849728
00280609205,849728
00280609206,849728
00280609207,849728
00280609208,849728
00280609209,849728
00280609210,849728
00280609212,849728
00280609224,849728
00280609225,849728
00280609250,849728
00280825210,849728
00280825224,849728
00924600000,849728
00924600001,849728
25866000003,849728
25866000004,849728
25866000102,849728
25866005420,849728
25866005440,849728
25866005480,849728
25866010501,849728
25866010502,849728
25866010503,849728
25866010504,849728
25866010505,849728
25866010506,849728
25866050442,849728
25866050448,849728
25866053647,849728
25866054051,849728
25866055111,849728
25866055820,849728
25866055833,849728
25866056000,849728
25866056341,849728
25866105001,849728
25866105002,849728
25866105003,849728
25866105004,849728
25866105005,849728
25866105006,849728
47682048850,849728
59133022824,849728
59133022844,849728
59133022850,849728
59133022924,849728
59133022944,849728
59133022950,849728
66267001130,849728
66715510300,849728
66715640208,849728
66715641102,849728
66715650202,849728
66715970201,849728
66715970202,849728
66715970203,849728
67751014401,849728
67751014402,849728
67751014403,849728
67751014404,849728
67751014405,849728
67751014406,849728
70264001101,849728
85237183201,849728
85237183202,849728
85237183204,849728
85237183206,849728
11917007143,849737
52959001630,849438
64158027642,849438
69437020301,849438
00280120001,1550963
00280120002,1550963
00280120003,1550963
00280120004,1550963
00280120005,1550963
00280120008,1550963
00280120020,1550963
00280120040,1550963
00280120080,1550963
25866055306,1550963
25866055307,1550963
25866055308,1550963
25866056028,1550963
25866056029,1550963
75987003104,994007
75987003004,994010
42847085009,849452
55513012601,205917
55513012610,205917
55513012620,205917
59676030200,205918
59676030201,205918
55513026701,205921
55513026710,205921
55513026720,205921
59676030300,205922
59676030301,205922
55513014801,205923
55513014810,205923
55513014820,205923
59676030400,205924
59676030401,205924
55513014401,1721685
55513014410,1721685
55513014420,1721685
59676031000,1721690
59676031001,1721690
59676031002,1721690
59676034000,213475
59676034001,213475
55513028301,205912
55513028310,205912
55513028320,205912
59676031200,205913
59676031204,205913
55513047801,212218
55513047810,212218
55513047820,212218
59676032000,212219
59676032004,212219
00069130501,2047602
00069130510,2047602
59353000201,2047602
59353000210,2047602
00069130601,2047608
00069130610,2047608
59353000301,2047608
59353000310,2047608
00069130701,2047614
00069130710,2047614
59353000401,2047614
59353000410,2047614
00069130801,2047596
00069130810,2047596
59353001001,2047596
59353001010,2047596
00069130901,2047623
00069130904,2047623
00069130910,2047623
00069131801,2463733
00069131804,2463733
00069131810,2463733
59353022001,2463733
59353022010,2463733
00069131101,2463737
00069131104,2463737
00069131110,2463737
59353012001,2463737
59353012010,2463737
11701002504,581658
11701002526,581658
11701002545,581658
11701003298,581658
47593050711,581658
47593050741,581658
47593050756,581658
47593050770,581658
47593050856,581658
47593063831,581658
47593063833,581658
47593063841,581658
47593063849,581658
47593063856,581658
47593066470,581658
51209001200,581658
51209001300,581658
51801043708,581658
63621035614,581658
63621035620,581658
63621035625,581658
63621035630,581658
63621035640,581658
63621035650,581658
65585035801,581658
65585035901,581658
65585037501,581658
65585037502,581658
65585037504,581658
65585037505,581658
65585037506,581658
65585037507,581658
65585037508,581658
65585037509,581658
65585037510,581658
65585037511,581658
65585037512,581658
65585037513,581658
65585037514,581658
65585037515,581658
65585037516,581658
65585037517,581658
65585037518,581658
65585037519,581658
65585037801,581658
65585037802,581658
65585037803,581658
65585037804,581658
65585037805,581658
65585037806,581658
65585037807,581658
65585037808,581658
65585038001,581658
65585049801,581658
65585049802,581658
65585052202,581658
65585052203,581658
65585052501,581658
65692207401,581658
65692207501,581658
65692207601,581658
66608051505,581658
66608051527,581658
66975010101,581658
66975010102,581658
66975010103,581658
67858069301,581658
67858069302,581658
67858069303,581658
67858069304,581658
67858069305,581658
67858069306,581658
67858069307,581658
67858069308,581658
67858069309,581658
68306010601,581658
68306010602,581658
68306010603,581658
68306010604,581658
68306010605,581658
68306010606,581658
68306010608,581658
68306010609,581658
68306010610,581658
68306010611,581658
68306010612,581658
72202002601,581658
73800010001,581658
73800010101,581658
73800010201,581658
87322161401,581658
87322161402,581658
87322161403,581658
87322161404,581658
87377000101,581658
87377000102,581658
64942174501,2289402
64942174502,2289402
64942174503,2289402
64942174504,2289402
64942174601,2289402
64942174602,2289402
64942174603,2289402
64942174701,2289402
64942174702,2289402
64942182601,2289402
64942199601,2289402
64942203201,2289402
64942203202,2289402
64942203203,2289402
64942203204,2289402
64942203301,2289402
64942203302,2289402
64942203303,2289402
64942203401,2289402
64942203402,2289402
64942203501,2289402
64942203502,2289402
64942203601,2289402
11673007400,581660
11673007500,581660
11673007600,581660
11673007800,581660
11673007900,581660
11673060530,581660
11673060630,581660
11673060730,581660
11673078000,581660
11673078100,581660
11673078200,581660
11673078300,581660
11673078400,581660
11673078500,581660
11673086030,581660
11673086130,581660
11673086230,581660
11673086315,581660
11673086430,581660
11673086530,581660
11673086730,581660
11673086830,581660
11673086930,581660
11673087030,581660
11928000404,581660
19339001001,581660
19339001003,581660
24488000521,581660
29500908502,581660
29500908504,581660
33992107100,581660
33992140401,581660
33992140501,581660
33992140601,581660
33992150101,581660
33992150201,581660
33992300101,581660
33992301501,581660
33992801001,581660
39892041201,581660
40104020401,581660
40104033101,581660
40104033201,581660
40104033301,581660
42584100101,581660
42681001001,581660
42681689302,581660
42681689402,581660
42681716202,581660
43473001301,581660
43473005601,581660
43473007501,581660
43473008901,581660
49035041810,581660
49687001500,581660
49687001501,581660
50241032600,581660
50241032602,581660
50241032604,581660
50241046402,581660
50332009402,581660
50332009406,581660
50332009409,581660
50428003205,581660
50536007712,581660
50536007801,581660
50814006601,581660
50980005619,581660
50988027000,581660
50988027100,581660
50988027200,581660
50988027300,581660
50988027400,581660
51326090008,581660
52000012524,581660
52000012624,581660
52000012824,581660
52000012924,581660
53329021413,581660
53329021470,581660
53329021484,581660
53329021485,581660
54748020105,581660
54748020107,581660
54748020108,581660
54748020109,581660
54748020110,581660
54748020117,581660
54748020305,581660
54748020307,581660
54748020308,581660
55305012401,581660
55305012402,581660
57337001201,581660
57337001301,581660
57337001302,581660
57337001401,581660
57337001501,581660
57337001701,581660
57337001702,581660
57337004301,581660
57337004401,581660
57337007101,581660
57337007201,581660
57337007301,581660
57337007401,581660
57337008201,581660
57337008301,581660
57337008401,581660
58228710001,581660
58228720001,581660
58503000101,581660
58503001301,581660
58503001701,581660
58503007801,581660
59088029908,581660
59088029931,581660
59088029939,581660
59088029948,581660
59088041306,581660
59088041308,581660
59088041314,581660
59088041331,581660
59088041336,581660
59088041339,581660
59448000102,581660
59448000401,581660
59448000801,581660
59898042001,581660
59898042002,581660
59898042003,581660
59898042004,581660
59898042010,581660
59898042011,581660
59898042012,581660
59898042013,581660
59898042014,581660
59898042015,581660
59898042016,581660
59898042017,581660
59898042028,581660
59898042033,581660
59898042036,581660
60637003030,581660
60637004330,581660
60637005330,581660
60637005530,581660
60637011730,581660
60637011830,581660
60637011930,581660
60637012030,581660
60637012130,581660
60637012230,581660
60637012330,581660
60637012430,581660
60637019130,581660
60637019230,581660
60637019330,581660
60637019430,581660
60637019530,581660
60637021930,581660
60637022730,581660
60637022830,581660
60637022930,581660
60637023000,581660
60637023100,581660
60637023200,581660
60637024000,581660
60637030030,581660
60637030130,581660
60637030230,581660
61805011001,581660
61924010027,581660
63940000101,581660
63940000201,581660
64092031301,581660
64092031701,581660
65517102301,581660
65692100301,581660
66715701208,581660
66715717208,581660
66949090601,581660
68534000101,581660
68534000201,581660
68599532201,581660
68599532202,581660
68599532204,581660
68599532205,581660
68599532206,581660
69396013710,581660
70042001201,581660
70204010030,581660
70412011015,581660
70412011029,581660
70412011030,581660
70412011040,581660
70412011045,581660
70412011053,581660
70412011058,581660
70412011059,581660
70412011060,581660
70412011075,581660
70412011088,581660
70412011120,581660
70412011236,581660
70412011473,581660
70412013115,581660
70412013130,581660
70412013215,581660
70412013230,581660
70412013315,581660
70412013330,581660
70412013415,581660
70412013430,581660
70412013515,581660
70412013530,581660
70412019015,581660
70412019030,581660
70412019108,581660
70412019116,581660
71080001801,581660
71087000301,581660
71087000302,581660
71087000303,581660
71160011040,581660
71160018015,581660
71160018029,581660
71160018030,581660
71160018053,581660
71160018058,581660
71160018059,581660
71160018060,581660
71513010501,581660
71513010503,581660
71513010504,581660
71513010505,581660
71513010506,581660
71513010550,581660
71927000102,581660
71927000501,581660
71927000801,581660
72197001108,581660
72197003227,581660
72449010001,581660
72449010002,581660
72449010003,581660
72449010004,581660
72449010005,581660
72449010006,581660
72449010007,581660
72449010008,581660
72449010009,581660
72449010010,581660
72449010011,581660
72449010030,581660
72449010301,581660
72449010302,581660
72449010303,581660
72449010304,581660
72449010305,581660
72449010306,581660
72449010307,581660
72449010308,581660
72449010309,581660
72449010310,581660
72449010311,581660
72496113001,581660
72496113002,581660
73288000801,581660
73408051273,581660
73466000601,581660
73796011015,581660
73796011030,581660
73796011053,581660
73796011060,581660
73796011120,581660
73796011236,581660
73796011473,581660
73812000303,581660
73928010702,581660
73928010801,581660
73928010901,581660
73981001001,581660
74177000330,581660
74177000430,581660
74177000530,581660
74177000630,581660
74177000730,581660
74177001030,581660
74177002100,581660
74177002200,581660
74177002300,581660
74177002400,581660
74177002500,581660
74177002600,581660
74177003100,581660
74177003200,581660
74177003300,581660
74177003400,581660
74177003500,581660
74177003600,581660
74441010101,581660
74441010201,581660
74441010202,581660
74522001001,581660
74641000001,581660
74710001001,581660
74712000001,581660
74923007001,581660
74923007003,581660
74999000101,581660
75005003001,581660
76138011301,581660
76138011303,581660
76138011307,581660
76138011316,581660
76138011413,581660
76138011603,581660
76138011702,581660
76138012004,581660
76378001501,581660
76378001502,581660
76378001503,581660
76378001504,581660
76378001505,581660
76378001506,581660
76402040202,581660
76402040203,581660
76402040206,581660
76402040231,581660
76402040244,581660
76402040283,581660
76891013511,581660
76891013611,581660
77446000050,581660
77955000102,581660
78768000230,581660
78768000330,581660
78768000430,581660
80524000015,581660
80524000030,581660
80524000053,581660
80524000060,581660
80524000120,581660
81761011101,581660
81761011201,581660
82953001601,581660
82953001602,581660
82953001603,581660
82953001604,581660
82953001605,581660
82953001606,581660
82953001607,581660
82953001608,581660
82953001609,581660
82953001610,581660
82953002201,581660
82953002202,581660
82953002203,581660
82953002204,581660
82953002205,581660
82953002206,581660
82953002207,581660
82953002208,581660
82953002209,581660
82953002210,581660
83807000301,581660
83986065204,581660
83986065208,581660
83986065216,581660
83986065234,581660
83986065245,581660
83986065248,581660
83986065255,581660
83986065268,581660
83986065286,581660
83986081516,581660
83986081534,581660
83986082616,581660
83986082634,581660
83986082645,581660
83986084908,581660
83986084916,581660
83986084934,581660
83986084945,581660
83986096916,581660
83986096934,581660
83986096986,581660
85279000501,581660
85279000502,581660
85588020101,581660
85588020201,581660
85588020301,581660
85588020401,581660
87614000201,581660
90038001001,581660
71489000701,1860080
71489000702,1860080
71489000703,1860080
71489000704,1860080
71489000705,1860080
71489000706,1860080
71489000707,1860080
71489000708,1860080
71489000709,1860080
71489000710,1860080
71489000711,1860080
71489000712,1860080
71489000713,1860080
71489000714,1860080
71489000715,1860080
71489000716,1860080
72707002901,1094724
74195004001,1094724
76370003400,1094724
77731004301,1094724
77731004302,1094724
70445060701,2003712
70445060702,2003712
70445060703,2003712
70445060704,2003712
70445060705,2003712
70445060706,2003712
70445060707,2003712
70445060708,2003712
70445060709,2003712
70445060801,2003712
70445060802,2003712
70445060803,2003712
70445060804,2003712
70445060805,2003712
70445060806,2003712
70445060807,2003712
70445060808,2003712
70445060809,2003712
70445060901,2003712
70445060902,2003712
70445060903,2003712
70445060904,2003712
70445060905,2003712
70445060906,2003712
70445060907,2003712
70445060908,2003712
70445060909,2003712
37000060340,1052526
37000060353,1052526
59900012101,1052526
59900012102,1052526
59900012103,1052526
59900012104,1052526
59900012105,1052526
59900012905,1052526
62654014302,1145610
62654014303,1145610
62654014304,1145610
62654014306,1145610
62654014312,1145610
62654014319,1145610
62654014337,1145610
62654014392,1145610
81630000201,2367439
81630000202,2367439
81630000204,2367439
81630000206,2367439
81630000208,2367439
81630000210,2367439
81630000212,2367439
51706020101,902574
51706020301,902574
51706020401,902574
51706020501,902574
54860040501,902574
56136044301,902574
56136044401,902574
56136044501,902574
56136044601,902574
56194050301,902574
56194050302,902574
56194050303,902574
56194050304,902574
58466010508,902574
58466010516,902574
59958050003,902574
59958050007,902574
61924010604,902574
61924010616,902574
63148051603,902574
63148051609,902574
63148051633,902574
65692100201,902574
73928006001,902574
73928006101,902574
73928006201,902574
73928006301,902574
74642000001,902574
75248000000,902574
77693001000,902574
79396000000,902574
80684000001,902574
80684000101,902574
80684000201,902574
10056053200,2284346
62651000801,1039811
00404598801,616762
00404598802,616762
00404598803,616762
00404598804,616762
00404599101,616762
00924045000,616762
00924045001,616762
00924045002,616762
42961012301,616762
42961012302,616762
47682051173,616762
55550010602,616762
61010111200,616762
61010111201,616762
61010111202,616762
61010111203,616762
61010111204,616762
61010111205,616762
61010111206,616762
61010111207,616762
61010111208,616762
61010511100,616762
61010870001,616762
68599112001,616762
72663011112,616762
72663011123,616762
54622030801,1039708
54622030901,1039708
72866001701,1039708
72866003001,1039708
72866003101,1039708
72866003201,1039708
72866003301,1039708
72866003401,1039708
72866003601,1039708
72866003701,1039708
49852040030,1037039
49852040130,1037039
49852040230,1037039
49852040330,1037039
79805000101,1037039
79805000102,1037039
79805000103,1037039
79805000104,1037039
79805000105,1037039
79805000106,1037039
79805000107,1037039
79805000108,1037039
79805000109,1037039
79805000110,1037039
79805000111,1037039
79805000112,1037039
79704001001,2287763
79704002001,2287763
80328012301,2287763
80328012302,2287763
80328012303,2287763
00096051104,581662
00363085902,581662
00363085908,581662
00363123302,581662
00363123308,581662
00363123328,581662
00363572102,581662
00363572103,581662
00363572104,581662
10202040001,581662
10202040002,581662
10565007202,581662
10565007204,581662
10565007208,581662
10565007216,581662
10565007502,581662
10565007504,581662
10565007508,581662
10565007516,581662
10565007602,581662
10565007604,581662
10565007608,581662
10565007616,581662
11291007001,581662
11344037016,581662
11344037032,581662
11344037034,581662
11344037045,581662
11344037050,581662
11344037086,581662
11344037088,581662
11383030809,581662
11383030812,581662
11383030834,581662
11383030902,581662
11383030909,581662
11383030912,581662
11383030934,581662
11429100301,581662
11429100302,581662
11429100303,581662
11429100304,581662
11429100305,581662
11429100306,581662
11429100307,581662
11429100308,581662
11673043916,581662
11673043934,581662
11673043945,581662
11822002302,581662
11822002304,581662
11822370001,581662
11822370002,581662
11822370003,581662
11822370004,581662
19339002001,581662
21749002202,581662
21749002203,581662
21749002204,581662
21749002210,581662
21749002220,581662
21749002701,581662
21749002702,581662
21749002704,581662
21749002708,581662
21749002710,581662
21749002712,581662
21749002716,581662
21749002720,581662
21749002745,581662
21749002801,581662
21749002802,581662
21749002804,581662
21749002808,581662
21749002810,581662
21749002812,581662
21749002816,581662
21749002820,581662
21749002845,581662
21749002901,581662
21749002902,581662
21749002904,581662
21749002908,581662
21749002910,581662
21749002912,581662
21749002916,581662
21749002920,581662
21749002945,581662
21749012702,581662
21749012708,581662
21749012802,581662
21749053201,581662
21749053227,581662
21749053240,581662
21749062501,581662
21749062502,581662
21749062504,581662
21749062508,581662
21749062510,581662
21749062512,581662
21749062524,581662
21749062528,581662
21749062529,581662
21749062565,581662
21749070208,581662
21749070210,581662
21749070212,581662
21749070264,581662
21749070289,581662
21749070297,581662
21749070401,581662
21749070402,581662
21749070404,581662
21749070408,581662
21749070410,581662
21749070412,581662
21749070413,581662
21749070415,581662
21749070416,581662
21749070420,581662
21749070424,581662
21749070428,581662
21749070433,581662
21749070445,581662
21749070450,581662
21749070459,581662
21749070465,581662
21749071189,581662
21749071301,581662
21749071302,581662
21749071304,581662
21749071308,581662
21749071310,581662
21749071312,581662
21749071320,581662
21749071324,581662
21749071327,581662
21749071328,581662
21749071333,581662
21749071340,581662
21749071365,581662
21749071367,581662
21749071601,581662
21749071602,581662
21749071604,581662
21749071608,581662
21749071612,581662
21749071620,581662
21749071689,581662
21749071708,581662
21749071710,581662
21749071712,581662
21749071720,581662
21749071789,581662
21749075104,581662
21749075112,581662
23590040010,581662
24385003434,581662
30142059616,581662
30142059634,581662
30142059645,581662
33992302901,581662
33992303101,581662
33992303201,581662
36800037016,581662
36800037034,581662
36800037045,581662
36800089816,581662
36800089834,581662
39892040001,581662
39892040002,581662
39892040102,581662
39892040103,581662
40104036101,581662
40104036201,581662
40104036301,581662
41190037016,581662
41190037034,581662
41190037045,581662
41190043934,581662
41250037006,581662
41250037016,581662
41250037034,581662
41250037045,581662
41366001701,581662
41366001801,581662
41366001901,581662
41366005001,581662
41366005002,581662
41366005201,581662
41366005301,581662
41366005401,581662
41366005501,581662
42955000102,581662
43473005701,581662
43493000000,581662
43493000001,581662
43493000002,581662
43493000003,581662
47593026426,581662
47593026431,581662
47593026433,581662
47593050941,581662
47593050956,581662
49035010101,581662
49035010201,581662
49035045201,581662
49035056801,581662
49035098501,581662
49035099201,581662
49351010501,581662
49351010502,581662
49351010503,581662
49351010504,581662
49351010505,581662
49351010507,581662
49351010508,581662
49351010509,581662
50021000901,581662
50021000902,581662
50021000903,581662
50021000904,581662
50021000905,581662
50021000906,581662
50021000907,581662
50021000908,581662
50021000909,581662
50021000910,581662
50021000911,581662
50066060508,581662
50241046502,581662
50241046504,581662
50814006001,581662
50814006002,581662
50814006003,581662
50814006101,581662
50814006201,581662
50814006301,581662
50814006302,581662
51384000201,581662
51384000301,581662
51384000302,581662
51628443401,581662
51628443501,581662
51628443601,581662
51628443701,581662
51628443801,581662
51706030301,581662
51706030401,581662
51706030501,581662
51706040001,581662
51824002002,581662
51824002004,581662
51824002008,581662
51824011002,581662
51824011004,581662
52000042324,581662
52000042424,581662
52000042524,581662
52000042624,581662
52000042724,581662
52410804602,581662
52410804603,581662
52410804604,581662
52410804605,581662
53125080104,581662
53125080109,581662
53125080129,581662
53125080157,581662
53329000902,581662
53329020204,581662
53329020208,581662
53329020213,581662
53329020270,581662
53329020274,581662
53329020284,581662
53329020285,581662
53329020304,581662
53329020306,581662
53329023002,581662
53329023004,581662
53329023008,581662
53329023013,581662
53329023085,581662
53329097044,581662
53863000201,581662
53863000202,581662
53863000203,581662
53863000204,581662
53863000205,581662
53942037016,581662
53942037034,581662
53942043916,581662
53942043934,581662
53942043945,581662
55346330201,581662
55550061101,581662
55681003904,581662
55681003910,581662
55681003916,581662
55681003980,581662
55715000401,581662
55715000402,581662
55715000403,581662
56062037016,581662
56062037034,581662
56062037045,581662
56062037049,581662
56136023401,581662
56136073001,581662
57243037016,581662
57337008501,581662
57337008502,581662
57337014301,581662
57337014302,581662
57337014501,581662
57337014502,581662
57337014601,581662
57337014602,581662
57337014701,581662
57337014801,581662
57337014802,581662
57337018701,581662
57337018801,581662
57337018901,581662
57337019001,581662
58161015501,581662
58228069101,581662
58228236201,581662
58228869101,581662
58503009901,581662
58503010801,581662
58503011001,581662
58503011101,581662
59448001101,581662
59779005916,581662
59779005926,581662
59779005934,581662
59779005945,581662
59779007016,581662
59779007026,581662
59779007034,581662
59779007045,581662
59779007049,581662
59860000201,581662
59860000202,581662
60599099910,581662
61010411100,581662
61010411101,581662
61010711100,581662
61598045004,581662
62257012201,581662
62257012213,581662
62257012214,581662
62257012217,581662
62257012221,581662
62257012224,581662
62257012228,581662
62257012247,581662
62257012255,581662
62400001601,581662
62400001701,581662
62476000504,581662
62476000516,581662
62670667500,581662
62670667600,581662
62670667800,581662
62670667900,581662
62670673100,581662
62670673900,581662
62670674000,581662
62670674100,581662
62670674200,581662
62670674300,581662
62670678200,581662
62670678300,581662
62670685100,581662
62670685200,581662
62670685300,581662
62670685400,581662
62670685500,581662
62670685600,581662
62670685700,581662
62670689100,581662
62670690800,581662
62670690900,581662
62670695300,581662
62670695400,581662
62670697000,581662
62670697100,581662
62670697200,581662
62670697300,581662
62670697400,581662
62670697500,581662
62832037016,581662
62832037034,581662
62832037043,581662
62832037088,581662
63148010016,581662
63148050208,581662
63148063202,581662
63148063208,581662
63148063210,581662
63148066024,581662
63148066050,581662
63148072502,581662
63148072602,581662
63148072702,581662
63533064514,581662
63710000101,581662
63710000201,581662
63710000202,581662
63710000203,581662
63710000204,581662
63710000301,581662
63710000400,581662
63710000401,581662
63710000501,581662
63710000502,581662
63710000503,581662
63710000504,581662
63868088216,581662
63868088234,581662
63868088243,581662
63868088245,581662
63941000816,581662
63941000834,581662
63941043934,581662
64942182701,581662
64942182801,581662
64942182901,581662
64942183001,581662
64942183101,581662
64942183201,581662
64942183301,581662
64942183401,581662
64942183501,581662
64942183701,581662
64942183801,581662
64942183901,581662
64942184001,581662
64942184101,581662
64942184201,581662
64942184401,581662
65601080104,581662
65601080129,581662
65601080155,581662
65601080188,581662
65601080199,581662
65626020604,581662
65626020606,581662
65626020612,581662
65626047016,581662
66902044302,581662
66902044304,581662
66902044308,581662
66902044312,581662
66902044314,581662
66902044316,581662
66902044364,581662
66902094312,581662
66902094314,581662
66902094364,581662
66949013708,581662
66949013728,581662
67091010702,581662
67091010734,581662
67091043934,581662
67326000500,581662
67326000501,581662
67326000502,581662
67326000600,581662
67326001002,581662
67326001032,581662
67623000201,581662
67623000202,581662
67623000203,581662
67623000204,581662
67623000205,581662
67751007101,581662
67751007102,581662
67751018801,581662
67751018802,581662
67777001001,581662
67777001002,581662
67777001003,581662
67777001004,581662
67777001005,581662
67777001006,581662
67777001010,581662
67777001011,581662
67777001012,581662
67777001013,581662
67777001014,581662
67777001015,581662
67777001016,581662
67777001017,581662
67777001018,581662
67777001019,581662
67777001020,581662
67777091101,581662
67777091102,581662
67777091103,581662
67777091104,581662
67777091105,581662
67777091106,581662
67777091107,581662
67777091108,581662
67777091109,581662
67777091110,581662
67777091111,581662
67777091112,581662
67777091113,581662
67777091114,581662
67777091115,581662
67777091116,581662
67777091117,581662
68062225001,581662
68306011601,581662
68356010504,581662
68599520101,581662
68599520102,581662
68599520103,581662
68599520104,581662
68599520201,581662
68599520202,581662
68599520203,581662
68599520204,581662
68599520205,581662
68599520206,581662
68599520207,581662
69771000510,581662
69771000701,581662
69771000702,581662
69771000703,581662
69790077016,581662
69790077034,581662
69790077088,581662
69790077096,581662
69842076002,581662
69842076008,581662
70146001201,581662
70146001202,581662
70146001203,581662
70146001204,581662
70412019236,581662
70412019415,581662
70412019453,581662
70412019460,581662
70412019473,581662
71080001301,581662
71080001701,581662
71080002001,581662
71101005101,581662
71101005412,581662
71101023102,581662
71101023104,581662
71101023108,581662
71101099001,581662
71630009850,581662
72036037016,581662
72036037034,581662
72036037045,581662
72036043916,581662
72036043934,581662
72288019601,581662
72288037045,581662
72288037088,581662
72288043516,581662
72288043534,581662
72476037034,581662
72476043916,581662
72476043934,581662
72476043945,581662
72922002503,581662
73009000108,581662
73009000116,581662
73009000201,581662
73009000202,581662
73009000304,581662
73009000332,581662
73009000501,581662
73009000502,581662
73009000503,581662
73009000504,581662
73009000505,581662
73009000506,581662
73009001601,581662
73009001701,581662
73145000301,581662
73145000302,581662
73145000303,581662
73145000401,581662
73145001201,581662
73453014304,581662
73812000202,581662
73812000203,581662
74004000201,581662
74004002501,581662
74004003001,581662
74005003001,581662
74082001001,581662
74149010201,581662
74149010301,581662
74149010401,581662
74149010501,581662
74149010601,581662
74149010701,581662
74220000307,581662
74441010901,581662
74737201101,581662
74737201103,581662
74737201104,581662
74737201105,581662
74737202101,581662
74738110303,581662
74738110502,581662
74776001001,581662
74776002001,581662
74810072600,581662
74862000501,581662
74876065608,581662
74882034101,581662
74882034102,581662
74882034103,581662
74924010201,581662
74924010202,581662
74924010301,581662
74924010302,581662
74924010401,581662
74924010402,581662
74924010501,581662
74924010601,581662
75115046702,581662
75115046704,581662
75115046708,581662
75115046716,581662
75115046799,581662
75165000302,581662
75165000501,581662
75165000801,581662
75262000801,581662
75262000802,581662
75262000803,581662
75262000804,581662
75408000201,581662
75408000202,581662
75577001001,581662
75742000801,581662
75742000802,581662
75742000803,581662
75742000804,581662
75742000805,581662
75742000806,581662
75742000807,581662
75742001801,581662
75742002201,581662
75742002202,581662
75742002401,581662
75742002402,581662
75742002501,581662
75742002502,581662
75742002601,581662
75742002701,581662
75742002702,581662
75742002801,581662
75742003201,581662
75742003301,581662
75742003401,581662
75742003501,581662
75742003601,581662
75981037016,581662
75981037034,581662
75981037045,581662
76309030101,581662
76309030102,581662
76309030104,581662
76309030105,581662
76309030108,581662
76309030119,581662
76309030151,581662
76309030161,581662
76309030181,581662
76309030191,581662
76309030199,581662
76309035101,581662
76309035102,581662
76309035104,581662
76309035105,581662
76309035108,581662
76309035119,581662
76309035151,581662
76309035161,581662
76309035181,581662
76309035191,581662
76420070802,581662
76557000001,581662
76557000002,581662
76557000003,581662
76557000004,581662
76557000005,581662
76557000006,581662
76557000007,581662
76612017006,581662
76612017010,581662
76612017011,581662
76612017012,581662
76612017025,581662
76612017037,581662
76612017050,581662
76676040202,581662
76676040220,581662
76887010101,581662
76887010201,581662
76887010301,581662
76887010401,581662
76887010601,581662
76887010602,581662
77146012302,581662
77422038701,581662
77422038708,581662
77462001101,581662
77462001201,581662
77725000302,581662
77725000308,581662
77725000317,581662
77725000333,581662
77725000408,581662
77749001001,581662
77939000008,581662
77939000012,581662
77939000016,581662
77939000032,581662
77955000303,581662
78035000207,581662
78035000208,581662
78035000210,581662
78072040010,581662
78072040011,581662
78072040023,581662
78072040047,581662
78072040094,581662
78072050010,581662
78072050011,581662
78072050023,581662
78072050047,581662
78072050094,581662
78857001001,581662
79032020250,581662
79032020605,581662
79032021310,581662
79110014102,581662
79272001001,581662
79284000500,581662
79671079704,581662
79671079710,581662
79695001501,581662
79695001502,581662
79835070102,581662
79835070108,581662
79835070112,581662
79903014303,581662
79903014312,581662
79903014332,581662
79903014360,581662
79903014403,581662
79903014412,581662
79903014432,581662
79903014460,581662
79903033403,581662
79903033412,581662
79903033432,581662
79903033460,581662
79903033512,581662
79903033532,581662
79903033560,581662
80013000001,581662
80228200101,581662
80335010302,581662
80335011202,581662
80335011402,581662
80434028008,581662
80434028010,581662
80434028108,581662
80434028110,581662
80586080104,581662
80604010010,581662
80604010030,581662
80684000301,581662
80684000401,581662
80684000501,581662
80684000601,581662
80684003001,581662
80684003101,581662
80684003201,581662
80684003301,581662
80684003401,581662
80684003501,581662
80684003601,581662
80684006002,581662
80684006108,581662
80684006202,581662
80684006302,581662
80684006402,581662
80684006502,581662
80684006508,581662
80684008000,581662
80684008100,581662
80684008200,581662
80684008300,581662
80684011400,581662
80684011500,581662
80684011600,581662
81135000101,581662
81286010110,581662
81286010211,581662
81319011201,581662
81319011202,581662
81319011203,581662
81522090001,581662
82355000208,581662
82355002008,581662
82355002032,581662
82355002108,581662
82355002132,581662
82355002208,581662
82355002232,581662
82442000202,581662
82442000208,581662
82442000232,581662
82442000302,581662
82442000308,581662
82442000332,581662
83318060508,581662
83318060514,581662
83324011908,581662
83584000201,581662
83584000401,581662
83584002401,581662
83584002402,581662
83584011601,581662
83986043916,581662
83986043932,581662
83986043934,581662
83986043950,581662
83986043986,581662
83986052916,581662
83986052932,581662
83986052934,581662
83986052950,581662
83986052986,581662
83986099608,581662
83986099632,581662
83986099648,581662
84004000132,581662
84004000232,581662
87302021414,581662
87302021515,581662
87302021616,581662
87302021717,581662
87474000107,581662
87559000001,581662
87559000101,581662
62670661400,2282911
62670661500,2282911
62670661600,2282911
62670661700,2282911
62670661800,2282911
62670661900,2282911
62670662000,2282911
62670662100,2282911
62670662200,2282911
62670662300,2282911
62670662400,2282911
62670662500,2282911
62670662600,2282911
62670662700,2282911
62670662800,2282911
62670662900,2282911
62670663000,2282911
62670663100,2282911
62670663200,2282911
62670663300,2282911
62670663400,2282911
62670663500,2282911
62670663600,2282911
62670663700,2282911
62670663800,2282911
62670663900,2282911
62670664000,2282911
62670664100,2282911
62670664200,2282911
62670664300,2282911
62670664400,2282911
62670664500,2282911
62670664600,2282911
62670664700,2282911
62670664800,2282911
62670664900,2282911
62670665000,2282911
62670665100,2282911
62670665200,2282911
62670665300,2282911
62670665400,2282911
62670665500,2282911
62670665600,2282911
62670665700,2282911
62670665800,2282911
62670665900,2282911
62670666000,2282911
62670666100,2282911
62670666200,2282911
62670666300,2282911
62670666400,2282911
62670666500,2282911
62670666600,2282911
62670666700,2282911
62670666800,2282911
62670666900,2282911
62670667000,2282911
62670667100,2282911
62670667200,2282911
62670667300,2282911
62670667400,2282911
62670669300,2282911
62670669400,2282911
62670669500,2282911
62670669600,2282911
62670669700,2282911
62670669800,2282911
62670669900,2282911
62670670000,2282911
62670670100,2282911
62670670200,2282911
62670670300,2282911
62670670400,2282911
62670670500,2282911
62670671900,2282911
62670672000,2282911
62670672100,2282911
62670672200,2282911
62670672300,2282911
62670672400,2282911
62670672500,2282911
62670672600,2282911
62670672700,2282911
62670672800,2282911
62670672900,2282911
62670673000,2282911
62670673300,2282911
62670673400,2282911
62670673500,2282911
62670673600,2282911
62670673700,2282911
62670673800,2282911
62670674400,2282911
62670674500,2282911
62670674600,2282911
62670674700,2282911
62670674800,2282911
62670674900,2282911
62670675000,2282911
62670675100,2282911
62670675200,2282911
62670675300,2282911
62670675400,2282911
62670675500,2282911
62670675600,2282911
62670675700,2282911
62670675800,2282911
62670675900,2282911
62670676000,2282911
62670676100,2282911
62670676200,2282911
62670676300,2282911
62670676400,2282911
62670676500,2282911
62670676600,2282911
62670676700,2282911
62670676800,2282911
62670676900,2282911
62670677000,2282911
62670677100,2282911
62670677200,2282911
62670677400,2282911
62670677500,2282911
62670677600,2282911
62670677700,2282911
62670677800,2282911
62670678000,2282911
62670678100,2282911
62670681300,2282911
62670681400,2282911
62670681500,2282911
62670681600,2282911
62670681700,2282911
62670681800,2282911
62670681900,2282911
62670682000,2282911
62670682100,2282911
62670682200,2282911
62670682300,2282911
62670682400,2282911
62670682500,2282911
62670682600,2282911
62670682700,2282911
62670682800,2282911
62670682900,2282911
62670683000,2282911
62670683100,2282911
62670683200,2282911
62670683300,2282911
62670683400,2282911
62670683500,2282911
62670683600,2282911
62670683700,2282911
62670683800,2282911
62670683900,2282911
62670684000,2282911
62670684100,2282911
62670684200,2282911
62670684300,2282911
62670684400,2282911
62670684500,2282911
62670684600,2282911
62670684703,2282911
62670684800,2282911
62670684803,2282911
62670684903,2282911
62670685003,2282911
62670687300,2282911
62670687500,2282911
62670687600,2282911
62670687700,2282911
62670687800,2282911
62670687900,2282911
62670688000,2282911
62670688100,2282911
62670690100,2282911
62670690103,2282911
62670690203,2282911
62670690300,2282911
62670690400,2282911
62670690500,2282911
62670690600,2282911
62670690700,2282911
62670691000,2282911
62670691100,2282911
62670691200,2282911
62670691300,2282911
62670691400,2282911
62670691500,2282911
62670691600,2282911
62670691700,2282911
62670691800,2282911
62670691900,2282911
62670692000,2282911
62670692100,2282911
62670692200,2282911
62670692300,2282911
62670692400,2282911
62670692500,2282911
62670692600,2282911
62670692700,2282911
62670692800,2282911
62670692900,2282911
62670693000,2282911
62670693100,2282911
62670693300,2282911
62670693400,2282911
62670693500,2282911
62670693600,2282911
62670693700,2282911
62670693800,2282911
62670693900,2282911
62670694000,2282911
62670694100,2282911
62670694200,2282911
62670694300,2282911
62670694400,2282911
62670694500,2282911
62670694600,2282911
62670694700,2282911
62670694800,2282911
62670694900,2282911
62670695000,2282911
62670695100,2282911
62670695200,2282911
62670695500,2282911
62670695600,2282911
62670695700,2282911
62670695800,2282911
62670695900,2282911
62670696000,2282911
62670696100,2282911
62670696200,2282911
62670696300,2282911
62670696400,2282911
62670696500,2282911
62670696600,2282911
62670696700,2282911
69540002501,2282911
69540002502,2282911
69540002503,2282911
69540002504,2282911
77720003301,2282911
55681004010,2277550
62670659900,2277550
72976000701,2277550
78229000500,2277550
81417000801,2277550
41167075102,1305100
43473001101,1305100
43473004101,1305100
49314000401,1305100
51345005401,1305100
51345005601,1305100
51345005801,1305100
51345006001,1305100
51345006201,1305100
51345006401,1305100
51345006601,1305100
51345006801,1305100
52410408802,1305100
52410408808,1305100
69491030100,1305100
70393000532,1305100
70393000542,1305100
70797016001,1305100
70797016002,1305100
70797016003,1305100
70797016004,1305100
71574071110,1305100
72976001601,1305100
73928000101,1305100
73928000102,1305100
73928000103,1305100
73928000104,1305100
73928000105,1305100
73928000106,1305100
73928000107,1305100
73928000108,1305100
73928000109,1305100
73928000110,1305100
73928000111,1305100
73928000112,1305100
73928000113,1305100
73928000114,1305100
73928000401,1305100
73928000402,1305100
73928000403,1305100
73928000404,1305100
73928000405,1305100
73928000406,1305100
73928000501,1305100
73928000502,1305100
73928000503,1305100
73928000504,1305100
73928000505,1305100
73928000506,1305100
73928004001,1305100
74004001001,1305100
74159018901,1305100
74159018917,1305100
74640001030,1305100
74640001050,1305100
74763001911,1305100
74871005000,1305100
74871005100,1305100
74871005200,1305100
74871006000,1305100
74871006100,1305100
74871006200,1305100
74871010000,1305100
74871010100,1305100
74871012000,1305100
74871023700,1305100
74871023800,1305100
74871050000,1305100
74871090000,1305100
75086000901,1305100
75086000902,1305100
75086000903,1305100
75086000904,1305100
75086000905,1305100
75086000906,1305100
75086000907,1305100
75086000908,1305100
75086000909,1305100
75086000910,1305100
75086000911,1305100
75086000912,1305100
75086000913,1305100
75262000201,1305100
75309010101,1305100
75309010102,1305100
75309010103,1305100
75309010501,1305100
75329201101,1305100
75329201103,1305100
75330115001,1305100
75742000101,1305100
75742000102,1305100
75742000103,1305100
75742000104,1305100
75742000105,1305100
75742000106,1305100
75742000107,1305100
75742000108,1305100
75742000109,1305100
75742000110,1305100
75742000111,1305100
75742000401,1305100
75742000402,1305100
75742000403,1305100
75742000404,1305100
75742000601,1305100
75742000602,1305100
75742000603,1305100
75742000604,1305100
75742000605,1305100
75742000701,1305100
75742000702,1305100
75742000703,1305100
75742000704,1305100
75742000705,1305100
76892000101,1305100
76892000105,1305100
77129000050,1305100
77129000150,1305100
77446000100,1305100
77583010105,1305100
77583010107,1305100
78313010105,1305100
78313010107,1305100
78713000002,1305100
78713000008,1305100
79332000301,1305100
79332000401,1305100
79332000501,1305100
79332000601,1305100
79332000701,1305100
79401000101,1305100
79401000102,1305100
79524000002,1305100
79524000008,1305100
79631000000,1305100
80184099910,1305100
80230000301,1305100
80230000401,1305100
80230000501,1305100
80230000601,1305100
80230000701,1305100
80689000000,1305100
81263000100,1305100
81630000301,1305100
81630000302,1305100
81630000304,1305100
81630000306,1305100
81630000308,1305100
81630000310,1305100
81630000312,1305100
83807000101,1305100
87111000101,1305100
87111000102,1305100
87111000103,1305100
87111000104,1305100
87111000105,1305100
87111000106,1305100
87111000107,1305100
87111000108,1305100
57362046501,1535597
57362046514,1535597
57362052397,1535597
57362052498,1535597
57362052599,1535597
64942203001,1535597
64942203002,1535597
74631000101,1535597
74631000102,1535597
74631000106,1535597
74631000116,1535597
74631000201,1535597
74631000202,1535597
74631000206,1535597
74631000216,1535597
23667010300,1788839
73145000701,1041498
74035105101,1041498
74035105201,1041498
74035106101,1041498
74441010801,1041498
74456002001,1041498
76612018010,1041498
76612018012,1041498
76612018025,1041498
76612018037,1041498
76612018050,1041498
80016000100,1041498
80016000101,1041498
80016000102,1041498
80016000103,1041498
21749083702,1041851
21749083712,1041851
21749083740,1041851
21749090502,1041851
21749090504,1041851
21749090512,1041851
53329000314,1041851
53329000370,1041851
53329000374,1041851
53329000384,1041851
65616000906,1041851
65616000907,1041851
65616000909,1041851
65616000910,1041851
65616001007,1041851
65616001009,1041851
65616001017,1041851
65616001018,1041851
65616001020,1041851
65616001021,1041851
65616001022,1041851
58552032301,1424872
58552033420,1424872
00904598348,543460
45802049326,543460
45802049338,543460
45802049383,543460
45802049398,543460
45802051377,543460
51672130100,543460
51672130102,543460
51672130104,543460
63044040420,543460
63629860801,543460
63629860901,543460
70518361900,543460
71085007203,543460
71085007204,543460
71399049404,543460
72162141302,543460
00904598426,197362
00904598463,197362
45802041926,197362
45802041954,197362
45802052526,197362
45802052555,197362
50090658700,197362
51672130005,197362
51672130009,197362
55887047308,197362
63044048409,197362
63629861001,197362
63629861101,197362
71399001408,197362
71399014004,197362
71399014008,197362
72162140702,197362
72162140704,197362
00713033915,977978
00713033986,977978
00713075815,977978
00713075886,977978
42192012750,977978
45802013132,977978
45802013135,977978
51672132201,977978
51672132203,977978
52565007315,977978
52565007351,977978
52959096150,977978
63629866401,977978
63629866501,977978
63739099867,977978
70512003350,977978
70752011902,977978
70752011904,977978
72162139602,977978
72162139604,977978
72162206702,977978
72162206704,977978
72162225802,977978
51672070026,248332
64980031046,311249
51672070038,607229
59282010317,1421080
59282010321,1421080
59282010344,1421080
93595203501,259021
48106202001,1747301
48106202002,1747301
48106202003,1747301
48106202004,1747301
54420001701,1371989
54420001702,1371989
54420001703,1371989
54420001704,1371989
54420001705,1371989
54420001706,1371989
82160023801,244534
46066040116,1653440
46066040117,1653440
46066040121,1653440
47593053516,1653440
47593053517,1653440
47593053521,1653440
47593053544,1653440
47593053616,1653440
47593053617,1653440
47593053621,1653440
47593053644,1653440
47593054516,1653440
47593054517,1653440
47593054521,1653440
47593054544,1653440
47593053817,993253
47593053821,993253
47593053844,993253
46066040417,1252021
46066040421,1252021
46066040444,1252021
59511041216,1252021
59511041217,1252021
59511041221,1252021
00264750000,847630
00264750010,847630
00264775000,847630
00264775007,847630
00264775010,847630
00264775020,847630
00338009202,847630
00338011702,847630
00338011703,847630
00338011704,847630
00338630703,847630
00338960001,847630
00338960012,847630
00409795330,847630
00409795348,847630
00990795302,847630
00990795303,847630
00990795309,847630
11695641001,847630
13985080360,847630
17271071005,847630
17271071006,847630
17271071007,847630
46066080360,847630
50989088317,847630
50989089717,847630
50989089816,847630
50989089817,847630
50989089832,847630
51662151601,847630
57319054508,847630
60270013220,847630
60270085820,847630
63323016424,847630
63323016425,847630
63323016426,847630
63323016474,847630
63323016475,847630
63323016476,847630
65207080360,847630
65207080361,847630
65207080380,847630
65219047505,847630
65219047530,847630
65219047705,847630
65219047720,847630
65219047905,847630
65219047910,847630
72483020201,847630
72483020202,847630
72483020203,847630
72483020204,847630
72483020205,847630
72483020206,847630
72483020207,847630
72483020208,847630
72483020210,847630
72483020224,847630
76420012901,847630
76420027401,847630
83155020205,847630
83155020210,847630
83155020225,847630
83155020250,847630
86136001005,847630
00264220300,847628
00264220350,847628
00264220370,847628
00264738960,847628
00338011404,847628
00338013727,847628
00338013729,847628
00990782808,847628
57699080360,847628
00264775100,847627
00264775110,847627
00264775150,847627
00338012503,847627
00338012504,847627
00990792903,847627
00990792909,847627
17033049401,847627
51662152101,847627
65219024100,847627
65219024110,847627
65219024301,847627
65219024350,847627
00338081104,847626
00990711109,847626
65219024600,847626
65219024610,847626
00409711309,1866559
00338014303,807396
92771061008,1311662
00245002304,205643
00245002305,205643
00245002314,205643
00245002315,205643
00245002320,205643
00245002322,205643
00245002340,205643
00781709879,205643
16864000018,205643
10631009808,543812
59282010617,1293123
59282010621,1293123
59282010717,1293123
59282010721,1293123
47593042404,1536549
47593042416,1536549
47593042417,1536549
47593042421,1536549
47593042444,1536549
00072576004,885109
00072576008,885109
10631028604,885109
10631028605,885109
00145062605,212645
00145062607,212645
48106116701,1293603
48106116702,1293603
48106116703,1293603
48106116705,1293603
48106116706,1293603
48106116707,1293603
48106118301,1293603
48106118302,1293603
48106118303,1293603
48106118304,1293603
48106118305,1293603
48106118306,1293603
00884881204,904429
00245002168,1293861
59282010016,1094068
59282010017,1094068
59282010021,1094068
59282011216,1423479
59282011217,1423479
59282011221,1423479
47593045117,991326
47593045121,991326
47593045144,991326
47593045188,991326
47593045621,1546204
34674025308,213279
34674025316,213279
11701002202,807012
11701002404,807012
11701002408,807012
11701002214,807016
11701002221,807016
11701002223,807016
47593011916,993261
47593011917,993261
47593011921,993261
69751010101,2700386
69751010112,2700386
69751010001,2385353
69751010003,2385353
69751010012,2385353
00941041104,800061
00941041105,800061
00941041106,800061
00941041107,800061
00941041111,800061
00941042652,800061
00941042653,800061
00941042655,800061
00941041301,800064
00941041304,800064
00941041305,800064
00941041306,800064
00941041307,800064
00941042752,800064
00941042753,800064
00941042755,800064
00941069801,800064
00941069806,800064
00941041501,800003
00941041504,800003
00941041505,800003
00941041506,800003
00941041507,800003
00941042952,800003
00941042953,800003
00941042955,800003
00941040901,800474
00941040905,800474
00941040906,800474
00941040907,800474
00941042451,800474
00941042452,800474
00941042453,800474
00941042455,800474
00941048401,800474
00941068401,800474
00941068404,800474
00941068601,800474
00941068608,800474
00941070101,800474
00941070102,800474
00941071101,800474
00941071106,800474
00941072701,800474
00941072702,800474
00941073301,800474
00941073304,800474
00941043051,800115
00941043052,800115
00941043053,800115
00941043055,800115
00941045701,800115
00941045702,800115
00941045705,800115
00941045708,800115
00941048701,800115
00941068801,800115
00941068804,800115
00941069001,800115
00941069008,800115
00941070301,800115
00941070302,800115
00941071301,800115
00941071306,800115
00941072901,800115
00941072902,800115
00941073501,800115
00941073504,800115
00941043351,800074
00941043352,800074
00941043353,800074
00941043355,800074
00941045901,800074
00941045902,800074
00941045905,800074
00941045908,800074
00941049001,800074
00941069201,800074
00941069204,800074
00941069401,800074
00941069408,800074
00941069601,800074
00941069606,800074
00941070501,800074
00941070502,800074
00941071501,800074
00941071506,800074
00941073101,800074
00941073102,800074
00941067905,1100746
00941067906,1100746
00941067952,1100746
00941067953,1100746
00941068101,1100746
00941068102,1100746
00941068104,1100746
00941068108,1100746
00941070701,1100746
00941070703,1100746
00941070706,1100746
00941070708,1100746
00941070901,1100746
00941070905,1100746
00941071701,1100746
00941071705,1100746
00941071901,1100746
00941071905,1100746
00409737209,800648
00990737203,800648
00990737262,800648
10631011901,1301696
00378666940,966920
10572010001,966920
40032009019,966920
50090652100,966920
52536023601,966920
64380076521,966920
64380076621,966920
64380076721,966920
43386009019,967012
24338023601,966922
52268010001,966922
43386006019,967023
00143943001,1722934
00143943010,1722934
00264318311,1722934
00409022201,1722934
00409022210,1722934
00409139021,1722934
00409139051,1722934
00781300094,1722934
00781300095,1722934
00781300096,1722934
25021016020,1722934
44567014501,1722934
44567014510,1722934
44567040001,1722934
44567040010,1722934
44647003201,1722934
44647003210,1722934
51810050201,1722934
51810050202,1722934
55150020720,1722934
63323050701,1722934
63323050719,1722934
63323050720,1722934
63323050721,1722934
63323050725,1722934
63323050743,1722934
68001032329,1722934
68001032331,1722934
68083014610,1722934
70121145401,1722934
70121145407,1722934
70594007501,1722934
70594007502,1722934
72485041101,1722934
72485041110,1722934
72485041125,1722934
72572041201,1722934
72572041210,1722934
72572041501,1722934
72572041510,1722934
81962000001,1722934
81962000002,1722934
81962000003,1722934
00143943101,1722939
00143943110,1722939
00264318511,1722939
00409139121,1722939
00409139122,1722939
00409341201,1722939
00409341210,1722939
00781309894,1722939
00781309895,1722939
00781309896,1722939
25021016130,1722939
44567014601,1722939
44567014610,1722939
44567040101,1722939
44567040110,1722939
44647003301,1722939
44647003310,1722939
51810050301,1722939
51810050302,1722939
55150020830,1722939
63323050801,1722939
63323050821,1722939
63323050825,1722939
63323050830,1722939
63323050831,1722939
63323050845,1722939
68001032457,1722939
68001032458,1722939
68083014710,1722939
70121145301,1722939
70121145307,1722939
70594007601,1722939
70594007602,1722939
72485041201,1722939
72485041210,1722939
72485041225,1722939
72572041001,1722939
72572041010,1722939
72572041601,1722939
72572041610,1722939
81962000101,1722939
81962000102,1722939
81962000103,1722939
44567040201,2664894
44567040206,2664894
72078008100,2664894
72078008106,2664894
81962000201,2664894
81962000208,2664894
70842012001,1946651
70842012006,1946651
00990418703,830684
00049419103,830655
00990419103,830655
00990419105,830655
00338064403,801648
00338064404,801648
00338064406,801648
00338108904,800420
00338113303,800420
00338700101,800420
00338700106,800420
00338700301,800420
00338700304,800420
00338109104,800405
00338113403,800405
00338700501,800405
00338700506,800405
00338700701,800405
00338700704,800405
00338109904,800438
00338113703,800438
00338700901,800438
00338700906,800438
00338701101,800438
00338701104,800438
00338110104,800444
00338113803,800444
00338701301,800444
00338701306,800444
00338701501,800444
00338701504,800444
00990416203,800220
00409416403,800241
00409416405,800241
00409712107,800241
00990416403,800241
00990416405,800241
00990717217,800241
00990717117,800192
00338050203,800588
00338050206,800588
00264450000,1601982
00264450005,1601982
00338049906,801136
00990417803,831430
00990417905,800345
00338113003,801405
00338113004,801405
00338113006,801405
00990419605,847785
00990420303,1189611
00990417103,1189310
00338114203,801012
00338702001,801012
00338702006,801012
00338111304,801000
00338114403,801000
00338702201,801000
00338702206,801000
00338702401,801000
00338702404,801000
00338111504,1090639
00338114503,1090639
00338702601,1090639
00338702606,1090639
00338702801,1090639
00338702804,1090639
00338112304,801021
00338114703,801021
00338703001,801021
00338703006,801021
00338703201,801021
00338703204,801021
00338112504,801031
00338114803,801031
00338703401,801031
00338703406,801031
00338703601,801031
00338703604,801031
00264936155,1189645
00264193310,1189640
00264934155,1189640
69968079301,250912
69968079302,250912
69968079304,250912
69968079309,250912
71323020000,250912
73715000601,250912
74300049420,250912
85881000201,2739287
83566056201,2729431
00363111103,1595624
00363303602,1595624
00363303604,1595624
00363452072,1595624
10738007321,1595624
10738007341,1595624
41167017100,1595624
41167017101,1595624
41167171002,1595624
41250035501,1595624
59779091001,1595624
59779091002,1595624
69423097103,1595624
69677002001,1595624
70112015001,1595624
72042000101,1595624
72042000103,1595624
72465060000,1595624
76102003102,1595624
76420056002,1595624
76420056004,1595624
81352051900,1595624
81902022204,1595624
81902023001,1595624
81902023002,1595624
82714000201,1595624
82798029502,1595624
82798029506,1595624
82944020001,1595624
84126031803,1595624
84728035905,1595624
85978092900,1595624
72393020325,2049723
72393020342,2049723
72393020362,2049723
00363098568,1098616
21130073368,1098616
47124012968,1098616
49035078820,1098616
62217007068,1098616
62217007080,1098616
85638000555,1098616
70645062610,2199665
70645062635,2199665
70645073510,2199665
00121097001,1737778
00121097005,1737778
00121097030,1737778
00363100240,1737778
00363217801,1737778
00363217901,1737778
00363218001,1737778
00363218201,1737778
00363669706,1737778
00363672501,1737778
00363672502,1737778
00363672503,1737778
00363672606,1737778
00363672705,1737778
00363911005,1737778
00363911006,1737778
00363911008,1737778
00363911057,1737778
00363911606,1737778
00363994306,1737778
00536120207,1737778
00536120215,1737778
00536120229,1737778
11822654100,1737778
11822654101,1737778
11822999203,1737778
15611000901,1737778
21130096006,1737778
21130098801,1737778
21130098805,1737778
27854031101,1737778
27854033301,1737778
30142058306,1737778
36800015605,1737778
36800015606,1737778
41163060691,1737778
41167005840,1737778
41167005842,1737778
41167005847,1737778
41167058400,1737778
41167058403,1737778
41167058407,1737778
41167058500,1737778
41167058501,1737778
41167058502,1737778
41250062526,1737778
41250097205,1737778
42507096006,1737778
45611000901,1737778
45611000936,1737778
45611000938,1737778
46122045021,1737778
46122082045,1737778
46581083001,1737778
46581083002,1737778
46581083006,1737778
46581083015,1737778
46581083030,1737778
46581084007,1737778
49035013606,1737778
50488200401,1737778
50804083805,1737778
51028000401,1737778
51142010040,1737778
51142010140,1737778
51316010001,1737778
51316023105,1737778
51316028603,1737778
51316037001,1737778
51316037002,1737778
51316037003,1737778
51316037106,1737778
51316046006,1737778
52000040701,1737778
53329097305,1737778
53943091105,1737778
55154781305,1737778
55264010601,1737778
55264010602,1737778
55264010603,1737778
55328010001,1737778
55328010002,1737778
55328010006,1737778
55328010015,1737778
55328010030,1737778
55629002415,1737778
55629006001,1737778
55910091201,1737778
55910091202,1737778
57896016101,1737778
57896016106,1737778
57896016301,1737778
57896016305,1737778
59316089904,1737778
59316089907,1737778
60000091105,1737778
62011041501,1737778
62168058404,1737778
62168058405,1737778
62168058406,1737778
62168058502,1737778
62379010101,1737778
62379010102,1737778
62379010103,1737778
62379020101,1737778
62379020102,1737778
62379020103,1737778
63868030906,1737778
63940091105,1737778
65923014901,1737778
66902020305,1737778
66902021505,1737778
66902027004,1737778
66902027005,1737778
66902027006,1737778
66902027606,1737778
66902028603,1737778
66902045006,1737778
67091094005,1737778
67777000939,1737778
67777000940,1737778
68001062589,1737778
68001062593,1737778
68001062595,1737778
68016006605,1737778
68788402901,1737778
68788412301,1737778
68927370001,1737778
69168048107,1737778
69396013415,1737778
69452040904,1737778
69561000501,1737778
69561000502,1737778
69561000503,1737778
69561000701,1737778
69561000702,1737778
69561000703,1737778
69561000704,1737778
69561000705,1737778
69561000706,1737778
69561000707,1737778
69561000708,1737778
69561000709,1737778
69561000710,1737778
69618008235,1737778
69968092702,1737778
69968092703,1737778
69968092704,1737778
69993040003,1737778
69993045006,1737778
70000036601,1737778
70000055701,1737778
70000074001,1737778
70000074101,1737778
70512001230,1737778
70512001430,1737778
70512081201,1737778
70512081230,1737778
70677118801,1737778
70677128401,1737778
70677128402,1737778
70677128403,1737778
70677128501,1737778
70677128502,1737778
71101000106,1737778
71101000124,1737778
71101000212,1737778
71101000225,1737778
71101001105,1737778
71101002530,1737778
71101004106,1737778
71101005818,1737778
71101005905,1737778
71101006306,1737778
71101006425,1737778
71101008114,1737778
71101010806,1737778
71101012401,1737778
71101012501,1737778
71101091101,1737778
71101091105,1737778
71101091115,1737778
71101091506,1737778
71101091606,1737778
71101091715,1737778
71101091812,1737778
71318011415,1737778
71391015101,1737778
71391015105,1737778
71391015106,1737778
71399388406,1737778
71399445601,1737778
71399445603,1737778
71399445605,1737778
71436310401,1737778
71590001225,1737778
71594060005,1737778
71594060105,1737778
71594060205,1737778
71662000001,1737778
71662000005,1737778
71662000006,1737778
71662000010,1737778
71662000020,1737778
71662000031,1737778
71662000210,1737778
71662001020,1737778
71811000105,1737778
71811000106,1737778
71811000330,1737778
71811000340,1737778
71811000405,1737778
71811000705,1737778
71811000706,1737778
71811000805,1737778
71811000930,1737778
71811001005,1737778
72036091105,1737778
72189014410,1737778
72288096715,1737778
72559001619,1737778
72559002519,1737778
72559002619,1737778
72835004020,1737778
73086090299,1737778
73279000501,1737778
73317686605,1737778
73469048708,1737778
73469048802,1737778
73557015701,1737778
73557015705,1737778
73557015715,1737778
73557015718,1737778
73557015801,1737778
73557015806,1737778
73557015901,1737778
73557015906,1737778
73557016018,1737778
73557016030,1737778
73557018510,1737778
73557018720,1737778
73557018930,1737778
73581000102,1737778
73581000103,1737778
73581000130,1737778
73581000140,1737778
73581091115,1737778
73581091130,1737778
73581091215,1737778
73581091230,1737778
73581091240,1737778
75568000401,1737778
75568000402,1737778
75568001801,1737778
75568001901,1737778
75568001902,1737778
75568002301,1737778
75568002401,1737778
75568003501,1737778
75568003701,1737778
75568003801,1737778
75568004400,1737778
75568004600,1737778
79481000302,1737778
79481000402,1737778
79481000502,1737778
79481002106,1737778
79481370001,1737778
79643000501,1737778
79643000801,1737778
79903010606,1737778
79903019760,1737778
80425054201,1737778
80513081430,1737778
81484060101,1737778
81533020105,1737778
81877050430,1737778
81877051415,1737778
82219030015,1737778
82219031010,1737778
82442074406,1737778
82461041630,1737778
82568004203,1737778
82568004204,1737778
82598010101,1737778
82598010103,1737778
82598010120,1737778
82944010010,1737778
82944010301,1737778
83035113301,1737778
83035113701,1737778
83184022101,1737778
83295640004,1737778
83324025705,1737778
83402000330,1737778
83559000601,1737778
83559000701,1737778
83559000801,1737778
83559001001,1737778
83559001101,1737778
83568101601,1737778
83568464301,1737778
83569001701,1737778
83569001706,1737778
83602015701,1737778
83602015712,1737778
83602015713,1737778
83602015714,1737778
83602015715,1737778
83602015716,1737778
83602015717,1737778
83602015718,1737778
83602015719,1737778
83602015720,1737778
83602015721,1737778
83602015722,1737778
83602015723,1737778
83602015724,1737778
83602015725,1737778
83602015726,1737778
83602015727,1737778
83602015728,1737778
83602015729,1737778
83602015730,1737778
83602015731,1737778
83602015732,1737778
83602015733,1737778
83602015734,1737778
83602015735,1737778
83602015736,1737778
83602015737,1737778
83602015738,1737778
83602015739,1737778
83602015740,1737778
83602015741,1737778
83602015742,1737778
83602015743,1737778
83602015744,1737778
83602015745,1737778
83602015746,1737778
83602015801,1737778
83602015812,1737778
83602015813,1737778
83602015814,1737778
83602015815,1737778
83602015816,1737778
83602015817,1737778
83602015818,1737778
83602015819,1737778
83602015820,1737778
83602015821,1737778
83602015822,1737778
83602015823,1737778
83602015824,1737778
83602015825,1737778
83602015826,1737778
83602015827,1737778
83602015828,1737778
83602015829,1737778
83602015830,1737778
83602015831,1737778
83602015832,1737778
83602015833,1737778
83602015834,1737778
83602015835,1737778
83602015837,1737778
83602015838,1737778
83602015839,1737778
83602015840,1737778
83602015841,1737778
83602015842,1737778
83602015843,1737778
83602015844,1737778
83602015845,1737778
83602015846,1737778
83602018501,1737778
83602018508,1737778
83602018509,1737778
83602018510,1737778
83602018511,1737778
83602018512,1737778
83602018517,1737778
83602018518,1737778
83602018523,1737778
83602018524,1737778
83602023110,1737778
83602023113,1737778
83602023116,1737778
83602025701,1737778
83602025713,1737778
83602025714,1737778
83602025715,1737778
83602025716,1737778
83602025720,1737778
83602025729,1737778
83602025731,1737778
83602025735,1737778
83602025736,1737778
83655010915,1737778
84007016001,1737778
84007016015,1737778
84007016030,1737778
84008000101,1737778
84008000102,1737778
84097000130,1737778
84165000201,1737778
84165000203,1737778
84165000204,1737778
84165000205,1737778
84165000206,1737778
84165000207,1737778
84165000208,1737778
84165000209,1737778
84165000210,1737778
84165000211,1737778
84165000212,1737778
84165000213,1737778
84165000214,1737778
84165000215,1737778
84165000216,1737778
84165000217,1737778
84165000218,1737778
84165000219,1737778
84165000220,1737778
84165000221,1737778
84165000222,1737778
84165000223,1737778
84165000224,1737778
84165000225,1737778
84165000226,1737778
84165000227,1737778
84165000228,1737778
84165000229,1737778
84165000230,1737778
84165000231,1737778
84165000232,1737778
84165000233,1737778
84165000234,1737778
84165000235,1737778
84165000236,1737778
84165000237,1737778
84165000238,1737778
84165000239,1737778
84165000240,1737778
84165000241,1737778
84165000242,1737778
84165000243,1737778
84165000244,1737778
84165000245,1737778
84165000246,1737778
84165000247,1737778
84165000248,1737778
84165000249,1737778
84165000250,1737778
84165000251,1737778
84165000252,1737778
84165000253,1737778
84165000254,1737778
84165000255,1737778
84165000501,1737778
84165000606,1737778
84165000607,1737778
84165000608,1737778
84165000609,1737778
84165000610,1737778
84165000611,1737778
84165000612,1737778
84165000613,1737778
84165000614,1737778
84165000615,1737778
84165000616,1737778
84165000617,1737778
84165000618,1737778
84165000619,1737778
84165000620,1737778
84165000621,1737778
84165000622,1737778
84165000623,1737778
84165000624,1737778
84165000625,1737778
84165000626,1737778
84165000627,1737778
84165000628,1737778
84165000629,1737778
84165000630,1737778
84165000631,1737778
84165000632,1737778
84165000633,1737778
84165000634,1737778
84165000635,1737778
84165000636,1737778
84165000637,1737778
84165000638,1737778
84165000639,1737778
84165000640,1737778
84165000641,1737778
84165000642,1737778
84165000643,1737778
84165000644,1737778
84165000645,1737778
84165000646,1737778
84165000647,1737778
84165000648,1737778
84165000649,1737778
84165000650,1737778
84165000651,1737778
84165000652,1737778
84165000653,1737778
84165000654,1737778
84165000655,1737778
84165000656,1737778
84165000657,1737778
84165000658,1737778
84165000659,1737778
84165000660,1737778
84165001401,1737778
84165001405,1737778
84165001406,1737778
84165001407,1737778
84165001408,1737778
84165001409,1737778
84165001410,1737778
84165001411,1737778
84165001412,1737778
84165001413,1737778
84165001414,1737778
84165001415,1737778
84165001416,1737778
84165001417,1737778
84165001418,1737778
84165001419,1737778
84165001420,1737778
84165001421,1737778
84165001422,1737778
84165001423,1737778
84165001424,1737778
84165001425,1737778
84165001426,1737778
84165001427,1737778
84165001428,1737778
84165001429,1737778
84165001430,1737778
84165001431,1737778
84165001432,1737778
84165001433,1737778
84165001434,1737778
84165001435,1737778
84165001436,1737778
84165001437,1737778
84165001438,1737778
84165001439,1737778
84165001440,1737778
84165001441,1737778
84165001442,1737778
84165001443,1737778
84165001444,1737778
84165001445,1737778
84165001446,1737778
84165001447,1737778
84165001448,1737778
84165001449,1737778
84165001450,1737778
84165001451,1737778
84165001452,1737778
84165001453,1737778
84165001454,1737778
84165001455,1737778
84165001456,1737778
84165001601,1737778
84165001603,1737778
84165001604,1737778
84165001605,1737778
84165001606,1737778
84165001607,1737778
84165001608,1737778
84165001609,1737778
84165001610,1737778
84165001611,1737778
84165001612,1737778
84165001613,1737778
84165001614,1737778
84165001615,1737778
84165001616,1737778
84165001617,1737778
84165001618,1737778
84165001619,1737778
84165001620,1737778
84165001621,1737778
84165001622,1737778
84165001623,1737778
84165001624,1737778
84165001625,1737778
84165001626,1737778
84165001627,1737778
84165001628,1737778
84165001629,1737778
84165001630,1737778
84165001631,1737778
84165001632,1737778
84165001633,1737778
84165001634,1737778
84165001635,1737778
84165001636,1737778
84165001637,1737778
84165001638,1737778
84165001639,1737778
84165001640,1737778
84165001641,1737778
84165001642,1737778
84165001643,1737778
84165001644,1737778
84165001645,1737778
84165001646,1737778
84165001647,1737778
84165001648,1737778
84165001649,1737778
84165001650,1737778
84165001651,1737778
84165001652,1737778
84165001653,1737778
84165001654,1737778
84165001655,1737778
84165001656,1737778
84165001657,1737778
84165001658,1737778
84165001659,1737778
84165001660,1737778
84165010201,1737778
84165010204,1737778
84165010205,1737778
84165010206,1737778
84165010207,1737778
84165010208,1737778
84165010209,1737778
84165010210,1737778
84165010211,1737778
84165010212,1737778
84165010213,1737778
84165010214,1737778
84165010215,1737778
84165010216,1737778
84165010217,1737778
84165010218,1737778
84165010219,1737778
84165010220,1737778
84165010221,1737778
84165010222,1737778
84165010223,1737778
84165010224,1737778
84165010225,1737778
84165010226,1737778
84165010227,1737778
84165010228,1737778
84165010229,1737778
84165010230,1737778
84165010231,1737778
84165010232,1737778
84165010233,1737778
84165010234,1737778
84165010235,1737778
84165010236,1737778
84165010237,1737778
84165010238,1737778
84165010239,1737778
84165010240,1737778
84165010241,1737778
84165010242,1737778
84165010243,1737778
84165010244,1737778
84165010245,1737778
84165010246,1737778
84165010247,1737778
84165010248,1737778
84165010249,1737778
84165010250,1737778
84165010251,1737778
84165010252,1737778
84165010253,1737778
84165010254,1737778
84165010255,1737778
84165010256,1737778
84165010257,1737778
84165010258,1737778
84165010259,1737778
84165010260,1737778
84165010301,1737778
84165010305,1737778
84165010306,1737778
84165010307,1737778
84165010308,1737778
84165010309,1737778
84165010310,1737778
84165010311,1737778
84165010312,1737778
84165010313,1737778
84165010314,1737778
84165010315,1737778
84165010316,1737778
84165010317,1737778
84165010318,1737778
84165010319,1737778
84165010320,1737778
84165010321,1737778
84165010322,1737778
84165010323,1737778
84165010324,1737778
84165010325,1737778
84165010326,1737778
84165010327,1737778
84165010328,1737778
84165010329,1737778
84165010330,1737778
84165010331,1737778
84165010332,1737778
84165010333,1737778
84165010334,1737778
84165010335,1737778
84165010336,1737778
84165010337,1737778
84165010338,1737778
84165010339,1737778
84165010340,1737778
84165010341,1737778
84165010342,1737778
84165010343,1737778
84165010344,1737778
84165010345,1737778
84165010346,1737778
84165010347,1737778
84165010348,1737778
84165010349,1737778
84165010350,1737778
84165010351,1737778
84165010352,1737778
84165010353,1737778
84165010354,1737778
84165010355,1737778
84165010356,1737778
84165010601,1737778
84165010605,1737778
84165010606,1737778
84165010607,1737778
84165010608,1737778
84165010609,1737778
84165010610,1737778
84165010611,1737778
84165010612,1737778
84165010613,1737778
84165010614,1737778
84165010615,1737778
84165010616,1737778
84165010617,1737778
84165010618,1737778
84165010619,1737778
84165010620,1737778
84165010621,1737778
84165010622,1737778
84165010623,1737778
84165010624,1737778
84165010625,1737778
84165010626,1737778
84165010627,1737778
84165010628,1737778
84165010629,1737778
84165010630,1737778
84165010631,1737778
84165010632,1737778
84165010633,1737778
84165010634,1737778
84165010635,1737778
84165010636,1737778
84165010637,1737778
84165010638,1737778
84165010639,1737778
84165010640,1737778
84165010641,1737778
84165010642,1737778
84165010643,1737778
84165010644,1737778
84165010645,1737778
84165010646,1737778
84165010647,1737778
84165010648,1737778
84165010649,1737778
84165010650,1737778
84165010651,1737778
84165010652,1737778
84165010653,1737778
84165010654,1737778
84165010655,1737778
84165010701,1737778
84165010705,1737778
84165010706,1737778
84165010707,1737778
84165010708,1737778
84165010709,1737778
84165010710,1737778
84165010711,1737778
84165010712,1737778
84165010713,1737778
84165010714,1737778
84165010715,1737778
84165010716,1737778
84165010717,1737778
84165010718,1737778
84165010719,1737778
84165010720,1737778
84165010721,1737778
84165010722,1737778
84165010723,1737778
84165010724,1737778
84165010725,1737778
84165010726,1737778
84165010727,1737778
84165010728,1737778
84165010729,1737778
84165010730,1737778
84165010731,1737778
84165010732,1737778
84165010733,1737778
84165010734,1737778
84165010735,1737778
84165010736,1737778
84165010737,1737778
84165010738,1737778
84165010739,1737778
84165010740,1737778
84165010741,1737778
84165010742,1737778
84165010743,1737778
84165010744,1737778
84165010745,1737778
84165010746,1737778
84165010747,1737778
84165010748,1737778
84165010749,1737778
84165010750,1737778
84209040001,1737778
84209040003,1737778
84291000401,1737778
84291000402,1737778
84291000403,1737778
84291000404,1737778
84291000405,1737778
84291000406,1737778
84291000407,1737778
84291000501,1737778
84291000502,1737778
84291000503,1737778
84291000504,1737778
84291000505,1737778
84291000506,1737778
84291000507,1737778
84735001001,1737778
85096020101,1737778
85096020130,1737778
85185000130,1737778
85212000401,1737778
85212000501,1737778
85248001901,1737778
85248007601,1737778
85323000200,1737778
85477030210,1737778
85509201403,1737778
85524260101,1737778
85569000701,1737778
85622050115,1737778
85713010201,1737778
85761015801,1737778
85761015815,1737778
85761015830,1737778
85761015901,1737778
85761015920,1737778
85761015925,1737778
85766015315,1737778
85839000701,1737778
85839000801,1737778
85839001101,1737778
85981000105,1737778
87253018715,1737778
87253018730,1737778
87278000301,1737778
87394000201,1737778
87413000101,1737778
87518018509,1737778
87518018512,1737778
87518018515,1737778
87518018915,1737778
87518018925,1737778
87518018935,1737778
49911088401,1291672
49947000202,1291672
49947000204,1291672
69747004001,1291672
70466000101,1291672
71888010201,1291672
71888010202,1291672
82517000204,1291672
73317686805,2559400
83295800001,2559400
87239111101,2559400
59088097454,2680724
59088097484,2680724
00378905516,1745091
00378905593,1745091
00591267911,1745091
00591267930,1745091
00591352511,1745091
00591352530,1745091
00603188010,1745091
00603188016,1745091
16714017701,1745091
16714017730,1745091
42291047711,1745091
42291047730,1745091
42291049511,1745091
42291049530,1745091
42858011830,1745091
50090135902,1745091
50090785702,1745091
50090789402,1745091
50436133001,1745091
50436352501,1745091
51407082701,1745091
51407082730,1745091
55154266505,1745091
55154722805,1745091
55700002530,1745091
55700014230,1745091
59088039654,1745091
59088039682,1745091
59088039684,1745091
59088071200,1745091
59088071400,1745091
59088072200,1745091
60760020105,1745091
60760020130,1745091
60760065705,1745091
60760088005,1745091
61919014130,1745091
61919058830,1745091
61919077930,1745091
63629247201,1745091
63629509401,1745091
63629509402,1745091
63629509403,1745091
63629509404,1745091
63629509405,1745091
63629705901,1745091
63629705902,1745091
63629705903,1745091
63629705904,1745091
63629705905,1745091
63629705906,1745091
63629875501,1745091
63629875502,1745091
65162079104,1745091
65162079108,1745091
68071172303,1745091
68071362003,1745091
68788643303,1745091
68788715903,1745091
68788761703,1745091
68788834403,1745091
69097059067,1745091
70518056600,1745091
70518448700,1745091
70518450200,1745091
71335193401,1745091
71335193402,1745091
71335193403,1745091
71335193404,1745091
71335193405,1745091
71335193406,1745091
71335197101,1745091
71335197102,1745091
71335197103,1745091
71335197104,1745091
71335197105,1745091
72162208503,1745091
72189038730,1745091
72275073277,1745091
76282066940,1745091
76420003730,1745091
76420088730,1745091
76420089930,1745091
80425032501,1745091
80425040401,1745091
82347050504,1745091
82347050505,1745091
82461061101,1745091
82461061115,1745091
85509288003,1745091
85766016930,1745091
85766017030,1745091
87234050501,1745091
87234050503,1745091
73581002374,1652104
00168020437,1543069
00362022110,1543069
16714087801,1543069
16714087802,1543069
17856300801,1543069
33342040530,1543069
33342040535,1543069
33342040544,1543069
33342040550,1543069
45861006130,1543069
45861006501,1543069
45861006502,1543069
45861006560,1543069
46708042430,1543069
46708042435,1543069
46708042450,1543069
50090792200,1543069
50383093355,1543069
50436047301,1543069
50436047302,1543069
50436047401,1543069
50436047402,1543069
50436093301,1543069
50436093302,1543069
50742030650,1543069
51407032535,1543069
51407038335,1543069
51672300803,1543069
51672300805,1543069
51672302002,1543069
51672302009,1543069
52565000814,1543069
52565000855,1543069
52959099301,1543069
52959099350,1543069
53149491001,1543069
53149491101,1543069
53149491201,1543069
55700068150,1543069
58607091853,1543069
59651059130,1543069
59651059135,1543069
59651059150,1543069
61919077435,1543069
61919077450,1543069
62332042430,1543069
62332042435,1543069
62332042450,1543069
63187083630,1543069
63187093430,1543069
63187093464,1543069
63187097572,1543069
63629250301,1543069
63629250401,1543069
63629884801,1543069
64380078923,1543069
64380078932,1543069
64380078933,1543069
65162091830,1543069
65162091838,1543069
65162091841,1543069
65162091845,1543069
65162091853,1543069
66267004130,1543069
67877047379,1543069
67877047380,1543069
68071379205,1543069
68462041820,1543069
68462041827,1543069
68788405005,1543069
68788737603,1543069
68788737605,1543069
68788776605,1543069
68788786505,1543069
68788839605,1543069
69329040002,1543069
69336082901,1543069
69680012035,1543069
70512002755,1543069
70518374600,1543069
70518390200,1543069
70518397200,1543069
70518419200,1543069
70529029450,1543069
70752011303,1543069
70752011304,1543069
70752011307,1543069
70752011313,1543069
71085000130,1543069
71085001150,1543069
71205013752,1543069
71205028850,1543069
71205034244,1543069
71205034252,1543069
71205042930,1543069
71205042944,1543069
71205042952,1543069
71205042964,1543069
71205050044,1543069
71205050050,1543069
71205050052,1543069
71205054944,1543069
71205054950,1543069
71205054952,1543069
71205071750,1543069
71205081444,1543069
71205081452,1543069
71335285601,1543069
72162206802,1543069
72162206804,1543069
72162208402,1543069
72189016535,1543069
72189016835,1543069
72189016850,1543069
72189020850,1543069
72189021150,1543069
72189048850,1543069
72189049335,1543069
72189049950,1543069
72189060135,1543069
72275071677,1543069
76074013511,1543069
76420003650,1543069
76420012550,1543069
76420013150,1543069
76420055035,1543069
80425024701,1543069
80425024801,1543069
80425032401,1543069
80425044201,1543069
80425045001,1543069
80425050901,1543069
80425053801,1543069
80425055401,1543069
81877051835,1543069
81877051950,1543069
81877066035,1543069
82226004005,1543069
82461075050,1543069
83008004450,1543069
83008006750,1543069
85509141803,1543069
85509141805,1543069
85509142405,1543069
85509191801,1543069
85509191803,1543069
85509191805,1543069
85509300805,1543069
87063014450,1543069
36800003145,1442274
41520016245,1442274
46122011321,1442274
46122055528,1442274
50804075645,1442274
69842023645,1442274
70000003701,1442274
70000062401,1442274
72839002104,1442274
79481218304,1442274
79903003645,1442274
78280070220,1549223
78280071210,1549223
67923010401,106222
67923010403,106222
78280070301,2373431
58980082630,2049533
58980082685,2049533
76348072501,2607527
76348072550,2607527
76348097001,2607527
76348097050,2607527
70645062735,2199136
83589030101,2678387
83589030102,2678387
83589030103,2678387
83589030201,2678387
83589030202,2678387
83714000300,2678387
83714000301,2678387
87418000101,2678387
00363626107,1421893
00536126720,1421893
00536127803,1421893
00536135795,1421893
10135067296,1421893
10135067299,1421893
24357070330,1421893
39328002405,1421893
39328002415,1421893
39328002430,1421893
39328002455,1421893
39328002456,1421893
41250051801,1421893
41250051802,1421893
42291039930,1421893
45611000934,1421893
47781057047,1421893
47781057072,1421893
47781057073,1421893
47781057089,1421893
51350001101,1421893
52565012207,1421893
52565012215,1421893
52565012230,1421893
54723000801,1421893
54723001601,1421893
54723030004,1421893
54723030005,1421893
54723030006,1421893
55319082250,1421893
58980082405,1421893
58980082415,1421893
58980082430,1421893
60002032490,1421893
61825070105,1421893
61825070115,1421893
61825070130,1421893
69145020104,1421893
69145020108,1421893
69375000530,1421893
69968079404,1421893
69968079504,1421893
69993035003,1421893
71085007519,1421893
71085007558,1421893
71085007560,1421893
71383001402,1421893
71383002402,1421893
71399004901,1421893
71399004902,1421893
71399004903,1421893
71800002606,1421893
72835000401,1421893
72835000420,1421893
73715000101,1421893
74300008179,1421893
74300008180,1421893
74300017202,1421893
79481004802,1421893
79481004804,1421893
80425035101,1421893
81877050390,1421893
82461041930,1421893
83035113206,1421893
83035113806,1421893
83391000901,1421893
83391000902,1421893
83391000903,1421893
83714000400,1421893
83714000401,1421893
83720052301,1421893
83804000501,1421893
83804011301,1421893
83818003401,1421893
84019003001,1421893
84019004401,1421893
84746000501,1421893
84844001801,1421893
84867001401,1421893
84938000201,1421893
85150000701,1421893
85248003201,1421893
85248004601,1421893
85248005201,1421893
85248007001,1421893
85248008801,1421893
85248008802,1421893
85248008803,1421893
85248008804,1421893
85248008805,1421893
85248012101,1421893
85248016601,1421893
85248016602,1421893
85248016603,1421893
85248016604,1421893
85248016605,1421893
85248020901,1421893
85284000101,1421893
85284000201,1421893
85284000301,1421893
85284000601,1421893
85284001101,1421893
85569000101,1421893
85569000201,1421893
85817000101,1421893
85817000301,1421893
85881000101,1421893
85924000101,1421893
85924000102,1421893
87013000201,1421893
87800262401,1421893
82517000104,2599519
41167017151,2197844
41167017153,2197844
41167056805,2197844
41167056806,2197844
50060028418,2197844
54859041502,2197844
65852002603,2197844
79481098902,2197844
79903022901,2197844
00363303804,1869797
41167058305,1869797
44677068300,1869797
51316050104,1869797
53997000101,1869797
53997000102,1869797
56104000701,1869797
65197081504,1869797
66902022504,1869797
69396017804,1869797
69842054304,1869797
71101006801,1869797
71101007801,1869797
72839022604,1869797
84938000301,1869797
69101015024,2474635
00363453019,1366789
00363572228,1366789
11383000206,1366789
11383000306,1366789
11822026501,1366789
24689012401,1366789
39328002515,1366789
39328002530,1366789
51316020401,1366789
51316020601,1366789
51316022600,1366789
51316022900,1366789
54473033602,1366789
54473033631,1366789
55319082628,1366789
57237035315,1366789
60771002701,1366789
60771002801,1366789
60771002901,1366789
60771004101,1366789
63742002701,1366789
63742003201,1366789
63742003202,1366789
63742003301,1366789
63742003302,1366789
63742003501,1366789
63742003502,1366789
63742033301,1366789
63742033302,1366789
68848000101,1366789
68848000103,1366789
68848000201,1366789
69168048402,1366789
69315030130,1366789
69396007001,1366789
69396007022,1366789
69396007033,1366789
69618007578,1366789
69903000410,1366789
69903000830,1366789
70000046801,1366789
70000065001,1366789
70942012101,1366789
70942012107,1366789
70942012111,1366789
70942012142,1366789
70942012175,1366789
71399005001,1366789
71399005002,1366789
72559001208,1366789
72559001215,1366789
72559001815,1366789
72559002432,1366789
72654003301,1366789
72654003302,1366789
72654003501,1366789
72654003602,1366789
72839014101,1366789
72839021801,1366789
72839026500,1366789
73492071228,1366789
75834011330,1366789
75834014130,1366789
75834033330,1366789
79903010930,1366789
80489094901,1366789
80513081306,1366789
82460026200,1366789
82461042030,1366789
82620000101,1366789
83566061202,1366789
83602031136,1366789
83602031149,1366789
83800043000,1366789
83838015301,1366789
84019003801,1366789
84019003901,1366789
84019004001,1366789
84019004101,1366789
84180000101,1366789
84180000104,1366789
84308015901,1366789
84867002001,1366789
85150000101,1366789
85248022401,1366789
85569001401,1366789
85833000104,1366789
85833000201,1366789
85833000301,1366789
85833000401,1366789
85833000501,1366789
85833000601,1366789
87152000201,1366789
87152000202,1366789
87152000203,1366789
87152000301,1366789
87152000302,1366789
87152000303,1366789
87408002001,1366789
87408002201,1366789
87459090600,1366789
71101006901,2637486
72839017305,2637486
84308017305,2637486
58980082305,1534792
58980082330,1534792
60002032491,1534792
60771001001,1534792
60771001101,1534792
67194002201,1534792
69512015005,1534792
73287002601,1534792
73581002206,1534792
73581010501,1534792
73581010502,1534792
73581010504,1534792
73581010555,1534792
73581011401,1534792
73581011402,1534792
73581011406,1534792
82429020301,1534792
82929001101,1534792
83364002401,1534792
83887000801,1534792
83887000901,1534792
84007033501,1534792
84019004301,1534792
84546001001,1534792
84546001002,1534792
84546001003,1534792
84546001004,1534792
85150000401,1534792
85248017701,1534792
85342000201,1534792
87408002101,1534792
87203000201,1191692
87203000202,1191692
00363095480,1011849
11822077603,1011849
24385008334,1011849
30400060501,1011849
36800095380,1011849
43473009908,1011849
46122065434,1011849
50804095508,1011849
51316002215,1011849
51316002220,1011849
52000043708,1011849
53329003709,1011849
55910017734,1011849
56062094234,1011849
63868009508,1011849
63941000534,1011849
68016001338,1011849
69842090934,1011849
71101098601,1011849
72288000534,1011849
72667000801,1011849
72667000802,1011849
72667028309,1011849
72839095508,1011849
79903023708,1011849
81522095301,1011849
82317000101,1011849
82317000130,1011849
83324018308,1011849
24330024001,1012204
62217020020,1012204
70000053701,1012204
72085014508,2000538
00276060328,1011852
00404989810,1011852
00404989920,1011852
00404990005,1011852
00924500000,1011852
00924500400,1011852
00924500401,1011852
00924500403,1011852
00924500417,1011852
00924501000,1011852
00924501001,1011852
00924501002,1011852
17478084005,1011852
43473004801,1011852
43473006201,1011852
43473006901,1011852
43473006902,1011852
43473012101,1011852
47682047769,1011852
50090055500,1011852
50090453800,1011852
50090455400,1011852
51662138901,1011852
51662138902,1011852
51662138903,1011852
51662155102,1011852
51662155103,1011852
51662155202,1011852
51662155203,1011852
58228201001,1011852
58228201201,1011852
58228289305,1011852
58228383101,1011852
58228383102,1011852
58228383201,1011852
58228383202,1011852
58228386601,1011852
58228386701,1011852
58228388301,1011852
58228388501,1011852
58228621001,1011852
58228621201,1011852
58228623101,1011852
58228623201,1011852
58228628301,1011852
59088022103,1011852
59088022107,1011852
59898020010,1011852
59898020011,1011852
59898020012,1011852
59898020013,1011852
59898020015,1011852
59898020016,1011852
59898020017,1011852
59898020035,1011852
59898020049,1011852
61010500000,1011852
61010500001,1011852
61010500003,1011852
61010500004,1011852
61010500005,1011852
61010500006,1011852
61477010111,1011852
61477010114,1011852
67777012900,1011852
67777012901,1011852
67777012902,1011852
67777012903,1011852
67777012909,1011852
67777012910,1011852
67777012911,1011852
69396010609,1011852
70645080426,1011852
71105050001,1011852
71105050002,1011852
71351002530,1011852
72485061110,1011852
72485061130,1011852
72485061131,1011852
76329301105,1011852
76329301205,1011852
76329301305,1011852
76329301505,1011852
82942100101,1011852
84956001701,1011852
85477030407,1011852
85477030507,1011852
87236001535,1011852
44224122000,1009433
44224122001,1009433
44224512000,1009433
44224512001,1009433
55621001001,1009433
59088046607,2562183
59088047507,2562183
73352062001,2562183
80425037201,2562183
85477030307,2562183
35356093610,1372891
35356093630,1372891
35781030001,1372891
35781030003,1372891
35781030009,1372891
50436133401,1372891
60760040801,1372891
60760040830,1372891
60760040890,1372891
73698028100,1372891
73698028101,1372891
81484050101,1012994
00363202025,1010077
00363780102,1010077
35781050003,1010077
35781250003,1010077
35781250009,1010077
42507091601,1010077
53149250001,1010077
60760050030,1010077
60760050090,1010077
68229060001,1010077
68229060002,1010077
68229060101,1010077
68229060102,1010077
69396018801,1010077
69396018802,1010077
69842030925,1010077
72835044701,1010077
72839008702,1010077
72839010802,1010077
72839018504,1010077
73716000305,1010077
73716000329,1010077
76348059501,1010077
78589025703,1010077
79481108702,1010077
80551000103,1010077
84615000702,1010077
70372072801,1858984
70411020001,1858984
70411020007,1858984
71399654401,1858984
82617010560,1245194
59088020407,1010057
59088024707,1010057
59088032707,1010057
00404988702,1737568
00409471325,1737568
00409471332,1737568
00409471342,1737568
00409471362,1737568
00409471372,1737568
31722011702,1737568
31722011731,1737568
31722011734,1737568
51662159302,1737568
51662159303,1737568
55150015872,1737568
55150016102,1737568
55150016109,1737568
68055064101,1737568
70756064010,1737568
70756064025,1737568
70756064082,1737568
72603035001,1737568
72603035010,1737568
72603035025,1737568
76420008402,1737568
83090000101,1737568
83090000110,1737568
83634065302,1737568
83634065341,1737568
83854001101,1737568
83854001125,1737568
00404989302,1737757
00409428201,1737757
00409428211,1737757
00409428225,1737757
31722011802,1737757
31722011831,1737757
31722011833,1737757
55150016072,1737757
55150016402,1737757
55150016409,1737757
63323020201,1737757
63323020202,1737757
68055064501,1737757
70756064210,1737757
70756064225,1737757
70756064282,1737757
72603041001,1737757
72603041025,1737757
76420007901,1737757
76420007910,1737757
83090000401,1737757
83090000410,1737757
83854001201,1737757
83854001225,1737757
00409427501,1010900
00409427516,1010900
51662141601,1010900
51662141602,1010900
51662141603,1010900
00927056320,1010931
37205061311,1010931
50804075602,1010931
51316006625,1010931
68016002032,1010931
79903039701,1010931
00143959501,1737566
00143959525,1737566
00264937688,1737566
00409471302,1737566
00409471312,1737566
00409471326,1737566
00409471365,1737566
00409471375,1737566
31722011705,1737566
31722011732,1737566
31722011735,1737566
51662143801,1737566
51662143802,1737566
51662143803,1737566
51662165101,1737566
55150015974,1737566
55150016205,1737566
55150016209,1737566
63739017013,1737566
63739017024,1737566
63739017027,1737566
65282160501,1737566
68055064201,1737566
70756064110,1737566
70756064125,1737566
70756064185,1737566
71351002105,1737566
71351002110,1737566
71351002125,1737566
71872719001,1737566
72572037001,1737566
72572037025,1737566
73293000101,1737566
73293000102,1737566
76420008005,1737566
83090000201,1737566
83090000210,1737566
83634065305,1737566
83634065342,1737566
83854001102,1737566
83854001126,1737566
84769000101,1737566
84769000102,1737566
85766018701,1737566
85766018725,1737566
85766021105,1737566
00404988905,1012066
00409490411,1012066
00409490434,1012066
00409913705,1012066
00409913711,1012066
51662123001,1012066
51662123002,1012066
51662123003,1012066
51662146101,1012066
71872716001,1012066
71872736101,1012066
84549013705,1012066
00143959401,1737761
00143959425,1737761
00404989705,1737761
00409206605,1737761
00409206610,1737761
31722011805,1737761
31722011832,1737761
31722011834,1737761
51662123301,1737761
51662123302,1737761
51662123303,1737761
51662136401,1737761
51662136402,1737761
51662136403,1737761
51662142201,1737761
51662142202,1737761
51662142203,1737761
51662154301,1737761
51662154302,1737761
51662154303,1737761
55150016505,1737761
55150016509,1737761
63323020801,1737761
63323020805,1737761
68055064601,1737761
68094008101,1737761
68094008125,1737761
70756064310,1737761
70756064325,1737761
70756064385,1737761
71351002305,1737761
71351002310,1737761
71351002325,1737761
71872714401,1737761
71872716101,1737761
71872735701,1737761
72572037201,1737761
72572037225,1737761
72603050501,1737761
72603050510,1737761
72603050525,1737761
73293000301,1737761
73293000302,1737761
76420007805,1737761
76420054005,1737761
83090000501,1737761
83090000510,1737761
83854001202,1737761
83854001226,1737761
84549000525,1737761
84549006605,1737761
84549032305,1737761
84769000201,1737761
84769000202,1737761
00404989405,1012068
00409132305,1012068
00409132315,1012068
00409490311,1012068
00409490334,1012068
51662123101,1012068
51662123102,1012068
51662123103,1012068
51662138201,1012068
51662138202,1012068
51662138203,1012068
51662145401,1012068
55154318905,1012068
63037016425,1012068
70518417600,1012068
70518417601,1012068
71872706401,1012068
71872712601,1012068
71872730101,1012068
76329339001,1012068
00409428301,1010844
00409428311,1010844
00409428325,1010844
51662159602,1010844
51662159603,1010844
68055064901,1010844
83090000701,1010844
83090000710,1010844
00143917201,1010033
00143917210,1010033
00143957701,1010033
00143957710,1010033
00143957801,1010033
00143957810,1010033
00143957901,1010033
00143957925,1010033
00404976320,1010033
00404979850,1010033
00404988820,1010033
00404988850,1010033
00409427601,1010033
00409427602,1010033
00409427616,1010033
00409427617,1010033
23155094031,1010033
23155094041,1010033
31722011620,1010033
31722011631,1010033
31722011632,1010033
31722011633,1010033
31722011634,1010033
31722011650,1010033
50090025800,1010033
50090025801,1010033
50090025802,1010033
50102040001,1010033
50102040010,1010033
51662146501,1010033
51662146601,1010033
51662146602,1010033
51662146603,1010033
51662159001,1010033
51662159003,1010033
51662159103,1010033
55150025110,1010033
55150025124,1010033
55150025220,1010033
55150025224,1010033
55150025350,1010033
55154012405,1010033
55154833705,1010033
63323020101,1010033
63323020102,1010033
63323020103,1010033
63323020110,1010033
70756064425,1010033
70756064482,1010033
70756064525,1010033
70756064586,1010033
70756064605,1010033
70756064610,1010033
70756064625,1010033
70756064687,1010033
70756066610,1010033
70756066625,1010033
70756066690,1010033
71351002620,1010033
71351002625,1010033
71872713701,1010033
71872715801,1010033
71872718401,1010033
71872725401,1010033
71872731501,1010033
71872736201,1010033
72603072201,1010033
72603072225,1010033
72603073201,1010033
72603073225,1010033
73293000401,1010033
73293000402,1010033
83634065110,1010033
83634065120,1010033
83634065141,1010033
83634065142,1010033
83634065143,1010033
83634065150,1010033
83854000901,1010033
83854000902,1010033
83854000903,1010033
83854000925,1010033
83854000926,1010033
83854000927,1010033
84549027601,1010033
84549027602,1010033
85766006301,1010033
85766006325,1010033
85766020150,1010033
68055064301,1737570
83090000301,1737570
83090000310,1737570
00404989310,1737763
00409428202,1737763
00409428212,1737763
68055064701,1737763
83090000601,1737763
83090000610,1737763
81155010400,2465730
00143917301,1010671
00143917310,1010671
00143957501,1010671
00143957510,1010671
00143957601,1010671
00143957625,1010671
00404979750,1010671
00404989520,1010671
00404989550,1010671
00409427701,1010671
00409427702,1010671
00409427716,1010671
00409427717,1010671
11695414901,1010671
11695414902,1010671
13985022204,1010671
13985022205,1010671
31722021720,1010671
31722021731,1010671
31722021732,1010671
31722021733,1010671
31722021750,1010671
46066022204,1010671
46066022205,1010671
50090336600,1010671
50989041712,1010671
50989041715,1010671
51662132601,1010671
51662132602,1010671
51662132603,1010671
51662138401,1010671
51662138402,1010671
51662138403,1010671
51662146701,1010671
55150025410,1010671
55150025424,1010671
55150025520,1010671
55150025524,1010671
55150025650,1010671
57319053305,1010671
57319053306,1010671
58005022204,1010671
58005022205,1010671
60270033310,1010671
70756064725,1010671
70756064786,1010671
70756064825,1010671
70756064887,1010671
70756066710,1010671
70756066725,1010671
70756066790,1010671
71351002720,1010671
71351002725,1010671
71872709501,1010671
71872712501,1010671
71872715601,1010671
71872723301,1010671
71872725601,1010671
72603074401,1010671
72603074425,1010671
72603082501,1010671
72603082510,1010671
72603082525,1010671
73293000501,1010671
73293000502,1010671
76420075610,1010671
83854001001,1010671
83854001002,1010671
83854001003,1010671
83854001025,1010671
83854001026,1010671
83854001027,1010671
84549027702,1010671
85766001420,1010671
55621001101,1432482
27102080607,1010774
00924093401,1010769
00924093402,1010769
43473007001,1010769
43473009702,1010769
43473011101,1010769
47682022502,1010769
47682025502,1010769
47682030802,1010769
47682033002,1010769
49314000201,1010769
52000044102,1010769
59088030403,1010769
59898020110,1010769
59898020120,1010769
61010510004,1010769
61010510005,1010769
65380010211,1010769
68421510001,1010769
69396010702,1010769
71927001201,1010769
72976000401,1010769
73598067101,1010769
78495013201,1010769
78495014201,1010769
83807003201,1010769
84269350001,1010769
00409477601,1737636
00409477610,1737636
70350260400,1811470
70350260501,1811470
35781030100,2049016
35781030101,2049016
35781030105,2049016
85055039701,2049016
13925015901,1010835
13925015903,1010835
59088024107,1010835
59088099703,1010835
59088099707,1010835
66267004728,1010835
69054023003,1010835
69367020201,1010835
69367020285,1010835
71205097301,1010835
71205097303,1010835
51021016406,1010836
70350261806,1010836
70981016506,1010836
71850182001,1010836
00409427902,1737562
00409427916,1737562
31722011730,1737562
31722011733,1737562
51662153801,1737562
51662153802,1737562
51662153803,1737562
51662164401,1737562
55150016300,1737562
55150016324,1737562
55150016325,1737562
55150016330,1737562
70756066505,1737562
70756066510,1737562
70756066525,1737562
70756066588,1737562
80425026801,1737562
83634065330,1737562
83634065343,1737562
83854001103,1737562
83854001127,1737562
69054023101,1593733
69054023103,1593733
69336070060,1600130
85477033007,1723991
76348059617,2604567
51722000732,2595042
51722000733,2595042
69693090104,2595042
72429000108,2595042
72429000109,2595042
72429000208,2595042
72429000209,2595042
72724000215,2595042
89476034618,2595042
00363300124,1010895
00363303702,1010895
00363303704,1010895
00363451047,1010895
00363451072,1010895
10742838601,1010895
21130054427,1010895
30142026001,1010895
36800047001,1010895
41167005290,1010895
41167005660,1010895
41167005820,1010895
41167005822,1010895
41167005828,1010895
41167005862,1010895
41167005877,1010895
41167005884,1010895
41167005970,1010895
41167050500,1010895
41167052900,1010895
41167056500,1010895
41167056600,1010895
41167058201,1010895
41167058202,1010895
41167058205,1010895
41167058208,1010895
41167058602,1010895
41167058707,1010895
41167058708,1010895
41167058804,1010895
41167059700,1010895
46122061410,1010895
49035063497,1010895
49035086001,1010895
50488626201,1010895
50488626301,1010895
51316037943,1010895
51350001211,1010895
54723001801,1010895
54723003201,1010895
54723017522,1010895
55910075901,1010895
62795605007,1010895
63868045172,1010895
63868095601,1010895
65365028401,1010895
69396012017,1010895
69420626201,1010895
69842081477,1010895
69842092149,1010895
69842098001,1010895
69968061403,1010895
69968061503,1010895
70000009801,1010895
70171000101,1010895
70171000201,1010895
70171000301,1010895
70171002001,1010895
70171002101,1010895
70171002201,1010895
70171002801,1010895
70171002901,1010895
70372072301,1010895
70372072302,1010895
70645026211,1010895
71101005601,1010895
71101005701,1010895
71101010201,1010895
71101010747,1010895
71101091927,1010895
71101093001,1010895
71101093201,1010895
71436002601,1010895
72835011415,1010895
72835044505,1010895
72839036102,1010895
73313007504,1010895
73352020460,1010895
76162029102,1010895
76348058302,1010895
76348060502,1010895
76348096002,1010895
80324007800,1010895
82645001397,1010895
82895071750,1010895
82895071850,1010895
82944020102,1010895
83035113003,1010895
83324000627,1010895
84714042706,1010895
84714052900,1010895
85132000130,1010895
87087000101,1010895
87137010107,1010895
87460090500,1010895
49873061801,1796087
51316027303,1796087
76420035130,1796087
00363122201,1987647
00363122501,1987647
00363779025,1987647
36800052925,1987647
41167005685,1987647
41167005686,1987647
41167005810,1987647
41167005815,1987647
41167005823,1987647
41167005851,1987647
41167005987,1987647
41167058100,1987647
41167058105,1987647
41167058605,1987647
41167059807,1987647
41167059909,1987647
41167171100,1987647
41167171101,1987647
41250035101,1987647
50804018702,1987647
54859051302,1987647
61594002800,1987647
61594003000,1987647
61594004400,1987647
65197084025,1987647
69452039363,1987647
69693090204,1987647
69822043003,1987647
69842002997,1987647
70000009901,1987647
79481001901,1987647
80045040000,1987647
80684009800,1987647
83324022671,1987647
83391000401,1987647
83391000402,1987647
83391000403,1987647
49947000102,1045432
49947000104,1045432
65197050204,1045432
65197051204,1045432
70708010102,1045432
83646042000,1045432
87288000101,1045432
59088032107,1947197
59088059403,1947197
59088059407,1947197
73352061001,1947197
54723003101,1013002
76986002301,1013002
76986002302,1013002
76986003201,1013002
82617010359,2624687
83163038600,2624687
51350011101,1491882
71131005102,1491882
71131005202,1491882
71131005204,1491882
71131077401,1491882
83833010103,2670601
70171040001,1545290
71131005004,1545290
76348098004,1545290
82617010212,1545290
00404988550,1737343
00409427801,1737343
00409427816,1737343
51662160002,1737343
51662160003,1737343
00264959420,1737742
00338040902,1737742
84549059420,1737742
00264959820,1737723
00338041102,1737723
50090455500,1737723
51662156501,1737723
51662165701,1737723
62294040902,1012966
00264959410,1737744
00338040903,1737744
50090455900,1737744
69420123001,1011707
00054350049,1010739
00116402710,1010739
00116402715,1010739
00116402740,1010739
00121090315,1010739
00121090340,1010739
00121095003,1010739
00121495015,1010739
00121495040,1010739
00527600274,1010739
16714009701,1010739
17856013801,1010739
17856013802,1010739
17856013803,1010739
17856013804,1010739
17856013805,1010739
17856013806,1010739
17856077501,1010739
17856077502,1010739
17856077504,1010739
17856600201,1010739
17856600202,1010739
17856600204,1010739
17856813801,1010739
50090618600,1010739
50090704000,1010739
50383077515,1010739
50436182701,1010739
52959025100,1010739
55700063200,1010739
59651094301,1010739
60432046400,1010739
60687087044,1010739
60687087050,1010739
60687087064,1010739
61919014032,1010739
61919024732,1010739
61919052032,1010739
62135071242,1010739
62135087124,1010739
62135087151,1010739
63629209501,1010739
66267096200,1010739
68071344902,1010739
68071348600,1010739
68788799901,1010739
68788850701,1010739
68788884701,1010739
68999087124,1010739
68999087151,1010739
69938015111,1010739
70518403000,1010739
70518427800,1010739
72888012526,1010739
00054350547,1010878
00116402550,1010878
00121097251,1010878
00527600480,1010878
10135073651,1010878
50090455700,1010878
51407082550,1010878
51662155302,1010878
51662155303,1010878
51672141103,1010878
52565000950,1010878
60432046550,1010878
60432046551,1010878
63629209601,1010878
63739099764,1010878
64679046550,1010878
64679046551,1010878
70954051810,1010878
72162109802,1010878
72162262002,1010878
72162262702,1010878
76329630005,1010878
83148004350,1010878
24909017325,1535618
71564000603,2594492
71564000903,2594492
71884020401,2629979
71884020402,2629979
71884020403,2629979
71884020404,2629979
71884020405,2629979
10096400201,1356071
68577019500,1356071
00283102411,2744608
00283102426,2744608
00283102443,2744608
71521039015,2535510
71521039030,2535510
71521039050,2535510
00363165228,1431682
51142065214,1431682
51142065228,1431682
59898095001,1431682
59898095002,1431682
69842065214,1431682
69842065228,1431682
72014030002,2702415
65734027000,1374383
00924501100,1012100
00924501101,1012100
00924501102,1012100
00924501103,1012100
00924501104,1012100
00924570101,1012100
00924570200,1012100
00924570201,1012100
00924570202,1012100
00924570203,1012100
00924570204,1012100
00924570205,1012100
00924570206,1012100
00924570207,1012100
00924573000,1012100
00924573002,1012100
00924573003,1012100
42961025901,1012100
42961025902,1012100
42961025903,1012100
43473001501,1012100
43473003901,1012100
43473004001,1012100
43473005501,1012100
43473006401,1012100
43473006601,1012100
43473011301,1012100
47682026012,1012100
47682026073,1012100
47682026099,1012100
47682027012,1012100
47682027073,1012100
47682027099,1012100
47682031935,1012100
47682031973,1012100
47682031999,1012100
47682093073,1012100
47682094073,1012100
47682098473,1012100
47682098573,1012100
49314000301,1012100
49687001400,1012100
49687001700,1012100
50332003504,1012100
50332003701,1012100
50332003702,1012100
50332003704,1012100
50332003706,1012100
50332009101,1012100
50332009102,1012100
50332009104,1012100
50332009106,1012100
50332009109,1012100
50814000901,1012100
50814001701,1012100
50814005901,1012100
50814007901,1012100
51824009609,1012100
51824009614,1012100
51824009625,1012100
52124004001,1012100
55550052101,1012100
55550090221,1012100
58228204401,1012100
58228204402,1012100
58228230901,1012100
58228267701,1012100
58228700001,1012100
58228701001,1012100
58228701002,1012100
59898090201,1012100
59898090202,1012100
59898090203,1012100
59898090236,1012100
61010570103,1012100
61010570104,1012100
61010570105,1012100
61010570106,1012100
67777000749,1012100
67777000750,1012100
67777000751,1012100
67777000752,1012100
67777000753,1012100
67777000754,1012100
69396010509,1012100
69396012409,1012100
69396013610,1012100
69396013625,1012100
69396014610,1012100
69396014625,1012100
71338012373,1012100
71927001901,1012100
71927001902,1012100
71927001903,1012100
72976000501,1012100
72976000801,1012100
73288000701,1012100
73408006012,1012100
73408016012,1012100
73408026012,1012100
73408026073,1012100
73408094073,1012100
73408098573,1012100
82652002901,1012100
82749000901,1012100
82996000201,1012100
82996000202,1012100
83165000400,1012100
84219000200,1012100
87251000901,1012100
69842092501,1011839
00363795005,1012099
11673025221,1012099
11673079505,1012099
46122065625,1012099
50332021101,1012099
50332021401,1012099
68016026901,1012099
69842061501,1012099
70112015505,1012099
00363702005,2047877
11822722005,2047877
21130093101,2047877
41250028705,2047877
51628036800,2047877
51628452901,2047877
53329091804,2047877
53329091904,2047877
69396017705,2047877
71101010101,2047877
75712020001,2047877
75742007201,2047877
80684015000,2047877
82442001821,2047877
42961022301,1545716
47682022617,1545716
47682030017,1545716
50332021701,1545716
71105010703,1545716
69693000303,2727302
00363675203,1926513
00363995103,1926513
55328090203,1926513
66902075803,1926513
69396013903,1926513
71101003701,1926513
46581090103,1943537
51316017503,1943537
55328090103,1943537
66902023503,1943537
69693000225,1943537
79481008401,1943537
69693000403,2369354
69842057363,2369354
76420095605,2700664
76420095615,2700664
84991020801,2700664
84991020805,2700664
71101098401,2688023
84214000401,2688023
68788859903,2667457
72189054111,2667457
76420064432,2667457
80425036701,2667457
83295400001,2667457
83295400004,2667457
83295400005,2667457
85509400003,2667457
69176005060,1654662
70036001030,1733864
53225107001,2600049
68788401309,2600049
72189039035,2600049
80425025001,2600049
80425051701,2600049
83881010235,2600049
53225107601,2632946
85942000101,2719425
00404988650,1010745
00409317701,1010745
00409317716,1010745
00404979220,1010751
00404989120,1010751
00404989130,1010751
00404989150,1010751
00409000701,1010751
00409000710,1010751
00409317801,1010751
00409317802,1010751
00409317803,1010751
00409317816,1010751
00409317817,1010751
00409317818,1010751
51662123201,1010751
51662123202,1010751
51662123203,1010751
51662139501,1010751
51662139502,1010751
51662139503,1010751
51662141901,1010751
51662141902,1010751
51662141903,1010751
51662162201,1010751
51662162202,1010751
51662162203,1010751
55154013205,1010751
85766007301,1010751
85766007325,1010751
85766007350,1010751
00404978820,1010759
00404989630,1010759
00404989650,1010759
00409014701,1010759
00409014710,1010759
00409318201,1010759
00409318202,1010759
00409318203,1010759
00409318211,1010759
00409318221,1010759
00409318231,1010759
51662150301,1010759
51662150302,1010759
51662150303,1010759
51662150401,1010759
51662150402,1010759
51662150403,1010759
51662150501,1010759
51662150502,1010759
51662150503,1010759
51662150601,1010759
51662150602,1010759
51662150603,1010759
58472003250,1010759
84549018203,1010759
00362089805,1293648
00404651205,1293648
31382089805,1293648
43128010515,1293648
50227103005,1293648
51004210500,1293648
66467973005,1293648
66975042551,1293648
67239024000,1293648
71347021050,1293648
00362026205,1657026
00404650015,1657026
50227102005,1657026
66467971005,1657026
66975041551,1657026
00264937805,1867998
00264937888,1867998
00409120901,1867998
00409120905,1867998
00409120910,1867998
00409120965,1867998
00409120970,1867998
51662141201,1868028
51662141202,1868028
51662141203,1868028
00409318301,1010688
00409318311,1010688
51662140501,1867943
51662140502,1867943
51662140503,1867943
00409318101,1867996
00409318111,1867996
67194000501,1733890
82617010114,2601579
82617010459,2601579
67194000801,2462017
00924520001,1190560
55550020103,2684039
10157410301,2719723
51316033328,1866218
73352065001,2685535
80547013904,2599635
59088081701,1012221
59088081707,1012221
13925016407,1012223
13925016420,1012223
24470096401,1012223
24470096420,1012223
59088083801,1012223
59088083820,1012223
13925015707,1012235
13925015714,1012235
13925016001,1012235
13925016003,1012235
13925016520,1012235
24470096501,1012235
24470096520,1012235
42192014007,1012235
42192014014,1012235
59088043005,1012235
59088072100,1012235
59088081901,1012235
59088081903,1012235
59088081907,1012235
59088081914,1012235
59088081920,1012235
69367039701,1012235
69367039785,1012235
59088043207,1012345
70350261601,1012345
70350261701,2044886
71850182401,2044886
13925016307,1012229
13925016320,1012229
59088070001,1012229
59088077101,1012229
59088077107,1012229
59088077120,1012229
59088031707,2683735
59088030208,2687694
59088031907,2677462
59088030508,2689312
59088081601,1012233
59088081624,1012233
49873061901,2102928
70645062810,2199672
70645062835,2199672
71073020710,2199672
71073020735,2199672
71436357105,2199672
00363091405,1249758
00363667005,1249758
00363965700,1249758
11822651401,1249758
21130096105,1249758
33358092515,1249758
41167017201,1249758
41167172001,1249758
41250084105,1249758
46122057421,1249758
51316027405,1249758
51452017201,1249758
51452017205,1249758
51452017301,1249758
51452017305,1249758
51452091205,1249758
53149220000,1249758
53149220001,1249758
55301091205,1249758
55629006101,1249758
59316089804,1249758
59316089807,1249758
64533000001,1249758
66902021805,1249758
66902022005,1249758
67510028401,1249758
67510063601,1249758
69159092005,1249758
70000055801,1249758
71101006205,1249758
71101008215,1249758
71101012701,1249758
71101091205,1249758
71101091405,1249758
71318011515,1249758
71399445305,1249758
71811000205,1249758
72189029601,1249758
72189047415,1249758
72189055315,1249758
73279000401,1249758
73317686305,1249758
73557017201,1249758
73557017205,1249758
73557017210,1249758
73557017215,1249758
73557017401,1249758
73557017420,1249758
73557017520,1249758
73557017601,1249758
73557017618,1249758
75568001301,1249758
75568001401,1249758
75568001701,1249758
75568002201,1249758
76162000705,1249758
76420014115,1249758
76420014301,1249758
76420014415,1249758
76420058115,1249758
79903003005,1249758
79903003805,1249758
80425038501,1249758
80425056001,1249758
81484030101,1249758
81484090101,1249758
81484090102,1249758
81877072515,1249758
81902010115,1249758
81902010201,1249758
81902010415,1249758
82944010410,1249758
83016017101,1249758
83016017107,1249758
83391000801,1249758
83391000802,1249758
83391000803,1249758
83559001201,1249758
83568101602,1249758
83569001401,1249758
83569001408,1249758
83569001601,1249758
83569001606,1249758
83602017201,1249758
83602017212,1249758
83602017213,1249758
83602017214,1249758
83602017215,1249758
83602017216,1249758
83602017217,1249758
83602017218,1249758
83602017219,1249758
83602017220,1249758
83602017221,1249758
83602017222,1249758
83602017223,1249758
83602017224,1249758
83602017225,1249758
83602017226,1249758
83602017227,1249758
83602017229,1249758
83602017230,1249758
83602017231,1249758
83602017232,1249758
83602017233,1249758
83602017234,1249758
83602017235,1249758
83602017236,1249758
83602017237,1249758
83602017238,1249758
83602017239,1249758
83602017240,1249758
83602017241,1249758
83602017242,1249758
83602017243,1249758
83602017244,1249758
83602017245,1249758
83602017246,1249758
83602017401,1249758
83602017415,1249758
83602017422,1249758
83602017430,1249758
83602017501,1249758
83602017511,1249758
83602017517,1249758
83602017523,1249758
83602017812,1249758
83602017813,1249758
83602017815,1249758
83602017816,1249758
83602017825,1249758
83602017826,1249758
83602017835,1249758
83602017836,1249758
83881044115,1249758
84165000701,1249758
84165000705,1249758
84165000706,1249758
84165000707,1249758
84165000708,1249758
84165000709,1249758
84165000710,1249758
84165000711,1249758
84165000712,1249758
84165000713,1249758
84165000714,1249758
84165000715,1249758
84165000716,1249758
84165000717,1249758
84165000718,1249758
84165000719,1249758
84165000720,1249758
84165000721,1249758
84165000722,1249758
84165000723,1249758
84165000724,1249758
84165000725,1249758
84165000726,1249758
84165000727,1249758
84165000728,1249758
84165000729,1249758
84165000730,1249758
84165000731,1249758
84165000732,1249758
84165000733,1249758
84165000734,1249758
84165000735,1249758
84165000736,1249758
84165000737,1249758
84165000738,1249758
84165000739,1249758
84165000740,1249758
84165000741,1249758
84165000742,1249758
84165000743,1249758
84165000744,1249758
84165000745,1249758
84165000746,1249758
84165000747,1249758
84165000748,1249758
84165000749,1249758
84165000750,1249758
84165000751,1249758
84165000752,1249758
84165000753,1249758
84165000754,1249758
84165000755,1249758
84165000756,1249758
84165001001,1249758
84165001005,1249758
84165001006,1249758
84165001007,1249758
84165001008,1249758
84165001009,1249758
84165001010,1249758
84165001011,1249758
84165001012,1249758
84165001013,1249758
84165001014,1249758
84165001015,1249758
84165001016,1249758
84165001017,1249758
84165001018,1249758
84165001019,1249758
84165001020,1249758
84165001021,1249758
84165001022,1249758
84165001023,1249758
84165001024,1249758
84165001025,1249758
84165001026,1249758
84165001027,1249758
84165001028,1249758
84165001029,1249758
84165001030,1249758
84165001031,1249758
84165001032,1249758
84165001033,1249758
84165001034,1249758
84165001035,1249758
84165001036,1249758
84165001037,1249758
84165001038,1249758
84165001039,1249758
84165001040,1249758
84165001041,1249758
84165001042,1249758
84165001043,1249758
84165001044,1249758
84165001045,1249758
84165001046,1249758
84165001047,1249758
84165001048,1249758
84165001049,1249758
84165001050,1249758
84165001051,1249758
84165001052,1249758
84165001053,1249758
84165001054,1249758
84165001055,1249758
84165001056,1249758
84165010401,1249758
84165010405,1249758
84165010406,1249758
84165010407,1249758
84165010408,1249758
84165010409,1249758
84165010410,1249758
84165010411,1249758
84165010412,1249758
84165010413,1249758
84165010414,1249758
84165010415,1249758
84165010416,1249758
84165010417,1249758
84165010418,1249758
84165010419,1249758
84165010420,1249758
84165010421,1249758
84165010422,1249758
84165010423,1249758
84165010424,1249758
84165010425,1249758
84165010426,1249758
84165010427,1249758
84165010428,1249758
84165010429,1249758
84165010430,1249758
84165010431,1249758
84165010432,1249758
84165010433,1249758
84165010434,1249758
84165010435,1249758
84165010436,1249758
84165010437,1249758
84165010438,1249758
84165010439,1249758
84165010440,1249758
84165010441,1249758
84165010442,1249758
84165010443,1249758
84165010444,1249758
84165010445,1249758
84165010446,1249758
84165010447,1249758
84165010448,1249758
84165010449,1249758
84165010450,1249758
84165010451,1249758
84165010452,1249758
84165010453,1249758
84165010454,1249758
84165010455,1249758
84165010456,1249758
84410000101,1249758
84722304100,1249758
84722307200,1249758
85096010130,1249758
85323000300,1249758
85593001001,1249758
85622050015,1249758
87518017401,1249758
87518017415,1249758
87518017430,1249758
87518017445,1249758
50488664101,1804176
69396018501,1804176
69396018503,1804176
71101011001,1804176
73557037325,1804176
83602037373,1804176
83602077373,1804176
84008000201,1804176
84008000202,1804176
84165000301,1804176
84165000302,1804176
84165000303,1804176
84165000304,1804176
84165000305,1804176
84165000306,1804176
84165000307,1804176
84165000308,1804176
84165000309,1804176
84165000310,1804176
84165001501,1804176
84165001502,1804176
84165001503,1804176
84165001504,1804176
84165001505,1804176
84165001506,1804176
84165001507,1804176
84165001508,1804176
84165001509,1804176
84165001510,1804176
84214000201,1804176
71323020100,1668245
69263002215,1649008
79740000902,1649008
83781001401,1649008
83781001402,1649008
83781001403,1649008
83781001404,1649008
83781001405,1649008
83781001406,1649008
83781001501,1649008
83781001502,1649008
83781001503,1649008
83781001504,1649008
83781001505,1649008
83781001506,1649008
50488100101,1428948
50488120101,1428948
55700004810,1428948
61919054810,1428948
68788955501,1428948
69512070005,1428948
70512001115,1428948
70645070115,1428948
73086090498,1428948
73086090499,1428948
76420050415,1428948
81902013015,1428948
87063019510,1428948
72189067415,1552201
80425056101,1552201
83881044515,1552201
53225102501,1653326
72189012815,1653326
70645062935,2199317
50488654101,252967
71323020200,252967
84165001701,252967
84165001702,252967
84165001703,252967
84165001704,252967
84165001705,252967
84165001706,252967
84165001707,252967
84165001708,252967
84165001709,252967
84165001710,252967
00363303304,1595448
41167017402,1595448
41167174002,1595448
51316048304,1595448
69094022604,1595448
71101007901,1595448
71323020300,1595448
72839022305,1595448
84214000701,1595448
85569000301,2675779
85569001101,2675779
85569001201,2675779
67194001401,1733859
67194001801,1733863
63742004501,2673304
70942035700,2673304
70942035701,2673304
70942035705,2673304
70942035706,2673304
70942035707,2673304
70942035712,2673304
70942035715,2673304
70942035775,2673304
72654000201,2673304
82433044600,2673304
82433094600,2673304
84735000801,2673304
69805040001,2621576
83120037800,2621576
85956062400,2621576
76986003401,2672354
85248001801,2672354
85248003101,2529640
85248004401,2529640
85248012801,2529640
85248015501,2529640
85248016201,2529640
83004003901,2744830
60008098661,1314136
63742003801,1314136
72654003801,1314136
73715000701,1314136
84313000205,1314136
84313000215,1314136
84313000230,1314136
84313010115,1314136
84313010130,1314136
85569000801,1314136
00363102603,2590656
00573132125,2590656
00573289001,2590656
00573289002,2590656
63742003401,2590656
72654003702,2590656
72839026305,2590656
00121100230,197877
00168035705,197877
00168035730,197877
00168035755,197877
00168035756,197877
00395611031,197877
00395611058,197877
00574204205,197877
00574204213,197877
00574204230,197877
00591207026,197877
00591207030,197877
00781705805,197877
00904698931,197877
05009658900,197877
05912001760,197877
15455950401,197877
15455952801,197877
17478019005,197877
21922007605,197877
46708058204,197877
46708058231,197877
50090658900,197877
50383066730,197877
52565000730,197877
55887020905,197877
59088070600,197877
59088071100,197877
59088071500,197877
59088081000,197877
59088087300,197877
62332058204,197877
62332058231,197877
63629960401,197877
63739005466,197877
68071162503,197877
68071385603,197877
68788409003,197877
68788815003,197877
69176014000,197877
69336082501,197877
70350525601,197877
70350525701,197877
70350525801,197877
70512003030,197877
70771187202,197877
70771187205,197877
70771187208,197877
71248000103,197877
71335271601,197877
71335297001,197877
72162112503,197877
72275070177,197877
72275070377,197877
72275071077,197877
72275071177,197877
72275071277,197877
72275071377,197877
72578016505,197877
72578016506,197877
72578016596,197877
73086090799,197877
76420031301,197877
81033002501,197877
81033002505,197877
81033002550,197877
81033002551,197877
81877050090,197877
81877050730,197877
81877065090,197877
82226001090,197877
69420307701,687443
41250074743,1361205
72288074743,1361205
72476074743,1361205
79903035220,1361205
45861000615,1373130
45861000630,1373130
54273001201,1373130
69054050015,1373130
69054050030,1373130
69440000715,1373130
69532000315,1373130
69889002615,1373130
10742138901,1373137
29784041002,1373137
53149210004,1373137
59088024016,1373137
72839001403,1373137
76420014012,1373137
76420014504,1373137
81902020104,1373137
82714000101,1373137
79974021603,2471955
70512001315,2572014
81877051010,2572014
82226005010,2572014
82226015005,2572014
70512001515,2600301
84615000402,2690870
84615000403,2690870
53225102601,2257313
72189008635,2257313
72189062135,2257313
76420025304,2257313
80425025101,2257313
80425051601,2257313
83881045535,2257313
87063021899,2257313
83037004102,2598162
00363379101,2002008
41167171501,2002008
41167171503,2002008
72188017003,2002008
84126031703,2002008
84126031705,2002008
84126031725,2002008
84126031746,2002008
84126031905,1606988
84126031945,1606988
70645026311,2048005
73564080402,2715395
59088030803,2667468
27293001628,1426594
52000002739,1426594
69693042004,2637868
84313000105,2684985
84313000115,2684985
84313000130,2684985
72559003457,2168528
71687400001,2566834
69329001201,1595989
69329001215,1595989
73341000101,2275621
73341000130,2275621
87599015002,2745308
87599015030,2745308
53225103001,2287556
68788814601,2287556
72275000515,2287556
72275000615,2287556
72275000915,2287556
72275000715,2473373
69379003716,1608258
71296001103,1987017
00573055410,1745438
00573055420,1745438
00573055430,1745438
43655000001,1537198
43655000002,1537198
43655000302,1537198
70512001715,2623473
82944010210,2623473
69379001616,1599163
00363165703,2099775
70942012705,2099775
72667028705,2099775
50332003100,1098397
50332003102,1098397
00927019430,308498
69396015401,308498
69396015422,308498
69396015444,308498
69968073101,308498
69968073102,308498
80489091201,308498
80489091202,308498
72594184608,2186001
72137055501,2107511
72137055515,2107511
72137011301,2001686
72137011315,2001686
82219041110,2001686
61919085104,1876751
61919095704,1876751
70364000104,1876751
72594500001,1601095
63187006730,1356803
76074012321,1356803
76074013321,1356803
76074015321,1356803
76074015341,1356803
76074016321,1356803
63629447101,1020420
70942051700,2586855
70942051701,2586855
70942051707,2586855
70942051775,2586855
00363121700,2642220
00363121701,2642220
00573284301,2642220
00573284310,2642220
30142071301,2642220
50804031701,2642220
51316022500,2642220
69396018101,2642220
69396018103,2642220
72559003708,2642220
72839021701,2642220
72839029501,2642220
84308016102,2642220
84546000601,2642220
84728041301,2642220
85996017300,2642220
85996017302,2642220
85996017312,2642220
00363522301,1745450
69557011101,2001439
69557011103,2001439
69557011130,2001439
73354127902,2263892
73354128002,2263892
85231010015,2717286
65008000504,1592290
62221093502,1291677
63135031204,1651001
63135031213,1651001
63135031230,1651001
27789091102,1292877
59088090054,2642344
59088090084,2642344
59088090554,2642344
59088090582,2642344
59088090584,2642344
59088090754,2642344
59088090784,2642344
59088090854,2642344
59088090884,2642344
59088090954,2642344
59088090984,2642344
59088091054,2642344
59088091084,2642344
59088091154,2642344
59088091184,2642344
00247212930,1011705
49999041930,1011705
50436133101,1011705
61959000101,1011705
61959000130,1011705
63481068701,1011705
63481068706,1011705
63629144301,1011705
63629476101,1011705
66267101403,1011705
68071079601,1011705
68387059030,1011705
73352082501,2678310
73352082515,2678310
73352083001,2678310
73352083015,2678310
73352083501,2678310
73352083515,2678310
73352084501,2678310
73352084530,2678310
63135058104,1652108
63135058110,1652108
63135058130,1652108
61566027904,2108920
61566027914,2108920
24357070101,1422080
24357070105,1422080
24357070106,1422080
24357070107,1422080
24357070115,1422080
24357070130,1422080
24357070150,1422080
61566020104,2118551
61566020114,2118551
66870040207,1422172
66870040215,1422172
00496088206,1422103
00496088207,1422103
00496088215,1422103
00496088230,1422103
00496088271,1422103
24357070215,1422078
24357070230,1422078
69903000130,1366794
69903000602,1366794
60608001600,1436083
60608001602,1436083
00496088315,1422107
00496088330,1422107
00496088397,1422107
00496089215,1422546
00496089230,1422546
69805078601,1729173
69805078602,1729173
63135081104,2120175
63135081130,2120175
41100008138,1011851
25021067376,1549447
25021067377,1549447
66977010703,2604879
66977010704,2604879
66977010705,2604879
66977010725,2604879
85477030685,2740869
85477030785,2740869
63323047905,1011854
86169002005,1088235
59898050010,1372896
59898050014,1372896
17478079201,1011703
17478079225,1011703
82584079201,1011703
82584079225,1011703
59088023305,2678305
59088030707,2675772
46241000646,1875237
68229020101,1875237
68229020102,1875237
68229020104,1875237
68229020105,1875237
68229020106,1875237
68229020107,1875237
68229020109,1875237
68229020110,1875237
68229020112,1875237
68229020113,1875237
68229020114,1875237
68229020115,1875237
68229020116,1875237
68229020117,1875237
68229020118,1875237
70188000501,1747492
70188000504,1747492
70188000601,1747492
70877232404,1872972
63323049204,1737569
63323049216,1737569
63323049227,1737569
63323049241,1737569
65219081001,1737569
65219081002,1737569
63323049509,1737758
63323049527,1737758
63323049680,1737758
65219081201,1737758
65219081202,1737758
63323048457,1010902
41100008647,1011767
51662165401,1737567
63323049209,1737567
63323049236,1737567
63323049243,1737567
63323049257,1737567
63323049289,1737567
51662160402,1737762
51662160403,1737762
63323049504,1737762
63323049507,1737762
63323049526,1737762
63323049541,1737762
63323049889,1737762
65219081401,1737762
65219081405,1737762
00404997320,1010035
00404997350,1010035
51662158701,1010035
51662158702,1010035
51662158703,1010035
52584048527,1010035
63323048501,1010035
63323048503,1010035
63323048526,1010035
63323048527,1010035
63323048541,1010035
63323048557,1010035
24357080104,1543717
81034010300,1543717
63323049208,1737571
63323049297,1737571
63323049303,1737641
63323049397,1737641
63323049603,1737764
63323049697,1737764
00404997420,1010673
00404997450,1010673
63323048601,1010673
63323048602,1010673
63323048605,1010673
63323048617,1010673
63323048626,1010673
63323048627,1010673
63323048641,1010673
63323048657,1010673
76420036910,1010673
76420036925,1010673
85766001810,1010673
76420044960,1432487
66977010003,1012594
66977010005,1012594
66977010025,1012594
66977011704,1012594
63323049301,1737637
63323049391,1737637
49427043404,1545297
59898051045,1487770
73247039106,2264107
73247039206,2264107
63323049203,1737563
63323049207,1737563
63323049226,1737563
63323049231,1737563
63323049237,1737563
63323049245,1737563
59088023405,2678114
59088037107,1723996
59088048307,2611978
46241003037,1872891
68229040301,1872891
68229040302,1872891
68229040303,1872891
50876011101,1046512
73492027230,2716403
85231020030,2716403
44577070402,1427002
76420045101,1494601
68229020108,2464334
68229040501,2464334
68229040502,2464334
59088042903,2474489
59088042907,2474489
71131079704,1871453
59088035003,2684036
51662165301,1737345
63323049101,1737345
63323049157,1737345
70645012326,1011709
63323049750,1246113
59208000204,1431687
59208000205,1431687
68229020003,2587646
68229030001,2587646
68229030002,2587646
68229030003,2587646
68229030004,2587646
68229030005,2587646
68229030006,2587646
68229040601,2587646
68229040602,2587646
68229040603,2587646
68229040605,2587646
68229040606,2587646
68229040607,2587646
68229040608,2587646
68229040609,2587646
68229040610,2587646
68229040611,2587646
68229040685,2587646
49873001901,1246628
47171001004,1423328
69968073006,1235022
81372002088,1235022
16500002005,1011983
16500002007,1011983
55887011302,1011983
68229040702,2667926
68229040401,2477939
68229040801,2477939
68229040802,2477939
68229040803,2477939
65197081114,2047879
65197081115,2047879
51879017002,1011845
00404997550,1010749
63323048101,1010749
63323048157,1010749
00247167050,1010755
00404997720,1010755
00404997750,1010755
63323048201,1010755
63323048203,1010755
63323048205,1010755
63323048217,1010755
63323048226,1010755
63323048227,1010755
63323048241,1010755
63323048257,1010755
70518415200,1010755
70518415201,1010755
70518415202,1010755
70518415203,1010755
84549048257,1010755
85766019001,1010755
85766019025,1010755
00404997620,1010763
00404997650,1010763
50090685100,1010763
63323048301,1010763
63323048303,1010763
63323048327,1010763
63323048357,1010763
00362120050,2739501
00362109560,1011809
66312017616,1608499
00362109670,1011814
66312018116,1010768
63323048889,1867999
63323048701,1867940
63323048717,1867940
63323048801,1867993
63323048817,1867993
63323048901,1868029
63323048917,1868029
00404997220,1010692
63323048902,1010692
63323048903,1010692
63323048921,1010692
63323048927,1010692
63323048703,1867944
63323048707,1867944
63323048731,1867944
63323048737,1867944
63323048792,1867944
63323048803,1867997
63323048807,1867997
63323048831,1867997
63323048837,1867997
00496097765,1602019
00496098065,1602019
00496098076,1602019
00135040001,2637875
00766307278,2637875
00766307457,2637875
42192080401,1012327
75854010201,1012327
10882052803,1739875
10882052830,1739875
53225112301,2675625
53225112303,2675625
68788863001,2675625
68788887901,2675625
80425038001,2675625
80425043801,2675625
80425050601,2675625
80425058201,2675625
83881040205,2675625
83881040215,2675625
83881040301,2675625
83881040315,2675625
83881040330,2675625
71205034805,2201504
71205034815,2201504
71205034830,2201504
71205074505,2201504
71205074515,2201504
71205074530,2201504
71574090005,2201504
71574090505,2201504
69166010590,1656327
69166015590,1656327
66312011020,897117
10885000210,644290
00299610010,728126
00299610035,728126
51672530502,728126
71085010030,728126
73575000902,728126
73575000904,728126
73575000909,728126
45861001705,1373136
63187016205,1373136
63187016230,1373136
63187091705,2592641
63187091730,2592641
71205030205,2592641
71205030230,2592641
71574040005,2592641
71574080005,2592641
45861001601,1373142
63187089264,1939340
63187089272,1939340
71205071572,1939340
71574030072,1939340
71574030572,1939340
65197082100,2716742
65197082105,2716742
73352056501,2669486
73352056815,2669486
68788859403,2675024
80425037401,2675024
83881040102,2675024
83881040130,2675024
53225102301,1599302
55700072115,1599302
61919058215,1599302
68788768701,1599302
68788997501,1599302
76074014214,1432541
63187006802,1422563
76074012214,1422563
76074013214,1422563
76074015214,1422563
53225102001,1601097
53225102201,1601097
61919057704,1601097
68788831401,1601097
68788883309,1601097
76420003812,1601097
76420003892,1601097
80425033201,1601097
80425045201,1601097
83881000135,1601097
00496097815,1745455
00496097830,1745455
66993036087,1945840
00480331519,1739825
00480331565,1739825
62542000530,1739825
00480331619,1739831
00480331665,1739831
62542001030,1739831
00480331719,1739837
00480331765,1739837
62542001530,1739837
00480331819,1739803
00480331865,1739803
62542002030,1739803
00480331919,1739813
00480331965,1739813
62542002530,1739813
00480332019,1739819
00480332065,1739819
62542003030,1739819
00406121901,884655
00527252437,884655
13107025901,884655
42806002901,884655
43547045710,884655
43598089701,884655
52536005703,884655
52536005710,884655
57664006288,884655
63629111501,884655
63629207901,884655
63629249901,884655
69238156301,884655
69452022720,884655
70010004001,884655
72162108701,884655
72162136801,884655
72162161203,884655
00406122001,1600695
00527252537,1600695
13107026001,1600695
42806003001,1600695
43547045810,1600695
43598089801,1600695
52536005903,1600695
52536005910,1600695
57664007588,1600695
63629111401,1600695
63629207801,1600695
63629249801,1600695
69238156401,1600695
69452022820,1600695
70010004101,1600695
71335299001,1600695
72162108801,1600695
72162136901,1600695
72162161303,1600695
00185083101,541878
00185209801,541878
00378454101,541878
00406889101,541878
00527076037,541878
00527150037,541878
00555097102,541878
11534019001,541878
11534019003,541878
13107006801,541878
13107006805,541878
13107006825,541878
13107006850,541878
13107006899,541878
16714080201,541878
16714094801,541878
16729053401,541878
31722015501,541878
42806033901,541878
42858072101,541878
47781017401,541878
52343016001,541878
55466012912,541878
57664064108,541878
63304090801,541878
63629237901,541878
64720013010,541878
64850050001,541878
64850050005,541878
64850050030,541878
68382095001,541878
68462064701,541878
70010011101,541878
70010011103,541878
72162204801,541878
72162204803,541878
72162204806,541878
72162204809,541878
72516001601,541878
00378454201,1009145
00406888401,1009145
00527076137,1009145
00527150137,1009145
00555077502,1009145
11534019101,1009145
11534019103,1009145
13107006901,1009145
13107006905,1009145
13107006925,1009145
13107006950,1009145
13107006999,1009145
16714080301,1009145
16714094901,1009145
16729053501,1009145
31722015601,1009145
42858072201,1009145
52343016101,1009145
57664064208,1009145
63629237601,1009145
64720013110,1009145
64850050101,1009145
64850050105,1009145
64850050130,1009145
68382095101,1009145
70010011201,1009145
70010011203,1009145
72162123501,1009145
72162204901,1009145
72162204903,1009145
72162204906,1009145
72162204909,1009145
72516001501,1009145
00185084201,541892
00378454301,541892
00406889201,541892
00527076237,541892
00527150237,541892
00555097202,541892
11534019201,541892
11534019203,541892
13107007001,541892
13107007005,541892
13107007025,541892
13107007050,541892
13107007099,541892
16714080401,541892
16714095001,541892
16729053601,541892
31722015701,541892
42806034101,541892
42858072301,541892
47781017601,541892
52343016201,541892
55466013012,541892
57664064308,541892
60687064425,541892
60687064495,541892
63304090901,541892
63629238001,541892
63629373001,541892
64720013210,541892
64850050201,541892
64850050205,541892
64850050230,541892
68382095201,541892
68462064901,541892
70010011301,541892
70010011303,541892
71335017101,541892
71335017102,541892
71335017103,541892
71335017104,541892
71335017105,541892
71335124901,541892
71335124902,541892
71335124903,541892
71335124904,541892
71335124905,541892
72162205001,541892
72162205003,541892
72162205006,541892
72162205009,541892
72516001401,541892
00378454401,687043
00527076337,687043
00527150337,687043
00555077602,687043
11534019301,687043
11534019303,687043
13107007101,687043
13107007105,687043
13107007125,687043
13107007150,687043
13107007199,687043
16714080501,687043
16714095101,687043
16729053701,687043
31722015801,687043
42858072401,687043
52343016301,687043
57664064408,687043
63629237701,687043
64720013310,687043
64850050301,687043
64850050305,687043
64850050330,687043
68382095301,687043
70010011401,687043
70010011403,687043
72162123601,687043
72162205101,687043
72162205103,687043
72162205106,687043
72162205109,687043
00378454501,577957
00406888501,577957
00527076437,577957
00527150437,577957
00555077702,577957
11534019401,577957
11534019403,577957
13107007201,577957
13107007205,577957
13107007225,577957
13107007250,577957
13107007299,577957
16714080601,577957
16714095201,577957
16729053801,577957
31722015901,577957
42806034301,577957
42858072501,577957
47781017801,577957
52343016401,577957
55466013112,577957
57664064508,577957
63629237801,577957
64720013410,577957
64850050401,577957
64850050405,577957
64850050430,577957
68382095401,577957
68462065101,577957
70010011501,577957
70010011503,577957
72162205201,577957
72162205203,577957
72162205206,577957
72162205209,577957
72516001301,577957
00185085301,577961
00378454601,577961
00406889301,577961
00527076537,577961
00527150537,577961
00555097302,577961
11534019501,577961
11534019503,577961
13107007301,577961
13107007305,577961
13107007325,577961
13107007350,577961
13107007399,577961
16714080701,577961
16714095301,577961
16729053901,577961
31722016301,577961
42806034401,577961
42858072601,577961
47781017901,577961
52343016501,577961
55466013212,577961
57664064608,577961
63304091001,577961
63629238201,577961
64720013510,577961
64850050501,577961
64850050505,577961
64850050530,577961
68382095501,577961
68462065201,577961
70010011601,577961
70010011603,577961
72162205301,577961
72162205303,577961
72162205306,577961
72162205309,577961
72162225101,577961
72162255101,577961
72516001201,577961
00185086401,541363
00185209901,541363
00378454701,541363
00406889401,541363
00527076637,541363
00527150637,541363
00555097402,541363
11534019601,541363
11534019603,541363
13107007401,541363
13107007405,541363
13107007425,541363
13107007450,541363
13107007499,541363
16714080801,541363
16714095401,541363
16729054001,541363
31722016401,541363
42806034501,541363
42858072701,541363
47781018001,541363
52343016601,541363
55466013312,541363
57664064708,541363
63304091101,541363
63629238101,541363
64720013610,541363
64850050601,541363
64850050605,541363
64850050630,541363
68382095601,541363
68462065301,541363
70010011701,541363
70010011703,541363
71335108101,541363
71335108102,541363
71335108103,541363
71335207001,541363
71335207002,541363
71335207003,541363
72162205401,541363
72162205403,541363
72162205406,541363
72162205409,541363
72516001101,541363
00115148601,861237
00228306211,861237
00406895101,861237
00527079037,861237
00527551037,861237
00555079002,861237
00781232901,861237
31722018501,861237
35573046402,861237
42858005501,861237
43975027710,861237
43975033110,861237
49884083901,861237
51407054801,861237
51407055701,861237
57664033688,861237
63629197801,861237
63629211001,861237
64850051001,861237
66993059402,861237
70010002901,861237
72162137701,861237
72162205501,861237
72162205503,861237
72162205506,861237
72162205509,861237
00115148701,861221
00228305911,861221
00406895201,861221
00527079137,861221
00527551137,861221
00555078702,861221
00781233501,861221
31722018601,861221
35573046502,861221
42858061001,861221
43975027810,861221
43975033210,861221
49884084001,861221
51407054901,861221
51407055801,861221
57664033788,861221
63629197301,861221
63629210301,861221
64850051101,861221
66993059502,861221
70010003001,861221
72162137801,861221
72162205601,861221
72162205603,861221
72162205606,861221
72162205609,861221
00115148801,861223
00228306311,861223
00406895301,861223
00527079237,861223
00527551237,861223
00555079102,861223
00781234301,861223
31722018701,861223
35573046602,861223
42858021501,861223
43975027910,861223
43975033310,861223
49884084101,861223
51407055001,861223
51407055901,861223
57664033888,861223
60687028725,861223
60687028795,861223
63629197401,861223
63629210601,861223
64850051201,861223
66993059602,861223
70010003101,861223
72162205701,861223
72162205703,861223
72162205706,861223
72162205709,861223
00115148901,861225
00228306011,861225
00406895401,861225
00527079337,861225
00527551337,861225
00555078802,861225
00781235201,861225
31722018801,861225
35573046702,861225
42858072001,861225
43975028010,861225
43975033410,861225
49884084201,861225
51407055101,861225
51407056001,861225
57664033988,861225
63629197501,861225
63629210701,861225
64850051301,861225
66993059702,861225
70010003201,861225
72162137901,861225
72162205801,861225
72162205803,861225
72162205806,861225
72162205809,861225
00115149001,861227
00228306411,861227
00406895501,861227
00527079437,861227
00555079202,861227
00781236801,861227
31722018901,861227
35573046802,861227
42858032501,861227
43975028110,861227
43975033510,861227
49884084301,861227
51407055201,861227
51407056101,861227
57664034088,861227
63629197601,861227
63629210801,861227
64850051401,861227
66993059802,861227
70010003301,861227
72162138001,861227
72162205901,861227
72162205903,861227
72162205906,861227
72162205909,861227
00115149101,861232
00228306111,861232
00406895601,861232
00527079537,861232
00527551537,861232
00555078902,861232
00781237101,861232
31722019501,861232
35573046902,861232
42858093001,861232
43975028210,861232
43975033610,861232
49884084401,861232
51407055301,861232
51407056201,861232
57664034188,861232
63629197701,861232
63629210901,861232
64850051501,861232
66993059902,861232
70010003401,861232
72162138101,861232
72162206001,861232
72162206003,861232
72162206006,861232
72162206009,861232
00406080501,1927630
00480368301,1927630
57664095088,1927630
00406080301,1927617
00480368401,1927617
57664095188,1927617
00406080701,1927637
00480368501,1927637
57664095288,1927637
00406080401,1927610
00480368601,1927610
57664095388,1927610
24478010201,1720592
24478010202,1720592
27808010201,1720592
70165000530,1739827
24478010601,2585476
70165001030,1739833
70165001530,1739839
24478010801,2585461
70165002030,1739809
24478010901,2585465
70165002530,1739815
70165003030,1739821
24478011001,2585471
24338003101,2175894
24338003130,2175894
24338002203,1600700
24338002210,1600700
24338003301,2175796
24338003330,2175796
24338002603,1600698
24338002610,1600698
24338003501,2175891
24338003530,2175891
24338003702,2175893
24338003715,2175893
57844010501,541879
57844011701,1009147
57844011001,541894
00555076502,687045
57844011201,687045
57844011501,577960
57844012001,577962
57844013001,541365
54092038101,861238
54092038301,861222
54092038501,861224
54092038701,861226
54092038901,861228
54092039101,861233
54092046801,1927632
54092047101,1927619
54092047401,1927639
54092047701,1927616
73117052318,310133
73117052319,310133
42192013440,312893
59088026103,312893
70350261001,312893
70350261002,312893
71085007360,312893
72837000201,2109053
71838000501,1537337
71838001001,1537337
83818001101,2712480
70501009110,205173
70501009120,205173
82247061700,205173
85153000101,205173
87014000601,205173
87263092700,205173
49967092701,1941594
83342092701,1941594
10056053600,205104
10056053601,205104
12022003900,205104
12022004000,205104
23851036712,205104
60717041012,205104
60717041112,205104
64942192801,205104
64942192901,205104
64942196401,205104
64942196601,205104
64942196801,205104
64942197001,205104
64942197201,205104
64942205801,205104
64942205901,205104
64942206001,205104
64942206101,205104
64942206201,205104
68898012612,205104
70489161001,205104
70489161002,205104
71438001007,205104
71438001012,205104
71438001020,205104
71438002012,205104
81277080213,205104
81277080225,205104
81277080233,205104
85398000901,205104
85464000301,205104
86069012212,205104
87013000401,205104
50066005914,2739505
69968072401,2586423
69968072501,2586423
00363273501,205023
00363413701,205023
00363953607,205023
00363953711,205023
10738004523,205023
10738098023,205023
10738098082,205023
43136070101,205023
43136070136,205023
43136070201,205023
43136070236,205023
50428029877,205023
50428048977,205023
51316044301,205023
53208090136,205023
53208090236,205023
57337005301,205023
61012074013,205023
63736030224,205023
63736073020,205023
64942197301,205023
64942206301,205023
67385051201,205023
69968043401,205023
69968043404,205023
69968072301,205023
69968093808,205023
69968093908,205023
70000055001,205023
70501009650,205023
71819002004,205023
73632000301,205023
81277080312,205023
82442074301,205023
82499026700,205023
82594000150,205023
82594000151,205023
83004001901,205023
83324029545,205023
83324034211,205023
83524094500,205023
84285010108,205023
84558001001,205023
84607054500,205023
84710010101,205023
84938000801,205023
84938001901,205023
85150000501,205023
85161029545,205023
85161034211,205023
85286000301,205023
85424001501,205023
85424002001,205023
00072027906,667904
42546027906,667904
49873040401,1235252
00363000220,998740
00363000260,998740
00363016012,998740
00363016060,998740
00363058420,998740
00363078522,998740
00363082720,998740
00363082760,998740
00363088312,998740
00363088320,998740
00363088360,998740
00363855020,998740
00363855060,998740
00363876020,998740
00363878020,998740
00363878060,998740
00536124801,998740
00536124810,998740
00761035920,998740
00761091002,998740
00904672461,998740
00904744061,998740
10135040501,998740
10135040510,998740
10135040513,998740
10135066901,998740
11383023411,998740
11383023460,998740
11534009001,998740
11534009003,998740
11534009060,998740
11673019203,998740
11673020901,998740
11822370201,998740
16103037807,998740
16103037808,998740
16103037811,998740
17856124801,998740
21130021903,998740
21130082920,998740
21130085520,998740
21130087820,998740
21130088330,998740
21130090220,998740
24385049572,998740
24385049578,998740
24385050572,998740
36800008401,998740
36800008512,998740
36800008560,998740
36800016260,998740
36800078312,998740
36800078360,998740
36800086101,998740
36800093860,998740
37205025172,998740
37205034978,998740
37808035512,998740
37808035524,998740
37808054929,998740
37808087812,998740
37808087824,998740
37864000034,998740
37864085001,998740
37864085010,998740
37864085099,998740
41163047133,998740
41163062962,998740
41163075510,998740
41163077810,998740
41163082910,998740
41163088330,998740
41226019206,998740
41226020906,998740
43063095801,998740
43063095895,998740
46122034478,998740
46122056778,998740
46122062572,998740
46122066978,998740
49035000206,998740
49035008412,998740
49035008424,998740
49035008530,998740
49035016130,998740
49035027030,998740
49035036030,998740
49035037730,998740
49035082812,998740
49035082824,998740
49348015619,998740
49483008100,998740
49483008101,998740
49483008110,998740
49483009700,998740
49483009701,998740
49781014960,998740
50804030410,998740
50804048401,998740
50804082910,998740
50804085502,998740
50804085510,998740
51645085001,998740
51645085006,998740
51645085010,998740
51645085099,998740
52959067500,998740
52959067502,998740
52959067508,998740
52959067530,998740
52959067560,998740
53329098962,998740
53943015301,998740
53943015401,998740
54257008902,998740
55154019500,998740
55154257800,998740
55319056510,998740
55700035330,998740
55700035360,998740
55910082910,998740
55910085510,998740
55910097810,998740
57896030401,998740
57896030410,998740
57896045501,998740
57896045506,998740
57896045510,998740
57896045801,998740
57896045806,998740
57896045810,998740
57896045820,998740
57896055501,998740
57896055506,998740
57896055510,998740
57896055520,998740
59726000220,998740
59726000225,998740
59726085510,998740
59726085540,998740
59726087810,998740
59726087840,998740
59779058401,998740
59779080004,998740
60258095106,998740
60687062201,998740
60687062211,998740
61919051830,998740
61919051860,998740
61919051871,998740
61919085560,998740
61919085571,998740
62011016501,998740
62011029001,998740
62011036401,998740
62011039501,998740
62011041701,998740
62993000201,998740
62993000202,998740
62993000203,998740
62993000204,998740
62993000205,998740
63561018701,998740
63561018702,998740
63561018703,998740
63629890701,998740
63629890801,998740
63739043202,998740
63868013101,998740
63868013510,998740
63868013760,998740
63868087501,998740
63868087860,998740
63868088401,998740
63868094601,998740
63941085510,998740
63941087810,998740
66553001201,998740
67091032860,998740
67091037360,998740
68016000201,998740
68016000225,998740
68016020660,998740
68071004991,998740
68788767401,998740
68788767406,998740
68788878001,998740
68788878003,998740
68788878008,998740
69517013102,998740
69517013105,998740
69517013110,998740
69517013124,998740
69517013125,998740
69517013150,998740
69618006501,998740
69729015160,998740
69842077618,998740
69842077630,998740
69842082940,998740
69842088110,998740
69842088140,998740
69842088318,998740
69842088330,998740
69842088710,998740
69842088725,998740
69842088740,998740
70000040501,998740
70000052001,998740
70000052601,998740
70000052602,998740
70677004201,998740
70677005901,998740
70677008301,998740
70677016701,998740
70677106901,998740
70677109401,998740
70677124601,998740
71205028230,998740
71205028260,998740
71205028290,998740
71205097000,998740
71205097011,998740
71205097030,998740
71205097055,998740
71205097060,998740
71205097090,998740
71309011305,998740
71309011324,998740
71335097702,998740
71335097703,998740
71335111302,998740
71335111303,998740
71335111305,998740
71335118102,998740
71335118103,998740
71335118105,998740
71335118106,998740
71335167401,998740
71335167402,998740
71335167403,998740
71335167404,998740
71335167405,998740
71335167406,998740
71335167407,998740
71335167408,998740
71335167409,998740
71335252201,998740
71335252202,998740
71335252203,998740
71335252204,998740
71335252205,998740
71335252206,998740
71335252207,998740
71335252208,998740
71335252209,998740
71335269301,998740
71335269302,998740
71335269303,998740
71335269304,998740
71335269305,998740
71335269306,998740
71335269307,998740
71335269308,998740
71335269309,998740
71406010601,998740
71406010610,998740
71574070060,998740
72090003020,998740
72189037860,998740
72476085510,998740
72476087810,998740
72476088360,998740
73057037807,998740
73057037808,998740
73057037811,998740
76420091801,998740
76420091830,998740
76420091860,998740
76420091890,998740
79481030401,998740
79481055506,998740
79903000912,998740
79903000924,998740
80136055501,998740
80513010525,998740
83324013560,998740
83324013601,998740
83586000100,998740
84324001301,998740
85111045510,998740
87275245101,998740
00078072910,213729
00078072915,213729
00487278401,212349
00487590199,863968
11086003001,212332
11086003010,212332
11086003040,212332
11086003060,212332
83592012560,2672367
76020020008,1091403
00064206004,212584
66440040708,212586
69968095402,2729287
41167061520,1996196
35379032046,1303358
62673005910,1303358
62673006010,1303358
00096073804,212318
00096081204,212318
00096081222,212318
12277005127,1744041
68093724202,1744041
53076020264,2467167
55505020264,2467167
41167060111,1299653
41167061803,1299653
41167618003,1299653
11086005205,1442520
11086004306,999618
67618011010,1872920
67618011012,1872920
67618011030,1872920
67618011060,1872920
50488090101,2106884
80425034501,2106884
00536124701,1248013
00536124710,1248013
00615833105,1248013
00615833128,1248013
00615833139,1248013
67618031001,1248015
67618031013,1248015
67618031030,1248015
67618031060,1248015
64727006303,1248017
64727006406,1248017
00264770300,800928
00264770700,800928
00264770710,800928
11086004701,883501
22840112501,2057911
22840112301,2057913
22840510502,852842
22840510505,852842
49643001405,852842
49643001410,852842
49643001430,852842
49643001450,852842
22840112102,889660
22840117402,889658
22840112202,889656
00310450012,1919512
00310461150,1919516
71085009360,2744290
00093005301,866094
00093005305,866094
00378114001,866094
00378114005,866094
00615771405,866094
00615771430,866094
00615771439,866094
00904712261,866094
11788005701,866094
11788005705,866094
16729020001,866094
16729020016,866094
16729020017,866094
23155002301,866094
23155002305,866094
23155002310,866094
24689078101,866094
24689078105,866094
29300024401,866094
29300024405,866094
42543074106,866094
42543074107,866094
42543074108,866094
42806008201,866094
42806008205,866094
42806066201,866094
42806066205,866094
48433001101,866094
48433001120,866094
49252009854,866094
50090579701,866094
50090579702,866094
50090768201,866094
50090768202,866094
51079098501,866094
51079098520,866094
51407020101,866094
51407020105,866094
51407041301,866094
51407041305,866094
52959065430,866094
55111047279,866094
55154431200,866094
55154549400,866094
59651038901,866094
59651038905,866094
59651038910,866094
59651038930,866094
59651038960,866094
61919016630,866094
61919016660,866094
61919016690,866094
63629240801,866094
63629240901,866094
63629319701,866094
63629319702,866094
63629319703,866094
63629319704,866094
64380074106,866094
64380074107,866094
64380074108,866094
64980065001,866094
64980065006,866094
64980065050,866094
65841078101,866094
65841078105,866094
65841078110,866094
65841078130,866094
65841078177,866094
67046064503,866094
68071299503,866094
68382018001,866094
68382018005,866094
68382018010,866094
68382018030,866094
68382018077,866094
68788795201,866094
68788795203,866094
68788795206,866094
68788795209,866094
69117004001,866094
69117004002,866094
69238111501,866094
69584009110,866094
69584009150,866094
70518068200,866094
70518068201,866094
70518368600,866094
70518368601,866094
70518368602,866094
70518368603,866094
70518368604,866094
70518368605,866094
70518458600,866094
71205049330,866094
71205049360,866094
71205049390,866094
71205079930,866094
71205079960,866094
71205079990,866094
71335025301,866094
71335025302,866094
71335025303,866094
71335025304,866094
71335025305,866094
71335025306,866094
71335056203,866094
71335192401,866094
71335192402,866094
71335192403,866094
71335192404,866094
71335192405,866094
71335192406,866094
71335193801,866094
71335193802,866094
71335193803,866094
71335193804,866094
71335193805,866094
71335193806,866094
71610016553,866094
71610016560,866094
71610016580,866094
71610020353,866094
71610020360,866094
71610020380,866094
71610026653,866094
71610026660,866094
71610026680,866094
71610026753,866094
71610026760,866094
71610026780,866094
71610030753,866094
71610030760,866094
71610030780,866094
71610030792,866094
71610060453,866094
71610060460,866094
71610060480,866094
71610060492,866094
71610082630,866094
71610082653,866094
71610082660,866094
71610082680,866094
71610094353,866094
71610094360,866094
71610094380,866094
71610094392,866094
71610095930,866094
71610095953,866094
71610095960,866094
71610095980,866094
71610095992,866094
72162192401,866094
72162192405,866094
72189062890,866094
72789013901,866094
72789013960,866094
72888006201,866094
72888006205,866094
75834026601,866094
75834026605,866094
76420080701,866094
76420080705,866094
76420080730,866094
76420080760,866094
76420080790,866094
77771023401,866094
77771023405,866094
80425033401,866094
80425033402,866094
80425033403,866094
80425050501,866094
80425050502,866094
80425050503,866094
82804006230,866094
82804006260,866094
82804006290,866094
82804096100,866094
82804096111,866094
82804096130,866094
82804096155,866094
82804096160,866094
82804096172,866094
82804096190,866094
87441002001,866094
42806083101,2708994
00378114501,866111
00615843439,866111
11788005801,866111
16729020101,866111
16729020116,866111
16729020117,866111
24689078501,866111
42543078706,866111
42543078707,866111
42806008301,866111
42806008305,866111
49252010754,866111
50090561400,866111
50090707500,866111
50090707501,866111
51407037801,866111
51407041401,866111
51655051152,866111
59651039001,866111
59651039005,866111
60687080111,866111
60687080121,866111
64380078706,866111
64380078707,866111
64980065101,866111
64980065150,866111
65841084201,866111
65841084205,866111
65841084210,866111
65841084230,866111
67046135203,866111
68382062301,866111
68382062305,866111
68382062310,866111
68382062330,866111
69238111601,866111
70518390600,866111
70518431700,866111
71335193001,866111
71335193002,866111
71335193003,866111
71335193004,866111
71335193005,866111
71335219301,866111
71335219302,866111
71335219303,866111
71335219304,866111
71335219305,866111
71335219306,866111
71335223701,866111
71335223702,866111
71335223703,866111
71335223704,866111
71335223705,866111
71335223706,866111
71335282001,866111
71610040460,866111
71610048760,866111
71610060860,866111
72162219901,866111
72189045830,866111
72888006301,866111
72888006305,866111
75834026701,866111
77771023501,866111
82804003920,866111
82804003930,866111
82804003960,866111
82804003990,866111
82868008230,866111
42806083201,2708991
00093005401,866083
00093005405,866083
00378115001,866083
00378115005,866083
00615771805,866083
00615771828,866083
00615771839,866083
00904712161,866083
11788005901,866083
11788005905,866083
16729020201,866083
16729020216,866083
16729020217,866083
23155002401,866083
23155002405,866083
23155002410,866083
24689090701,866083
24689090705,866083
29300024501,866083
29300024505,866083
42543074206,866083
42543074207,866083
42543074208,866083
42806008401,866083
42806008405,866083
42806066301,866083
42806066305,866083
43063078590,866083
43353006053,866083
43353006060,866083
43353006070,866083
43353061053,866083
43353061060,866083
43353061070,866083
43353061080,866083
43353061092,866083
45865036951,866083
45865036960,866083
45865036990,866083
48433001201,866083
48433001220,866083
49252009954,866083
49999081230,866083
49999081260,866083
50090277300,866083
50090316800,866083
50090534700,866083
50090534701,866083
50090534703,866083
50090534704,866083
50090534705,866083
50090664900,866083
50090664901,866083
50090664903,866083
50090664904,866083
50090664905,866083
50090671900,866083
50090778500,866083
50090786400,866083
51079098601,866083
51079098620,866083
51079098656,866083
51407020201,866083
51407020205,866083
51407041501,866083
51407041505,866083
51655009726,866083
51655009752,866083
51655009783,866083
51655079626,866083
52959067630,866083
52959067660,866083
52959067690,866083
55111047379,866083
55154430500,866083
55154539700,866083
55700052630,866083
55700053090,866083
58864078230,866083
59651039101,866083
59651039105,866083
59651039110,866083
59651039130,866083
59651039160,866083
60687081201,866083
60687081211,866083
61919060030,866083
61919060060,866083
61919060090,866083
63187090430,866083
63187090460,866083
63187090490,866083
63629241001,866083
63629241101,866083
63629304701,866083
63629304702,866083
63629304703,866083
63629304704,866083
64380074206,866083
64380074207,866083
64380074208,866083
64980065201,866083
64980065206,866083
64980065250,866083
65841078201,866083
65841078205,866083
65841078210,866083
65841078230,866083
65841078277,866083
66267052820,866083
66267052845,866083
66267052860,866083
66267052890,866083
68071333603,866083
68071333606,866083
68071333609,866083
68071388106,866083
68071398906,866083
68382018101,866083
68382018105,866083
68382018110,866083
68382018130,866083
68382018177,866083
68788788501,866083
68788808601,866083
68788808603,866083
68788808606,866083
68788808609,866083
69117004101,866083
69117004102,866083
69238111701,866083
69584009210,866083
69584009250,866083
70518116601,866083
70518203100,866083
70518203101,866083
70518203102,866083
70518203103,866083
70518203104,866083
70518203105,866083
70518327900,866083
70518327901,866083
70518444300,866083
70934018496,866083
71335000701,866083
71335000702,866083
71335000703,866083
71335000704,866083
71335000705,866083
71335000706,866083
71335000707,866083
71335000708,866083
71335022201,866083
71335022202,866083
71335022203,866083
71335022204,866083
71335022205,866083
71335022206,866083
71335110501,866083
71335110502,866083
71335110503,866083
71335110504,866083
71335110505,866083
71335110506,866083
71335114401,866083
71335114402,866083
71335114403,866083
71335114404,866083
71335114405,866083
71335114406,866083
71335167301,866083
71335167302,866083
71335167303,866083
71335167304,866083
71335167305,866083
71335167306,866083
71335167307,866083
71335208101,866083
71335208102,866083
71335208103,866083
71335208104,866083
71335208105,866083
71335208106,866083
71335967301,866083
71335967302,866083
71335967303,866083
71335967304,866083
71335967305,866083
71335967306,866083
71335967307,866083
71335967308,866083
71335975801,866083
71335975802,866083
71335975803,866083
71335975804,866083
71335975805,866083
71335975806,866083
71335975807,866083
71335975808,866083
71610020853,866083
71610020860,866083
71610020880,866083
71610025753,866083
71610025760,866083
71610025780,866083
71610025792,866083
71610028153,866083
71610028160,866083
71610028180,866083
71610059653,866083
71610059660,866083
71610059670,866083
71610059680,866083
71610059692,866083
71610095353,866083
71610095360,866083
71610095370,866083
71610095380,866083
71610095392,866083
71610096253,866083
71610096260,866083
71610096270,866083
71610096280,866083
71610096292,866083
71610097430,866083
71610097453,866083
71610097460,866083
71610097470,866083
71610097480,866083
71610097492,866083
72162192501,866083
72162192505,866083
72189017530,866083
72189017582,866083
72189017590,866083
72189020082,866083
72189044830,866083
72189044860,866083
72189044882,866083
72189044890,866083
72789014001,866083
72789018190,866083
72888006401,866083
72888006405,866083
75834026801,866083
75834026805,866083
76420080801,866083
76420080805,866083
76420080830,866083
76420080860,866083
76420080890,866083
77771023601,866083
77771023605,866083
82804010430,866083
82804010460,866083
82804096200,866083
82804096211,866083
82804096230,866083
82804096255,866083
82804096260,866083
82804096272,866083
82804096290,866083
83209055415,866083
83209055421,866083
83209055430,866083
83209055460,866083
87441001801,866083
71085009430,2744292
42806083318,2708993
42806083360,2708993
00093100301,866018
00093100305,866018
00172566560,866018
00378116505,866018
00378116580,866018
00378116591,866018
00615768905,866018
00615768939,866018
00904689961,866018
11788006001,866018
11788006005,866018
16729020301,866018
16729020312,866018
16729020316,866018
16729020317,866018
16729020359,866018
23155002501,866018
23155002505,866018
23155002506,866018
23155002508,866018
24689092101,866018
24689092105,866018
24689092106,866018
29300024601,866018
29300024605,866018
29300024616,866018
29300024618,866018
29300047701,866018
29300047705,866018
29300047716,866018
29300047718,866018
42543074303,866018
42543074306,866018
42543074318,866018
42806008501,866018
42806008505,866018
42806066401,866018
42806066405,866018
43353060730,866018
48433001301,866018
48433001320,866018
49252010054,866018
50090211101,866018
50090211103,866018
50090465701,866018
50090465703,866018
50090588600,866018
50090588601,866018
50090588603,866018
50090618800,866018
50090618801,866018
50090618803,866018
50090697101,866018
50090697103,866018
50090716101,866018
50090716103,866018
50090729300,866018
50090729301,866018
50090729303,866018
50268013511,866018
50268013515,866018
51079096001,866018
51079096020,866018
51407020305,866018
51407020360,866018
51407041605,866018
51407041660,866018
51655001526,866018
51655001552,866018
52959071300,866018
52959071330,866018
52959071345,866018
52959071360,866018
52959071390,866018
55111047479,866018
55154336400,866018
55700010060,866018
55700052990,866018
58864096315,866018
59651039201,866018
59651039205,866018
59651039210,866018
59651039218,866018
59651039230,866018
59651039260,866018
60687082301,866018
60687082311,866018
61919057930,866018
61919057960,866018
61919057972,866018
61919057990,866018
63187040230,866018
63187040260,866018
63187040272,866018
63187040290,866018
63629174701,866018
63629174702,866018
63629174703,866018
63629174704,866018
63629241201,866018
63629241301,866018
64380074303,866018
64380074306,866018
64380074318,866018
64980065301,866018
64980065306,866018
64980065350,866018
65841078301,866018
65841078305,866018
65841078310,866018
65841078314,866018
65841078328,866018
65841078330,866018
65841078377,866018
68071298703,866018
68071383403,866018
68382018201,866018
68382018205,866018
68382018210,866018
68382018214,866018
68382018228,866018
68382018230,866018
68382018277,866018
68788796801,866018
68788796803,866018
68788796806,866018
68788796809,866018
68788868101,866018
68788868103,866018
68788868106,866018
68788868109,866018
69117004201,866018
69117004202,866018
69117004203,866018
69117004204,866018
69238111801,866018
69238111806,866018
69584009306,866018
69584009310,866018
69584009350,866018
70518038000,866018
70518266000,866018
70518266001,866018
70518266002,866018
70518298700,866018
70518298701,866018
70518298702,866018
70518405200,866018
70518405201,866018
70518405202,866018
70518405203,866018
70518405204,866018
71205028030,866018
71205028060,866018
71205028090,866018
71335160501,866018
71335160502,866018
71335160503,866018
71335160504,866018
71335160505,866018
71335160506,866018
71335160507,866018
71335175201,866018
71335175202,866018
71335175203,866018
71335175204,866018
71335175205,866018
71335175206,866018
71335175207,866018
71335206001,866018
71335206002,866018
71335206003,866018
71335206004,866018
71335206005,866018
71335206006,866018
71335206007,866018
71335207301,866018
71335207302,866018
71335207303,866018
71335207304,866018
71335207305,866018
71335207306,866018
71335207307,866018
71335257601,866018
71335257602,866018
71335257603,866018
71335257604,866018
71335257605,866018
71335257606,866018
71335257607,866018
71610018353,866018
71610018360,866018
71610020630,866018
71610020660,866018
71610029160,866018
71610029930,866018
71610029953,866018
71610029960,866018
71610029980,866018
71610029992,866018
71610064030,866018
71610064060,866018
71610064080,866018
71610064092,866018
71610097560,866018
72162192601,866018
72162192605,866018
72189023530,866018
72189023560,866018
72189023590,866018
72189062030,866018
72189062060,866018
72189062090,866018
72789014101,866018
72789033260,866018
72888006501,866018
72888006505,866018
72888006560,866018
75834026901,866018
75834026905,866018
75834026960,866018
76420072401,866018
76420072405,866018
76420072412,866018
76420072418,866018
76420072430,866018
76420072460,866018
76420072490,866018
76420080901,866018
76420080905,866018
76420080918,866018
76420080930,866018
76420080960,866018
76420080990,866018
77771023705,866018
77771023760,866018
80425030301,866018
80425030302,866018
80425030303,866018
80425038701,866018
80425038702,866018
80425038703,866018
82804096300,866018
82804096311,866018
82804096330,866018
82804096355,866018
82804096360,866018
82804096372,866018
82804096390,866018
83209030315,866018
83209030320,866018
83209030330,866018
83209030360,866018
87441001901,866018
00093520005,866090
00093520006,866090
00378117591,866090
00615852739,866090
11788006105,866090
11788006160,866090
16729028901,866090
16729028912,866090
16729028916,866090
16729028917,866090
16729028959,866090
23155009701,866090
23155009705,866090
23155009706,866090
24689093306,866090
29300024701,866090
29300024705,866090
29300024716,866090
29300047801,866090
29300047805,866090
29300047816,866090
42543074403,866090
42806008605,866090
42806008660,866090
42806066560,866090
48433001401,866090
48433001420,866090
49252010154,866090
50090486200,866090
50090486201,866090
50090765200,866090
50090765201,866090
50090774200,866090
50090774201,866090
51079099401,866090
51079099420,866090
51407037760,866090
51407041760,866090
52959083460,866090
55111047579,866090
59651039301,866090
59651039305,866090
59651039310,866090
59651039330,866090
59651039360,866090
63629241401,866090
63629241501,866090
63629333301,866090
63629333302,866090
64380074403,866090
64980065406,866090
64980065450,866090
65841078405,866090
65841078410,866090
65841078414,866090
65841078430,866090
65841078477,866090
68382018305,866090
68382018310,866090
68382018314,866090
68382018330,866090
68382018377,866090
69117004301,866090
69117004302,866090
69238111906,866090
69584009406,866090
69584009418,866090
69584009450,866090
70518338200,866090
70518338201,866090
70518406800,866090
71335099101,866090
71335099102,866090
71335099103,866090
71335099106,866090
71335160801,866090
71335160802,866090
71335160803,866090
71335160804,866090
71335160805,866090
71335160806,866090
71335160807,866090
71335174901,866090
71335174902,866090
71335174903,866090
71335174904,866090
71335174905,866090
71335174906,866090
71335174907,866090
71335245801,866090
71335245802,866090
71335245803,866090
71335245804,866090
71335245805,866090
71335245806,866090
71335245807,866090
71335251001,866090
71335251002,866090
71335251003,866090
71335251004,866090
71335251005,866090
71335251006,866090
71335251007,866090
71335276801,866090
71335276802,866090
71335276803,866090
71335276804,866090
71335276805,866090
71335276806,866090
71335276807,866090
72162192705,866090
72162192706,866090
72789014260,866090
72888006605,866090
72888006660,866090
75834027060,866090
76420072501,866090
76420072505,866090
76420072530,866090
76420072560,866090
76420072590,866090
76420081101,866090
76420081105,866090
76420081130,866090
76420081160,866090
76420081190,866090
77771023860,866090
82804096400,866090
82804096411,866090
82804096430,866090
82804096455,866090
82804096460,866090
82804096472,866090
82804096490,866090
81279012230,2714180
81279012260,2714180
81279012330,2714182
81279012360,2714182
81279012430,2714184
81279012460,2714184
00087082232,866088
64764010820,2667342
64764010821,2667342
64764010710,2667336
64764010711,2667336
64764030020,1538142
27808008501,884522
66993035957,884522
72162204302,884522
76181000225,884522
75826012010,1425847
75826012030,1425847
00115992710,884535
00378107001,884535
00406896001,884535
45963030309,884535
51862034490,884535
00406895801,884386
00555095202,884386
10702006501,884386
10702006503,884386
10702006506,884386
11534018801,884386
11534018803,884386
13107003501,884386
13107003550,884386
13107003599,884386
27808008901,884386
43386087001,884386
43386087003,884386
43386087010,884386
52536050001,884386
52536050003,884386
63629237501,884386
64720021510,884386
72162123301,884386
72162123303,884386
72162234903,884386
75826012110,884386
75826012130,884386
75826012210,1425854
75826012230,1425854
00115992810,884520
00378107101,884520
00406896101,884520
45963030409,884520
51862034590,884520
00406895901,884385
00555095302,884385
10702006601,884385
10702006603,884385
10702006606,884385
11534018901,884385
11534018903,884385
13107003601,884385
13107003650,884385
13107003699,884385
27808009001,884385
43386087101,884385
43386087103,884385
43386087110,884385
52536051001,884385
52536051003,884385
63629237401,884385
64720021610,884385
72162123401,884385
72162123403,884385
72162235003,884385
75826012310,884385
75826012330,884385
00115992910,884532
00378107201,884532
00406896201,884532
45963030509,884532
51862034690,884532
60687015011,884532
60687015021,884532
52536051503,884684
72162235103,884684
75826012410,884684
75826012430,884684
52536052003,1535454
72162235203,1535454
75826012510,1535454
75826012530,1535454
52536053003,1535470
72162235303,1535470
75826012610,1535470
75826012630,1535470
68968020501,2624729
68968020503,2624729
68968021001,2624735
68968021003,2624735
68968021501,2624708
68968021503,2624708
68968022001,2624715
68968022003,2624715
21724070105,884526
24338085003,1426251
24338085010,1426251
64896067310,884537
24338085103,1425339
24338085110,1425339
24338085203,1426253
24338085210,1426253
64896067410,884528
52054021610,1541609
24338085303,1425337
24338085310,1425337
64896067510,884534
24338085403,1535451
24338085410,1535451
24338085503,1535456
24338085510,1535456
24338085603,1535472
24338085610,1535472
10432019701,312390
00480259634,1111106
13668074521,1111106
60505483302,1111106
52015070021,2279847
52015070022,2279847
52015070023,2279847
52015008001,1111110
00536114263,483325
00536139163,483325
00536143363,483325
40032062230,483325
51660072311,483325
51660099901,483325
51660099911,483325
58602072157,483325
59556028201,483325
59556028601,483325
59726013801,483325
63704001001,483325
69230033332,483325
69230033333,483325
69230033334,483325
70000060001,483325
70000067501,483325
70700016406,483325
71713009811,483325
72288032428,483325
72657012311,483325
73358091101,483325
73581021701,483325
76519116400,483325
79929001601,483325
58602089157,2644394
58602089169,2644394
69536010388,1598658
60007044907,1545303
64122060501,1545303
65542000000,1545303
65542000006,1545303
65542000008,1545303
62756072360,2047728
73358024101,2631024
58602084148,2261393
58602084157,2261393
58602084158,2261393
50102011101,1600602
50102011112,1600602
50102021101,1600602
50102021111,1600602
50102021113,1600602
50102021116,1600602
58602071228,2590823
50742035201,1855519
58602089257,2632742
82791000201,2606549
82791000301,2606549
82791033501,2606549
82791053201,2606549
82791053801,2606549
69953051501,1657617
69953051601,1657617
69953051701,1657617
73436285901,1657617
73436829201,1657617
51660009611,1922759
62756072060,1922759
71205012001,1922759
43386062230,1426881
68071429401,1426881
68180085211,1426881
71205036101,1426881
16714080901,2003710
69536013388,1303930
62756071860,1549091
00113200312,1736014
50090114100,858079
50090597800,858079
51285014619,858079
51285016288,858079
51285094288,858079
51285094388,858079
69536014619,858079
69536016288,858079
69536016299,858079
69953061742,2049247
69953061843,2049247
69953062860,2049247
85506010010,2049247
11509006701,2001351
64679005002,1788864
80584010301,2722270
72657010811,2730936
72657010812,2730936
51285010088,1490063
69536020088,1490063
00054008425,313762
00143390901,313762
00378680501,313762
00832040010,313762
29300013101,313762
29300013105,313762
29300013113,313762
42043021001,313762
43063050530,313762
45865050730,313762
45865050751,313762
45865050760,313762
45865050790,313762
50436100501,313762
52959097130,313762
57237023901,313762
63629390601,313762
63629390602,313762
63629390603,313762
65862021401,313762
65862021405,313762
68071078830,313762
69452036420,313762
71335023601,313762
71335023602,313762
71335023603,313762
71335023604,313762
71335023605,313762
00054008525,313761
00143391001,313761
00378681001,313761
00378681010,313761
00832040110,313761
29300013201,313761
29300013205,313761
29300013210,313761
35356065630,313761
42043021101,313761
43063078310,313761
43063091210,313761
50090156400,313761
50090156401,313761
52959095730,313761
57237024001,313761
61919062930,313761
61919062960,313761
63629340501,313761
63629340502,313761
63629340503,313761
63629340504,313761
65862021501,313761
65862021505,313761
68071078930,313761
68071200703,313761
68071200706,313761
68788720801,313761
68788720802,313761
68788720803,313761
68788720806,313761
68788720809,313761
68788872501,313761
68788872502,313761
68788872503,313761
68788872506,313761
68788872509,313761
69452036520,313761
71335105401,313761
71335105402,313761
71335105403,313761
71335105404,313761
71335246801,313761
71335246802,313761
71335246803,313761
71335246804,313761
40032076201,1232194
43386076201,1232194
43386076230,1232194
49884089811,1232194
49884089852,1232194
40032076101,1232202
43386076101,1232202
43386076130,1232202
49884089911,1232202
49884089952,1232202
00093007301,854876
00378530501,854876
00378530505,854876
00603646809,854876
00603646816,854876
00603646821,854876
00603646828,854876
00603646832,854876
00781531701,854876
00781531705,854876
00781531710,854876
00781531731,854876
00904608261,854876
13668000701,854876
13668000705,854876
13668000710,854876
13668000715,854876
13668000730,854876
13668000790,854876
16714062101,854876
16714062102,854876
16714062110,854876
16714062111,854876
33261017260,854876
33358043930,854876
42291096301,854876
42291096310,854876
42291096330,854876
43063065202,854876
43063065210,854876
43063065214,854876
43063065221,854876
43063065230,854876
43063065260,854876
43063065279,854876
43353059007,854876
43353059010,854876
43353059014,854876
43353059015,854876
43353059020,854876
43353059028,854876
43353059030,854876
43353059045,854876
43353059053,854876
43353059059,854876
43353059060,854876
45865040930,854876
45865040951,854876
45865040960,854876
45865040990,854876
50090102200,854876
50090102201,854876
50090102202,854876
50090102203,854876
50090102204,854876
50090264900,854876
50090264901,854876
50090264902,854876
50090264903,854876
50090264904,854876
50090387900,854876
50090387901,854876
50090387902,854876
50090387903,854876
50090387904,854876
50090743400,854876
50436000701,854876
50436000702,854876
50436000901,854876
50436000902,854876
51079072401,854876
51079072420,854876
51407087701,854876
51407087710,854876
51407087730,854876
51407094101,854876
51407094110,854876
51407094130,854876
52959087902,854876
52959087910,854876
52959087914,854876
52959087915,854876
52959087920,854876
52959087928,854876
52959087930,854876
52959087942,854876
52959087960,854876
52959087990,854876
55111047801,854876
55111047805,854876
55154139800,854876
55700026830,854876
55700026860,854876
60687083801,854876
60687083811,854876
60760051530,854876
60760051560,854876
60760076130,854876
61919052820,854876
61919052830,854876
61919052860,854876
61919075110,854876
61919075120,854876
61919075130,854876
61919075160,854876
62135077890,854876
63187055805,854876
63187055815,854876
63187055830,854876
63187055860,854876
63187055890,854876
63187069115,854876
63187069130,854876
63187069160,854876
63187069190,854876
63187070715,854876
63187070730,854876
63187070760,854876
63187070790,854876
63304015901,854876
63304015905,854876
63629117001,854876
63629354900,854876
63629354901,854876
63629354902,854876
63629354903,854876
63629354904,854876
63629354905,854876
63629354906,854876
63629354907,854876
63629354908,854876
63629354909,854876
63629899801,854876
63629899802,854876
63629899803,854876
63629961301,854876
64380022801,854876
64380022802,854876
64380022803,854876
64380022804,854876
64380022805,854876
64679071401,854876
65862015901,854876
65862015905,854876
65862015910,854876
65862015999,854876
68071070314,854876
68071070330,854876
68071070345,854876
68071070360,854876
68071223204,854876
68071348202,854876
68071459803,854876
68071459804,854876
68071459805,854876
68071525502,854876
68084018901,854876
68084018911,854876
68788885403,854876
68788885406,854876
68788912602,854876
68788912603,854876
68788912606,854876
68788912609,854876
70518291700,854876
70518291701,854876
71093015504,854876
71093015506,854876
71335962900,854876
71335962901,854876
71335962902,854876
71335962903,854876
71335962904,854876
71335962905,854876
71335962906,854876
71335962907,854876
71335962908,854876
71335962909,854876
71610015115,854876
71610015120,854876
71610015128,854876
71610015130,854876
71610015145,854876
71610015153,854876
71610015160,854876
71610015610,854876
71610015630,854876
71610027210,854876
71610027214,854876
71610027215,854876
71610027220,854876
71610027221,854876
71610027228,854876
71610027230,854876
71610027245,854876
71610027253,854876
71610027259,854876
71610027260,854876
71610067030,854876
71610067053,854876
71610067060,854876
71610067070,854876
71610084710,854876
71610084714,854876
71610084715,854876
71610084720,854876
71610084721,854876
71610084728,854876
71610084730,854876
71610084745,854876
71610084753,854876
71610084760,854876
71610090410,854876
71610090414,854876
71610090415,854876
71610090420,854876
71610090428,854876
71610090430,854876
71610090445,854876
71610090453,854876
71610090460,854876
72162198201,854876
72722010301,854876
72722010305,854876
72722010307,854876
72789039021,854876
72789039030,854876
76420023300,854876
76420023301,854876
76420023305,854876
76420023315,854876
76420023330,854876
76420023360,854876
76420023390,854876
76420041600,854876
76420041601,854876
76420041605,854876
76420041630,854876
76420041660,854876
76420041690,854876
80425008701,854876
80425008702,854876
80425016501,854876
80425016502,854876
80425032201,854876
80425032202,854876
80425032203,854876
80425043001,854876
80425043002,854876
80425043003,854876
80425051301,854876
80425051302,854876
80425051303,854876
00781531501,854894
00781531505,854894
00781531531,854894
00955170210,854894
10370011710,854894
47335030713,854894
47335030788,854894
51407055401,854894
51407076101,854894
51991098101,854894
63629470801,854894
63629470802,854894
63629470803,854894
63629470804,854894
68180077901,854894
68180077902,854894
68180077903,854894
68180077904,854894
68180077906,854894
68180077911,854894
68788811803,854894
68788811806,854894
68788811809,854894
68788865403,854894
68788865406,854894
68788865409,854894
71335208501,854894
71335208502,854894
71335208503,854894
71335208504,854894
71335276401,854894
71610077015,854894
71610077028,854894
71610077030,854894
71610077053,854894
71610077060,854894
71610083930,854894
71610083953,854894
71610083960,854894
71610083980,854894
71610091330,854894
71610091353,854894
71610091360,854894
76420031801,854894
76420031830,854894
76420031860,854894
76420031890,854894
76420049401,854894
76420049430,854894
76420049460,854894
76420049490,854894
52427077530,2637353
60290008901,2637353
60290008902,2637353
00093007401,854873
00378531001,854873
00378531005,854873
00603646909,854873
00603646913,854873
00603646916,854873
00603646920,854873
00603646921,854873
00603646928,854873
00603646932,854873
00781531801,854873
00781531805,854873
00781531810,854873
00781531831,854873
00904608361,854873
12634094471,854873
13668000801,854873
13668000805,854873
13668000810,854873
13668000815,854873
13668000830,854873
13668000890,854873
16714062201,854873
16714062202,854873
16714062210,854873
16714062211,854873
17224097030,854873
33261017330,854873
33358042030,854873
42291096401,854873
42291096410,854873
42291096430,854873
43063063901,854873
43063063906,854873
43063063910,854873
43063063914,854873
43063063915,854873
43063063921,854873
43063063930,854873
43063063960,854873
43353056715,854873
43353056720,854873
43353056721,854873
43353056728,854873
43353056730,854873
43353056762,854873
43353061710,854873
45865041330,854873
45865041351,854873
45865041360,854873
45865041390,854873
50090387800,854873
50090387801,854873
50090509500,854873
50090580400,854873
50090607000,854873
50090607001,854873
50436000801,854873
51079072501,854873
51079072520,854873
51407087801,854873
51407087810,854873
51407087830,854873
51407094201,854873
51407094210,854873
51407094230,854873
52959088000,854873
52959088002,854873
52959088010,854873
52959088014,854873
52959088015,854873
52959088020,854873
52959088028,854873
52959088030,854873
52959088042,854873
52959088045,854873
52959088060,854873
52959088090,854873
55111047901,854873
55700035715,854873
55700035730,854873
55700035760,854873
60760028830,854873
60760028860,854873
61919052730,854873
61919052760,854873
61919066330,854873
61919066360,854873
62135077990,854873
63187056515,854873
63187056530,854873
63187056560,854873
63187056590,854873
63187068215,854873
63187068230,854873
63187068260,854873
63187069015,854873
63187069030,854873
63187069060,854873
63187069090,854873
63304016001,854873
63304016005,854873
63629117101,854873
63629354801,854873
63629354802,854873
63629354803,854873
63629354804,854873
63629354805,854873
63629354806,854873
63629354807,854873
63629354808,854873
63629354809,854873
63629899901,854873
63629899902,854873
63629899903,854873
63629961401,854873
63739052610,854873
64380022901,854873
64380022902,854873
64380022903,854873
64380022904,854873
64380022905,854873
64380022906,854873
64380022907,854873
64679071501,854873
64679071504,854873
65862016001,854873
65862016005,854873
65862016010,854873
65862016099,854873
68071069810,854873
68071069814,854873
68071069820,854873
68071069828,854873
68071069830,854873
68071069860,854873
68071188701,854873
68071188702,854873
68071188703,854873
68071188704,854873
68071188705,854873
68071188706,854873
68071188708,854873
68071188709,854873
68071377009,854873
68071506309,854873
68071509301,854873
68071509303,854873
68071512001,854873
68084020001,854873
68084020011,854873
68788912702,854873
68788912703,854873
68788912706,854873
68788912709,854873
70518373900,854873
70518394300,854873
70518394301,854873
70518394302,854873
71093015604,854873
71093015606,854873
71205069130,854873
71205069160,854873
71205069190,854873
71335015400,854873
71335015401,854873
71335015402,854873
71335015403,854873
71335015404,854873
71335015405,854873
71335015406,854873
71335015407,854873
71335015408,854873
71335015409,854873
71335230301,854873
71335968400,854873
71335968401,854873
71335968402,854873
71335968403,854873
71335968404,854873
71335968405,854873
71335968406,854873
71335968407,854873
71335968408,854873
71335968409,854873
71610015210,854873
71610015215,854873
71610015220,854873
71610015221,854873
71610015228,854873
71610015230,854873
71610019210,854873
71610019215,854873
71610019220,854873
71610019225,854873
71610019228,854873
71610019230,854873
71610019259,854873
71610019260,854873
71610027310,854873
71610027314,854873
71610027315,854873
71610027320,854873
71610027321,854873
71610027325,854873
71610027328,854873
71610027330,854873
71610027345,854873
71610027353,854873
71610027359,854873
71610027360,854873
71610027362,854873
71610084810,854873
71610084814,854873
71610084815,854873
71610084820,854873
71610084821,854873
71610084825,854873
71610084828,854873
71610084830,854873
71610084845,854873
71610084853,854873
71610084860,854873
71610091510,854873
71610091514,854873
71610091515,854873
71610091520,854873
71610091521,854873
71610091525,854873
71610091528,854873
71610091530,854873
71610091545,854873
71610091553,854873
71610091559,854873
71610091560,854873
71610091562,854873
72162198301,854873
72722010401,854873
72722010405,854873
72722010407,854873
72789032301,854873
72789032310,854873
72789032314,854873
72789032315,854873
72789032321,854873
72789032330,854873
72789032360,854873
76420026300,854873
76420026301,854873
76420026305,854873
76420026315,854873
76420026330,854873
76420026360,854873
76420026390,854873
76420041700,854873
76420041701,854873
76420041705,854873
76420041730,854873
76420041760,854873
76420041790,854873
80425005901,854873
80425005902,854873
80425005903,854873
80425006001,854873
80425006101,854873
80425006102,854873
80425006103,854873
80425015301,854873
80425015302,854873
80425015303,854873
80425030101,854873
80425030102,854873
80425030103,854873
82868006430,854873
82868007830,854873
00781531601,854880
00781531605,854880
00781531631,854880
00955170310,854880
10370011610,854880
43353072730,854880
43353072760,854880
47335030813,854880
47335030888,854880
50090755702,854880
51407055501,854880
51407076201,854880
51991098201,854880
55700025130,854880
55700057330,854880
60760070330,854880
60760081930,854880
61919095530,854880
61919095560,854880
63187011430,854880
63187086215,854880
63187086230,854880
63187086260,854880
63187086290,854880
63629459701,854880
63629459702,854880
63629459703,854880
63629459704,854880
63629459705,854880
63629459706,854880
68071099328,854880
68071099330,854880
68071235409,854880
68180078001,854880
68180078002,854880
68180078003,854880
68180078004,854880
68180078006,854880
68180078011,854880
68788718202,854880
68788718203,854880
68788718206,854880
68788718209,854880
68788742202,854880
68788742203,854880
68788742206,854880
68788742209,854880
68788837602,854880
68788837603,854880
68788837606,854880
68788837609,854880
71205028630,854880
71205028660,854880
71205028690,854880
71335118001,854880
71335118002,854880
71335118003,854880
71335118004,854880
71335118005,854880
71335118006,854880
71335146801,854880
71335146802,854880
71335146803,854880
71335146804,854880
71335146805,854880
71335146806,854880
71610025430,854880
71610056430,854880
71610073028,854880
71610073030,854880
72162244101,854880
72162244103,854880
72189023030,854880
76420031901,854880
76420031930,854880
76420031960,854880
76420031990,854880
76420049601,854880
76420049630,854880
76420049660,854880
76420049690,854880
00024540131,854878
00713540101,854878
52959036230,854878
52959036260,854878
55289072906,854878
55289072912,854878
55289072930,854878
58864089106,854878
66267001710,854878
67544000907,854878
00037605030,836649
00037605035,836649
00037605093,836649
00024550131,854896
00713550101,854896
55289057230,854896
63629333701,854896
63629333702,854896
63629333703,854896
63629333704,854896
00024542131,854875
00024542150,854875
00713542101,854875
52959036330,854875
55289079206,854875
55289079210,854875
55289079212,854875
55289079220,854875
55289079230,854875
63629125601,854875
63629125602,854875
63629125603,854875
63629125604,854875
63629125605,854875
66267001620,854875
66267001628,854875
66267001660,854875
68387048515,854875
00037601002,836645
00037601030,836645
00037601035,836645
00037601093,836645
00024552110,854882
00024552131,854882
00024552150,854882
00713552101,854882
43353044330,854882
49999076330,854882
52959087030,854882
63629314101,854882
63629314102,854882
63629314103,854882
63629314104,854882
68071036130,854882
68387048630,854882
61958250501,2584356
61958250601,2584356
50090624700,1999673
61958250101,1999673
61958250102,1999673
61958250103,1999673
61958250105,1999673
00093573101,1860157
00781570301,1860157
10702080101,1860157
31722010901,1860157
55700079130,1860157
69238229401,1860157
00093573201,1860129
00781572601,1860129
10702080301,1860129
31722011001,1860129
69238229601,1860129
00115156001,1860137
00591269301,1860137
00781576701,1860137
10702080501,1860137
31722011101,1860137
63304068301,1860137
69238229801,1860137
00093573401,1860148
00591270801,1860148
00781578501,1860148
63304068401,1860148
69238230001,1860148
73780000110,1944541
73780000210,2693194
73780000310,1944529
73780000410,1944538
00054039041,1049604
00054039063,1049604
00121082704,1049604
00121082716,1049604
00121482705,1049604
00121482740,1049604
00121482750,1049604
00121483905,1049604
00121483940,1049604
00406855605,1049604
00904667840,1049604
00904682805,1049604
00904682892,1049604
00904682894,1049604
10702018350,1049604
13107026158,1049604
17856039001,1049604
17856039003,1049604
31722019050,1049604
43602019031,1049604
43602019050,1049604
50383096134,1049604
60432070605,1049604
60687040640,1049604
60687040646,1049604
60687040667,1049604
60687040677,1049604
62559015115,1049604
62559015116,1049604
62559015140,1049604
62559015150,1049604
63629117401,1049604
63629210401,1049604
64950035405,1049604
64950035410,1049604
64950035445,1049604
64950035450,1049604
64950035455,1049604
66689002401,1049604
66689002416,1049604
66689002450,1049604
66689040101,1049604
66689040150,1049604
66689040316,1049604
67296216706,1049604
70752013610,1049604
70752013614,1049604
71930002243,1049604
72162174902,1049604
00527177401,1049696
10702002301,1049696
10702002306,1049696
40032095001,1049696
40032095003,1049696
40032095050,1049696
43386095001,1049696
60687011611,1049696
60687011621,1049696
62559016701,1049696
68308014501,1049696
00378611201,1049621
00406055201,1049621
00406055223,1049621
00406055262,1049621
00904696661,1049621
10702001801,1049621
10702001850,1049621
13107005501,1049621
13107005530,1049621
13107005599,1049621
31722048401,1049621
31722048405,1049621
42806000501,1049621
42858000101,1049621
42858000110,1049621
43386043201,1049621
43386043203,1049621
43386043205,1049621
47781026301,1049621
47781026305,1049621
49999089915,1049621
49999089921,1049621
49999089930,1049621
49999089940,1049621
49999089960,1049621
49999089990,1049621
52959013102,1049621
52959013130,1049621
52959013150,1049621
52959013160,1049621
52959013190,1049621
55887005001,1049621
57664022388,1049621
60760095430,1049621
60760095460,1049621
61919082130,1049621
61919082190,1049621
63629380301,1049621
63629380302,1049621
63629380303,1049621
63629380304,1049621
63629418401,1049621
63629418402,1049621
63629418403,1049621
63629418404,1049621
63629418405,1049621
63629418406,1049621
63629418407,1049621
63629418408,1049621
64380025901,1049621
64380025902,1049621
64720022410,1049621
65162004703,1049621
65162004710,1049621
65162004725,1049621
65162004750,1049621
67296042501,1049621
67296042502,1049621
67296042503,1049621
67296042504,1049621
67296042505,1049621
67296042508,1049621
67296218801,1049621
67296223302,1049621
67296223303,1049621
67296223307,1049621
68071236806,1049621
68071289904,1049621
68071289906,1049621
68071360004,1049621
68084035401,1049621
68084035411,1049621
71335098100,1049621
71335098101,1049621
71335098102,1049621
71335098103,1049621
71335098104,1049621
71335098105,1049621
71335098106,1049621
71335098107,1049621
71335098108,1049621
71335098109,1049621
71335136100,1049621
71335136101,1049621
71335136102,1049621
71335136103,1049621
71335136104,1049621
71335136105,1049621
71335136106,1049621
71335136107,1049621
71335136108,1049621
71335136109,1049621
71335142100,1049621
71335142101,1049621
71335142102,1049621
71335142103,1049621
71335142104,1049621
71335142105,1049621
71335142106,1049621
71335142107,1049621
71335142108,1049621
71335142109,1049621
72162133402,1049621
72162133403,1049621
72162133406,1049621
72162133409,1049621
72162181100,1049621
72162181101,1049621
72162181102,1049621
72189009530,1049621
72189009560,1049621
72189009590,1049621
72189061130,1049621
72189061830,1049621
72189061860,1049621
76420036201,1049621
76420036205,1049621
76420036210,1049621
76420036230,1049621
76420036260,1049621
76420036290,1049621
76420076301,1049621
76420076305,1049621
76420076310,1049621
76420076320,1049621
76420076330,1049621
76420076360,1049621
76420076390,1049621
76420089701,1049621
76420089710,1049621
76420089720,1049621
76420089730,1049621
76420089760,1049621
76420089790,1049621
00406851001,1049683
00406851023,1049683
00406851062,1049683
10702005601,1049683
10702005650,1049683
31722048501,1049683
31722048505,1049683
35356083930,1049683
35356083960,1049683
35356083990,1049683
42806000601,1049683
42858000201,1049683
42858000210,1049683
43386043301,1049683
43386043303,1049683
43386043305,1049683
57664037088,1049683
60760095530,1049683
60760095560,1049683
61919044430,1049683
61919044460,1049683
63629460601,1049683
63629460602,1049683
63629460603,1049683
63629460604,1049683
64380026001,1049683
65162004803,1049683
65162004810,1049683
65162004825,1049683
68084096801,1049683
68084096811,1049683
71335142201,1049683
71335142202,1049683
71335142203,1049683
71335142204,1049683
71335142205,1049683
71335142206,1049683
72162133502,1049683
72162133503,1049683
72162133506,1049683
72162133509,1049683
72189009430,1049683
72189009460,1049683
72189009490,1049683
72189063230,1049683
72189063260,1049683
72189063290,1049683
76420036301,1049683
76420036310,1049683
76420036330,1049683
76420036360,1049683
76420036390,1049683
76420075701,1049683
76420075710,1049683
76420075720,1049683
76420075730,1049683
76420075760,1049683
76420075790,1049683
00378611301,1049611
00406851501,1049611
00406851523,1049611
00406851562,1049611
00904674361,1049611
00904718061,1049611
10702000801,1049611
10702000850,1049611
13107005601,1049611
13107005630,1049611
13107005699,1049611
31722091701,1049611
31722091705,1049611
42806000701,1049611
42858000301,1049611
43386043001,1049611
43386043003,1049611
43386043005,1049611
47781026401,1049611
47781026405,1049611
52152021402,1049611
52959012902,1049611
52959012930,1049611
52959012960,1049611
52959012990,1049611
55700017401,1049611
55700017430,1049611
55700017460,1049611
55700017490,1049611
55887013301,1049611
55887013310,1049611
55887013320,1049611
55887013328,1049611
55887013350,1049611
57664018788,1049611
60760095630,1049611
60760095660,1049611
60760095690,1049611
60760095730,1049611
60760095760,1049611
60760095790,1049611
61919065930,1049611
61919065960,1049611
61919065990,1049611
61919082030,1049611
61919082090,1049611
63629192701,1049611
63629192801,1049611
63629400001,1049611
63629400002,1049611
63629400003,1049611
63629400004,1049611
63629400005,1049611
63629400006,1049611
63629400007,1049611
63629852601,1049611
63629888901,1049611
63629888902,1049611
63629888904,1049611
64380026101,1049611
64380026102,1049611
64720022510,1049611
65162004903,1049611
65162004910,1049611
65162004925,1049611
65162004950,1049611
68071045360,1049611
68071045381,1049611
68071045390,1049611
68084018401,1049611
68084018411,1049611
68084097501,1049611
68084097511,1049611
68094000559,1049611
68094000561,1049611
71335108001,1049611
71335108002,1049611
71335108003,1049611
71335108004,1049611
71335108005,1049611
71335108006,1049611
71335108007,1049611
71335108008,1049611
71335108009,1049611
71335141301,1049611
71335141302,1049611
71335141303,1049611
71335141304,1049611
71335141305,1049611
71335141306,1049611
71335141307,1049611
71335141308,1049611
71335141309,1049611
72162133601,1049611
72189061430,1049611
72189061460,1049611
72189061490,1049611
72865012801,1049611
72865012805,1049611
76420036401,1049611
76420036405,1049611
76420036410,1049611
76420036430,1049611
76420036460,1049611
76420036490,1049611
76420075801,1049611
76420075810,1049611
76420075820,1049611
76420075830,1049611
76420075860,1049611
76420075890,1049611
76420076401,1049611
76420076405,1049611
76420076410,1049611
76420076420,1049611
76420076430,1049611
76420076460,1049611
76420076490,1049611
00406852001,1049686
00406852023,1049686
00406852062,1049686
10702005701,1049686
10702005750,1049686
31722048601,1049686
31722048605,1049686
42806000901,1049686
42858000401,1049686
43386043401,1049686
43386043403,1049686
43386043405,1049686
55700050901,1049686
55700050930,1049686
57664037188,1049686
60429052001,1049686
64380026201,1049686
65162005003,1049686
65162005010,1049686
65162005025,1049686
71335102301,1049686
71335102302,1049686
71335102303,1049686
71335102304,1049686
71335102305,1049686
71335102306,1049686
72189061330,1049686
76420036501,1049686
76420036510,1049686
76420036530,1049686
76420036560,1049686
76420036590,1049686
76420076101,1049686
76420076110,1049686
76420076120,1049686
76420076130,1049686
76420076160,1049686
76420076190,1049686
00121082601,1049615
00406855730,1049615
10702017103,1049615
13107026257,1049615
31722019831,1049615
43386092060,1049615
43602019831,1049615
43602019850,1049615
50383096430,1049615
62559015230,1049615
68094080101,1049615
68094080158,1049615
68308002003,1049615
70752013703,1049615
71930002330,1049615
00378611401,1049618
00406853001,1049618
00406853023,1049618
00406853062,1049618
10702000901,1049618
10702000950,1049618
13107005701,1049618
13107005730,1049618
13107005799,1049618
31722091801,1049618
31722091805,1049618
42806000801,1049618
42858000501,1049618
43386043101,1049618
43386043103,1049618
43386043105,1049618
47781026501,1049618
47781026505,1049618
52959013002,1049618
52959013030,1049618
52959013090,1049618
55700017501,1049618
55700017530,1049618
55700017560,1049618
55700017590,1049618
55887013201,1049618
55887013202,1049618
55887013210,1049618
55887013220,1049618
55887013250,1049618
57664022488,1049618
60429052101,1049618
61919004860,1049618
63629192901,1049618
63629193001,1049618
63629415301,1049618
63629415302,1049618
63629415303,1049618
63629415304,1049618
63629415305,1049618
63629889001,1049618
63629889002,1049618
63629889003,1049618
63629889004,1049618
64380026301,1049618
64380026302,1049618
64720022610,1049618
65162005103,1049618
65162005110,1049618
65162005125,1049618
65162005150,1049618
68071045460,1049618
68071045481,1049618
68071045488,1049618
68071045490,1049618
68071045491,1049618
68071045492,1049618
68084018501,1049618
68084018511,1049618
68084098301,1049618
68084098311,1049618
71335067701,1049618
71335067702,1049618
71335067703,1049618
71335067704,1049618
71335067705,1049618
71335067706,1049618
71335067707,1049618
71335067708,1049618
71335124501,1049618
71335124502,1049618
71335124503,1049618
71335124504,1049618
71335124505,1049618
71335124506,1049618
71335124507,1049618
71335124508,1049618
71335141401,1049618
71335141402,1049618
71335141403,1049618
71335141404,1049618
71335141405,1049618
71335141406,1049618
71335141407,1049618
71335141408,1049618
71335212601,1049618
71335212602,1049618
71335212603,1049618
71335212604,1049618
71335212605,1049618
71335212606,1049618
71335212607,1049618
71335212608,1049618
71335281601,1049618
71335281602,1049618
71335281603,1049618
71335281604,1049618
71335281605,1049618
71335281606,1049618
71335281607,1049618
71335281608,1049618
72162133703,1049618
72162133706,1049618
72162133709,1049618
72162181200,1049618
72162181201,1049618
72865012901,1049618
72865012905,1049618
76420036601,1049618
76420036605,1049618
76420036610,1049618
76420036630,1049618
76420036660,1049618
76420036690,1049618
76420076201,1049618
76420076210,1049618
76420076220,1049618
76420076230,1049618
76420076260,1049618
76420076290,1049618
76420076801,1049618
76420076805,1049618
76420076810,1049618
76420076820,1049618
76420076830,1049618
76420076860,1049618
76420076890,1049618
72887064812,2105822
10702023850,1049580
29033040535,1049580
72887019303,1037259
72887068103,1014615
72887068203,1014632
72887068303,1014599
00378710301,1049635
10702018401,1049635
10702018410,1049635
10702018450,1049635
13107004301,1049635
13107004305,1049635
13107004330,1049635
13107004399,1049635
31722019101,1049635
31722019105,1049635
31722094801,1049635
31722094805,1049635
43386049001,1049635
43386049005,1049635
43386049010,1049635
70010066701,1049635
70010066705,1049635
72865011301,1049635
72865011305,1049635
76420032001,1049635
76420032005,1049635
76420032030,1049635
76420032060,1049635
76420032090,1049635
00054055125,1049221
00054055129,1049221
00378710401,1049221
00406051201,1049221
00406051205,1049221
00406051223,1049221
00406051262,1049221
00406051291,1049221
00527166901,1049221
00527166905,1049221
00904709361,1049221
10702018501,1049221
10702018510,1049221
10702018550,1049221
13107004401,1049221
13107004405,1049221
13107004430,1049221
13107004499,1049221
31722019201,1049221
31722019205,1049221
31722094901,1049221
31722094905,1049221
42806011401,1049221
42858010201,1049221
42858010210,1049221
42858010250,1049221
43063027986,1049221
43386049101,1049221
43386049105,1049221
43386049110,1049221
47781019601,1049221
47781019605,1049221
49999085214,1049221
49999085230,1049221
49999085260,1049221
49999085290,1049221
50268064411,1049221
50268064415,1049221
50436020302,1049221
50436020305,1049221
50436391301,1049221
50436391302,1049221
50436391305,1049221
52959055602,1049221
52959055630,1049221
52959055660,1049221
52959055690,1049221
53746020301,1049221
53746020305,1049221
55700049814,1049221
55700049821,1049221
55700049830,1049221
55700049860,1049221
55700049890,1049221
55700065801,1049221
55700065815,1049221
55700065820,1049221
55700065821,1049221
55700065824,1049221
55700065856,1049221
55700065890,1049221
57664015513,1049221
57664015588,1049221
60687064201,1049221
60687064211,1049221
60760027460,1049221
60760089730,1049221
60760089760,1049221
60760096330,1049221
60760096360,1049221
61919024830,1049221
61919024890,1049221
61919043230,1049221
61919043260,1049221
61919043290,1049221
61919052490,1049221
61919061430,1049221
61919061460,1049221
61919061490,1049221
63187071912,1049221
63187071915,1049221
63187071920,1049221
63187071930,1049221
63187071960,1049221
63187082410,1049221
63187082412,1049221
63187082415,1049221
63187082420,1049221
63187082430,1049221
63187082460,1049221
63187082490,1049221
63187098410,1049221
63187098412,1049221
63187098415,1049221
63187098430,1049221
63187098460,1049221
63629190901,1049221
63629191001,1049221
63629306601,1049221
63629306602,1049221
63629306603,1049221
63629306604,1049221
63629306605,1049221
63629306606,1049221
63629306607,1049221
63629306608,1049221
63629306609,1049221
63629888801,1049221
63629888802,1049221
63629888803,1049221
63629888804,1049221
63629888805,1049221
63629888806,1049221
64850062101,1049221
64850062105,1049221
67296193700,1049221
67296193701,1049221
67296193702,1049221
67296193703,1049221
67296193706,1049221
67296193707,1049221
68071015810,1049221
68071015812,1049221
68071015820,1049221
68071015830,1049221
68071015840,1049221
68071015860,1049221
68071015890,1049221
68071015891,1049221
68071015906,1049221
68071022420,1049221
68071022430,1049221
68071368306,1049221
68071483906,1049221
68071505402,1049221
68071505404,1049221
68071505406,1049221
68071516902,1049221
68084035501,1049221
68084035511,1049221
70010066801,1049221
70010066805,1049221
71205032910,1049221
71205032928,1049221
71205032930,1049221
71205032960,1049221
71205032990,1049221
71335021600,1049221
71335021601,1049221
71335021602,1049221
71335021603,1049221
71335021604,1049221
71335021605,1049221
71335021606,1049221
71335021607,1049221
71335021608,1049221
71335021609,1049221
71335121606,1049221
71335121607,1049221
71335149200,1049221
71335149201,1049221
71335149202,1049221
71335149203,1049221
71335149204,1049221
71335149205,1049221
71335149206,1049221
71335149207,1049221
71335149208,1049221
71335149209,1049221
71335204100,1049221
71335204101,1049221
71335204102,1049221
71335204103,1049221
71335204104,1049221
71335204105,1049221
71335204106,1049221
71335204107,1049221
71335204108,1049221
71335204109,1049221
71335967400,1049221
71335967401,1049221
71335967402,1049221
71335967403,1049221
71335967404,1049221
71335967405,1049221
71335967406,1049221
71335967407,1049221
71335967408,1049221
71335967409,1049221
71930004512,1049221
71930004552,1049221
72189025730,1049221
72189025760,1049221
72189025790,1049221
72189035730,1049221
72189035760,1049221
72189035790,1049221
72189039830,1049221
72189039860,1049221
72865011401,1049221
72865011405,1049221
76420013630,1049221
76420032101,1049221
76420032105,1049221
76420032130,1049221
76420032160,1049221
76420032190,1049221
87063003201,1049221
87063003205,1049221
87063003210,1049221
87063003220,1049221
87063003230,1049221
87063003260,1049221
87063003290,1049221
00378710501,1049225
00406052201,1049225
00406052205,1049225
00406052223,1049225
00406052262,1049225
00904709461,1049225
10702018601,1049225
10702018610,1049225
10702018650,1049225
13107004501,1049225
13107004505,1049225
13107004530,1049225
13107004599,1049225
31722019301,1049225
31722019305,1049225
31722095001,1049225
31722095005,1049225
35356080201,1049225
35356080215,1049225
35356080230,1049225
35356080260,1049225
35356080290,1049225
42806011501,1049225
42858010301,1049225
42858010310,1049225
42858010350,1049225
43386049201,1049225
43386049205,1049225
43386049210,1049225
43598054601,1049225
43598054605,1049225
47781022901,1049225
47781022905,1049225
50268064511,1049225
50268064515,1049225
50436298201,1049225
50436298202,1049225
52959055402,1049225
52959055430,1049225
52959055460,1049225
52959055490,1049225
55700037301,1049225
55700037330,1049225
55700037360,1049225
55700037390,1049225
55700049730,1049225
55700049760,1049225
55700049790,1049225
57664015688,1049225
60760089830,1049225
60760089860,1049225
60760096430,1049225
60760096460,1049225
60760096490,1049225
61919041260,1049225
61919083530,1049225
61919083560,1049225
63629191101,1049225
63629191201,1049225
63629194301,1049225
63629406805,1049225
63629406806,1049225
63629406807,1049225
63629406808,1049225
63629406809,1049225
63629782501,1049225
64850062201,1049225
64850062205,1049225
65162020703,1049225
65162020710,1049225
65162020750,1049225
68071034230,1049225
68071034260,1049225
68084069901,1049225
68084069911,1049225
68308047547,1049225
70010066901,1049225
70010066905,1049225
71335031600,1049225
71335031601,1049225
71335031602,1049225
71335031603,1049225
71335031604,1049225
71335031605,1049225
71335031606,1049225
71335031607,1049225
71335031608,1049225
71335031609,1049225
71335072203,1049225
71335147200,1049225
71335147201,1049225
71335147202,1049225
71335147203,1049225
71335147204,1049225
71335147205,1049225
71335147206,1049225
71335147207,1049225
71335147208,1049225
71335147209,1049225
71335190901,1049225
71335190902,1049225
71335190903,1049225
71335190904,1049225
71335190905,1049225
71335190906,1049225
71335190907,1049225
71335190908,1049225
71335195300,1049225
71335195301,1049225
71335195302,1049225
71335195303,1049225
71335195304,1049225
71335195305,1049225
71335195306,1049225
71335195307,1049225
71335195308,1049225
71335195309,1049225
71335195901,1049225
71335195902,1049225
71335195903,1049225
71335195904,1049225
71335195905,1049225
71335195906,1049225
71335195907,1049225
71335195908,1049225
71335967501,1049225
71335967502,1049225
71335967503,1049225
71335967504,1049225
71335967505,1049225
71335967506,1049225
71335967507,1049225
71335967508,1049225
71930004612,1049225
71930004652,1049225
72162133803,1049225
72162133806,1049225
72162133809,1049225
72189025630,1049225
72189025660,1049225
72189025672,1049225
72189036830,1049225
72189036860,1049225
72189036872,1049225
72189036890,1049225
72189037530,1049225
72189037560,1049225
72189037572,1049225
72189037590,1049225
72865011501,1049225
72865011505,1049225
76420032201,1049225
76420032205,1049225
76420032230,1049225
76420032260,1049225
76420032290,1049225
87063003301,1049225
87063003305,1049225
87063003310,1049225
87063003320,1049225
87063003330,1049225
87063003360,1049225
87063003390,1049225
00378710601,1049214
00406052301,1049214
00406052305,1049214
00406052323,1049214
00406052362,1049214
00527167101,1049214
00527167105,1049214
00904709561,1049214
10702018701,1049214
10702018710,1049214
10702018750,1049214
13107004601,1049214
13107004605,1049214
13107004630,1049214
13107004699,1049214
31722019401,1049214
31722019405,1049214
31722095101,1049214
31722095105,1049214
35356080130,1049214
35356080160,1049214
35356080190,1049214
35356093701,1049214
35356093715,1049214
35356093730,1049214
35356093760,1049214
35356093790,1049214
42806011601,1049214
42858010401,1049214
42858010410,1049214
42858010450,1049214
43063021398,1049214
43386049301,1049214
43386049305,1049214
43386049310,1049214
43598054701,1049214
43598054705,1049214
47781023001,1049214
47781023005,1049214
47781023063,1049214
50268064611,1049214
50268064615,1049214
50436298301,1049214
50436298302,1049214
52959011902,1049214
52959011920,1049214
52959011930,1049214
52959011960,1049214
52959011990,1049214
53746020401,1049214
53746020405,1049214
55700049601,1049214
55700049614,1049214
55700049621,1049214
55700049630,1049214
55700049660,1049214
55700049690,1049214
55887012901,1049214
57664016088,1049214
60760027660,1049214
60760089930,1049214
60760089960,1049214
60760089990,1049214
60760096560,1049214
60760096590,1049214
61919043730,1049214
61919043760,1049214
61919043790,1049214
61919061230,1049214
61919061260,1049214
61919061290,1049214
61919087130,1049214
61919087160,1049214
61919087172,1049214
61919087190,1049214
63187036312,1049214
63187036315,1049214
63187036320,1049214
63187036330,1049214
63187036360,1049214
63187072115,1049214
63187072120,1049214
63187072130,1049214
63187072160,1049214
63187072190,1049214
63187082315,1049214
63187082320,1049214
63187082330,1049214
63187082360,1049214
63187082390,1049214
63629190701,1049214
63629190801,1049214
63629194201,1049214
63629395301,1049214
63629395302,1049214
63629395303,1049214
63629395304,1049214
63629395305,1049214
63629395306,1049214
63629774803,1049214
63629782601,1049214
63629883401,1049214
63629883402,1049214
63629883403,1049214
63629883404,1049214
63629883405,1049214
63629883406,1049214
63629883407,1049214
63629883408,1049214
63629883409,1049214
63629887601,1049214
63629950101,1049214
64850062301,1049214
64850062305,1049214
68071034410,1049214
68071034420,1049214
68071034430,1049214
68071034440,1049214
68071034460,1049214
68071034481,1049214
68071034490,1049214
68071034491,1049214
68071034492,1049214
68084071001,1049214
68084071011,1049214
68308048047,1049214
70010067001,1049214
70010067005,1049214
71205034712,1049214
71205034715,1049214
71205034720,1049214
71205034730,1049214
71205034760,1049214
71205034790,1049214
71205048630,1049214
71205048660,1049214
71205048690,1049214
71335014600,1049214
71335014601,1049214
71335014602,1049214
71335014603,1049214
71335014604,1049214
71335014605,1049214
71335014606,1049214
71335014607,1049214
71335014608,1049214
71335014609,1049214
71335103601,1049214
71335103602,1049214
71335103603,1049214
71335103604,1049214
71335103605,1049214
71335103606,1049214
71335103607,1049214
71335103608,1049214
71335103609,1049214
71335142001,1049214
71335142002,1049214
71335142003,1049214
71335142004,1049214
71335142005,1049214
71335142006,1049214
71335142007,1049214
71335142008,1049214
71335142009,1049214
71335204901,1049214
71335204902,1049214
71335204903,1049214
71335204904,1049214
71335204905,1049214
71335204906,1049214
71335204907,1049214
71335204908,1049214
71335204909,1049214
71335210601,1049214
71335210602,1049214
71335210603,1049214
71335210604,1049214
71335210605,1049214
71335210606,1049214
71335210607,1049214
71335210608,1049214
71335210609,1049214
71335218202,1049214
71930004712,1049214
71930004752,1049214
72162133903,1049214
72162133905,1049214
72162133906,1049214
72162133909,1049214
72189025530,1049214
72189025560,1049214
72189039730,1049214
72189039760,1049214
72189042630,1049214
72189042660,1049214
72189042672,1049214
72189042690,1049214
72865011601,1049214
72865011605,1049214
76420020901,1049214
76420020930,1049214
76420020960,1049214
76420020990,1049214
76420032301,1049214
76420032305,1049214
76420032330,1049214
76420032360,1049214
76420032390,1049214
87063003401,1049214
87063003405,1049214
87063003410,1049214
87063003420,1049214
87063003430,1049214
87063003460,1049214
87063003490,1049214
00378611701,848768
42806006101,848768
00591082001,637540
24510011010,1790533
24510011020,1790533
24510011510,1791560
24510011520,1791560
55700055730,1791560
24510012010,1791569
24510012020,1791569
24510013010,1791576
24510013020,1791576
24510014010,1791582
24510014020,1791582
59011041010,1049504
59011041020,1049504
59011041510,1049545
59011041520,1049545
52959014860,1049565
59011042010,1049565
59011042020,1049565
68071044790,1049565
59011043010,1049576
59011043020,1049576
52959039660,1049586
59011044010,1049586
59011044020,1049586
63629377401,1049586
63629377402,1049586
63629377403,1049586
59011046010,1049595
59011046020,1049595
63629459901,1049595
59011048010,1049601
59011048020,1049601
63629460001,1049601
81140010110,1944543
81140010410,2693196
81140010210,1944535
81140010310,1944540
69344011311,1664448
23635058010,1049623
69344021311,1664634
23635058110,1049613
23635058210,1049620
72245064812,2281851
72245064850,2281851
72245019303,2045500
72245019310,2045500
24090068188,1537116
72245068103,2279512
72245068110,2279512
24090068288,1537122
72245068203,2279514
72245068210,2279514
24090068388,1537120
72245068303,2279510
72245068310,2279510
60951070170,1487288
63481062770,1049637
60951060270,1049223
60951060285,1049223
63629218801,1049223
63629218901,1049223
67296083607,1049223
63481062370,1049640
63481062385,1049640
60951070070,1049227
63629219001,1049227
68071028660,1049227
68071028690,1049227
63481062870,1049642
60951071270,1049216
63629218701,1049216
72162172801,1049216
63481062970,1049625
59267443801,2691200
59267443802,2691200
59267442601,2691196
59267442602,2691196
80777028302,2623378
80777028399,2623378
80777028205,2610328
80777028299,2610328
59267140401,2610347
59267140402,2610347
59267060901,2623382
59267060902,2623382
59267056501,2621900
59267056502,2621900
59267030401,2610319
59267030402,2610319
00069250101,2722614
00069250110,2722614
00002688530,2588561
00002473230,2205474
00002418230,2047247
00002418261,2047247
00002447930,2601725
00002447961,2601725
00054006258,309313
00121169610,309313
00121169640,309313
17856054030,309313
17856056401,309313
31722056424,309313
54838054070,309313
62135054010,309313
62135054024,309313
62135054047,309313
65862007424,309313
68999054010,309313
68999054024,309313
00185037101,283672
00378192101,283672
00378623101,283672
00378623105,283672
00615802205,283672
00615802230,283672
00615802239,283672
00713474001,283672
00713474005,283672
00781515701,283672
00904608461,283672
13107000501,283672
13107000505,283672
13668000901,283672
13668000905,283672
13668000909,283672
13668000930,283672
31722020601,283672
31722020605,283672
42806001901,283672
42806001910,283672
42806001930,283672
43063048105,283672
43063048130,283672
50090129800,283672
50090129801,283672
50090129802,283672
50090517000,283672
50090517001,283672
50090517002,283672
50090741900,283672
50090741901,283672
50090741902,283672
51655001452,283672
51655004326,283672
51655004352,283672
51655060526,283672
51655060552,283672
51655093826,283672
51655093852,283672
52959060330,283672
54458098116,283672
55111034201,283672
55111034205,283672
55111034230,283672
55154334900,283672
55700014830,283672
55700014860,283672
55700014890,283672
55700078730,283672
55700078760,283672
55700078790,283672
57664050713,283672
57664050788,283672
60429017310,283672
60505251804,283672
60760000930,283672
60760000990,283672
61919005530,283672
61919025930,283672
61919025990,283672
61919028830,283672
63187022000,283672
63187022030,283672
63187022060,283672
63187022072,283672
63187022090,283672
63629333801,283672
63629333802,283672
63629333803,283672
64720017010,283672
65162005203,283672
65162005210,283672
65162005211,283672
65162005250,283672
65862000501,283672
65862000505,283672
65862000510,283672
65862000530,283672
65862000532,283672
65862000560,283672
65862000590,283672
67046079303,283672
68071245901,283672
68645056954,283672
68788969201,283672
68788969203,283672
68788969206,283672
68788969208,283672
68788969209,283672
69097082202,283672
69097082207,283672
69097082212,283672
69097082215,283672
70518255300,283672
70518255301,283672
70518441600,283672
70518447600,283672
70518447601,283672
71335037701,283672
71335037702,283672
71335037703,283672
71335037704,283672
71335037705,283672
72657010901,283672
72657010905,283672
76282020605,283672
76282020610,283672
76282020690,283672
76282062805,283672
76282062810,283672
76282062830,283672
76282062890,283672
80425030901,283672
80425030902,283672
80425030903,283672
80425055701,283672
80425055702,283672
80425055703,283672
82009010605,283672
87063021901,283672
87063021910,283672
87063021920,283672
87063021930,283672
87063021960,283672
87063021990,283672
00185037201,200371
00378192201,200371
00378192205,200371
00378623201,200371
00378623205,200371
00615802305,200371
00615802330,200371
00615802339,200371
00713474101,200371
00713474105,200371
00781515801,200371
00904608561,200371
13107000601,200371
13107000605,200371
13668001001,200371
13668001005,200371
13668001006,200371
13668001030,200371
31722020701,200371
31722020705,200371
31722020710,200371
33358008360,200371
42708001930,200371
42708009130,200371
42806002001,200371
42806002010,200371
42806002030,200371
43063006314,200371
43063006330,200371
43063006360,200371
43063006390,200371
43063068330,200371
43063068360,200371
43063068390,200371
43353020815,200371
43353020830,200371
43353020845,200371
43353020860,200371
43353064215,200371
43353064245,200371
43353064260,200371
43353077815,200371
43353077830,200371
43353077845,200371
43353077860,200371
45865049030,200371
45865049051,200371
45865049060,200371
45865049090,200371
50090089200,200371
50090089201,200371
50090089202,200371
50090089203,200371
50090517200,200371
50090517201,200371
50090517202,200371
50090517203,200371
50090643300,200371
50090643301,200371
50090643302,200371
50090643303,200371
50090684600,200371
50436091602,200371
51655013726,200371
51655013752,200371
51655064452,200371
51655066452,200371
51655066952,200371
51655068026,200371
51655068052,200371
52959077330,200371
52959077352,200371
52959077360,200371
54458098016,200371
55111034301,200371
55111034305,200371
55111034330,200371
55154332900,200371
55700035630,200371
55700035690,200371
55700085130,200371
55700085190,200371
57664050813,200371
57664050818,200371
57664050883,200371
57664050888,200371
60429017410,200371
60505251901,200371
60505251903,200371
60505251908,200371
60760049530,200371
61919005630,200371
61919005660,200371
61919005690,200371
61919038930,200371
61919038960,200371
61919038990,200371
63187020300,200371
63187020330,200371
63187020360,200371
63187020372,200371
63187020390,200371
63187067900,200371
63187067930,200371
63187067960,200371
63187067990,200371
63629131801,200371
63629131802,200371
63629131803,200371
64720017110,200371
65162005303,200371
65162005310,200371
65162005311,200371
65162005350,200371
65862000601,200371
65862000605,200371
65862000610,200371
65862000630,200371
65862000632,200371
65862000660,200371
65862000690,200371
66336099330,200371
67046079503,200371
68071023130,200371
68071023152,200371
68071023160,200371
68071023190,200371
68071183001,200371
68071190603,200371
68071190606,200371
68071190609,200371
68071219803,200371
68071219806,200371
68071219809,200371
68071513203,200371
68645057054,200371
68788080201,200371
68788080203,200371
68788080206,200371
68788080208,200371
68788080209,200371
69097082302,200371
69097082307,200371
69097082312,200371
69097082315,200371
70518261700,200371
70518411400,200371
70518411401,200371
70518433500,200371
70518433501,200371
70518433502,200371
70518433503,200371
70518433504,200371
70934012730,200371
70934012790,200371
70934030490,200371
71335023801,200371
71335023802,200371
71335023803,200371
71335023804,200371
71335023805,200371
71335023806,200371
71335023807,200371
71335071203,200371
71610009215,200371
71610009230,200371
71610009245,200371
71610009260,200371
72162251701,200371
72162251705,200371
72162256701,200371
72162256705,200371
72657011001,200371
72657011005,200371
76282020705,200371
76282020710,200371
76282020730,200371
76282020790,200371
76282062905,200371
76282062910,200371
76282062930,200371
76282062990,200371
80425009301,200371
80425009302,200371
82009010705,200371
87063022001,200371
87063022010,200371
87063022020,200371
87063022030,200371
87063022060,200371
87063022090,200371
52427069130,2591786
59651096430,2591786
00185037301,309314
00185037310,309314
00378192401,309314
00378192405,309314
00378623301,309314
00378623305,309314
00615814139,309314
00713474201,309314
00713474205,309314
00781515901,309314
13107000701,309314
13107000705,309314
13668001101,309314
13668001105,309314
13668001108,309314
13668001130,309314
31722020801,309314
31722020805,309314
31722020830,309314
42806002101,309314
42806002110,309314
42806002130,309314
43063038501,309314
43063038530,309314
43063038590,309314
43063067030,309314
43063067090,309314
43353011215,309314
43353011230,309314
43353011245,309314
43353011253,309314
43353011260,309314
50090313600,309314
50090313601,309314
50090313602,309314
50090320800,309314
50090320801,309314
50090320802,309314
50090517500,309314
50090517501,309314
50090517502,309314
50090694700,309314
50090703900,309314
50436091701,309314
51655020926,309314
51655020952,309314
52959098630,309314
52959098690,309314
54458088916,309314
55111034401,309314
55111034405,309314
55111034430,309314
55700032490,309314
55887023760,309314
57664050913,309314
57664050918,309314
57664050983,309314
57664050988,309314
58864081215,309314
60429017501,309314
60429017510,309314
60429017530,309314
60505252001,309314
61919039030,309314
61919039090,309314
61919048030,309314
63187014030,309314
63187014060,309314
63187014090,309314
63629331701,309314
64720017210,309314
65162005403,309314
65162005410,309314
65162005411,309314
65162005450,309314
65862000701,309314
65862000705,309314
65862000710,309314
65862000730,309314
65862000732,309314
65862000760,309314
65862000790,309314
66336027130,309314
67046011303,309314
67544040915,309314
67544090615,309314
67544090673,309314
68071022230,309314
68071335701,309314
68071335703,309314
68071335704,309314
68071335705,309314
68071335706,309314
68071335709,309314
68071338401,309314
68071355801,309314
68645046754,309314
68645051454,309314
68645055954,309314
68645057154,309314
68788896201,309314
68788896203,309314
68788896206,309314
68788896208,309314
68788896209,309314
69097082402,309314
69097082407,309314
69097082412,309314
69097082415,309314
70518222800,309314
70518222801,309314
70518222802,309314
70518260100,309314
70518260101,309314
70518260102,309314
70518260103,309314
70518433400,309314
70518433401,309314
70934009030,309314
71205076430,309314
71205076460,309314
71205076490,309314
71335048001,309314
71335048002,309314
71335048003,309314
71335048004,309314
71335048005,309314
71335048006,309314
71335054101,309314
71335223201,309314
71335223202,309314
71335223203,309314
71335223204,309314
71335223205,309314
71335223206,309314
71610041260,309314
71610041360,309314
71610042245,309314
71610042260,309314
72657011101,309314
72657011105,309314
72789007130,309314
72789007190,309314
76282020805,309314
76282020810,309314
76282020830,309314
76282020890,309314
82009010805,309314
87063022101,309314
87063022110,309314
87063022120,309314
87063022130,309314
87063022160,309314
87063022190,309314
00121085210,351285
00121085240,351285
16571076924,351285
31722056924,351285
33342005328,351285
51672134801,351285
51672134808,351285
51672134809,351285
54838055170,351285
62135072910,351285
62135072924,351285
62135072937,351285
65162070588,351285
65862024824,351285
68999072910,351285
68999072924,351285
00378385577,351249
00378385593,351249
00615847505,351249
00615847539,351249
13668013501,351249
13668013505,351249
13668013510,351249
13668013530,351249
13668013540,351249
16571075501,351249
16571075510,351249
16729016801,351249
16729016810,351249
16729016816,351249
16729016817,351249
16729016843,351249
31722024990,351249
33342003611,351249
33342003612,351249
33342003615,351249
43547028010,351249
43547028011,351249
43602047310,351249
43602047330,351249
50090511200,351249
50090531200,351249
50090531201,351249
50090717700,351249
50090717701,351249
51655011626,351249
51655011652,351249
51655076652,351249
53746001905,351249
53746001910,351249
53746001930,351249
53746001990,351249
54879000901,351249
59746027901,351249
59746027905,351249
59746027910,351249
59746027930,351249
60505278001,351249
60505278008,351249
60687086501,351249
60687086511,351249
60760089430,351249
65162001903,351249
65162001909,351249
65162001911,351249
65162001950,351249
65862037301,351249
65862037305,351249
65862037310,351249
65862037319,351249
65862037330,351249
65862037390,351249
67046147203,351249
68001045400,351249
68001059100,351249
68180013701,351249
68180013706,351249
69097084702,351249
69097084705,351249
69097084707,351249
69097084712,351249
69097084715,351249
70518243000,351249
70518259700,351249
70518259701,351249
70518259702,351249
70518430000,351249
70518430001,351249
71205031330,351249
71205031360,351249
71205031390,351249
71335124101,351249
71335124102,351249
71335124103,351249
71335124104,351249
71335205801,351249
71335205802,351249
71335205803,351249
71335205804,351249
71335246001,351249
71335246002,351249
71335246003,351249
71335246004,351249
71335968701,351249
71335968702,351249
71335968703,351249
71335968704,351249
72162224200,351249
72162224201,351249
72189044930,351249
72603014901,351249
76282024901,351249
76282024905,351249
76282024910,351249
76282024930,351249
76282024990,351249
76420072101,351249
76420072105,351249
76420072110,351249
76420072130,351249
76420072160,351249
76420072190,351249
82009003510,351249
00143980801,349332
00378385610,349332
00378385677,349332
00615847605,349332
00615847628,349332
00615847630,349332
00615847639,349332
00904642661,349332
13668013601,349332
13668013605,349332
13668013610,349332
13668013630,349332
13668013643,349332
16571075601,349332
16571075610,349332
16729016901,349332
16729016910,349332
16729016916,349332
16729016917,349332
16729016943,349332
31722025090,349332
33342003711,349332
33342003712,349332
33342003715,349332
42708007730,349332
42708015530,349332
43063038930,349332
43063076101,349332
43063076130,349332
43063076190,349332
43547028110,349332
43547028111,349332
43602047410,349332
43602047430,349332
50090275200,349332
50090491500,349332
50090513100,349332
50090570400,349332
50090570500,349332
50090619000,349332
50090619001,349332
50090619100,349332
50090649600,349332
50090649601,349332
51079054301,349332
51079054320,349332
51079054330,349332
51079054356,349332
51655002152,349332
51655014926,349332
51655014952,349332
51655027726,349332
51655027752,349332
51655044952,349332
53002145303,349332
53746002005,349332
53746002010,349332
53746002030,349332
53746002090,349332
54458089216,349332
54879001001,349332
55154689300,349332
55700050690,349332
55700084730,349332
55700084760,349332
55700084790,349332
59746028001,349332
59746028005,349332
59746028010,349332
59746028030,349332
60505278101,349332
60505278108,349332
60760089530,349332
60760089590,349332
61919013930,349332
61919013960,349332
61919013990,349332
61919085960,349332
63629468801,349332
63629468802,349332
63629468803,349332
63629468804,349332
65162002003,349332
65162002009,349332
65162002011,349332
65162002050,349332
65862037401,349332
65862037405,349332
65862037410,349332
65862037430,349332
65862037459,349332
65862037490,349332
67046035503,349332
68001045508,349332
68001059200,349332
68001059208,349332
68084061701,349332
68084061711,349332
68180013501,349332
68645044870,349332
68645051954,349332
68788751001,349332
68788751003,349332
68788751006,349332
68788751008,349332
68788751009,349332
68788837101,349332
68788837103,349332
68788837106,349332
68788837108,349332
68788837109,349332
68788856901,349332
68788856903,349332
68788856906,349332
68788856909,349332
69097084802,349332
69097084805,349332
69097084807,349332
69097084812,349332
69097084815,349332
70518110300,349332
70518247200,349332
70518247201,349332
70518247202,349332
70518247203,349332
70518247204,349332
70518392300,349332
70518392301,349332
70518392302,349332
70518392303,349332
70518392304,349332
70518456700,349332
70934006030,349332
70934011230,349332
70934011290,349332
70934016330,349332
71205016830,349332
71205016860,349332
71205016890,349332
71205034430,349332
71205034460,349332
71205034490,349332
71205078230,349332
71205078260,349332
71205078290,349332
71205079230,349332
71205079260,349332
71205079290,349332
71335032201,349332
71335032202,349332
71335032203,349332
71335032204,349332
71335032205,349332
71335032206,349332
71335032207,349332
71335032208,349332
71335032209,349332
71335103001,349332
71335103002,349332
71335103003,349332
71335103004,349332
71335103005,349332
71335103006,349332
71335103007,349332
71335103008,349332
71335103009,349332
71335118701,349332
71335118702,349332
71335118703,349332
71335118704,349332
71335118705,349332
71335118706,349332
71335118707,349332
71335118708,349332
71335118709,349332
71335290301,349332
71335309401,349332
71335309402,349332
71335309403,349332
71335309404,349332
71335309405,349332
71335309406,349332
71335309407,349332
71335309408,349332
71335309409,349332
72162224100,349332
72162224101,349332
72189042430,349332
72189042490,349332
72603015001,349332
72789019430,349332
72789019490,349332
76282025001,349332
76282025005,349332
76282025010,349332
76282025030,349332
76282025090,349332
76420072201,349332
76420072205,349332
76420072210,349332
76420072230,349332
76420072260,349332
76420072290,349332
80425032001,349332
80425032002,349332
80425032003,349332
80425037501,349332
80425037502,349332
80425037503,349332
82009003610,349332
82982006560,349332
52427079530,2725159
00378385710,351250
00378385777,351250
00615847705,351250
00615847739,351250
00904642761,351250
13668013701,351250
13668013705,351250
13668013710,351250
13668013720,351250
13668013730,351250
16571075701,351250
16571075710,351250
16729017001,351250
16729017010,351250
16729017016,351250
16729017017,351250
16729017043,351250
31722025190,351250
33342003811,351250
33342003812,351250
33342003815,351250
42708016330,351250
43063066130,351250
43063066190,351250
43547028210,351250
43547028211,351250
43602047510,351250
43602047530,351250
50090333100,351250
50090333101,351250
50090602300,351250
50090602301,351250
50090602500,351250
50090653400,351250
50090653401,351250
50090689700,351250
50090720000,351250
50090720001,351250
50090720100,351250
50436005401,351250
50436017001,351250
51079054401,351250
51079054420,351250
51079054430,351250
51079054456,351250
51655014726,351250
51655015152,351250
51655023652,351250
51655028426,351250
51655028452,351250
53002143803,351250
53746002105,351250
53746002110,351250
53746002130,351250
53746002190,351250
54458089116,351250
54879001101,351250
55154728800,351250
55700050790,351250
55700081830,351250
55700081890,351250
59746028101,351250
59746028105,351250
59746028110,351250
59746028130,351250
59746028190,351250
60505278201,351250
60505278208,351250
60760017090,351250
60760059090,351250
61919002830,351250
61919065220,351250
61919065230,351250
61919065260,351250
61919065290,351250
63629469901,351250
63629469902,351250
63629469903,351250
63629469904,351250
63629469905,351250
63629469906,351250
63629469907,351250
65162002103,351250
65162002109,351250
65162002111,351250
65162002150,351250
65862037501,351250
65862037505,351250
65862037510,351250
65862037530,351250
65862037539,351250
65862037590,351250
67046146503,351250
67296142103,351250
68001045600,351250
68001059300,351250
68001059308,351250
68071306903,351250
68071306908,351250
68071498503,351250
68071524803,351250
68071524809,351250
68084061801,351250
68084061811,351250
68180013601,351250
68645044770,351250
68645052054,351250
68788746101,351250
68788746103,351250
68788746106,351250
68788746108,351250
68788746109,351250
68788872301,351250
68788872303,351250
68788872306,351250
68788872308,351250
68788872309,351250
69097084902,351250
69097084905,351250
69097084907,351250
69097084912,351250
69097084915,351250
70518231700,351250
70518231701,351250
70518231702,351250
70518231703,351250
70518231704,351250
70518423900,351250
70518423901,351250
70518423902,351250
70518423903,351250
70934008930,351250
70934034830,351250
70934034890,351250
71205019330,351250
71205019360,351250
71205019390,351250
71205032530,351250
71205032560,351250
71205032590,351250
71335068501,351250
71335068502,351250
71335068503,351250
71335068504,351250
71335068505,351250
71335068506,351250
71335068507,351250
71335068508,351250
71335100201,351250
71335100202,351250
71335100203,351250
71335100204,351250
71335100205,351250
71335100206,351250
71335100207,351250
71335100208,351250
71335130701,351250
71335130702,351250
71335130703,351250
71335130704,351250
71335130705,351250
71335130706,351250
71335130707,351250
71335130708,351250
71335233101,351250
71335233102,351250
71335233103,351250
71335233104,351250
71335233105,351250
71335233106,351250
71335233107,351250
71335233108,351250
71335296001,351250
71610042560,351250
71610053460,351250
72162224000,351250
72162224001,351250
72189043830,351250
72189043890,351250
72189045130,351250
72189045160,351250
72189045190,351250
72603015101,351250
72789031130,351250
72789031190,351250
76282025101,351250
76282025105,351250
76282025110,351250
76282025130,351250
76282025190,351250
76420072301,351250
76420072305,351250
76420072310,351250
76420072330,351250
76420072360,351250
76420072390,351250
82009003710,351250
00456401001,284591
58864084930,284591
00456402001,213344
00456402011,213344
00456402063,213344
52959001000,213344
52959001030,213344
52959001060,213344
55289082730,213344
58864085230,213344
00456404001,213345
00456404011,213345
00456404063,213345
58864061615,213345
58864061630,213345
00456200501,404408
33358020830,404408
00456201001,352272
50436980301,352272
52959070300,352272
52959070330,352272
52959070360,352272
66105096903,352272
68071029430,352272
68071029460,352272
68387012730,352272
00456202001,352273
33358020930,352273
52959070400,352273
52959070430,352273
52959070460,352273
63629298101,352273
63629298102,352273
63629298103,352273
66105097703,352273
66267072830,352273
66267072860,352273
68387012830,352273
00074104004,861715
00074104008,861715
00023587080,797697
16110058724,797697
16110058780,797697
00054093621,1148809
00054093721,1148797
00054093821,1148800
00054093921,1148803
00054094021,1148807
00054094225,825411
42806062601,825411
00054094325,825413
42806062701,825413
00054094525,825409
42806062801,825409
24510005801,1149378
24510005860,1149378
24510011601,1149367
24510011660,1149367
24510017401,1149370
24510017460,1149370
24510023201,1149373
24510023260,1149373
24510029101,1149376
24510029160,1149376
24510005001,854142
24510005010,854142
35356052530,854142
68071083291,854142
24510007501,854144
24510007510,854144
68071083391,854144
24510010001,854140
24510010010,854140
35356061130,854140
35356061160,854140
63629461101,854140
63629461102,854140
63629461103,854140
63304000830,1999035
00378459510,866427
00378459577,866427
00527260037,866427
00527260043,866427
00615782305,866427
00615782328,866427
00615782330,866427
00615782339,866427
00904632206,866427
00904632261,866427
16714085201,866427
16714085202,866427
16714085203,866427
24979003701,866427
24979003702,866427
24979003703,866427
27808030201,866427
27808030202,866427
27808030203,866427
31722058901,866427
31722058905,866427
31722058910,866427
31722058930,866427
42806072401,866427
42806072405,866427
42806072410,866427
43063062430,866427
43063062460,866427
43063062490,866427
45963070911,866427
45963070996,866427
50090539400,866427
50090539401,866427
50090539403,866427
50090539500,866427
50090541800,866427
50090541801,866427
50090541803,866427
50090541900,866427
50090573300,866427
50090573301,866427
50090573303,866427
50090648800,866427
50090648801,866427
50090648803,866427
50090648900,866427
50090711700,866427
50090711701,866427
50090711703,866427
50090711800,866427
50090759000,866427
50090759001,866427
50090759100,866427
50268054011,866427
50268054015,866427
50742061501,866427
50742061505,866427
50742061510,866427
50742061590,866427
50742061599,866427
50816002502,866427
50816002503,866427
51079016901,866427
51079016920,866427
51407040301,866427
51407040310,866427
51655023926,866427
51655023952,866427
51655058152,866427
51655093426,866427
51655093452,866427
53401001030,866427
53401001045,866427
53401001053,866427
53401001060,866427
53401001070,866427
53401001080,866427
55111046601,866427
55111046605,866427
55111046630,866427
55111046660,866427
55111046678,866427
55111046679,866427
55154264200,866427
55154469800,866427
55154728000,866427
55700025330,866427
55700025390,866427
60687039001,866427
60687039011,866427
60687039065,866427
61919075430,866427
61919075490,866427
62207013049,866427
62207013054,866427
63629886301,866427
63629916701,866427
63629916801,866427
63739045310,866427
64679084602,866427
64679084603,866427
64679084610,866427
67296212501,866427
67296212503,866427
67296212506,866427
67877059001,866427
67877059005,866427
67877059010,866427
67877059030,866427
67877059060,866427
68001035600,866427
68001035603,866427
68001050000,866427
68001050003,866427
68001050008,866427
68001068400,866427
68001068403,866427
68071396309,866427
68382056401,866427
68382056405,866427
68382056410,866427
68645047754,866427
68788402203,866427
68788402206,866427
68788402209,866427
68788411003,866427
68788411006,866427
68788411009,866427
68788806903,866427
68788806906,866427
68788806909,866427
68788848603,866427
68788848606,866427
68788848609,866427
70010078001,866427
70010078005,866427
70010078010,866427
70436020201,866427
70436020202,866427
70436020203,866427
70518314300,866427
70518314301,866427
70518314302,866427
70518409000,866427
70518409001,866427
70518409002,866427
70518409003,866427
70518409004,866427
70518419800,866427
70518419801,866427
70518453100,866427
70771133800,866427
70771133801,866427
70771133805,866427
70882012630,866427
70934011330,866427
70934026790,866427
71205035030,866427
71205035060,866427
71205035090,866427
71205036830,866427
71205036860,866427
71205036890,866427
71335015801,866427
71335015802,866427
71335015803,866427
71335015804,866427
71335015805,866427
71335187501,866427
71335187502,866427
71335187503,866427
71335187504,866427
71335187505,866427
71335187506,866427
71335259201,866427
71335259202,866427
71335259203,866427
71335259204,866427
71335259205,866427
71335259206,866427
71335283401,866427
71610048345,866427
71610048360,866427
71610055545,866427
71610055560,866427
72162185600,866427
72162185601,866427
72162185605,866427
72189038030,866427
72189065290,866427
72516003001,866427
72516003010,866427
72516003050,866427
72603014201,866427
72603014202,866427
72603014203,866427
72789010730,866427
72789010790,866427
75834029000,866427
75834029001,866427
75834029005,866427
75907034401,866427
75907034410,866427
76519108600,866427
76519108602,866427
76519108606,866427
82009011305,866427
82804025290,866427
82804026290,866427
82868008330,866427
82868008390,866427
82868008730,866427
82868008790,866427
63304000930,1999037
00185028201,866436
00185028210,866436
00378459610,866436
00378459677,866436
00527260137,866436
00527260143,866436
00615782405,866436
00615782428,866436
00615782439,866436
00904632361,866436
16714085301,866436
16714085302,866436
16714085303,866436
24979003801,866436
24979003802,866436
24979003803,866436
27808030301,866436
27808030302,866436
27808030303,866436
31722059001,866436
31722059005,866436
31722059010,866436
31722059030,866436
42806072501,866436
42806072505,866436
42806072510,866436
45963067611,866436
45963067696,866436
50090229600,866436
50090229601,866436
50090572200,866436
50090572201,866436
50090572300,866436
50090595000,866436
50090595001,866436
50090644800,866436
50090644801,866436
50090666200,866436
50090666201,866436
50090666300,866436
50090723800,866436
50090723801,866436
50090723900,866436
50268054111,866436
50268054115,866436
50742061601,866436
50742061605,866436
50742061610,866436
50742061690,866436
50742061699,866436
50816005002,866436
50816005003,866436
51079017001,866436
51079017020,866436
51407040401,866436
51407040410,866436
51655020352,866436
51655051926,866436
51655051952,866436
51655058052,866436
51655091926,866436
51655091952,866436
52959068000,866436
52959068030,866436
53401000930,866436
53401000945,866436
53401000953,866436
53401000960,866436
53401000970,866436
53401000980,866436
55111046701,866436
55111046705,866436
55111046730,866436
55111046760,866436
55111046778,866436
55111046779,866436
55154688600,866436
55700019230,866436
55700019260,866436
55700019290,866436
60687040201,866436
60687040211,866436
60687040265,866436
60760063490,866436
60760099390,866436
61919072790,866436
61919090090,866436
61919091330,866436
62037083110,866436
62207013349,866436
62207013354,866436
63629886401,866436
63629916901,866436
63629917001,866436
63739009710,866436
64679084702,866436
64679084703,866436
64679084710,866436
67046165003,866436
67296190203,866436
67877059101,866436
67877059105,866436
67877059110,866436
67877059130,866436
67877059160,866436
68001035700,866436
68001035703,866436
68001046900,866436
68001046908,866436
68001050100,866436
68001050103,866436
68001050108,866436
68001068500,866436
68001068503,866436
68071252201,866436
68071382801,866436
68071394301,866436
68071396509,866436
68382056501,866436
68382056505,866436
68382056510,866436
68645047854,866436
68788799701,866436
68788799703,866436
68788799706,866436
68788799709,866436
68788831201,866436
68788831203,866436
68788831206,866436
68788831209,866436
68788832701,866436
68788832703,866436
68788832706,866436
68788832709,866436
68788886903,866436
68788886906,866436
68788886909,866436
69097040702,866436
69097040707,866436
69097040715,866436
70010078101,866436
70010078105,866436
70010078110,866436
70436018301,866436
70436018302,866436
70436018303,866436
70518316400,866436
70518316401,866436
70518368000,866436
70518368001,866436
70771133900,866436
70771133901,866436
70771133905,866436
70882012730,866436
70934024290,866436
70934038890,866436
71205016230,866436
71205016260,866436
71205016290,866436
71205017930,866436
71205017960,866436
71205017990,866436
71205072430,866436
71205072460,866436
71205072490,866436
71205080030,866436
71205080060,866436
71205080090,866436
71335014901,866436
71335014902,866436
71335014903,866436
71335014904,866436
71335014905,866436
71335187801,866436
71335187802,866436
71335187803,866436
71335187804,866436
71335187805,866436
71335187806,866436
71335187807,866436
71335283501,866436
71335305201,866436
71335305202,866436
71335305203,866436
71335305204,866436
71335305205,866436
71335305206,866436
71335305207,866436
71335974901,866436
71335974902,866436
71335974903,866436
71335974904,866436
71335974905,866436
71335974906,866436
71335974907,866436
71335975301,866436
71335975302,866436
71335975303,866436
71335975304,866436
71335975305,866436
71335975306,866436
71335975307,866436
71610064245,866436
71610064253,866436
71610064260,866436
71765000601,866436
71765000602,866436
72162185700,866436
72162185701,866436
72189054790,866436
72516002601,866436
72516002610,866436
72516002650,866436
72516003101,866436
72516003110,866436
72516003150,866436
72603014301,866436
72603014302,866436
72603014303,866436
72789001030,866436
72789014530,866436
72789028430,866436
72789028490,866436
72789049790,866436
75834029100,866436
75834029101,866436
75834029105,866436
75907034701,866436
75907034710,866436
82009011405,866436
82804001430,866436
82804001460,866436
82804001490,866436
82804019890,866436
82868008430,866436
82868008490,866436
63304001030,1999031
00185028301,866412
00378459710,866412
00378459777,866412
00527260237,866412
00527260243,866412
00615782505,866412
00615782539,866412
00904632461,866412
16714085401,866412
16714085402,866412
16714085403,866412
24979003901,866412
24979003902,866412
24979003903,866412
27808030401,866412
27808030402,866412
27808030403,866412
31722059101,866412
31722059105,866412
31722059110,866412
31722059130,866412
42806072601,866412
42806072605,866412
42806072610,866412
43063084130,866412
45963067711,866412
45963067796,866412
50090541100,866412
50090541101,866412
50090541200,866412
50090541301,866412
50090572000,866412
50090572001,866412
50090572100,866412
50090626000,866412
50090626001,866412
50090706900,866412
50090706901,866412
50090707000,866412
50268054211,866412
50268054215,866412
50742061701,866412
50742061705,866412
50742061710,866412
50742061790,866412
50742061799,866412
50816010002,866412
50816010003,866412
51079017101,866412
51079017103,866412
51407040501,866412
51407040510,866412
51655019326,866412
51655019352,866412
51655088826,866412
51655088852,866412
53401001430,866412
53401001453,866412
53401001460,866412
53401001480,866412
55111046801,866412
55111046805,866412
55111046830,866412
55111046860,866412
55111046878,866412
55111046879,866412
55154434700,866412
55154727900,866412
55700023230,866412
55700023290,866412
60687041301,866412
60687041311,866412
60687041365,866412
60760056390,866412
60760066390,866412
60760099490,866412
61919033430,866412
61919033490,866412
61919076130,866412
61919076190,866412
62207013149,866412
62207013154,866412
63187076830,866412
63187076860,866412
63187076890,866412
63629886501,866412
63629917101,866412
63629917201,866412
64679084802,866412
64679084803,866412
64679084810,866412
67877059201,866412
67877059205,866412
67877059210,866412
67877059230,866412
67877059260,866412
68001011900,866412
68001011903,866412
68001035800,866412
68001035803,866412
68001047000,866412
68001047008,866412
68001050200,866412
68001050203,866412
68001050208,866412
68001068600,866412
68001068603,866412
68071265101,866412
68071528201,866412
68382056601,866412
68382056605,866412
68382056610,866412
68645047954,866412
68788809801,866412
68788809803,866412
68788809806,866412
68788809809,866412
68788825501,866412
68788825503,866412
68788825506,866412
68788825509,866412
68788844801,866412
68788844803,866412
68788844806,866412
68788844809,866412
69097040802,866412
69097040807,866412
69097040815,866412
70010078201,866412
70010078205,866412
70010078210,866412
70436016601,866412
70436016602,866412
70436016603,866412
70518208000,866412
70518208001,866412
70518312200,866412
70518419000,866412
70518419001,866412
70518440700,866412
70518445600,866412
70518453300,866412
70771134000,866412
70771134001,866412
70771134005,866412
71205033630,866412
71205033660,866412
71205033690,866412
71205068330,866412
71205068360,866412
71205068390,866412
71205080130,866412
71205080160,866412
71205080190,866412
71335016701,866412
71335016702,866412
71335016703,866412
71335016704,866412
71335016705,866412
71335016706,866412
71335016707,866412
71335195101,866412
71335195102,866412
71335195103,866412
71335195104,866412
71335195105,866412
71335195106,866412
71335195107,866412
71335294501,866412
71335294502,866412
71335294503,866412
71335294504,866412
71335294505,866412
71335294506,866412
71335294507,866412
71335970601,866412
71335970602,866412
71335970603,866412
71335970604,866412
71335970605,866412
71335970606,866412
71335970607,866412
71610048445,866412
71610048460,866412
71610055845,866412
71610055860,866412
71765000701,866412
71765000702,866412
72162185800,866412
72162185801,866412
72162185805,866412
72516002701,866412
72516002710,866412
72516002750,866412
72516003201,866412
72516003210,866412
72516003250,866412
72603014401,866412
72603014402,866412
72603014403,866412
75834029200,866412
75834029201,866412
75834029205,866412
75907034501,866412
75907034510,866412
76519111403,866412
82009011505,866412
82804027990,866412
82868007930,866412
82868007990,866412
63304001130,1999033
00185028401,866419
00378459805,866419
00378459877,866419
00527260337,866419
00527260343,866419
16714085501,866419
16714085502,866419
24979004001,866419
27808030501,866419
31722059201,866419
31722059205,866419
31722059210,866419
31722059230,866419
42806072701,866419
42806072705,866419
42806072710,866419
45963067811,866419
50268054311,866419
50268054315,866419
50742061801,866419
50742061805,866419
50742061810,866419
50742061890,866419
50742061899,866419
50816020002,866419
50816020003,866419
51407040601,866419
51407040608,866419
51407040610,866419
55111046901,866419
55111046905,866419
55111046930,866419
55111046960,866419
55111046978,866419
55111046979,866419
62207013249,866419
62207013254,866419
63629328601,866419
63629328602,866419
63629886601,866419
63629917301,866419
63629941301,866419
63629941302,866419
64679084902,866419
67877059301,866419
67877059305,866419
67877059310,866419
67877059330,866419
67877059360,866419
68001012000,866419
68001012003,866419
68001036000,866419
68001036003,866419
68001047100,866419
68001050300,866419
68001068700,866419
68382056701,866419
68382056705,866419
68382056710,866419
69097040902,866419
69097040907,866419
69097040915,866419
70010078301,866419
70010078305,866419
70010078310,866419
70010078349,866419
70436016701,866419
70436016702,866419
70436016703,866419
70771134100,866419
70771134101,866419
70771134105,866419
71335281101,866419
71335281102,866419
71335306901,866419
71335306902,866419
71335313401,866419
71335313402,866419
71610057345,866419
71610057360,866419
71765000801,866419
71765000802,866419
72162185900,866419
72162185901,866419
72162185905,866419
72516002801,866419
72516003301,866419
72603014501,866419
72603014502,866419
75834029300,866419
75834029301,866419
75834029305,866419
75907034601,866419
75907034605,866419
82009011605,866419
00143966001,866508
00143966010,866508
00143987301,866508
00143987310,866508
00143987325,866508
00409177805,866508
00409177815,866508
00409201605,866508
00409201610,866508
00781307195,866508
25021030305,866508
36000003310,866508
47781058717,866508
47781058720,866508
51662136501,866508
51662147801,866508
51662147802,866508
51662147803,866508
55154155705,866508
55154445105,866508
55154474505,866508
55154842707,866508
63323066001,866508
63323066005,866508
65219066501,866508
65219066505,866508
68083013101,866508
70860030005,866508
70860030041,866508
71872715501,866508
71872722501,866508
71872722601,866508
71872724401,866508
71872728301,866508
72266012201,866508
72266012205,866508
72266012210,866508
72266012225,866508
72572042001,866508
72572042010,866508
72611074001,866508
72611074010,866508
84549077805,866508
72888019700,2723025
72888019703,2723025
72888019730,2723025
00378001801,866924
00378001802,866924
00378001805,866924
00378001807,866924
00378001891,866924
00615842105,866924
00615842130,866924
00615842139,866924
42543000101,866924
42543000110,866924
42708011060,866924
43063092701,866924
43063092714,866924
43063092730,866924
43063092760,866924
43063092790,866924
43063092793,866924
43353094230,866924
43353094253,866924
46708029010,866924
46708029030,866924
46708029031,866924
46708029071,866924
46708029091,866924
48433007301,866924
48433007320,866924
49999057560,866924
50090220700,866924
50090220701,866924
50090220702,866924
50090220703,866924
50090507000,866924
50090736200,866924
50090736201,866924
50090736202,866924
50090736203,866924
50090736300,866924
50090756700,866924
50090756701,866924
50090756702,866924
50090756703,866924
50090756800,866924
50090773800,866924
50090773801,866924
50090773802,866924
50090773803,866924
50090773900,866924
50742010701,866924
50742010705,866924
51079025501,866924
51079025520,866924
51407010901,866924
51407010910,866924
51655053425,866924
51655053426,866924
51655053452,866924
51655053483,866924
52343005901,866924
52343005999,866924
52817025000,866924
52817025010,866924
52817036000,866924
52817036010,866924
53401001153,866924
53401001160,866924
53401001180,866924
53401001192,866924
53401001198,866924
53401001553,866924
53401001560,866924
53401001580,866924
53401001592,866924
53401001598,866924
55154475200,866924
55154535600,866924
55289038214,866924
55289038230,866924
55289038260,866924
55289038290,866924
55289038293,866924
55700021230,866924
55700021260,866924
55700021290,866924
55700067490,866924
55887083220,866924
55887083230,866924
55887083260,866924
57237010001,866924
57237010099,866924
57664050608,866924
57664050618,866924
57664050652,866924
57664050658,866924
61919005230,866924
61919005260,866924
61919005290,866924
61919070560,866924
61919070590,866924
62332011230,866924
62332011231,866924
62332011291,866924
62584026501,866924
62584026511,866924
63187060030,866924
63187060060,866924
63187060078,866924
63187060090,866924
63304057901,866924
63304057910,866924
65862006201,866924
65862006299,866924
67046156103,866924
67046159203,866924
67296190301,866924
67296190303,866924
67296190306,866924
67296190309,866924
67296221601,866924
67544038730,866924
67544038753,866924
67544038760,866924
67544038770,866924
67544038780,866924
67544038792,866924
67544038798,866924
68071028830,866924
68071372303,866924
68071372306,866924
68071372308,866924
68071523601,866924
68788783201,866924
68788783203,866924
68788783206,866924
68788783209,866924
68788850901,866924
68788850903,866924
68788850906,866924
68788850909,866924
68788884001,866924
68788884003,866924
68788884006,866924
68788884009,866924
70518261500,866924
70518261501,866924
70518329100,866924
70518329101,866924
70518329102,866924
70518350600,866924
70518350601,866924
70518350602,866924
70518350603,866924
70518350604,866924
70518395000,866924
70518395001,866924
70518395002,866924
70518395003,866924
70518430800,866924
70518430801,866924
70518430802,866924
70882013260,866924
70934039090,866924
70934050096,866924
71205000330,866924
71205000360,866924
71205000378,866924
71205000390,866924
71335019201,866924
71335019202,866924
71335019203,866924
71335019204,866924
71335019205,866924
71335019206,866924
71335019207,866924
71335019208,866924
71335074301,866924
71335074302,866924
71335074303,866924
71335074304,866924
71335074305,866924
71335074306,866924
71335074307,866924
71335074308,866924
71335114201,866924
71335114202,866924
71335114203,866924
71335114204,866924
71335114205,866924
71335114206,866924
71335114207,866924
71335114208,866924
71335278901,866924
71335278902,866924
71335278903,866924
71335278904,866924
71335278905,866924
71335278906,866924
71335278907,866924
71335278908,866924
71335974501,866924
71335974502,866924
71335974503,866924
71335974504,866924
71335974505,866924
71335974506,866924
71335974507,866924
71335974508,866924
71610013760,866924
71610013780,866924
71610018453,866924
71610018460,866924
71610018480,866924
71610055630,866924
71610055645,866924
71610055653,866924
71610055660,866924
71610055670,866924
71610055680,866924
71610055692,866924
71610055698,866924
72189064030,866924
72189064090,866924
72888000400,866924
72888000401,866924
72888000405,866924
72888020800,866924
72888020801,866924
72888020802,866924
72888020805,866924
76282079401,866924
76282079410,866924
76420005400,866924
76420005401,866924
76420005420,866924
76420005430,866924
76420005460,866924
76420005490,866924
82868003720,866924
87063018401,866924
87063018430,866924
87063018460,866924
87063018490,866924
00378459301,1606347
00378459305,1606347
52817025110,1606347
52817035810,1606347
52817035850,1606347
59651075801,1606347
72888002201,1606347
72888010101,1606347
72888010105,1606347
72888020901,1606347
72888020905,1606347
87063018501,1606347
87063018530,1606347
87063018560,1606347
87063018590,1606347
00378003201,866514
00378003202,866514
00378003204,866514
00378003210,866514
00615842205,866514
00615842230,866514
00615842239,866514
00904711861,866514
33358024200,866514
33358024230,866514
33358024260,866514
33358024290,866514
35356088960,866514
35356088990,866514
42543000201,866514
42543000210,866514
42708004160,866514
42708014760,866514
42708019860,866514
43063039830,866514
43063039890,866514
43063039893,866514
43063082130,866514
43063082160,866514
43063082190,866514
43063082193,866514
43353094345,866514
43353094353,866514
43353094360,866514
43353094373,866514
43353094398,866514
46708029110,866514
46708029130,866514
46708029131,866514
46708029191,866514
48433007401,866514
48433007420,866514
50090197900,866514
50090197901,866514
50090197904,866514
50090197905,866514
50090214900,866514
50090214901,866514
50090214904,866514
50090214905,866514
50090496600,866514
50090506000,866514
50090607600,866514
50090608300,866514
50090608301,866514
50090608304,866514
50090608305,866514
50090608400,866514
50090755300,866514
50090755301,866514
50090755304,866514
50090755305,866514
50090755400,866514
50090796900,866514
50090796901,866514
50090796904,866514
50090796905,866514
50090797000,866514
50742010801,866514
50742010810,866514
51079080101,866514
51079080117,866514
51079080119,866514
51079080120,866514
51079080130,866514
51079080156,866514
51407011001,866514
51407011010,866514
51655028125,866514
51655052725,866514
51655052726,866514
51655052752,866514
51655052783,866514
51655053525,866514
51655053526,866514
51655053552,866514
51655053652,866514
51655053683,866514
52343006001,866514
52343006099,866514
52817025200,866514
52817025210,866514
52817036100,866514
52817036110,866514
52959083918,866514
52959083930,866514
52959083960,866514
53401001660,866514
53401001680,866514
53401001692,866514
55154479000,866514
55154551200,866514
55700064690,866514
55700066760,866514
55700066790,866514
55887047401,866514
57237010101,866514
57237010199,866514
57664016608,866514
57664016618,866514
57664016652,866514
57664016658,866514
57664047708,866514
57664047718,866514
57664047752,866514
57664047758,866514
58864001601,866514
58864001628,866514
58864001630,866514
58864001660,866514
60760024360,866514
60760024398,866514
60760052460,866514
60760052498,866514
60760068060,866514
60760068098,866514
61919031730,866514
61919031760,866514
61919031790,866514
61919041530,866514
61919041590,866514
61919072660,866514
61919072682,866514
61919072690,866514
62332011330,866514
62332011331,866514
62332011391,866514
62584026601,866514
62584026611,866514
63187060900,866514
63187060930,866514
63187060960,866514
63187060972,866514
63187060978,866514
63187060990,866514
63304058001,866514
63304058010,866514
63629146301,866514
63629146302,866514
63629146303,866514
63629146304,866514
63629146305,866514
65862006301,866514
65862006359,866514
65862006360,866514
65862006399,866514
66105099403,866514
66105099406,866514
66105099410,866514
66105099411,866514
66105099415,866514
67046156903,866514
67544007660,866514
67544007670,866514
67544012230,866514
67544027230,866514
67544091130,866514
67544091145,866514
67544091153,866514
67544091160,866514
67544091170,866514
67544091173,866514
67544091180,866514
67544091192,866514
67544091194,866514
67544091198,866514
68071394603,866514
68071394609,866514
68071398508,866514
68071475502,866514
68071475508,866514
68071475509,866514
68071476901,866514
68071495701,866514
68645019059,866514
68788754801,866514
68788754803,866514
68788754806,866514
68788754809,866514
68788821101,866514
68788821103,866514
68788821106,866514
68788821109,866514
68788888601,866514
68788888603,866514
68788888606,866514
68788888609,866514
69367035401,866514
69367035410,866514
70518329300,866514
70518329301,866514
70518329302,866514
70518329303,866514
70518360602,866514
70518441800,866514
70518441801,866514
70518441802,866514
70518441803,866514
70518441804,866514
70518441805,866514
70882013360,866514
70934010530,866514
70934010590,866514
70934010596,866514
70934030590,866514
71205070130,866514
71205070160,866514
71205070190,866514
71335073402,866514
71335073403,866514
71335073405,866514
71335073407,866514
71335114601,866514
71335114602,866514
71335114603,866514
71335114604,866514
71335114605,866514
71335114606,866514
71335114607,866514
71335114608,866514
71335216401,866514
71335216402,866514
71335216403,866514
71335216404,866514
71335216405,866514
71335216406,866514
71335216407,866514
71335216408,866514
71335265601,866514
71335265602,866514
71335265603,866514
71335265604,866514
71335265605,866514
71335265606,866514
71335265607,866514
71335265608,866514
71610013860,866514
71610013870,866514
71610013880,866514
71610013892,866514
71610014760,866514
71610014770,866514
71610014780,866514
71610014792,866514
71610014794,866514
71610015860,866514
71610015880,866514
71610044360,866514
71610044370,866514
71610044380,866514
71610044392,866514
71610044394,866514
71610056530,866514
71610056545,866514
71610056553,866514
71610056560,866514
71610056570,866514
71610056573,866514
71610056580,866514
71610056592,866514
71610056594,866514
71610056598,866514
72189067790,866514
72789053590,866514
72789054993,866514
72789055590,866514
72888000500,866514
72888000501,866514
72888000505,866514
72888021000,866514
72888021001,866514
72888021002,866514
72888021005,866514
76282079501,866514
76282079510,866514
76420095300,866514
76420095301,866514
76420095320,866514
76420095330,866514
76420095360,866514
76420095390,866514
82804016590,866514
82804025330,866514
82804025390,866514
82804097800,866514
82804097811,866514
82804097830,866514
82804097855,866514
82804097860,866514
82804097890,866514
82868009030,866514
82868009090,866514
87063018601,866514
87063018630,866514
87063018660,866514
87063018690,866514
00378459401,1606349
00378459405,1606349
52817025310,1606349
52817035910,1606349
52817035950,1606349
59651076001,1606349
72888002301,1606349
72888002305,1606349
72888021101,1606349
72888021105,1606349
87063018701,1606349
87063018730,1606349
87063018760,1606349
87063018790,1606349
00247192300,866511
00247192360,866511
00378004701,866511
00378004702,866511
00378004704,866511
00378004710,866511
00615842330,866511
00615842339,866511
00904634280,866511
33358024300,866511
33358024330,866511
35356078230,866511
35356078260,866511
35356078290,866511
42543000301,866511
42543000310,866511
43063000601,866511
43063000690,866511
43063000693,866511
43063093830,866511
43063093860,866511
43063093890,866511
43063093893,866511
43353094453,866511
43353094460,866511
46708029210,866511
46708029230,866511
46708029231,866511
46708029291,866511
50090197400,866511
50090197401,866511
50090197403,866511
50090197404,866511
50090226000,866511
50090226001,866511
50090226003,866511
50090226004,866511
50090676300,866511
50090676301,866511
50090676303,866511
50090676304,866511
50090676400,866511
50090748800,866511
50090756900,866511
50090756901,866511
50090756903,866511
50090756904,866511
50090757000,866511
50090774000,866511
50090774001,866511
50090774003,866511
50090774004,866511
50090774100,866511
50742010901,866511
50742010910,866511
51079080201,866511
51079080217,866511
51079080219,866511
51079080220,866511
51407011101,866511
51407011110,866511
51655051425,866511
51655051426,866511
51655051452,866511
51655051483,866511
51655058425,866511
51655058452,866511
51655088452,866511
52343006101,866511
52343006199,866511
52817025400,866511
52817025410,866511
52817036200,866511
52817036210,866511
53401001260,866511
53401001280,866511
53401001760,866511
53401001780,866511
55154212600,866511
55289009330,866511
55289009360,866511
55289009390,866511
55289009393,866511
55700049930,866511
55700067630,866511
55700067690,866511
55887027401,866511
55887027460,866511
57237010201,866511
57237010299,866511
57664016708,866511
57664016718,866511
57664016752,866511
57664016758,866511
58864069530,866511
60760056690,866511
60760092890,866511
61919042830,866511
61919042890,866511
62332011430,866511
62332011431,866511
62332011491,866511
62584026701,866511
62584026711,866511
63187053230,866511
63187053260,866511
63187053272,866511
63187053278,866511
63187053290,866511
63304058101,866511
63304058110,866511
63629146202,866511
65862006401,866511
65862006439,866511
65862006460,866511
65862006499,866511
66105099603,866511
66105099606,866511
66105099610,866511
66105099611,866511
66105099615,866511
67046138403,866511
67046162603,866511
67544062753,866511
67544062760,866511
67544062780,866511
68071393501,866511
68071394106,866511
68071394203,866511
68071488001,866511
68071488009,866511
68071495801,866511
68645019159,866511
68788824901,866511
68788824903,866511
68788824906,866511
68788824909,866511
68788888501,866511
68788888503,866511
68788888506,866511
68788888509,866511
69367035501,866511
69367035510,866511
70518219305,866511
70518379300,866511
70518379301,866511
70518379302,866511
70518399700,866511
70518399701,866511
70518453500,866511
70518453501,866511
71335115701,866511
71335115702,866511
71335115703,866511
71335115704,866511
71335115705,866511
71335267501,866511
71335267502,866511
71335267503,866511
71335267504,866511
71335267505,866511
71335971601,866511
71335971602,866511
71335971603,866511
71335971604,866511
71335971605,866511
71610008053,866511
71610008060,866511
71610008080,866511
71610018653,866511
71610018660,866511
71610018680,866511
71610055953,866511
71610055960,866511
71610055980,866511
72189054430,866511
72189054490,866511
72189065990,866511
72888000600,866511
72888000601,866511
72888000605,866511
72888021200,866511
72888021201,866511
72888021205,866511
76282079601,866511
76282079610,866511
76420095400,866511
76420095401,866511
76420095420,866511
76420095430,866511
76420095460,866511
76420095490,866511
76519111306,866511
82804097900,866511
82804097911,866511
82804097930,866511
82804097955,866511
82804097960,866511
82804097990,866511
87063018801,866511
87063018830,866511
87063018860,866511
87063018890,866511
00378042401,866482
00781563001,866482
13811066910,866482
27241030101,866482
46708011501,866482
46708011510,866482
46708011530,866482
62332011530,866482
62332011531,866482
62332011591,866482
62756037008,866482
62756037018,866482
62756037083,866482
62756037088,866482
00378043401,866479
13811067010,866479
27241030201,866479
46708011610,866479
46708011630,866479
46708011650,866479
62332011630,866479
62332011631,866479
62332011671,866479
62756036808,866479
62756036818,866479
62756036883,866479
62756036888,866479
00378044501,866491
46708011710,866491
46708011730,866491
46708011750,866491
62332011730,866491
62332011731,866491
62332011771,866491
62756036908,866491
62756036918,866491
62756036983,866491
62756036988,866491
10631000830,2047772
55289090230,866429
67544055545,866429
67544055560,866429
70347002502,866429
70347002503,866429
70842011002,866429
71610003545,866429
71610003560,866429
10631000930,2047775
55289085530,866438
58864076530,866438
70347005002,866438
70347005003,866438
70842011102,866438
10631001030,2047766
58864075930,866414
70347010002,866414
70347010003,866414
70842011202,866414
71610003845,866414
71610003860,866414
10631001130,2047769
67544057382,866421
70347020002,866421
70347020003,866421
70842011302,866421
71610037345,866421
71610037360,866421
30698046430,2712152
30698046431,2712152
30698046001,2723027
30698046003,2723027
30698046010,2723027
00078045805,866516
30698045801,866516
55289062730,866516
00078045905,866513
30698045901,866513
68118045518,105450
76336045518,105450
30698046301,866502
00078046105,866498
79854001118,252745
37205006667,200209
00904559252,428898
00904559253,428898
00904559293,428898
37205071475,428898
43292056003,428898
50268037713,428898
50436559202,428898
52959076802,428898
52959076830,428898
52959076860,428898
63629314305,428898
68071031360,428898
68071031391,428898
40985022481,428899
68016002099,428899
68016039300,428899
68016039400,428899
96619051023,428899
30768003134,2175997
45861000000,1013647
52959062690,1013647
63187017190,1013647
55970080720,1046238
55970080760,1046238
20525010740,1046242
20525012839,1046242
52817026830,865155
72888023301,865155
00185077101,854905
00185077130,854905
00378052301,854905
00378052393,854905
16714052901,854905
16714052902,854905
29300012601,854905
29300012605,854905
29300012613,854905
42571047001,854905
42571047005,854905
42571047030,854905
43547061603,854905
43547061610,854905
43547061650,854905
46708060330,854905
46708060331,854905
46708060371,854905
50268012711,854905
50268012715,854905
51407064501,854905
51407064530,854905
52817027010,854905
52817027030,854905
60687067911,854905
60687067921,854905
61919078790,854905
62332060330,854905
62332060331,854905
62332060371,854905
63187087130,854905
63187087160,854905
63187087190,854905
63629517301,854905
63629517302,854905
63629517303,854905
63629517304,854905
63629517305,854905
64980070901,854905
64980070903,854905
65862008601,854905
65862008630,854905
68788867101,854905
69339023601,854905
69339023603,854905
70095002001,854905
70095002002,854905
70771172601,854905
70771172603,854905
70954045510,854905
70954045520,854905
71335167801,854905
71335167802,854905
71335167803,854905
71335167804,854905
71335167805,854905
71335217801,854905
71335217802,854905
71335217803,854905
71335217804,854905
71335217805,854905
72162217701,854905
72578011101,854905
72578011106,854905
72789039282,854905
72888009200,854905
72888009201,854905
72888009205,854905
72888009230,854905
82638010701,854905
82638010702,854905
00093527156,854901
00185077401,854901
00185077430,854901
00378052401,854901
00378052493,854901
16714053001,854901
16714053002,854901
29300012701,854901
29300012705,854901
29300012713,854901
42571047101,854901
42571047105,854901
42571047130,854901
43547061703,854901
43547061710,854901
43547061750,854901
46708060430,854901
46708060431,854901
46708060471,854901
51407064601,854901
51407064630,854901
52817027110,854901
52817027130,854901
62332060430,854901
62332060431,854901
62332060471,854901
63629690701,854901
63629690702,854901
63629690703,854901
63629690704,854901
64980071001,854901
64980071003,854901
65862008701,854901
65862008730,854901
69339023701,854901
69339023703,854901
70095001901,854901
70095001902,854901
70771172701,854901
70771172703,854901
70954045610,854901
70954045620,854901
71335224401,854901
71335224402,854901
71335224403,854901
71335224404,854901
71335975501,854901
71335975502,854901
71335975503,854901
71335975504,854901
72578011201,854901
72578011206,854901
72789039582,854901
72888009300,854901
72888009301,854901
72888009305,854901
72888009330,854901
82638010801,854901
82638010802,854901
00093324101,854916
00185070101,854916
00185070105,854916
00185070130,854916
00378050101,854916
00378050105,854916
00378050110,854916
10135074001,854916
10135074005,854916
29300018701,854916
29300018705,854916
29300018710,854916
29300018713,854916
42799092001,854916
42799092002,854916
42799092030,854916
43063013590,854916
50090647800,854916
59651067801,854916
59651067805,854916
59651067830,854916
68462087801,854916
68462087805,854916
68462087830,854916
70771176001,854916
70771176003,854916
70771176005,854916
70954041210,854916
70954041230,854916
70954041240,854916
71335116101,854916
71335116102,854916
71335116103,854916
71335193101,854916
71335193102,854916
71335193103,854916
71335261601,854916
71335261602,854916
71335261603,854916
72578011301,854916
72578011305,854916
72578011306,854916
00093324201,854919
00185070401,854919
00185070405,854919
00185070430,854919
00378050301,854919
00378050305,854919
00378050310,854919
10135074101,854919
10135074105,854919
29300018801,854919
29300018805,854919
29300018810,854919
29300018813,854919
42799092101,854919
42799092102,854919
42799092130,854919
50090641300,854919
50090641302,854919
50090735700,854919
50090735702,854919
52959033710,854919
52959033730,854919
55289063030,854919
55289063090,854919
55887079290,854919
58864078430,854919
59651067901,854919
59651067905,854919
59651067930,854919
68462087901,854919
68462087905,854919
68462087930,854919
70771176101,854919
70771176103,854919
70771176105,854919
70954041310,854919
70954041330,854919
70954041340,854919
71335059501,854919
71335059502,854919
71335059503,854919
71335059504,854919
71335176901,854919
71335176902,854919
71335176903,854919
71335176904,854919
71335258901,854919
71335258902,854919
71335258903,854919
71335258904,854919
72578011401,854919
72578011405,854919
72578011406,854919
00093324356,854908
00185070701,854908
00185070705,854908
00185070730,854908
00378050501,854908
00378050505,854908
10135074205,854908
10135074230,854908
29300018901,854908
29300018905,854908
29300018910,854908
29300018913,854908
42799092201,854908
42799092202,854908
42799092230,854908
43063013430,854908
43063013490,854908
50090590500,854908
50090603000,854908
52959024130,854908
55887062501,854908
59651068001,854908
59651068005,854908
59651068030,854908
68462088001,854908
68462088005,854908
68462088030,854908
70771176201,854908
70771176203,854908
70771176205,854908
70954041410,854908
70954041430,854908
70954041440,854908
72578011501,854908
72578011505,854908
72578011506,854908
51285004702,854918
51285005002,854921
51285004001,854910
96295013568,885578
10006073013,1095421
10939095684,1095421
40093010195,1095421
40985027343,1095421
49348094512,1095421
87701040776,1095421
11845015265,310318
54629077460,310318
68016032030,310318
79854007949,310318
51991071733,849608
67181020130,1305620
67181020190,1305620
00067434730,885580
00067434760,885580
00067434790,885580
46017008730,849612
46017009530,849612
68220008730,849612
61596080010,1235783
61596080040,1235783
61596080041,1235783
61596080110,1235783
61596080140,1235783
61596080141,1235783
61596080210,1235783
61596080240,1235783
61596080241,1235783
61596080310,1235783
61596080340,1235783
61596080341,1235783
61596080410,1235783
61596080440,1235783
61596080441,1235783
61596098640,1235783
61596098641,1235783
63956000401,1235783
10056041500,1099038
10056041501,1099038
48878315004,1099038
58578075901,1099038
58578075902,1099038
58578075903,1099038
70708018280,1099038
42086005201,245598
42086005202,245598
42086005203,245598
42086005204,245598
42086005205,245598
42086005206,245598
42086005207,245598
50555020101,245598
50555020102,245598
51824006801,245598
51824006802,245598
51824006803,245598
51824006804,245598
51824006805,245598
51824006806,245598
51824006807,245598
53247013001,245598
53247013002,245598
53247013003,245598
53247013004,245598
53247013005,245598
53247013401,245598
53247014301,245598
53247014302,245598
53247014303,245598
53247014304,245598
53247014305,245598
65517200000,245598
65517200001,245598
65517200002,245598
65517200003,245598
65517200004,245598
65517200005,245598
65517200006,245598
65517200007,245598
65517200400,245598
65517200401,245598
65517200402,245598
65517200403,245598
65517200500,245598
65517200501,245598
65517200502,245598
65517200503,245598
65517200504,245598
65517200505,245598
65517201700,245598
65517201701,245598
65517201702,245598
65517201703,245598
67777018001,245598
67777018002,245598
67777018003,245598
67777018004,245598
67777018005,245598
67777018006,245598
67777018007,245598
67777018008,245598
67777018009,245598
67777018010,245598
67777018011,245598
67777019101,245598
67777019102,245598
67777019103,245598
67777019104,245598
67777019105,245598
67777019106,245598
67777019107,245598
67777019108,245598
67777019109,245598
67777019110,245598
68599957301,245598
68599957302,245598
68599957303,245598
68599957304,245598
69435140501,245598
69771009138,245598
71035000201,245598
71035000202,245598
71035000203,245598
71035000204,245598
71035000205,245598
71035000206,245598
71035000207,245598
72932001500,245598
72932001501,245598
72932001502,245598
72932001503,245598
72932001600,245598
72932001601,245598
72932001602,245598
72932001603,245598
72932001604,245598
72932001605,245598
73242112201,245598
73242112202,245598
76670001001,245598
76670001002,245598
84181035705,245598
84181035808,245598
84181035909,245598
84181073507,245598
84185010202,245598
84185010208,245598
84185010222,245598
84185020202,245598
84185020208,245598
84185020222,245598
85162000101,245598
85162000102,245598
85162000103,245598
85162000104,245598
85162000105,245598
85162000106,245598
85162000107,245598
85162000201,245598
85162000202,245598
85162000203,245598
85162000204,245598
85162000205,245598
85162000206,245598
85162000207,245598
85162000401,245598
85162000402,245598
85162000701,245598
85162000702,245598
85891000801,245598
85891000802,245598
87548002001,245598
87548002002,245598
70108010801,2701521
70108024901,2701521
73242111301,2701521
73242111302,2701521
84516002001,2701521
63615000001,1489127
69261000201,1489127
69261000202,1489127
81740000303,1489127
82214000201,1489127
82214000202,1489127
69423089454,2585483
00135055801,416783
10237026304,416783
10237027204,416783
10237027224,416783
10237062544,416783
10237063345,416783
10237063355,416783
10237063366,416783
10237063555,416783
10237063645,416783
10237063655,416783
10237063660,416783
10237064440,416783
10237064460,416783
10237064472,416783
10237064480,416783
10237065155,416783
10237065509,416783
10237065512,416783
10237065546,416783
10237065560,416783
10237065660,416783
10237065809,416783
10237065812,416783
10237065828,416783
10237065843,416783
10237065846,416783
10237065860,416783
10237065872,416783
10237066609,416783
10237066643,416783
10237067009,416783
10237067043,416783
10237067209,416783
10237067243,416783
10237067509,416783
10237067512,416783
10237067560,416783
10237067562,416783
10237067564,416783
10237067609,416783
10237067645,416783
10237067651,416783
10237067655,416783
10237067656,416783
10237067906,416783
10237068006,416783
10237073242,416783
10237073342,416783
10237073358,416783
10237073442,416783
10237073444,416783
10237073458,416783
10237078542,416783
10237078642,416783
10237078658,416783
10237091442,416783
35000001330,416783
35000001334,416783
35000001360,416783
35000001374,416783
35000001378,416783
35000001395,416783
35000001397,416783
35000001401,416783
35000001430,416783
35000001434,416783
35000001460,416783
35000001470,416783
35000001473,416783
35000001474,416783
35000001478,416783
35000001479,416783
35000001495,416783
35000001497,416783
35000001499,416783
35000001532,416783
35000001546,416783
35000001646,416783
35000002860,416783
35000002863,416783
35000012730,416783
35000012760,416783
35000012774,416783
35000012795,416783
35000013748,416783
35000013848,416783
35000019044,416783
35000019644,416783
35000019944,416783
35000021130,416783
35000021154,416783
35000021155,416783
35000021173,416783
35000021195,416783
35000021230,416783
35000021262,416783
35000021295,416783
35000021395,416783
35000021430,416783
35000021495,416783
35000036544,416783
35000041898,416783
35000041958,416783
35000041971,416783
35000043058,416783
35000043095,416783
35000043099,416783
35000067910,416783
35000068010,416783
35000068610,416783
35000068810,416783
35000068910,416783
35000069312,416783
35000078986,416783
35000078999,416783
35000079338,416783
35000079359,416783
35000079659,416783
35000079759,416783
35000079859,416783
35000079959,416783
35000080942,416783
35000080960,416783
35000080963,416783
35000089934,416783
35000089958,416783
35000089960,416783
35000089978,416783
35000089995,416783
35000090060,416783
35000090064,416783
35000090069,416783
35000090301,416783
35000090358,416783
35000090360,416783
35000090375,416783
35000090378,416783
35000090395,416783
35000090399,416783
35000090581,416783
35000090781,416783
35000091546,416783
35000091760,416783
35000091771,416783
35000091846,416783
35000091893,416783
35000092620,416783
35000092645,416783
35000092646,416783
35000092659,416783
35000092781,416783
35000093602,416783
35000093633,416783
35000093642,416783
35000093660,416783
35000093671,416783
35000093702,416783
35000093730,416783
35000093733,416783
35000093760,416783
35000093771,416783
35000094130,416783
35000094146,416783
35000094147,416783
35000094148,416783
35000094158,416783
35000094160,416783
35000094163,416783
35000094164,416783
35000094169,416783
35000094179,416783
35000094182,416783
35000094192,416783
35000094199,416783
35000094781,416783
35000095046,416783
35000095371,416783
35000095846,416783
35000096958,416783
35000096960,416783
35000096979,416783
35000097146,416783
35000098871,416783
35000098878,416783
35000099034,416783
35000099058,416783
35000099060,416783
35000099069,416783
35000099095,416783
35000099099,416783
35000099934,416783
41167092402,416783
41167092601,416783
42199000804,416783
51009023859,416783
51009024840,416783
51009024847,416783
51009090040,416783
51009090047,416783
51009092040,416783
51009092063,416783
51009092140,416783
51206031401,416783
51206031402,416783
51206031403,416783
51206031404,416783
51206031405,416783
53208056362,416783
53208056363,416783
53208056364,416783
53208056365,416783
53238000190,416783
54473030004,416783
55873000101,416783
55873000201,416783
55873000301,416783
55873000401,416783
55873000402,416783
57353010311,416783
57353010313,416783
57353010512,416783
58578074901,416783
58578074902,416783
58578074903,416783
58578074904,416783
59883071804,416783
61578021301,416783
61578021302,416783
61578021401,416783
61578021701,416783
61596010010,416783
61596010040,416783
61596010041,416783
61596010101,416783
61596010102,416783
61596010110,416783
61596010201,416783
61596010202,416783
61596010210,416783
61596010301,416783
61596010302,416783
61596010310,416783
62776000001,416783
62776000002,416783
62776000101,416783
62776000102,416783
62776000201,416783
62776000501,416783
62776000502,416783
62776000601,416783
62776000602,416783
65954000860,416783
65954000864,416783
65954000869,416783
65954001401,416783
65954001458,416783
65954001460,416783
65954001463,416783
65954001475,416783
65954001478,416783
65954001495,416783
65954001499,416783
65954003681,416783
65954003881,416783
65954006169,416783
65954006460,416783
65954006471,416783
65954006546,416783
65954006593,416783
65954032720,416783
65954032745,416783
65954032746,416783
65954032759,416783
65954035581,416783
65954040202,416783
65954040233,416783
65954040242,416783
65954040260,416783
65954040271,416783
65954040302,416783
65954040330,416783
65954040333,416783
65954040360,416783
65954040371,416783
65954053630,416783
65954053646,416783
65954053647,416783
65954053648,416783
65954053658,416783
65954053660,416783
65954053663,416783
65954053664,416783
65954053669,416783
65954053679,416783
65954053682,416783
65954053692,416783
65954053699,416783
65954056481,416783
65954058546,416783
65954059171,416783
65954060746,416783
65954077758,416783
65954077760,416783
65954077779,416783
65954077946,416783
65954081042,416783
65954081060,416783
65954081063,416783
65954082558,416783
65954082571,416783
65954083158,416783
65954083195,416783
65954083199,416783
65954083246,416783
65954083559,416783
65954083659,416783
65954083759,416783
65954084038,416783
65954084059,416783
66923011900,416783
66923020100,416783
66923032300,416783
66975070001,416783
66975070002,416783
66975072001,416783
66975072002,416783
69261000601,416783
69261000606,416783
69261000607,416783
69261000608,416783
69261000701,416783
69261000706,416783
69261000707,416783
69261000708,416783
69423091102,416783
69423091154,416783
70108020401,416783
70108020501,416783
72326800201,416783
72326800202,416783
72326800203,416783
72326800301,416783
72326800302,416783
72326800303,416783
74690000801,416783
74690001201,416783
74690001202,416783
75065001706,416783
75065001806,416783
75065002006,416783
75065002106,416783
75065002306,416783
75065002406,416783
75065002506,416783
75065002507,416783
75065002606,416783
75065002706,416783
75065002707,416783
75065003007,416783
75065003106,416783
75065003107,416783
75065003206,416783
75065003207,416783
77782000620,416783
77782000720,416783
77782000820,416783
77782001020,416783
77782001120,416783
77782001220,416783
81301051201,416783
81301051301,416783
82214000101,416783
82214000102,416783
82214000301,416783
82214000302,416783
82214000401,416783
82214000402,416783
83013031106,416783
83013031206,416783
83013031306,416783
83013031406,416783
83013031506,416783
83013031606,416783
83013031706,416783
83013031806,416783
83013031906,416783
83013032006,416783
83013032106,416783
83013032206,416783
83013032306,416783
83013032506,416783
83013032606,416783
83013032706,416783
83013032806,416783
83013033106,416783
83013033206,416783
83013033306,416783
83013033506,416783
83013034606,416783
83610105001,416783
83610106001,416783
83729011510,416783
83729011610,416783
83729011710,416783
83729011810,416783
83729011910,416783
83729012110,416783
84035000101,416783
84035000203,416783
84035000303,416783
84035000403,416783
84035000503,416783
84035000620,416783
84035000720,416783
84035000850,416783
84035001306,416783
85162000301,416783
85162000302,416783
85162000303,416783
85162000304,416783
85162000305,416783
85162000306,416783
85162000307,416783
85162000308,416783
85215000301,416783
85215000401,416783
87245000101,416783
87245010004,416783
11291024301,891775
11291024302,891775
11527004458,891775
11527004542,891775
11527018058,891775
11673009001,891775
11673030801,891775
27017014201,891775
34362023301,891775
34362023302,891775
34362023702,891775
37000000501,891775
37000000502,891775
37000000503,891775
37000000504,891775
37000000505,891775
37000000508,891775
37000000509,891775
37000000510,891775
37000000511,891775
37000000513,891775
37000000520,891775
37000000524,891775
37000000529,891775
37000000542,891775
37000000557,891775
37000000590,891775
37000000599,891775
37000000802,891775
37000000803,891775
37000000804,891775
37000000824,891775
37000000842,891775
37000000857,891775
37000000906,891775
37000000924,891775
37000000957,891775
37000002506,891775
37000002508,891775
37000002557,891775
37000004402,891775
37000004403,891775
37000004404,891775
37000004406,891775
37000004407,891775
37000004408,891775
37000004413,891775
37000004424,891775
37000004442,891775
37000004457,891775
37000004482,891775
37000004901,891775
37000004902,891775
37000004903,891775
37000004904,891775
37000004905,891775
37000004906,891775
37000004922,891775
37000004930,891775
37000004940,891775
37000004942,891775
37000004992,891775
37000017142,891775
37000017442,891775
37000021503,891775
37000021504,891775
37000021505,891775
37000021508,891775
37000021524,891775
37000021528,891775
37000021535,891775
37000021541,891775
37000021546,891775
37000021552,891775
37000021560,891775
37000021582,891775
37000021585,891775
37000021592,891775
37000044523,891775
37000044527,891775
37000044535,891775
37000044540,891775
37000044554,891775
37000044585,891775
37000044598,891775
37000044599,891775
37000050405,891775
37000050440,891775
37000050448,891775
37000050454,891775
37000050458,891775
37000050473,891775
37000050480,891775
37000050498,891775
37000050499,891775
37000051142,891775
37000082204,891775
37000083901,891775
37000083922,891775
37000086802,891775
37000086806,891775
37000086824,891775
37000086857,891775
37000087304,891775
37000087308,891775
37000087312,891775
37000087323,891775
37000087324,891775
37000087327,891775
37000087334,891775
37000087335,891775
37000087339,891775
37000087342,891775
37000087346,891775
37000087352,891775
37000087378,891775
37000087385,891775
37000087393,891775
37000087502,891775
37000087503,891775
37000087504,891775
37000087506,891775
37000087507,891775
37000087508,891775
37000087510,891775
37000087513,891775
37000087515,891775
37000087524,891775
37000087527,891775
37000087529,891775
37000087530,891775
37000087533,891775
37000087538,891775
37000087541,891775
37000087542,891775
37000087549,891775
37000087550,891775
37000087554,891775
37000087556,891775
37000087563,891775
37000087564,891775
37000087577,891775
37000087593,891775
37000087599,891775
37000087602,891775
37000087603,891775
37000087604,891775
37000087605,891775
37000087607,891775
37000087610,891775
37000087612,891775
37000087615,891775
37000087627,891775
37000087630,891775
37000087633,891775
37000087638,891775
37000087641,891775
37000087650,891775
37000087664,891775
37000087676,891775
37000087682,891775
37000087685,891775
37000087699,891775
37000091623,891775
37000091635,891775
37000091636,891775
37000091639,891775
37000091641,891775
37000091646,891775
37000091682,891775
37000092547,891775
37000093802,891775
37000093838,891775
37000093841,891775
37000094306,891775
37000094354,891775
37000094502,891775
37000094503,891775
37000094527,891775
37000094530,891775
37000094538,891775
37000094541,891775
37000094576,891775
37000094582,891775
37000094602,891775
37000094654,891775
37000096503,891775
37000096547,891775
37000097341,891775
37000098018,891775
37000098042,891775
37000098047,891775
37000098304,891775
37000098404,891775
37000098935,891775
37000098939,891775
37000098946,891775
37000099003,891775
37000099023,891775
37000099035,891775
37000099052,891775
37000099072,891775
37000099103,891775
37000099104,891775
37000099152,891775
37000099172,891775
37000099335,891775
37000099352,891775
37000099372,891775
37000099415,891775
37000099452,891775
37000099472,891775
37808032059,891775
37808033059,891775
39892060302,891775
43136050106,891775
43136050163,891775
43136050165,891775
43136050220,891775
43136051120,891775
43136051220,891775
43136052160,891775
43136052260,891775
43136059120,891775
43136059210,891775
43136059311,891775
43136060201,891775
43136060301,891775
43136080101,891775
43136080201,891775
43136080302,891775
43136081001,891775
43136082001,891775
43136090101,891775
43136090201,891775
43136090301,891775
50090623300,891775
51009021821,891775
51009021840,891775
51009021875,891775
51316016201,891775
51316016301,891775
51824002901,891775
51824002902,891775
51824002903,891775
51824002904,891775
51824002905,891775
51824002906,891775
51824002907,891775
51824003401,891775
51824003409,891775
51824004601,891775
51824004602,891775
51824004603,891775
51824004604,891775
52000011001,891775
53208046160,891775
53208046161,891775
53208056106,891775
53208056163,891775
53208056165,891775
53208056220,891775
53208056643,891775
53208056645,891775
53208056646,891775
53208056662,891775
53208056663,891775
53208056664,891775
53208056665,891775
53208056673,891775
53208056675,891775
53208056800,891775
53208056900,891775
53208057120,891775
53208057220,891775
53208057300,891775
53208057400,891775
53208058160,891775
53208058260,891775
53208059120,891775
53208059210,891775
53208059311,891775
54473030104,891775
58933000503,891775
58933000504,891775
58933000511,891775
58933000524,891775
58933000557,891775
58933000582,891775
58933000585,891775
58933000802,891775
58933000803,891775
58933000804,891775
58933000824,891775
58933000857,891775
58933002001,891775
58933002003,891775
58933002006,891775
58933002008,891775
58933002054,891775
58933002085,891775
58933002342,891775
58933002385,891775
58933004542,891775
58933004642,891775
58933004742,891775
58933004842,891775
58933004901,891775
58933004906,891775
58933004913,891775
58933004922,891775
58933004946,891775
58933004962,891775
58933004985,891775
58933017142,891775
58933086802,891775
58933086824,891775
58933087923,891775
58933088123,891775
58933093235,891775
61649072301,891775
61649072401,891775
61649072501,891775
61649073001,891775
61649073101,891775
61649073201,891775
61649073401,891775
62721047309,891775
66715701105,891775
66923037301,891775
66923037302,891775
67239022600,891775
67239022700,891775
67659008201,891775
67659008401,891775
67751009501,891775
67751009503,891775
67751009504,891775
67751012401,891775
67751012402,891775
69423075003,891775
69423075020,891775
69423075039,891775
69423076233,891775
69423076238,891775
69423076703,891775
69423076724,891775
69423076727,891775
69423076728,891775
69423076729,891775
69423076733,891775
69423076738,891775
69423076739,891775
69423076766,891775
69423076776,891775
69423076793,891775
69423076803,891775
69423076823,891775
69423076838,891775
69423076839,891775
69423076866,891775
69423076877,891775
69423076893,891775
69423076937,891775
69423077003,891775
69423077008,891775
69423077009,891775
69423077022,891775
69423077023,891775
69423077024,891775
69423077027,891775
69423077033,891775
69423077038,891775
69423077040,891775
69423077041,891775
69423077044,891775
69423077049,891775
69423077050,891775
69423077056,891775
69423077085,891775
69423077092,891775
69423077093,891775
69423077238,891775
69423077303,891775
69423077308,891775
69423077323,891775
69423077327,891775
69423077331,891775
69423077338,891775
69423077344,891775
69423077361,891775
69423077362,891775
69423077363,891775
69423077423,891775
69423078713,891775
69423078734,891775
69423078735,891775
69423078746,891775
69423078785,891775
69423081411,891775
69423081424,891775
69423081435,891775
69423081442,891775
69423081457,891775
69423081482,891775
69423081485,891775
69423081511,891775
69423081524,891775
69423081535,891775
69423081542,891775
69423081557,891775
69423081582,891775
69423081585,891775
69423081657,891775
69423081682,891775
69423081724,891775
69423081742,891775
69423081757,891775
69423081827,891775
69423081857,891775
69423081882,891775
69423081947,891775
69423082304,891775
69423082355,891775
69423083514,891775
69423083547,891775
69423083623,891775
69423083628,891775
69423083633,891775
69423083638,891775
69423083666,891775
69423084023,891775
69423084054,891775
69423084202,891775
69423084223,891775
69423084254,891775
69423085052,891775
69423085085,891775
69423085224,891775
69423085305,891775
69423085352,891775
69423089123,891775
69423089131,891775
69423089135,891775
69423089162,891775
69423089724,891775
69423089729,891775
69423089757,891775
69423089764,891775
69423091402,891775
69423091438,891775
69423091441,891775
69423091443,891775
69423091805,891775
69423091863,891775
69423091865,891775
69423093245,891775
69423093255,891775
69423093301,891775
69423093302,891775
69423093303,891775
69423093323,891775
69423093327,891775
69423093335,891775
69423093354,891775
69423093385,891775
69423094935,891775
69423094952,891775
69423094972,891775
69423095827,891775
69423095832,891775
69423095833,891775
69423095836,891775
69423095863,891775
69423096103,891775
69423096147,891775
69423096203,891775
69423096247,891775
70108007601,891775
70108008001,891775
70108008101,891775
70108008201,891775
70108008301,891775
70108010201,891775
70108011201,891775
70108023501,891775
70108023601,891775
70108023701,891775
70108023801,891775
70108028701,891775
70683070302,891775
71141018410,891775
71141018510,891775
79903028287,891775
79940000800,891775
82913000501,891775
82913000601,891775
83013033710,891775
83013033810,891775
83013033910,891775
83013034010,891775
83013034110,891775
83013034410,891775
84126060143,891775
84126061401,891775
84126061482,891775
84126062024,891775
84126062804,891775
84126062805,891775
84126062806,891775
84126062824,891775
84126062833,891775
84126062849,891775
84126062902,891775
84126062923,891775
84126062924,891775
84126062933,891775
84126062949,891775
84126062985,891775
84126062993,891775
84126063133,891775
84126063193,891775
84126063203,891775
84126063223,891775
84126063233,891775
84126063337,891775
84126063343,891775
84126063403,891775
84126063423,891775
84126063424,891775
84126063433,891775
84126063502,891775
84126063503,891775
84126063527,891775
84126063538,891775
84126063638,891775
84126063723,891775
84126064523,891775
84126064623,891775
84126065305,891775
84126065352,891775
84126065523,891775
84126065554,891775
84126065623,891775
84126065823,891775
84126065923,891775
84126066003,891775
84126066052,891775
84126066072,891775
84126066103,891775
84126066152,891775
84126066172,891775
84126066252,891775
84126066302,891775
84126066303,891775
84126066354,891775
84126066423,891775
84126066504,891775
84126066555,891775
84126066654,891775
87409000101,891775
00135023406,1044547
00135023408,1044547
00135023409,1044547
00135055701,1044547
00135055702,1044547
00135059001,1044547
00135059002,1044547
00135059004,1044547
00135059005,1044547
00135059101,1044547
00135059102,1044547
00135060401,1044547
00135120003,1044547
51206030206,1044547
51206030207,1044547
51206030208,1044547
51206030209,1044547
51206030210,1044547
51206030211,1044547
51206031201,1044547
51206031202,1044547
52644000300,1044547
83778009002,1044547
83778009103,1044547
83778009204,1044547
00135080801,2722931
00135080901,2722931
00273010301,392038
00273010302,392038
00404017304,392038
11527073044,392038
11527075043,392038
11527075534,392038
35573043451,392038
42291074151,392038
57511000101,392038
57511000201,392038
57511000301,392038
57511010808,392038
57511012009,392038
58657049018,392038
59883080202,392038
59883080402,392038
59883081102,392038
59883081302,392038
60258015001,392038
61578021501,392038
61578021601,392038
63629115101,392038
66975078201,392038
69367030951,392038
69367031101,392038
69367031201,392038
83592081404,392038
83729010210,392038
83729010310,392038
00273012101,244333
57511000501,2602147
48878312004,1006558
48878313004,1006558
48878314004,1006558
16571081450,630196
64980030550,630196
64980030650,630196
16571081560,1101938
59883001504,617624
59883001604,617624
59883002004,617624
57511050401,2603773
57511050402,2603773
10866011301,1101877
63783050004,1191716
63783050104,1191716
63783050406,1191716
00126013166,1101881
00126001661,630194
00126007292,630194
00126007492,630194
00126008802,630194
00126028666,630194
00126028733,630194
00126028766,630194
00126028802,630194
00126028882,630194
00126028992,630194
00126031192,630194
51862063401,668363
51862063428,668363
51862063501,668364
51862063528,668364
00093786519,310295
00093786565,310295
00406920230,310295
52959055230,310295
51862063601,668365
51862063628,668365
00093786619,310297
00093786665,310297
00406920430,310297
52959054901,310297
00641624901,2629337
00641624910,2629337
51862063701,668366
51862063728,668366
00093786719,313992
00093786765,313992
00406920630,313992
52959054801,313992
51862063801,668367
51862063828,668367
00093786819,313993
00093786865,313993
00406920830,313993
52959055330,313993
00641624701,2168270
00641624725,2168270
63323080601,2168270
63323080611,2168270
00641624801,2474269
00641624810,2474269
63323080801,2474269
63323080811,2474269
00093786919,310293
00093786965,310293
00406921230,310293
52959056601,310293
00093787019,310294
00093787065,310294
00406921630,310294
00409909309,1735003
00409909311,1735003
00409909332,1735003
00409909337,1735003
00409909412,1735003
00409909422,1735003
00641602401,1735003
00641602410,1735003
00641602701,1735003
00641602725,1735003
00641628901,1735003
00641628925,1735003
63323080602,1735003
63323080612,1735003
72572017001,1735003
72572017025,1735003
81565020501,1735003
81565020502,1735003
63037019025,2474267
63323081000,2474267
63323081020,2474267
63323081701,2474267
63323081720,2474267
00409909335,1735007
00409909345,1735007
00409909418,1735007
00409909425,1735007
00641602501,1735007
00641602510,1735007
00641602801,1735007
00641602810,1735007
00641602825,1735007
63323080605,1735007
63323080613,1735007
72572017101,1735007
72572017110,1735007
72572017125,1735007
00409909417,1735006
00409909428,1735006
00409909416,1735008
00409909431,1735008
00641602601,1735008
00641602605,1735008
00641602901,1735008
00641602925,1735008
00641629001,1735008
63323080614,1735008
63323080620,1735008
00409909441,1735013
00409909461,1735013
00641603001,1735013
51754915005,1735013
63323080650,1735013
72572017201,1735013
00378911916,577057
00378911998,577057
00406901276,577057
00406911276,577057
00781710955,577057
00781724055,577057
03215770101,577057
03215770105,577057
47781042311,577057
47781042347,577057
50742054901,577057
50742054905,577057
55700074905,577057
55700097205,577057
60505701000,577057
60505701002,577057
60505708000,577057
60505708002,577057
00378912116,245134
00378912198,245134
00406902576,245134
00406912576,245134
00781711155,245134
00781724155,245134
03215770201,245134
03215770205,245134
47781042411,245134
47781042447,245134
50742055001,245134
50742055005,245134
51862031452,245134
52959058505,245134
60505701100,245134
60505701102,245134
60505708100,245134
60505708102,245134
61919060205,245134
68071137305,245134
00378912516,1603495
00378912598,1603495
00406903776,1603495
03215770301,1603495
03215770305,1603495
50742055101,1603495
50742055105,1603495
60505708500,1603495
60505708502,1603495
00378912216,245135
00378912298,245135
00406905076,245135
00406915076,245135
00781711255,245135
00781724255,245135
03215770401,245135
03215770405,245135
47781042611,245135
47781042647,245135
50742055201,245135
50742055205,245135
52959058605,245135
55700097305,245135
60505701200,245135
60505701202,245135
60505708200,245135
60505708202,245135
61919060305,245135
63629416801,245135
63629477103,245135
63629549201,245135
68071137405,245135
00378912616,1603498
00378912698,1603498
00406906276,1603498
03215770501,1603498
03215770505,1603498
50742055301,1603498
50742055305,1603498
60505708600,1603498
60505708602,1603498
00378912316,197696
00378912398,197696
00406907576,197696
00406917576,197696
00781711355,197696
00781724355,197696
03215770601,197696
03215770605,197696
35356063405,197696
35356063805,197696
47781042711,197696
47781042747,197696
50742055401,197696
50742055405,197696
51862031652,197696
60505700800,197696
60505700802,197696
60505701300,197696
60505701302,197696
60505708300,197696
60505708302,197696
63629416501,197696
63629477303,197696
00378912716,1603501
00378912798,1603501
03215770701,1603501
03215770705,1603501
50742055501,1603501
50742055505,1603501
60505708700,1603501
60505708702,1603501
00378912416,245136
00378912498,245136
00406900076,245136
00406910076,245136
00781711455,245136
00781724455,245136
03215770801,245136
03215770805,245136
35356063505,245136
47781042811,245136
47781042847,245136
50742055601,245136
50742055605,245136
52959065805,245136
60505700900,245136
60505700902,245136
60505701400,245136
60505701402,245136
60505708400,245136
60505708402,245136
63629476403,245136
63629481301,245136
63629481302,245136
63629481303,245136
68071137505,245136
63459054104,668622
63459054128,668622
57881033104,1053651
63459054204,668624
63459054228,668624
63459050201,261106
63459050230,261106
57881033204,1053654
42358030032,1053657
57881033304,1053657
63459054404,668626
63459054428,668626
63459050401,262219
63459050430,262219
57881033404,1053660
63459054604,668628
63459054628,668628
63459050601,261107
63459050630,261107
57881033604,1053663
63459054804,668630
63459054828,668630
63459050801,261108
63459050830,261108
57881033804,1053666
20482000830,1237070
63459051201,261109
63459051230,261109
63459051601,261110
63459051630,261110
65293001101,1666837
65293001106,1666837
00409180501,2675350
00409180510,2675350
00409128304,1433251
00409426401,1433251
00409426411,1433251
00641620601,1433251
00641620610,1433251
00054038663,897657
17856038601,897657
17856038602,897657
42858030416,897657
43602000147,897657
60687056640,897657
60687056646,897657
60687056686,897657
70166025003,897657
00641625901,2277368
00641625910,2277368
00409128303,1724383
00409128331,1724383
00409255201,897653
00409255211,897653
63323085203,897653
63323085225,897653
00409128309,897756
00409128317,897756
00409128337,897756
00641616901,897756
00641616910,897756
00409131203,1724644
00409131230,1724644
00409336501,1724276
00409336510,1724276
00409336511,1724276
00641615101,1724276
00641615125,1724276
63323085303,1724276
63323085325,1724276
00409131209,897757
00409131216,897757
00409131236,897757
00641617001,897757
00641617010,897757
00409130403,897758
00409130431,897758
63323085403,897753
63323085410,897753
00409263401,1724338
00409263410,1724338
00703011001,1724338
00703011003,1724338
63323085103,1724338
63323085110,1724338
00406324301,897696
00527135301,897696
13107010701,897696
13107010705,897696
13107010720,897696
13107010799,897696
35356081630,897696
35356081660,897696
42858030101,897696
42858030125,897696
43602000205,897696
43602000230,897696
52959042002,897696
60687057901,897696
60687057911,897696
63629428401,897696
63629428402,897696
63629428403,897696
63629428404,897696
63629428405,897696
63629428406,897696
63629428407,897696
63629428408,897696
63629428409,897696
71335026502,897696
71335026503,897696
71335026509,897696
71335075903,897696
72162108100,897696
72162108103,897696
72162108106,897696
87063003701,897696
87063003705,897696
87063003707,897696
87063003710,897696
87063003714,897696
87063003720,897696
87063003730,897696
87063003760,897696
87063003790,897696
00641234139,897745
00641234141,897745
00641625401,897745
00574722406,897749
63629253201,897749
00054026424,897702
00054026425,897702
00406324401,897702
00527135401,897702
13107010801,897702
13107010805,897702
13107010820,897702
13107010899,897702
35356081530,897702
35356081560,897702
35356081590,897702
42858030201,897702
42858030225,897702
42858030250,897702
43602000305,897702
43602000330,897702
52959040802,897702
52959040830,897702
52959040860,897702
60687059001,897702
60687059011,897702
60760099860,897702
63629379800,897702
63629379801,897702
63629379802,897702
63629379803,897702
63629379804,897702
63629379805,897702
63629379806,897702
63629379807,897702
63629379808,897702
63629379809,897702
71335030301,897702
71335030307,897702
71335072300,897702
71335072301,897702
71335072302,897702
71335072303,897702
71335072304,897702
71335072305,897702
71335072306,897702
71335072307,897702
71335072308,897702
71335072309,897702
71335970100,897702
71335970101,897702
71335970102,897702
71335970103,897702
71335970104,897702
71335970105,897702
71335970106,897702
71335970107,897702
71335970108,897702
71335970109,897702
72162108203,897702
72162108206,897702
87063003801,897702
87063003805,897702
87063003807,897702
87063003810,897702
87063003814,897702
87063003820,897702
87063003830,897702
87063003850,897702
87063003860,897702
87063003890,897702
00409263405,1724340
00409263425,1724340
00703011301,1724340
00703011303,1724340
63323085107,1724340
63323085115,1724340
00054026525,897710
00406324901,897710
00527135501,897710
13107010901,897710
13107010905,897710
13107010920,897710
13107010999,897710
35356081460,897710
42858030301,897710
43602000405,897710
43602000430,897710
52959041302,897710
52959041360,897710
63629452101,897710
63629452102,897710
63629452103,897710
63629452104,897710
87063003901,897710
87063003905,897710
87063003907,897710
87063003910,897710
87063003914,897710
87063003920,897710
87063003930,897710
87063003960,897710
87063003990,897710
00574029301,902741
13811070110,902741
31722011901,902741
72865016801,902741
00574029401,902729
13811070210,902729
31722012001,902729
72865016901,902729
00574029501,902736
13811070310,902736
31722012101,902736
72865017001,902736
00574029701,1306898
13811070410,1306898
31722012201,1306898
72865017101,1306898
00409263450,1724341
00703001801,1724341
63323085150,1724341
76045000903,1872752
76045000905,1872752
76045000906,1872752
76045000996,1872752
42858041616,897658
76045012101,2277370
76045012111,2277370
76045000900,1872265
76045000901,1872265
76045000910,1872265
76045000911,1872265
76045001000,1872269
76045001001,1872269
76045001010,1872269
76045001011,1872269
76045001110,1872272
42858012201,897698
42858023401,897704
42858023450,897704
42858033801,897712
42858090103,1946529
47335053108,1946529
47335053118,1946529
47335053183,1946529
47335053188,1946529
47335053308,1946527
47335053318,1946527
47335053383,1946527
47335053388,1946527
80425012701,1946527
80425012702,1946527
47335053708,1946525
47335053718,1946525
47335053783,1946525
47335053788,1946525
52817061516,2395808
68134040205,2395808
68134040240,2395808
13811068930,1148478
00378415293,833709
33342026907,833709
33342026910,833709
33342026911,833709
35356054630,833709
47335085908,833709
47335085918,833709
47335085983,833709
47335085988,833709
50090510700,833709
55700002930,833709
55700099630,833709
61919081830,833709
61919081860,833709
61919081890,833709
61919089230,833709
61919089260,833709
63187059730,833709
63187059760,833709
63187059790,833709
63629832301,833709
63629832302,833709
63629832303,833709
63629832304,833709
67046152703,833709
68071167103,833709
68180038301,833709
68180038302,833709
68180069701,833709
68180069702,833709
68180069706,833709
68788776302,833709
68788836702,833709
68788836703,833709
68788836706,833709
68788836709,833709
70518094200,833709
70518094201,833709
70518094202,833709
71205046330,833709
71205046360,833709
71205046390,833709
71335167501,833709
71335167502,833709
71335167503,833709
71335167504,833709
76420024430,833709
76420024460,833709
76420024490,833709
76420053630,833709
76420053660,833709
76420053690,833709
76519114203,833709
76519114206,833709
80425010801,833709
80425010802,833709
80425010803,833709
80425014101,833709
80425014102,833709
80425014103,833709
82804029830,833709
61919000290,1248115
61919052571,1248115
61919058304,1248115
61919058312,1248115
61919058315,1248115
61919058330,1248115
61919058360,1248115
61919058372,1248115
61919058390,1248115
63629470501,1248115
63629470502,1248115
63629470503,1248115
63629470504,1248115
63629470505,1248115
68071090930,1248115
68071090960,1248115
68071090990,1248115
68071209103,1248115
69420300201,1248115
69420515001,1248115
69467100101,1248115
76519100904,1248115
13811069030,1148485
00378415393,833711
33342027007,833711
33342027010,833711
33342027011,833711
35356054730,833711
47335086008,833711
47335086018,833711
47335086083,833711
47335086088,833711
50436069801,833711
55700001630,833711
61919089330,833711
61919089360,833711
63629831901,833711
63629831902,833711
63629831903,833711
63629831904,833711
68071137603,833711
68180038401,833711
68180038402,833711
68180069801,833711
68180069802,833711
68180069806,833711
68788728402,833711
68788728403,833711
68788728406,833711
68788728409,833711
68788760102,833711
68788760103,833711
68788760106,833711
68788760109,833711
70518088600,833711
70518088601,833711
70518088602,833711
70518088603,833711
71205046830,833711
71205046860,833711
71205046890,833711
71205070830,833711
71205070860,833711
71205070890,833711
71335167601,833711
71335167602,833711
71335167603,833711
71335167604,833711
72189015430,833711
72189015460,833711
76420024530,833711
76420024560,833711
76420024590,833711
76420053730,833711
76420053760,833711
76420053790,833711
76519113206,833711
80425013601,833711
80425013602,833711
83008000930,833711
13811069130,1148489
00378415493,833713
33342027107,833713
33342027110,833713
33342027111,833713
35356079030,833713
45865018430,833713
47335086108,833713
47335086118,833713
47335086183,833713
47335086188,833713
63629832401,833713
63629832402,833713
63629832403,833713
63629832404,833713
68071507803,833713
68180038501,833713
68180069901,833713
68180069906,833713
70518279500,833713
71205056930,833713
71205056960,833713
71205056990,833713
71205065630,833713
71205065660,833713
71205065690,833713
71335967001,833713
71335967002,833713
71335967003,833713
71335967004,833713
72189052130,833713
76420024630,833713
76420024660,833713
76420024690,833713
76420053830,833713
76420053860,833713
76420053890,833713
80425031201,833713
80425031202,833713
80425031203,833713
64380077801,2670390
72888016200,2670390
72888016201,2670390
72888016205,2670390
72888016230,2670390
76420073200,2670390
76420073201,2670390
76420073205,2670390
76420073230,2670390
76420073260,2670390
76420073290,2670390
00093005801,835603
00093005805,835603
00093330101,835603
00093330105,835603
00185031101,835603
00185031110,835603
00378415101,835603
00378415105,835603
00904717961,835603
00904749661,835603
10135051901,835603
10135051905,835603
10135051910,835603
12634078612,835603
12634078624,835603
12634078660,835603
12634078671,835603
12634078680,835603
16571071601,835603
16571071610,835603
16571071650,835603
27808030101,835603
27808030102,835603
27808030103,835603
29300035501,835603
29300035505,835603
29300035510,835603
33261010560,835603
33342020111,835603
33342020115,835603
33342020144,835603
33358034200,835603
33358034201,835603
33358034260,835603
33358034290,835603
35356065901,835603
35356065912,835603
35356065918,835603
35356065920,835603
35356065924,835603
35356065930,835603
35356065940,835603
35356065960,835603
35356065990,835603
43353007215,835603
43353007220,835603
43353007224,835603
43353007228,835603
43353007230,835603
43353007240,835603
43353007245,835603
43353007246,835603
43353007250,835603
43353007253,835603
43353007254,835603
43353007257,835603
43353007260,835603
43353007265,835603
43353007267,835603
43353007272,835603
43353007273,835603
43353007275,835603
43353007280,835603
43353007285,835603
43353007289,835603
43353007290,835603
43353007292,835603
43353007294,835603
43353007298,835603
45865035700,835603
45865035701,835603
45865035702,835603
45865035705,835603
45865035730,835603
45865035751,835603
45865035760,835603
45865035790,835603
50090300000,835603
50090471600,835603
50090471601,835603
50090471602,835603
50090471603,835603
50090471604,835603
50090471605,835603
50090471609,835603
50090471701,835603
50090471703,835603
50090578900,835603
50090578901,835603
50090578902,835603
50090578903,835603
50090578904,835603
50090578905,835603
50090578909,835603
50090579001,835603
50090579002,835603
50090579003,835603
50111061601,835603
50111061602,835603
50436013601,835603
50436013602,835603
50436013603,835603
50436013604,835603
50436013605,835603
50436013606,835603
50436013607,835603
50436013608,835603
50436037701,835603
50436037702,835603
50436037703,835603
50436037704,835603
50436037705,835603
50436037706,835603
50436037707,835603
50436037708,835603
50436878700,835603
50436878701,835603
50436878702,835603
50436878703,835603
50436878705,835603
50436878706,835603
50436878707,835603
50436878708,835603
51079099101,835603
51079099120,835603
51079099130,835603
51079099156,835603
51407000701,835603
51407000705,835603
52817019500,835603
52817019510,835603
52817019550,835603
52959068800,835603
52959068802,835603
52959068803,835603
52959068805,835603
52959068808,835603
52959068810,835603
52959068812,835603
52959068814,835603
52959068815,835603
52959068818,835603
52959068820,835603
52959068821,835603
52959068824,835603
52959068825,835603
52959068828,835603
52959068830,835603
52959068835,835603
52959068840,835603
52959068850,835603
52959068856,835603
52959068860,835603
52959068884,835603
52959068890,835603
55154254104,835603
55154254107,835603
55700041201,835603
55700041218,835603
55700041230,835603
55700041260,835603
55700041290,835603
55700099701,835603
55700099715,835603
55700099718,835603
55700099724,835603
55700099730,835603
55700099760,835603
55700099790,835603
55887065810,835603
55887065815,835603
55887065850,835603
55887065892,835603
57664037708,835603
57664037713,835603
57664037718,835603
58118234808,835603
58864067820,835603
59651044101,835603
59651044105,835603
59651044199,835603
60219234801,835603
60219234804,835603
60219234805,835603
60219234807,835603
60429058801,835603
60429058805,835603
60687079501,835603
60687079511,835603
60760037709,835603
60760037720,835603
60760037730,835603
60760037750,835603
60760037760,835603
60760037790,835603
60760037792,835603
60760037799,835603
60760058809,835603
60760058820,835603
60760058830,835603
60760058850,835603
60760058860,835603
60760058890,835603
60760058892,835603
60760058898,835603
60760072709,835603
60760072720,835603
60760072730,835603
60760072750,835603
60760072760,835603
60760072790,835603
60760072792,835603
60760072798,835603
60760077209,835603
60760077220,835603
60760077230,835603
60760077250,835603
60760077260,835603
60760077290,835603
61919007320,835603
61919007330,835603
61919007350,835603
61919007360,835603
61919007372,835603
61919007382,835603
61919007384,835603
61919007390,835603
61919022912,835603
61919022920,835603
61919022930,835603
61919022950,835603
61919022960,835603
61919022972,835603
61919022982,835603
61919022984,835603
61919022990,835603
61919059720,835603
61919059730,835603
61919059740,835603
61919059760,835603
61919059772,835603
61919059782,835603
61919059784,835603
61919059790,835603
63187006315,835603
63187006320,835603
63187006330,835603
63187006340,835603
63187006360,835603
63187006364,835603
63187006372,835603
63187006378,835603
63187006390,835603
63629286800,835603
63629286801,835603
63629286802,835603
63629286803,835603
63629286804,835603
63629286805,835603
63629286806,835603
63629286807,835603
63629286809,835603
63629489901,835603
63629489902,835603
63629489903,835603
63629489904,835603
63629489905,835603
63629489906,835603
63629489907,835603
63629489908,835603
63629489909,835603
64380079101,835603
64380079102,835603
64380079103,835603
64980061401,835603
64980061410,835603
64980061450,835603
65084041718,835603
65084041736,835603
65162062701,835603
65162062710,835603
65162062711,835603
65162062750,835603
66267056315,835603
66267056320,835603
66267056328,835603
66267056330,835603
66267056340,835603
66267056345,835603
66267056350,835603
66267056384,835603
66267056391,835603
66267056392,835603
66267056399,835603
66267084306,835603
66336091530,835603
66627056391,835603
67046120903,835603
67296004501,835603
67296102101,835603
67296102102,835603
67296102103,835603
67296102104,835603
67296102105,835603
67296102106,835603
67296102107,835603
67296183401,835603
67296183402,835603
67296183403,835603
67296183404,835603
67296183406,835603
67296183407,835603
67544020753,835603
68071135100,835603
68071364403,835603
68071364404,835603
68071364405,835603
68071364406,835603
68071364409,835603
68071365502,835603
68071365504,835603
68071365506,835603
68071411901,835603
68071411903,835603
68071411904,835603
68071411905,835603
68071411906,835603
68071411907,835603
68071411908,835603
68071411909,835603
68071514202,835603
68071514206,835603
68071520403,835603
68071520404,835603
68071520405,835603
68071520408,835603
68071520409,835603
68084080801,835603
68084080811,835603
68382031901,835603
68382031905,835603
68382031910,835603
68788403501,835603
68788403502,835603
68788403503,835603
68788403504,835603
68788403505,835603
68788403506,835603
68788403507,835603
68788403508,835603
68788403509,835603
68788404001,835603
68788404002,835603
68788404003,835603
68788404004,835603
68788404005,835603
68788404006,835603
68788404007,835603
68788404008,835603
68788404009,835603
68788411401,835603
68788411402,835603
68788411403,835603
68788411404,835603
68788411405,835603
68788411406,835603
68788411408,835603
68788411409,835603
68788812101,835603
68788812102,835603
68788812103,835603
68788812104,835603
68788812105,835603
68788812106,835603
68788812107,835603
68788812108,835603
68788812109,835603
68788871701,835603
68788871702,835603
68788871703,835603
68788871704,835603
68788871705,835603
68788871706,835603
68788871707,835603
68788871708,835603
68788871709,835603
69150002010,835603
69238234801,835603
69238234804,835603
69238234805,835603
69238234807,835603
69512062710,835603
69543013610,835603
69543013611,835603
69543013650,835603
70518382400,835603
70518382401,835603
70518382402,835603
70518382403,835603
70518382404,835603
70518382405,835603
70518382406,835603
70518382407,835603
70518382408,835603
70518382409,835603
70518424800,835603
70934046190,835603
71093011904,835603
71093011905,835603
71093011906,835603
71205006620,835603
71205006630,835603
71205006660,835603
71205006672,835603
71205030315,835603
71205030320,835603
71205030330,835603
71205030340,835603
71205030360,835603
71205030372,835603
71205030378,835603
71205030390,835603
71205038915,835603
71205038920,835603
71205038930,835603
71205038960,835603
71205038972,835603
71205074015,835603
71205074020,835603
71205074030,835603
71205074040,835603
71205074060,835603
71205074072,835603
71205074078,835603
71205074090,835603
71335052101,835603
71335052103,835603
71335052104,835603
71335052105,835603
71335052106,835603
71335052109,835603
71335131901,835603
71335149803,835603
71335149804,835603
71335149805,835603
71335149807,835603
71335251800,835603
71335251801,835603
71335251802,835603
71335251803,835603
71335251804,835603
71335251805,835603
71335251806,835603
71335251807,835603
71335251808,835603
71335251809,835603
71335261201,835603
71335261202,835603
71335261203,835603
71335261204,835603
71335272101,835603
71335272102,835603
71335272103,835603
71335272104,835603
71335314700,835603
71335314701,835603
71335314702,835603
71335314703,835603
71335314704,835603
71335314705,835603
71335314706,835603
71335314707,835603
71335314708,835603
71335314709,835603
71335965800,835603
71335965801,835603
71335965802,835603
71335965803,835603
71335965804,835603
71335965805,835603
71335965806,835603
71335965807,835603
71335965808,835603
71335965809,835603
71610000615,835603
71610000620,835603
71610000624,835603
71610000628,835603
71610000630,835603
71610000640,835603
71610000645,835603
71610000646,835603
71610000648,835603
71610000650,835603
71610000653,835603
71610000654,835603
71610000657,835603
71610000660,835603
71610000665,835603
71610000667,835603
71610000670,835603
71610000672,835603
71610000673,835603
71610000675,835603
71610000680,835603
71610000685,835603
71610000689,835603
71610000690,835603
71610000692,835603
71610000694,835603
71610000698,835603
71610039815,835603
71610039820,835603
71610039824,835603
71610039828,835603
71610039830,835603
71610039840,835603
71610039845,835603
71610039846,835603
71610039850,835603
71610039853,835603
71610039854,835603
71610039857,835603
71610039860,835603
71610039865,835603
71610039867,835603
71610039870,835603
71610039872,835603
71610039873,835603
71610039875,835603
71610039880,835603
71610039885,835603
71610039890,835603
71610086515,835603
71610086520,835603
71610086524,835603
71610086528,835603
71610086530,835603
71610086540,835603
71610086545,835603
71610086546,835603
71610086550,835603
71610086553,835603
71610086554,835603
71610086557,835603
71610086560,835603
71610086565,835603
71610086567,835603
71610086570,835603
71610086572,835603
71610086573,835603
71610086575,835603
71610086580,835603
71610086585,835603
71610086590,835603
71610086592,835603
72189031112,835603
72189031120,835603
72189031130,835603
72189031140,835603
72189031160,835603
72189031172,835603
72189031182,835603
72189031184,835603
72189031190,835603
72888008000,835603
72888008001,835603
72888008005,835603
76420012760,835603
76420020501,835603
76420020510,835603
76420020512,835603
76420020530,835603
76420020560,835603
76420020590,835603
76420073300,835603
76420073301,835603
76420073302,835603
76420073305,835603
76420073310,835603
76420073312,835603
76420073330,835603
76420073360,835603
76420073390,835603
80425005701,835603
80425005702,835603
80425005703,835603
80425005704,835603
80425005705,835603
80425005801,835603
80425005802,835603
80425015901,835603
80425015902,835603
80425015903,835603
80425015904,835603
80425015905,835603
80425015906,835603
80425015907,835603
80425027401,835603
80425027402,835603
80425027403,835603
80425027404,835603
80425027405,835603
80425027406,835603
80425027407,835603
80425027601,835603
80425027602,835603
80425027603,835603
80425027604,835603
80425027605,835603
80425027606,835603
80425027607,835603
80425027608,835603
80425050101,835603
80425050102,835603
80425050103,835603
80425050104,835603
80425050105,835603
80425050106,835603
80425050107,835603
80425050108,835603
80425054801,835603
80425054802,835603
80425054803,835603
80425054804,835603
80425054805,835603
80425054806,835603
80425054807,835603
80425054808,835603
82804011415,835603
82804011420,835603
82804011430,835603
82804011440,835603
82804011460,835603
82804011464,835603
82804011472,835603
82804011478,835603
82804011490,835603
82804014215,835603
82804014220,835603
82804014230,835603
82804014260,835603
82804014272,835603
82804014278,835603
82804014290,835603
82868005230,835603
87063011701,835603
87063011705,835603
87063011710,835603
87063011720,835603
87063011730,835603
87063011750,835603
87063011760,835603
87063011790,835603
72888016300,2692878
72888016301,2692878
72888016305,2692878
72888016330,2692878
52817019600,2179635
52817019610,2179635
52817019650,2179635
64980066301,2179635
67046154103,2179635
72888000800,2179635
72888000801,2179635
72888000805,2179635
76420073400,2179635
76420073401,2179635
76420073405,2179635
76420073430,2179635
76420073460,2179635
76420073490,2179635
00378808801,836395
00378808805,836395
12634094060,836395
33358034330,836395
33358034390,836395
42571011901,836395
42571011905,836395
42571011923,836395
42571011932,836395
42571011990,836395
45865017060,836395
45865046930,836395
45865046951,836395
45865046960,836395
45865046990,836395
50268077411,836395
50268077415,836395
52959081400,836395
52959081404,836395
52959081410,836395
52959081412,836395
52959081415,836395
52959081416,836395
52959081418,836395
52959081420,836395
52959081428,836395
52959081430,836395
52959081440,836395
52959081460,836395
52959081490,836395
53746061701,836395
53746061705,836395
53746061710,836395
53746061730,836395
57664053713,836395
57664053718,836395
57664053788,836395
60505264401,836395
60505264405,836395
60760092220,836395
61919006730,836395
61919006760,836395
61919006771,836395
61919006772,836395
61919006790,836395
61919023030,836395
61919033530,836395
61919033560,836395
61919033572,836395
63187008430,836395
63187008460,836395
63187058560,836395
63187058590,836395
63629340601,836395
63629340602,836395
63629340603,836395
63629340604,836395
63629340605,836395
63629340606,836395
63629340607,836395
63629340608,836395
63629490101,836395
63629490102,836395
63629490103,836395
63629490104,836395
65862092201,836395
65862092205,836395
65862092210,836395
65862092230,836395
65862092278,836395
65862092299,836395
67877032201,836395
67877032205,836395
68071028720,836395
68071028730,836395
68071028740,836395
68071028760,836395
68071028790,836395
68071028791,836395
68071135900,836395
68071201006,836395
68071304402,836395
68071304403,836395
68071304406,836395
68084013901,836395
68084013911,836395
68084082501,836395
68382033401,836395
68382033405,836395
68788785502,836395
68788785503,836395
68788785509,836395
70518446100,836395
71205062530,836395
71205062560,836395
71205062590,836395
71335011101,836395
71335011102,836395
71335011103,836395
71335011104,836395
71335011105,836395
71335011106,836395
71335011107,836395
71335011108,836395
71335015101,836395
71335015102,836395
71335015103,836395
71335015104,836395
71335015105,836395
71335015106,836395
71335015107,836395
71335015108,836395
71335061902,836395
71335061903,836395
71335174201,836395
71335174202,836395
71335174203,836395
71335174204,836395
71335174205,836395
71335174206,836395
71335174207,836395
71335174208,836395
72162251001,836395
72189038260,836395
72189067160,836395
76420010501,836395
76420010502,836395
76420010503,836395
76420010510,836395
76420010530,836395
76420098301,836395
76420098302,836395
76420098303,836395
76420098310,836395
76420098330,836395
71511030116,2395814
68025007130,1148482
68025007230,1148487
52959060030,845315
68071069760,845315
68025007330,1148491
52959041400,835605
52959041402,835605
52959041410,835605
52959041415,835605
52959041420,835605
52959041421,835605
52959041424,835605
52959041428,835605
52959041430,835605
52959041440,835605
52959041460,835605
66105050010,835605
66267021012,835605
66267021020,835605
66267021030,835605
66267021040,835605
66267021056,835605
52959066600,836397
52959066602,836397
52959066620,836397
52959066628,836397
52959066630,836397
52959066640,836397
52959066656,836397
52959066660,836397
52959066690,836397
66267046820,836397
66267046840,836397
66267046860,836397
66869056435,2588484
66869056490,2588484
00003377211,1657192
00003377412,1657196
00003375614,2569081
00003373413,1991413
00003312001,2728492
00003612001,2700805
00003712511,2596784
00641600701,282486
00641600710,282486
00641616201,282486
00641616210,282486
00641628501,282486
00641628510,282486
25021032110,282486
31722036910,282486
31722036932,282486
65219057201,282486
65219057210,282486
67184059401,282486
67184059402,282486
68083049701,282486
68083049710,282486
68462047040,282486
68462047054,282486
70748032302,282486
70748032311,282486
70860040610,282486
70860040641,282486
72162263202,282486
72162263204,282486
72205010201,282486
72205010207,282486
72572004101,282486
72572004110,282486
83301008101,282486
83301008102,282486
00185012801,197417
00185012805,197417
00378024501,197417
00615861439,197417
00781809901,197417
00781809905,197417
00832054011,197417
14539070001,197417
14539070005,197417
16571067901,197417
23155090001,197417
23155090005,197417
23155090010,197417
42799011901,197417
43547089610,197417
44291017801,197417
50090512400,197417
50090566400,197417
50090630800,197417
50090773600,197417
50268013011,197417
50268013015,197417
51079089101,197417
51079089120,197417
51672422301,197417
68382052501,197417
68382052505,197417
68382052506,197417
68382052510,197417
68382052516,197417
69238148901,197417
69238148905,197417
70756007911,197417
70771102400,197417
70771102401,197417
70771102403,197417
70771102405,197417
70771102409,197417
72162219501,197417
72205005691,197417
72603029701,197417
72603088901,197417
72888001901,197417
76282079701,197417
81469022101,197417
00185012901,197418
00185012905,197418
00378037001,197418
00615861505,197418
00615861539,197418
00781811301,197418
00781811305,197418
00832054110,197418
00832054111,197418
00904701604,197418
00904701606,197418
00904701661,197418
14539070101,197418
14539070105,197418
16571067801,197418
16571067810,197418
23155090101,197418
23155090105,197418
23155090110,197418
42799012001,197418
42799012002,197418
43353028809,197418
43353028874,197418
43547089710,197418
43547089750,197418
44291017910,197418
50090566600,197418
50090566602,197418
50090613802,197418
50090634502,197418
50090796502,197418
50268013111,197418
50268013115,197418
51079089201,197418
51079089220,197418
51672422401,197418
55154357200,197418
55154434500,197418
55887035330,197418
60687038401,197418
60687038411,197418
60687038425,197418
60687038465,197418
60687038495,197418
63629496801,197418
63629496802,197418
63629496803,197418
63629496804,197418
63629496805,197418
63629496806,197418
68382052601,197418
68382052605,197418
68382052606,197418
68382052610,197418
68382052616,197418
69238149001,197418
69238149005,197418
70518438500,197418
70756008011,197418
70756008051,197418
70771102500,197418
70771102501,197418
70771102503,197418
70771102505,197418
70771102509,197418
71335001602,197418
71335169201,197418
71335169202,197418
71335169203,197418
71335169204,197418
71335169205,197418
71335169206,197418
71335267001,197418
71335292001,197418
72162219601,197418
72162219605,197418
72205005705,197418
72205005791,197418
72603029801,197418
72603029802,197418
72603090001,197418
72888002001,197418
76282079801,197418
76282079805,197418
81469022201,197418
81469022205,197418
82804011990,197418
82804028730,197418
00185013001,197419
00185013005,197419
00378041701,197419
00615861639,197419
00781816001,197419
00781816005,197419
00832054210,197419
00832054211,197419
00832064211,197419
14539070201,197419
14539070205,197419
16571067701,197419
16571067710,197419
23155090201,197419
23155090205,197419
23155090210,197419
42799012101,197419
42799012102,197419
42991018001,197419
43353029216,197419
43547089810,197419
43547089850,197419
44291018010,197419
50090512300,197419
50090566300,197419
50090613700,197419
50090630400,197419
50090735000,197419
50090785400,197419
50090787600,197419
50268013211,197419
50268013215,197419
51672422501,197419
60687053501,197419
60687053511,197419
60687053565,197419
68382052701,197419
68382052705,197419
68382052706,197419
68382052710,197419
68382052716,197419
69238149101,197419
69238149105,197419
70518438700,197419
70518447800,197419
70756008111,197419
70756008151,197419
70771102600,197419
70771102601,197419
70771102603,197419
70771102605,197419
70771102609,197419
71335270501,197419
71335270502,197419
71335270503,197419
71335299801,197419
72162219701,197419
72162219705,197419
72205005805,197419
72205005891,197419
72603029901,197419
72603029902,197419
72603090101,197419
72888002101,197419
76282079901,197419
76282079905,197419
81469022301,197419
81469022305,197419
82804028630,197419
00641600801,1727569
00641600810,1727569
00641616101,1727569
00641616110,1727569
00641628401,1727569
00641628410,1727569
25021032104,1727569
31722036831,1727569
31722036832,1727569
51662144901,1727569
55154152705,1727569
65219057001,1727569
65219057004,1727569
67184059301,1727569
67184059302,1727569
68083049601,1727569
68083049610,1727569
68462046940,1727569
68462046954,1727569
70748032301,1727569
70748032310,1727569
70860040504,1727569
70860040541,1727569
72162263302,1727569
72162263304,1727569
72205010101,1727569
72205010107,1727569
72572004001,1727569
72572004010,1727569
83301008001,1727569
83301008002,1727569
83854000701,1727569
83854000710,1727569
30698063001,205488
30698063101,205489
30698063105,205489
30698063201,205490
30698063205,205490
84388000506,2724443
84388000512,2724443
25682000101,700387
51759020813,2706345
71202001001,2706345
55513018001,2706358
00093557101,598006
00093557156,598006
13668060601,598006
13668060605,598006
13668060630,598006
24338010203,598006
24338010213,598006
46708039730,598006
46708039731,598006
46708039791,598006
50090036105,598006
50090591805,598006
50090591806,598006
51407085530,598006
52536010303,598006
52536010313,598006
55289007503,598006
55289007540,598006
55289007556,598006
55887058630,598006
55887058660,598006
55887058690,598006
62332039730,598006
62332039731,598006
62332039791,598006
66267009020,598006
66267009028,598006
66267009040,598006
67877076201,598006
67877076205,598006
67877076230,598006
67877076233,598006
69238148403,598006
70710104701,598006
70710104703,598006
70710104705,598006
70771154801,598006
70771154803,598006
70771154805,598006
71209010001,598006
71209010005,598006
72241003605,598006
72241003622,598006
73082001001,598006
73082001030,598006
75834024201,598006
75834024230,598006
00093557201,197650
00093557256,197650
13668060701,197650
13668060705,197650
13668060730,197650
24338010403,197650
24338010413,197650
46708039830,197650
46708039831,197650
46708039891,197650
51407085630,197650
52536010503,197650
52536010513,197650
52959081620,197650
52959081628,197650
52959081630,197650
55289002504,197650
55289002520,197650
55289002528,197650
55289002530,197650
55289002540,197650
58864019540,197650
62332039830,197650
62332039831,197650
62332039891,197650
66267009120,197650
66267009128,197650
66267009130,197650
66267009140,197650
67877076301,197650
67877076305,197650
67877076330,197650
67877076333,197650
69238148503,197650
70710104801,197650
70710104803,197650
70710104805,197650
70771154901,197650
70771154903,197650
70771154905,197650
71209010101,197650
71209010105,197650
72241003705,197650
72241003722,197650
73082002001,197650
73082002030,197650
75834024301,197650
75834024330,197650
52536013213,686400
52536013413,686400
52536013613,686400
60219150301,686400
62559044001,686400
62559044002,686400
62559063001,686400
69238150301,686400
71209010221,686400
72162265701,686400
75834029501,686400
85742002928,686400
52536013013,686418
60219150402,686418
62559063101,686418
69238150402,686418
71209010321,686418
72162265801,686418
75834029401,686418
85742003028,686418
00378640005,686405
24338011003,686405
24338011013,686405
52959006321,686405
52959006328,686405
52959006330,686405
52959006340,686405
55887007160,686405
63629183501,686405
63629183502,686405
55289011201,686355
55289011204,686355
55289011210,686355
55289011215,686355
55289011220,686355
55289011228,686355
55289011240,686355
55289011256,686355
55289011298,686355
47469016141,259258
03160441107,730778
31604041107,485707
70236010301,1999330
39328001030,2171111
71321080230,2171111
68176000017,313722
10481300001,702648
10481300003,702648
10481300005,702648
10135021901,313713
40093010606,313713
40985021302,313713
50268086915,313713
54629020001,313713
57896075101,313713
68016034510,313713
79854090010,313713
80681015900,313713
83035185101,313713
00179805202,210467
00761030020,210467
10135021801,210467
54629010001,210467
57896075401,210467
80681013400,210467
10432010901,199359
10432015501,199359
00536135201,412113
00536145829,412113
05388062812,412113
07610030220,412113
10135022001,412113
10135022003,412113
10135022010,412113
10135022030,412113
10135022050,412113
10135022060,412113
10939095728,412113
11694092301,412113
11694092302,412113
11694092304,412113
11845005051,412113
11845050501,412113
11917007463,412113
11917007513,412113
11917013988,412113
11917014669,412113
30768003268,412113
31604001160,412113
31604001162,412113
31604001191,412113
31604001224,412113
31604001882,412113
37205007478,412113
37205009085,412113
40093010202,412113
40985021245,412113
48433012201,412113
48433012210,412113
49523002105,412113
49523002110,412113
50268087011,412113
50268087013,412113
50428037010,412113
53191004301,412113
54629001535,412113
54629040001,412113
54629040501,412113
54629040601,412113
54629041002,412113
54629041101,412113
54629053503,412113
57896075201,412113
57896075230,412113
62617050506,412113
68016001803,412113
68016001805,412113
68016033810,412113
68016039100,412113
68016044200,412113
68094011759,412113
68094011761,412113
74312001751,412113
77333095110,412113
77333095125,412113
78742049904,412113
79854090020,412113
80681001100,412113
83035185201,412113
87701040754,412113
96295012784,412113
33674040211,412065
40985022884,1424281
00904027746,260476
00904027760,260476
05388081765,260476
10135021701,260476
10135021730,260476
11917007472,260476
11917013991,260476
31604001170,260476
40093010605,260476
50268087111,260476
50268087113,260476
50428043890,260476
54629000101,260476
54629010505,260476
57896075301,260476
68016001801,260476
74312001799,260476
81131067885,260476
83035185301,260476
83035185305,260476
37205016771,237726
72827010205,2556793
69771005004,1044412
77338005004,1044412
52410802000,1089065
52410802004,1089065
68747802000,1089065
68747802004,1089065
51552134605,797233
50428300107,199099
76348082534,199099
55946000357,199852
70983002101,199852
70983002102,199852
85453010111,199852
16864004101,637168
41250022626,899863
42669001304,899863
55663719201,899863
81638017100,2003464
75523020002,245663
00132032402,708071
00132032404,708071
00132032414,708071
62103033300,708071
62103033302,708071
62103033303,708071
62103033304,708071
62103033306,708071
62103033330,708071
62103033400,708071
62103033440,708071
55715000501,1039181
55715000502,1039181
55715000503,1039181
55715000504,1039181
55715000505,1039181
00168006202,198911
00168006216,198911
00168006231,198911
00536131625,198911
00536131628,198911
00536131698,198911
00536570025,198911
00536570098,198911
11527006534,198911
24385008646,198911
45861008206,198911
46122011846,198911
46122067646,198911
51552069305,198911
51824003203,198911
51824003204,198911
51824003215,198911
54162004028,198911
54162004056,198911
55681001701,198911
55681001702,198911
55681001715,198911
55681030403,198911
55681030404,198911
55681030405,198911
63868068602,198911
64068040201,198911
64068050001,198911
64068050002,198911
64068050003,198911
64772020101,198911
67777022201,198911
67777022202,198911
67777022203,198911
67777022301,198911
67777022302,198911
67777022303,198911
67777022304,198911
67777022305,198911
67777022306,198911
67777022311,198911
67777022313,198911
68001053245,198911
68001053246,198911
68001053350,198911
68016015902,198911
68016025200,198911
68747304003,198911
68747304004,198911
68747304005,198911
68747304006,198911
69396002102,198911
69396002154,198911
69396008602,198911
69452045058,198911
69771010938,198911
69771010939,198911
69842006534,198911
70000033401,198911
70512010330,198911
71399024502,198911
71399024503,198911
71399024506,198911
75834017001,198911
75834017002,198911
75834017015,198911
83324005201,198911
84387000101,198911
84546000401,198911
84546000402,198911
84546000403,198911
87236000701,198911
87236000716,198911
87236000728,198911
87236000756,198911
67777011901,238405
67777011902,238405
67777011910,238405
67777011912,238405
67777011920,238405
67777011921,238405
70000048801,238405
82778034204,418822
82778034216,418822
00363677157,244638
00363714201,244638
11527005840,244638
11527005841,244638
11822053401,244638
11917000451,244638
16864000093,244638
26052002801,244638
26052002802,244638
30142002026,244638
41163002026,244638
49035095226,244638
49035095243,244638
62103000194,244638
62103032302,244638
62103032304,244638
67091002026,244638
67234000101,244638
68016001272,244638
68016012820,244638
69396015201,244638
69842005820,244638
70000046901,244638
72288098926,244638
81929000201,244638
83324004201,244638
87236001804,244638
93595202001,578124
45732001640,1312459
45732002640,1312459
54023812107,756008
62617040502,199156
00074636902,863603
24338013402,863603
24338013610,863603
80005015218,863603
80005015334,863603
24338013213,686402
24338013013,686420
80005015518,686420
24338010003,863606
66267008640,863606
70518468100,863606
70518468101,863606
80005016108,863606
24338010603,750839
55289005040,750839
61703041977,210453
61703041978,210453
66591080012,210453
66591080030,210453
67777022601,1550952
67777022602,1550952
67777022603,1550952
67777022604,1550952
61924020404,1089069
61924020405,1089069
61924020408,1089069
61924020415,1089069
61924020416,1089069
00178033002,1494206
00178033003,1494206
00178033008,1494206
00178034903,1494206
71269000602,1494206
71269000603,1494206
71269000608,1494206
11086002101,729935
11086002102,729935
11086002103,729935
16864002101,729935
16864002102,729935
16864002103,729935
16864002104,729935
16864002105,729935
16864002106,729935
16864002107,729935
16864003101,729935
79473102001,729935
54323021502,1086022
54323021503,1086022
55715000202,1039185
55715000206,1039185
43447944002,1421552
00501340002,260502
02359046013,1366149
13349001055,1539265
64011016636,995864
00143972501,312644
00517075001,312644
00591312879,312644
55150030610,312644
63323026110,312644
70700028622,312644
00054082925,260243
16714015701,260243
42291078401,260243
42291078430,260243
43598034901,260243
50090252700,260243
50090252701,260243
50090324000,260243
50090465600,260243
50090465601,260243
50090592800,260243
50090592801,260243
50090647500,260243
50090647501,260243
50090677100,260243
50090677101,260243
50090683500,260243
50090683501,260243
51407098001,260243
51655054226,260243
51655054252,260243
59651015201,260243
60429086801,260243
65162080710,260243
65162080750,260243
68071355703,260243
68071355706,260243
68071355708,260243
68071355709,260243
68071395203,260243
68071395208,260243
68788406803,260243
68788829603,260243
68788870903,260243
69452014820,260243
69452023320,260243
69543037410,260243
70518256000,260243
70518256001,260243
70518256002,260243
70518416600,260243
70518455200,260243
70700016201,260243
71205068430,260243
71205068460,260243
71205068490,260243
71205090211,260243
71205090230,260243
71205090255,260243
71205090260,260243
71205090272,260243
71205090290,260243
71335144301,260243
71335144302,260243
71335144303,260243
71335144304,260243
71335144305,260243
71335144306,260243
71335144307,260243
71335144308,260243
71335191301,260243
71335191302,260243
71335191303,260243
71335191304,260243
71335191305,260243
71335191306,260243
71335191307,260243
71335191308,260243
71335973901,260243
71335973902,260243
71335973903,260243
71335973904,260243
71335973905,260243
71335973906,260243
71335973907,260243
71335973908,260243
72189020490,260243
72189065490,260243
73190006401,260243
76420005810,260243
76420005830,260243
76420005890,260243
76420007210,260243
76420007230,260243
76420007290,260243
76420026701,260243
76420026710,260243
76420026730,260243
76420026760,260243
76420026790,260243
76420028101,260243
76420028130,260243
76420028160,260243
76420028190,260243
76420058210,260243
76420058230,260243
76420058260,260243
76420058290,260243
68462017533,725094
68462017540,725094
70095013601,725094
70095013602,725094
70095013603,725094
70700020168,725094
70700020169,725094
70700020170,725094
00054083025,312641
16714015801,312641
42291078501,312641
42291078530,312641
43598035001,312641
51407098101,312641
59651015301,312641
63629853001,312641
65162080810,312641
65162080850,312641
68071352903,312641
68071352906,312641
68071352908,312641
68071352909,312641
68071395308,312641
68788401503,312641
68788829503,312641
68788871903,312641
69452014920,312641
69452023420,312641
69543037510,312641
70700016301,312641
71205066930,312641
71205090311,312641
71205090330,312641
71205090355,312641
71205090360,312641
71205090372,312641
71205090390,312641
71335140601,312641
71335140602,312641
71335140603,312641
71335140604,312641
71335140605,312641
71335140606,312641
71335140607,312641
71335140608,312641
71335140609,312641
71335199000,312641
71335199001,312641
71335199002,312641
71335199003,312641
71335199004,312641
71335199005,312641
71335199006,312641
71335199007,312641
71335199008,312641
71335199009,312641
71335224200,312641
71335224201,312641
71335224202,312641
71335224203,312641
71335224204,312641
71335224205,312641
71335224206,312641
71335224207,312641
71335224208,312641
71335224209,312641
72189021790,312641
72189034790,312641
73190006501,312641
76420005910,312641
76420005930,312641
76420005990,312641
76420007310,312641
76420007330,312641
76420007390,312641
76420028201,312641
76420028230,312641
76420028260,312641
76420028290,312641
76420057401,312641
76420057410,312641
76420057430,312641
76420057460,312641
76420057490,312641
76420058010,312641
76420058030,312641
76420058060,312641
76420058090,312641
82804026830,312641
82018002602,2716918
82018002703,2716918
00247207333,313142
11534020101,313142
11534020107,313142
59762010401,313142
59762010402,313142
59762010405,313142
59762010406,313142
00093323401,198232
00093323405,198232
00093323410,198232
11534020001,198232
11534020004,198232
11534020007,198232
16571026101,198232
16571026130,198232
23155001901,198232
43353049553,198232
43353049580,198232
50090008600,198232
50090008603,198232
50090008604,198232
50090693600,198232
59762500001,198232
59762500002,198232
59762500005,198232
59762500006,198232
62135096001,198232
62135096005,198232
62135096010,198232
62135096031,198232
63629971501,198232
70518182900,198232
70518182901,198232
70518182902,198232
70518182903,198232
70518182904,198232
71610057770,198232
71610057780,198232
71610070670,198232
71610070680,198232
00023615004,153579
00023615005,153579
00023615108,153580
00023615109,153580
69543037230,262080
72989037230,262080
55566650001,725098
55566650002,725098
55566650003,725098
55566650004,725098
55566650007,725098
55566650008,725098
69543037330,261319
72989037330,261319
54771153301,1251725
54771520701,1372909
00013010201,724154
00013010220,724154
00013010250,724154
00013010260,724154
00247185133,724154
00013010101,208437
00013010110,208437
00013010120,208437
00013010130,208437
50261025105,2632846
50261025130,2632846
68308075100,2632846
68308075130,2632846
50261021105,2108930
50261021130,2108930
68308075000,2108930
68308075030,2108930
00363223110,702050
00363223215,702050
00363323001,702050
00904662735,702050
00904747835,702050
11527014351,702050
11527081074,702050
11673076105,702050
11673076106,702050
11673079315,702050
11822122207,702050
11822122401,702050
11822122601,702050
11822611700,702050
11822611701,702050
11917005135,702050
11917010546,702050
11917016305,702050
13709031301,702050
13709031401,702050
21130079315,702050
24385050001,702050
24385050305,702050
24385095502,702050
36800083533,702050
37205045705,702050
37205045803,702050
37205061556,702050
41163083534,702050
41250028234,702050
41250083533,702050
46122024905,702050
46122055605,702050
46122055705,702050
49035055201,702050
49035086201,702050
49035086202,702050
49348039529,702050
50090389300,702050
50090527300,702050
50090751000,702050
50428036851,702050
50428041611,702050
50804010401,702050
50804010407,702050
50804011701,702050
50804011711,702050
50804034161,702050
51316082200,702050
51316082300,702050
52412017501,702050
52959018300,702050
53943083533,702050
53943083834,702050
55319083501,702050
55319083601,702050
55758050601,702050
57896033905,702050
59256000102,702050
59256083634,702050
59779048601,702050
62011048301,702050
62011048401,702050
63868002615,702050
63868002716,702050
63941083533,702050
63941083634,702050
65923063915,702050
66267097615,702050
66354000581,702050
66354000680,702050
66354000782,702050
68016079315,702050
68093450301,702050
68229010201,702050
68229010202,702050
68229010203,702050
68788858601,702050
68788861501,702050
69168048868,702050
69256011701,702050
69428000200,702050
69428000300,702050
69452037775,702050
69452037795,702050
69469065005,702050
69842004001,702050
69842004301,702050
69842009745,702050
69842009790,702050
69842085906,702050
69842085915,702050
69842087714,702050
70000049001,702050
70000049002,702050
70000068801,702050
70000068901,702050
70677115301,702050
70677115401,702050
71205026015,702050
72476083834,702050
72724000115,702050
73390010114,702050
75712030114,702050
76162083634,702050
78742001190,702050
79903040350,702050
79903095006,702050
79903095015,702050
82498014915,702050
82645009745,702050
82645009790,702050
83324028205,702050
83324028305,702050
84320000100,702050
84320000200,702050
00168012691,631799
00363610701,631799
00395009891,631799
00927008631,631799
11822107600,631799
11822123301,631799
13709034701,631799
36800006491,631799
37205061701,631799
37205061801,631799
37205061901,631799
37808009891,631799
42037000034,631799
42037000171,631799
49035098991,631799
53943009891,631799
58988110001,631799
63029032301,631799
63029032501,631799
63736032473,631799
63736032700,631799
63736032712,631799
63736032724,631799
63868040801,631799
66354000186,631799
68016082091,631799
68093450101,631799
69842009891,631799
70000047801,631799
76162010701,631799
82645009891,631799
82645092591,631799
10956061653,827778
13709023001,1245627
13709023010,1245627
50090742600,1245627
42037010478,827654
42037010479,827654
50090420100,827654
63029032101,827654
63029032102,827654
63029032201,827654
63029032202,827654
71205013615,827654
00274218015,827766
00927067623,827760
67172036101,827710
67172036102,827710
78112073621,827710
78112073623,827710
15579083834,2588948
15579083933,2588948
13709031201,2540674
58198554501,2467549
58198553501,1986803
58198553502,1986803
58198553503,1986803
00404999302,1654169
00641611301,1654169
17478054202,1654169
17478054225,1654169
25021031802,1654169
25021031804,1654169
51662163101,1654169
51662163201,1654169
63323065100,1654169
63323065102,1654169
67457085500,1654169
67457085502,1654169
68083015610,1654169
70518420700,1654169
70518420701,1654169
70518420702,1654169
70518420703,1654169
71872720901,1654169
71872733501,1654169
72078003300,1654169
72078003302,1654169
84549031802,1654169
25021030167,727360
55648063001,727360
63323065121,727360
63323065189,727360
64679063001,727360
68083010101,727360
84549003167,727360
51662145001,1654186
51662145002,1654186
51662145003,1654186
63323065101,1654186
63323065104,1654186
67457085400,1654186
67457085404,1654186
68083015710,1654186
25021030168,727355
51662151101,727355
51662164301,727355
51662164302,727355
51662164303,727355
55648063002,727355
63323065123,727355
63323065190,727355
64679063002,727355
68083010102,727355
00409193201,1654035
00703877601,1654035
16714018001,1654035
16714055601,1654035
17478054420,1654035
23155025831,1654035
23155025841,1654035
55150019201,1654035
55150019220,1654035
63323065120,1654035
67457085620,1654035
67457085820,1654035
71288020720,1654035
71288020721,1654035
00703877701,1654040
16714097201,1654040
16714099701,1654040
17478054430,1654040
23155025832,1654040
23155025842,1654040
55150019301,1654040
55150019330,1654040
63323065130,1654040
67457085730,1654040
67457085930,1654040
71288020830,1654040
00469823414,727357
58407062501,1236716
58407062506,1236716
58407062530,1236716
42794000308,881341
60505394703,881341
61958050101,881343
51285017402,1099936
51285017502,1099940
51285013850,1099941
00143938401,1731077
00143942801,1731077
00338000801,1731077
00591438579,1731077
00781349775,1731077
16714012001,1731077
16714024801,1731077
16714092901,1731077
31722016531,1731077
43598067111,1731077
43598085911,1731077
43598094811,1731077
55150029901,1731077
60505610501,1731077
63323097210,1731077
67184054001,1731077
67457088910,1731077
68001042122,1731077
68001052336,1731077
68001067525,1731077
68180069001,1731077
69097083037,1731077
70860078010,1731077
70860078210,1731077
70860078310,1731077
71288041810,1731077
71731511101,1731077
71839010401,1731077
72162263602,1731077
72205002601,1731077
72205005401,1731077
72205008301,1731077
72603045001,1731077
81952091101,1731077
83634077610,1731077
70121263101,2664071
82449023101,2664071
00006306100,1731082
00006306101,1731082
00006306105,1731082
00006394101,1731082
84126031106,2685488
51316064604,1049884
69536034504,1049884
82442036708,1049884
00113018630,1248354
00113018640,1248354
00363730012,1248354
00363730024,1248354
00363802002,1248354
00363802045,1248354
00363802096,1248354
00363802097,1248354
11673028502,1248354
11673073092,1248354
11673075012,1248354
11673075024,1248354
11822753001,1248354
11822800201,1248354
11822800202,1248354
11822800209,1248354
21130001406,1248354
21130001412,1248354
21130001424,1248354
21130071101,1248354
21130071102,1248354
30142009502,1248354
30142009596,1248354
37808018630,1248354
37808018640,1248354
37835031930,1248354
37835051912,1248354
41163018630,1248354
41163018640,1248354
41226073012,1248354
41250004430,1248354
41250004440,1248354
41250004450,1248354
41250073812,1248354
41250085312,1248354
41520003406,1248354
41520003412,1248354
42507095940,1248354
46122020430,1248354
46122075429,1248354
49035033002,1248354
49035033045,1248354
49035033096,1248354
49035070402,1248354
49580031402,1248354
49580031404,1248354
49580031406,1248354
50844020002,1248354
50844020045,1248354
50844020096,1248354
50844025045,1248354
53041063358,1248354
53942052228,1248354
53943052225,1248354
53943052228,1248354
55319080202,1248354
55319080245,1248354
55910011412,1248354
55910018630,1248354
55910018634,1248354
55910089912,1248354
55910098102,1248354
55910098104,1248354
59779073012,1248354
59779089306,1248354
59779089312,1248354
59779089324,1248354
63868001606,1248354
66715654304,1248354
67091063006,1248354
68016021912,1248354
68163073006,1248354
68391018640,1248354
68391079301,1248354
68391079309,1248354
69168044639,1248354
69168048639,1248354
69423081212,1248354
69423081224,1248354
69423083012,1248354
69423083024,1248354
69842047002,1248354
69842075312,1248354
70000017401,1248354
70000017402,1248354
70000031101,1248354
72288018640,1248354
76162020045,1248354
76281052224,1248354
76281052225,1248354
76281052228,1248354
82501018600,1248354
83324001506,1248354
83324033606,1248354
84126030603,1248354
84126037012,1248354
84126037024,1248354
84126037112,1248354
84379028404,1248354
85828079301,1248354
00113037926,1049906
00121048900,1049906
00121048905,1049906
00121086500,1049906
00121086505,1049906
00121086530,1049906
00121097800,1049906
00121097810,1049906
00121173000,1049906
00121173010,1049906
00121173030,1049906
00363123626,1049906
00363710004,1049906
00363801836,1049906
00904698516,1049906
00904698520,1049906
00904732341,1049906
00904732370,1049906
00904732466,1049906
00904732472,1049906
00904753315,1049906
00904753320,1049906
00904755966,1049906
00904755972,1049906
00904756041,1049906
00904756070,1049906
00927061712,1049906
11383017908,1049906
11673081736,1049906
11673083204,1049906
11673083208,1049906
11673091836,1049906
11822037900,1049906
11822037901,1049906
11822091801,1049906
11822304005,1049906
11822332005,1049906
15127050404,1049906
21130002504,1049906
21130056305,1049906
24286156504,1049906
24385037926,1049906
30142040426,1049906
30142040434,1049906
30142065126,1049906
30142065134,1049906
36800037926,1049906
36800037934,1049906
37205056534,1049906
37808001208,1049906
37808037926,1049906
41163037926,1049906
41163037934,1049906
41226071008,1049906
41250037926,1049906
41250037934,1049906
41250052357,1049906
41250071008,1049906
41520063226,1049906
42507037900,1049906
42507037926,1049906
46122035626,1049906
46122036126,1049906
46122067426,1049906
46122068526,1049906
46122079329,1049906
49035010104,1049906
49035037926,1049906
49035037934,1049906
49035060004,1049906
49348004534,1049906
49348004537,1049906
49348020537,1049906
49580029202,1049906
49580029204,1049906
49580029304,1049906
50001080575,1049906
50090470300,1049906
50090616300,1049906
50090654100,1049906
50090782400,1049906
50428031575,1049906
50428041128,1049906
50844001519,1049906
51316015019,1049906
51316018019,1049906
51316018036,1049906
51316071008,1049906
52959012303,1049906
52959012306,1049906
53942050524,1049906
53943050526,1049906
54859081116,1049906
54859083704,1049906
55045125202,1049906
55319031536,1049906
55319091836,1049906
55887056204,1049906
55910012436,1049906
55910037926,1049906
55910037934,1049906
55910089104,1049906
56062037926,1049906
57237030512,1049906
57237030516,1049906
57237031705,1049906
57237031751,1049906
57237031801,1049906
57237031811,1049906
57896078016,1049906
57896098004,1049906
57896098016,1049906
58292001005,1049906
58602002224,1049906
58657052804,1049906
58657052816,1049906
59779071010,1049906
59779079310,1049906
59779087426,1049906
59779087434,1049906
59779097324,1049906
60687082940,1049906
60687082946,1049906
60687082986,1049906
60687083008,1049906
60687083042,1049906
60687083048,1049906
60687083056,1049906
62011028401,1049906
63629115901,1049906
63629116001,1049906
63868012804,1049906
63868037004,1049906
63868082354,1049906
63941029204,1049906
63941050526,1049906
63941071004,1049906
67091035418,1049906
68016002504,1049906
68016002508,1049906
68016010104,1049906
68016071304,1049906
68071373404,1049906
68094002259,1049906
68094002262,1049906
68094002459,1049906
68094002462,1049906
68163071008,1049906
68788799401,1049906
68788827401,1049906
68998050524,1049906
69067009204,1049906
69168047159,1049906
69256029208,1049906
69339015105,1049906
69339015117,1049906
69339015119,1049906
69339015201,1049906
69339015217,1049906
69339015219,1049906
69676003909,1049906
69676007409,1049906
69842017436,1049906
69842071919,1049906
69842079836,1049906
70000024501,1049906
70000024502,1049906
70000024601,1049906
70000047401,1049906
70000047402,1049906
70000049201,1049906
70000069301,1049906
70000070101,1049906
70677014401,1049906
70677014402,1049906
70677101201,1049906
70677101202,1049906
70677126801,1049906
70677126802,1049906
71085010519,1049906
71205025904,1049906
71399002304,1049906
71399002306,1049906
71399002308,1049906
71399012504,1049906
71399012506,1049906
71399012508,1049906
71800005819,1049906
71872724201,1049906
72162167402,1049906
72162167404,1049906
72288037926,1049906
72288037934,1049906
73282252101,1049906
73282252102,1049906
73282252103,1049906
73282252104,1049906
73282252105,1049906
73282252401,1049906
73282252402,1049906
73480015004,1049906
73564081416,1049906
76281050524,1049906
79903017508,1049906
79903017599,1049906
79903036804,1049906
79903041104,1049906
79903041108,1049906
80513020116,1049906
81033000305,1049906
81033000310,1049906
81033000340,1049906
81033000350,1049906
81033002916,1049906
81522029304,1049906
82179000404,1049906
82442071008,1049906
82568001604,1049906
82568001606,1049906
82568001608,1049906
82673010904,1049906
82673019104,1049906
83035107009,1049906
83324001604,1049906
83324032604,1049906
83324033904,1049906
83720050204,1049906
83720050208,1049906
83720050216,1049906
83939000701,1049906
83939000702,1049906
83939000703,1049906
83939000704,1049906
83939000705,1049906
83939000801,1049906
83939000802,1049906
83939000803,1049906
83939000804,1049906
83939000805,1049906
84379028604,1049906
84415001201,1049906
84415001301,1049906
84447010301,1049906
84447010304,1049906
84447010316,1049906
87078041152,1049906
87078042152,1049906
71598012019,2671699
67777040701,1427410
67777040702,1427410
67777040703,1427410
67777040704,1427410
67777040710,1427410
67777040711,1427410
67777040712,1427410
67777040713,1427410
52410306604,1865206
68747608201,1865206
68599531206,436525
69822000306,436525
87781000101,2745297
64768292201,2106103
50484031100,248279
62206285001,248279
69740031100,248279
69740031200,248279
80489044401,248279
80489044402,248279
80489044403,248279
52915014005,417994
52915014029,417994
76077030004,417994
76077030007,417994
11673022626,349404
46122027946,349404
47046017901,349404
56152500301,349404
56152500302,349404
59608001701,349404
63941022626,349404
64024022626,349404
66902044904,349404
71141062226,349404
42681003201,1546589
69366050717,1546589
69366050733,1546589
70631003957,1546589
73517042701,1546589
73517042702,1546589
73517042703,1546589
83432040200,1546589
84723000701,1546589
84723000702,1546589
84723000703,1546589
87676000101,1546589
61649026001,245660
70793001010,245660
70793001034,245660
83369000201,245660
45737070104,1793915
52083068004,1793915
52410304003,417425
52410304004,417425
52410304005,417425
52410304006,417425
62654014504,417425
62654014505,417425
82897037900,2623963
61598020000,416750
69367018804,1734937
58809045004,2106107
61481003602,1125471
71630054960,1125471
79265856603,1125471
79265858001,1125471
50484032500,477180
69740032400,477180
69740032500,477180
37205098113,1305337
57337015101,1305337
57337016401,1305337
57337016501,1305337
57337016901,1305337
57337017001,1305337
58503017001,1305337
58503020201,1305337
58503020501,1305337
62588090402,1305337
73418030004,1305337
73418030101,1305337
77338016401,1305337
77338016402,1305337
82897046800,1305337
69384006001,1052932
64724101701,1245937
82343001001,1245937
49967024201,1043014
49967024202,1043014
49967024203,1043014
52000041512,1043014
52000041612,1043014
57337017801,1043014
57337017901,1043014
58503021001,1043014
58503021101,1043014
64942244701,1043014
67777013980,1043014
67777013981,1043014
84126022132,1043014
84126025835,1043014
10056000601,1091088
71566010008,1091088
71566020008,1091088
00363260601,209884
00363413801,209884
00363428801,209884
00363428901,209884
00363466601,209884
00363467301,209884
10967065025,209884
11344013132,209884
11344015332,209884
11509522501,209884
11673015311,209884
11673015335,209884
11673015386,209884
11673064311,209884
11673064386,209884
12022002300,209884
12022002400,209884
12022003600,209884
12022003800,209884
21130015315,209884
21130015335,209884
21130015340,209884
21130029615,209884
21130029635,209884
21130029640,209884
21130094215,209884
21130094235,209884
21130094240,209884
24385045548,209884
30142015315,209884
30142015335,209884
30142015340,209884
30142015342,209884
30142015386,209884
30142029615,209884
30142029632,209884
30142029635,209884
30142029640,209884
30142031115,209884
30142031135,209884
30142031140,209884
30142078815,209884
30142078832,209884
36800008715,209884
36800008732,209884
36800015315,209884
36800015321,209884
36800015332,209884
36800028115,209884
36800028132,209884
36800049715,209884
36800049732,209884
37808007015,209884
37808007032,209884
37808015315,209884
37808015332,209884
37808015335,209884
37808015340,209884
37808028115,209884
37808028132,209884
37808029615,209884
37808029632,209884
37808029635,209884
37808029640,209884
37808031115,209884
37808031132,209884
37808031135,209884
37808031140,209884
37808031142,209884
37808031186,209884
37808061215,209884
37808061232,209884
37808061235,209884
41163002415,209884
41163002432,209884
41163002435,209884
41163002440,209884
41163015315,209884
41163015332,209884
41163015335,209884
41163015340,209884
41163025315,209884
41163025332,209884
41163026635,209884
41163026640,209884
41163029615,209884
41163029632,209884
41163029635,209884
41163044009,209884
41167061500,209884
41167602001,209884
41250015315,209884
41250015332,209884
41250015335,209884
41250015340,209884
41250015342,209884
41250015386,209884
41250028115,209884
41250028132,209884
41250028135,209884
41250031115,209884
41250031132,209884
41250031135,209884
41250031142,209884
41250031186,209884
41250095215,209884
41250095232,209884
41250095235,209884
49035018401,209884
49035018402,209884
49035018403,209884
49035018404,209884
49035018501,209884
49035018502,209884
49035018503,209884
49035018504,209884
49035024901,209884
49035024902,209884
49035025001,209884
49035025002,209884
49035025401,209884
49035025601,209884
49035025602,209884
49035026301,209884
49035026302,209884
49035068001,209884
49035068002,209884
49035068301,209884
49035068302,209884
49035068303,209884
49035072801,209884
49035072802,209884
49348060142,209884
49967005201,209884
49967005202,209884
49967005203,209884
49967005601,209884
49967026601,209884
49967026602,209884
49967026603,209884
49967029801,209884
49967029802,209884
49967029803,209884
49967038801,209884
49967038802,209884
49967038901,209884
49967038902,209884
49967079501,209884
49967079502,209884
49967079503,209884
50718002101,209884
50718002102,209884
50718003501,209884
50804031115,209884
50804031132,209884
51316017801,209884
53942015315,209884
53942015332,209884
53942025315,209884
53942025332,209884
53942028115,209884
53942028132,209884
53942031115,209884
53942031132,209884
54111016950,209884
55301015315,209884
55301015321,209884
55301015332,209884
55301028115,209884
55301028132,209884
55319032001,209884
55319038601,209884
55319038602,209884
55319038603,209884
55319044401,209884
55319069101,209884
55319076801,209884
55910015315,209884
55910015332,209884
55910015335,209884
55910015342,209884
55910015386,209884
55910031115,209884
55910031132,209884
55910031135,209884
55910031186,209884
55910049615,209884
55910049632,209884
55910089815,209884
55910089832,209884
55910089835,209884
55910089886,209884
55910092115,209884
55910092132,209884
55910094215,209884
55910094232,209884
55910094235,209884
56062015315,209884
56062015332,209884
56062031115,209884
56062031132,209884
59779015315,209884
59779015332,209884
59779015335,209884
59779015340,209884
59779029615,209884
59779029632,209884
59779029635,209884
59779029640,209884
59779031115,209884
59779031132,209884
59779031135,209884
59779031140,209884
59779031142,209884
59779031186,209884
61995243908,209884
63148020820,209884
63148021112,209884
63148021212,209884
63148021412,209884
63148041740,209884
63148058014,209884
63766000201,209884
63766000202,209884
63766000203,209884
63766000301,209884
63766000302,209884
63766000303,209884
63941015315,209884
63941015332,209884
63941029632,209884
63941031118,209884
63941031132,209884
63941095215,209884
63941095232,209884
64024015342,209884
64024015392,209884
64024031142,209884
64024031192,209884
64942135301,209884
64942135302,209884
64942135304,209884
64942162201,209884
64942162202,209884
64942162204,209884
64942162205,209884
64942244101,209884
64942244201,209884
64942244202,209884
64942244301,209884
64942244401,209884
64942244402,209884
64942244403,209884
64942244501,209884
64942244502,209884
64942244601,209884
67091017602,209884
67091017614,209884
67091017802,209884
67091017814,209884
67091017902,209884
67091017914,209884
68998013201,209884
68998013301,209884
68998013401,209884
69423059123,209884
69423059130,209884
70000053301,209884
70000074801,209884
70533000302,209884
70533000314,209884
70533000402,209884
70533000414,209884
71990071201,209884
72036015315,209884
72036015332,209884
72288091115,209884
72288091132,209884
72288091135,209884
72288095315,209884
72288095332,209884
72474010001,209884
72474010101,209884
72474010301,209884
72476015315,209884
72476015332,209884
72476015335,209884
72476015340,209884
72476015342,209884
72476015386,209884
72476025315,209884
72476025332,209884
72476028115,209884
72476028132,209884
72476029615,209884
72476029632,209884
72476031115,209884
72476031132,209884
72476031135,209884
72476031140,209884
72476031186,209884
72476036201,209884
72476036202,209884
72476061215,209884
72476061232,209884
73324000101,209884
73324000201,209884
73324009008,209884
73324009108,209884
73528010001,209884
73528010002,209884
73528010003,209884
73528010004,209884
73528011001,209884
73528011002,209884
73528011003,209884
73528011004,209884
73528011005,209884
73597002010,209884
75376032013,209884
75376032113,209884
75376032213,209884
75593000110,209884
75712047032,209884
76162035332,209884
76162036232,209884
76162097032,209884
79903000201,209884
79903000301,209884
79903000401,209884
79903033201,209884
79903033301,209884
82046007701,209884
82046007702,209884
82046022801,209884
82046022802,209884
82046026601,209884
82046026602,209884
83037000108,209884
83324032013,209884
83324032113,209884
83324032213,209884
83484033356,209884
83711030528,209884
83711030628,209884
83711030728,209884
83711030775,209884
83711030828,209884
83711030875,209884
84126021937,209884
84126021983,209884
84126025635,209884
85434000101,209884
85434000201,209884
85434000401,209884
85434000501,209884
85567032301,209884
83524096500,426904
45334020607,244458
45334020608,244458
51326020367,244458
52261140001,244458
52261140002,244458
62673017610,244458
69384004001,244458
71194001001,244458
71819001737,244458
71819001804,244458
71819001904,244458
83037000208,244458
85521000208,244458
87117097000,244458
53329015344,1494207
53329014414,1494214
53329014416,1494214
53329014444,1494214
53329014496,1494214
53329009716,1860083
53329009744,1860083
53329009796,1860083
00363002002,1437774
00363075312,1437774
00363173012,1437774
49348041256,1494599
36800020030,1437306
36800020034,1437306
36800020040,1437306
36800020050,1437306
23900001396,1248356
23900001398,1248356
23900001531,1248356
23900001619,1248356
23900003855,1248356
23900003856,1248356
23900003858,1248356
23900003859,1248356
37000043012,1248356
37000043106,1248356
37000043112,1248356
37000043124,1248356
37000050001,1248356
37000050006,1248356
37000050008,1248356
37000050012,1248356
37000050024,1248356
37000050036,1248356
69423079512,1248356
84126031604,1248356
58809075050,2200123
58809064330,1789746
30103004000,967558
30103004100,967558
30103004200,967558
30103004500,967558
30103004600,967558
41167002440,967558
52412028502,967558
52412028503,967558
52412028504,967558
52412028512,967558
52412028516,967558
52412040002,967558
52412040004,967558
52412040005,967558
52412040016,967558
52412050003,967558
52412050012,967558
00501340102,1090577
00501340104,1090577
58232007193,1090577
69968060301,1090577
69968060302,1090577
69968060304,1090577
69968060305,1090577
74300000300,1090577
10356010502,1663733
10356010510,1663733
10356010523,1663733
10356010529,1663733
72140000250,1663733
58809037504,1734942
52358000101,1432514
52358000102,1432514
52358000103,1432514
69423010310,1044465
69423010331,1044465
69423010359,1044465
69423010361,1044465
69423010390,1044465
69423016032,1044465
69423016059,1044465
69423016065,1044465
69423017110,1044465
69423017232,1044465
69423027931,1044465
69423031925,1044465
69423031932,1044465
69423034727,1044465
69423034827,1044465
69423034875,1044465
69423034927,1044465
69423034983,1044465
69423035027,1044465
69423057140,1044465
69423057193,1044465
84126023431,1044465
82157001210,1593569
82157001220,1593569
69423056827,1441563
54340000316,1091092
54340000321,1091092
69188010007,2606313
69188030007,2606313
37000006194,1043244
37000006199,1043244
37000006203,1043244
37000006205,1043244
37000007001,1043244
37000007012,1043244
37000007025,1043244
37000007037,1043244
37000007040,1043244
37000007061,1043244
37000007070,1043244
37000007083,1043244
37000007095,1043244
37000007101,1043244
37000007102,1043244
37000007111,1043244
37000007112,1043244
37000007125,1043244
37000007137,1043244
37000007140,1043244
37000007150,1043244
37000007161,1043244
37000007170,1043244
37000007183,1043244
37000007190,1043244
37000007195,1043244
37000007701,1043244
37000007702,1043244
37000007725,1043244
37000007737,1043244
37000007740,1043244
37000007761,1043244
37000007770,1043244
37000007783,1043244
37000007795,1043244
37000007801,1043244
37000007802,1043244
37000007811,1043244
37000007812,1043244
37000007825,1043244
37000007837,1043244
37000007840,1043244
37000007861,1043244
37000007870,1043244
37000007883,1043244
37000007895,1043244
37000007901,1043244
37000007937,1043244
37000007940,1043244
37000007961,1043244
37000007970,1043244
37000007983,1043244
37000007995,1043244
37000008101,1043244
37000008125,1043244
37000008137,1043244
37000008140,1043244
37000008161,1043244
37000008170,1043244
37000008195,1043244
37000009201,1043244
37000009225,1043244
37000009237,1043244
37000009240,1043244
37000009261,1043244
37000009271,1043244
37000009283,1043244
37000009295,1043244
37000009301,1043244
37000009302,1043244
37000009311,1043244
37000009312,1043244
37000009325,1043244
37000009337,1043244
37000009340,1043244
37000009361,1043244
37000009370,1043244
37000009383,1043244
37000009395,1043244
37000009410,1043244
37000009437,1043244
37000009438,1043244
37000009450,1043244
37000009461,1043244
37000009465,1043244
37000009490,1043244
37000009501,1043244
37000009512,1043244
37000009513,1043244
37000009537,1043244
37000009538,1043244
37000009561,1043244
37000009565,1043244
37000009583,1043244
37000009593,1043244
37000047365,1043244
37000047366,1043244
37000052025,1043244
37000073344,1043244
37000078279,1043244
37000078282,1043244
37000078287,1043244
37000078311,1043244
67751005301,1043244
69423024737,1043244
69423024738,1043244
69423027837,1043244
69423027838,1043244
69423027865,1043244
69423029301,1043244
69423029302,1043244
69423029311,1043244
69423029312,1043244
69423029325,1043244
69423029337,1043244
69423029338,1043244
69423029361,1043244
69423029365,1043244
69423029383,1043244
69423029390,1043244
69423029393,1043244
69423029437,1043244
69423029438,1043244
69423029461,1043244
69423029465,1043244
69423031137,1043244
69423031138,1043244
69423031161,1043244
69423031165,1043244
69423031183,1043244
69423031193,1043244
69423031237,1043244
69423031238,1043244
69423031265,1043244
69423031525,1043244
69423031537,1043244
69423031540,1043244
69423031601,1043244
69423031637,1043244
69423031640,1043244
69423031670,1043244
69423031683,1043244
69423031695,1043244
69423032637,1043244
69423032638,1043244
69423032661,1043244
69423032665,1043244
69423032701,1043244
69423032725,1043244
69423032737,1043244
69423032738,1043244
69423032761,1043244
69423032765,1043244
69423032783,1043244
69423032793,1043244
69423032901,1043244
69423032937,1043244
69423032938,1043244
69423032961,1043244
69423032965,1043244
69423032983,1043244
69423032993,1043244
69423034301,1043244
69423034335,1043244
69423034435,1043244
69423034490,1043244
69423034535,1043244
69423034583,1043244
69423034635,1043244
69423041237,1043244
69423041238,1043244
69423041283,1043244
69423041293,1043244
69423041537,1043244
69423041538,1043244
69423041583,1043244
69423041590,1043244
69423041593,1043244
69423041601,1043244
69423041637,1043244
69423041640,1043244
69423041695,1043244
69423041701,1043244
69423041712,1043244
69423041737,1043244
69423041740,1043244
69423041761,1043244
69423041783,1043244
69423041795,1043244
69423052101,1043244
69423052137,1043244
69423052140,1043244
69423052183,1043244
69423052195,1043244
69423052212,1043244
69423052237,1043244
69423052240,1043244
69423058938,1043244
69423060838,1043244
69423061937,1043244
69423061938,1043244
69423062037,1043244
69423062040,1043244
69423062083,1043244
69423062095,1043244
69423064611,1043244
69423064711,1043244
69423064811,1043244
69423067037,1043244
69423067083,1043244
69423067095,1043244
69423067137,1043244
69423067183,1043244
69423067237,1043244
69423069637,1043244
69423069737,1043244
69423069783,1043244
69423069837,1043244
69423072140,1043244
69423072201,1043244
69423072240,1043244
69423072290,1043244
81277080113,1043244
81277080125,1043244
84126002211,1043244
84126002337,1043244
84126002437,1043244
84126002483,1043244
84126005337,1043244
84126005437,1043244
84126005537,1043244
84126007301,1043244
84126007340,1043244
84126007440,1043244
84126008237,1043244
84126008937,1043244
84126015401,1043244
84126015440,1043244
84126018011,1043244
84126021825,1043244
84126021837,1043244
84126025983,1043244
82157001110,1487080
82157001120,1487080
41167060208,1367375
62436010402,1246247
62673001794,1246250
62673001798,1246250
75137045558,1246250
75137045561,1246250
69188020007,2059178
35324000308,1721127
35324000316,1721127
35324000404,1721127
00096072912,1101729
00096072916,1101729
00096073508,1101729
00096073516,1101729
00096081108,1101729
00096081116,1101729
00096081122,1101729
53329002010,1302176
53329013714,1737554
53329013716,1737554
53329013744,1737554
53329013796,1737554
24385020746,1804178
63868033102,1804178
69842020792,1804178
70000039901,1804178
70677120201,1804178
82645020792,1804178
74375003001,2710538
74375004001,2710538
47593040641,1039483
47593040680,1039483
47593046625,1039483
47593047325,1039483
47593048025,1039483
47593049825,1039483
47593066070,1039483
47593067325,1039483
47593067356,1039483
47593067395,1039483
47593067921,1039483
47593067925,1039483
47593068025,1039483
47593068056,1039483
47593068456,1039483
47593068756,1039483
51042000209,1039483
63347072101,1039483
85279000101,1039483
87377000201,1039483
87377000202,1039483
00295902562,247835
00363004616,247835
11344084916,247835
11344084934,247835
11344084945,247835
11673082616,247835
11673082634,247835
11673082645,247835
20276015001,247835
22431011101,247835
30142084916,247835
30142084934,247835
30142084945,247835
30805000101,247835
30805000103,247835
30805000104,247835
30805000106,247835
30805000107,247835
30805000109,247835
30805000112,247835
30805001406,247835
30805001407,247835
30805001409,247835
30805001412,247835
41163082616,247835
41163082634,247835
41163097516,247835
41163097534,247835
41163097545,247835
41190084916,247835
47593048926,247835
47593048931,247835
47593048933,247835
47593048949,247835
47593048955,247835
47593056356,247835
50428003301,247835
52862040101,247835
52862040201,247835
52862040401,247835
55910088916,247835
55910088948,247835
57337000000,247835
57337005801,247835
57337005802,247835
57337005901,247835
57337005902,247835
58503005801,247835
58503005901,247835
59450047116,247835
59450047134,247835
64024000808,247835
69222000115,247835
69222000215,247835
69222000315,247835
71160018812,247835
71734020101,247835
71734020401,247835
71734020601,247835
71734034801,247835
71763010101,247835
71763020101,247835
72288082632,247835
72288082648,247835
72288084932,247835
72288084948,247835
72288084968,247835
73928006502,247835
73928006602,247835
73928006701,247835
73928006802,247835
73928007901,247835
73928007902,247835
73928008101,247835
73928011201,247835
73928011301,247835
73928011401,247835
73928011501,247835
73928011701,247835
73928011801,247835
73928011901,247835
73928012101,247835
73928012201,247835
73928012301,247835
73928012401,247835
73928012501,247835
73928012601,247835
73928018701,247835
73928018801,247835
73928018901,247835
73928019101,247835
73928021001,247835
73928021101,247835
73928021701,247835
73928031101,247835
74177002802,247835
74813010301,247835
75712084916,247835
75712084934,247835
75712084945,247835
76383001407,247835
76383008602,247835
79481082601,247835
79481082603,247835
79481082604,247835
79481084901,247835
79481084903,247835
79481084904,247835
82953000101,247835
82953000102,247835
82953000103,247835
82953000104,247835
82953000105,247835
82953000701,247835
82953000702,247835
82953000703,247835
82953000704,247835
82953000705,247835
82953000706,247835
82953000707,247835
82953000708,247835
82953000801,247835
82953000802,247835
82953000803,247835
82953000804,247835
82953000805,247835
82953001501,247835
82953001502,247835
82953001503,247835
82953001504,247835
82953001505,247835
82953001506,247835
82953001507,247835
82953001508,247835
82953001509,247835
82953001510,247835
82996000501,247835
83165000000,247835
83986047116,247835
83986097316,247835
84219000500,247835
85426000101,247835
57915000501,1041807
57915000502,1041807
57915000503,1041807
57915000504,1041807
57915000505,1041807
57915000507,1041807
57915000701,1041807
57915000702,1041807
57915000703,1041807
57915000710,1041807
57915000711,1041807
57915000712,1041807
57915000713,1041807
57915000714,1041807
57915000715,1041807
57915000716,1041807
57915000717,1041807
57915000718,1041807
57915000719,1041807
57915000801,1041807
57915000802,1041807
57915000803,1041807
57915000804,1041807
57915000805,1041807
57915000901,1041807
57915002001,1041807
57915002002,1041807
57915002004,1041807
57915002005,1041807
57915002101,1041807
57915002102,1041807
57915002103,1041807
57915002104,1041807
77731004601,1041807
77731004602,1041807
77731004701,1041807
77731004702,1041807
52854060001,2468410
52854060002,2468410
52854060003,2468410
52854060004,2468410
52854060005,2468410
52854060006,2468410
62654014002,1100016
62654014003,1100016
62654014036,1100016
62654014090,1100016
62654014091,1100016
62654014092,1100016
62654014093,1100016
64307000102,1100016
64307000104,1100016
64307000105,1100016
64307000106,1100016
64307000109,1100016
64307000110,1100016
53943002232,884783
54860041501,884783
56152147101,884783
56152147102,884783
56152147103,884783
56152147104,884783
69662011101,884783
69662011102,884783
69662011103,884783
69662011104,884783
69662011105,884783
82345085810,884783
87177000101,884783
87495006500,884783
87495006501,884783
87495006502,884783
87495006503,884783
61010311101,1087912
61010311102,1087912
61010311103,1087912
61010311104,1087912
00295113616,582753
00363087643,582753
00395004016,582753
00395420116,582753
00869087643,582753
10939000301,582753
11084003518,582753
11084003527,582753
11344087643,582753
21130006601,582753
21130006602,582753
21130006603,582753
21130007701,582753
21130007702,582753
21130007703,582753
21749070000,582753
21749070001,582753
21749070002,582753
21749070003,582753
21749070004,582753
21749070007,582753
21749070008,582753
21749070010,582753
21749070012,582753
21749070015,582753
21749070020,582753
21749070029,582753
21749070045,582753
21749070047,582753
21749070059,582753
21749070060,582753
21749070067,582753
21749070080,582753
21749070089,582753
21749099202,582753
21749099233,582753
21749099289,582753
41163087643,582753
46122032943,582753
47593063611,582753
47593063681,582753
50804087643,582753
51048004816,582753
52000043401,582753
52000043408,582753
52903010001,582753
52903010081,582753
52903020101,582753
52903020181,582753
55301087643,582753
55319011601,582753
55319011701,582753
55319011801,582753
57337009301,582753
57337009401,582753
57337009501,582753
57337009601,582753
57337010701,582753
57337011001,582753
57337011101,582753
57337011201,582753
57337011401,582753
57337011501,582753
57337011601,582753
57337011701,582753
57337011801,582753
57337011901,582753
57337012001,582753
57337012002,582753
57337012101,582753
57337012201,582753
57337012301,582753
57337012401,582753
57337012501,582753
57337012601,582753
57337012701,582753
57337012801,582753
57337012901,582753
57337013001,582753
57337013101,582753
57337013301,582753
57337013401,582753
57337014001,582753
57337014101,582753
57337014201,582753
58503012000,582753
58503012301,582753
59779016443,582753
62011035301,582753
62654013901,582753
62654013902,582753
62654013937,582753
62654013938,582753
62654013994,582753
63148011408,582753
63148040208,582753
63148040232,582753
63148040308,582753
63148040332,582753
63148040380,582753
63998036401,582753
64942174001,582753
65753020101,582753
65753020102,582753
65753020103,582753
65753020105,582753
65753020106,582753
65753020107,582753
65753020110,582753
65753020120,582753
65753020121,582753
65753020128,582753
65753020129,582753
65753020130,582753
65753020132,582753
65753020135,582753
66902048202,582753
66902048228,582753
67751008601,582753
67751008602,582753
68016001019,582753
68196060268,582753
68878000100,582753
69221050101,582753
69221050102,582753
70000002001,582753
70415010010,582753
70677005601,582753
70677122001,582753
72119000301,582753
72119000302,582753
72119000303,582753
72119000304,582753
72119000305,582753
72288087643,582753
73107010530,582753
73107010531,582753
73107010532,582753
73107010533,582753
73107010534,582753
73107010535,582753
73107010536,582753
73107010537,582753
73107010538,582753
73107010539,582753
73107010540,582753
73494050001,582753
73898000210,582753
73898000218,582753
73898000220,582753
73898000310,582753
73898000318,582753
73898000320,582753
73898000802,582753
73898000810,582753
73898000820,582753
73898000920,582753
73898001020,582753
73898001120,582753
73905004501,582753
73926075301,582753
73926075302,582753
73926075303,582753
73926075304,582753
73926075305,582753
73926075401,582753
73926075402,582753
73926075403,582753
73926075404,582753
74375006001,582753
74441010501,582753
75165000401,582753
75165000601,582753
75165060001,582753
75262000601,582753
75262000602,582753
75262000603,582753
75262000604,582753
75541001601,582753
75541001602,582753
75742001901,582753
75742002001,582753
75742002101,582753
75742002901,582753
75742003001,582753
75742003101,582753
77031050501,582753
77031050533,582753
77725000517,582753
77725000581,582753
77725000582,582753
79903028316,582753
79903028332,582753
80045031300,582753
80045031301,582753
80684011200,582753
80684011300,582753
80684012000,582753
80684012100,582753
80684012200,582753
80684013000,582753
80684013100,582753
80684015600,582753
80684015700,582753
82645092616,582753
83324006502,582753
83324006508,582753
83814000501,582753
85980000101,582753
85980000102,582753
85980000110,582753
85980000201,582753
85980000202,582753
85980000301,582753
85980000302,582753
85980000401,582753
85980000402,582753
85980000501,582753
85980000502,582753
85980000510,582753
85980000601,582753
85980000602,582753
85980000610,582753
85980000701,582753
85980000702,582753
71212010000,1665370
71212010001,1665370
71212010002,1665370
41366001501,1047755
41366001601,1047755
49035010301,1047755
49035010401,1047755
49035010701,1047755
49035010801,1047755
49035010901,1047755
49035011301,1047755
50563020701,1047755
50563020801,1047755
50563020901,1047755
50563021101,1047755
50563021201,1047755
50563021401,1047755
50563021501,1047755
50563025001,1047755
50563025101,1047755
50563025301,1047755
50563025401,1047755
50563025501,1047755
50563028101,1047755
50563028201,1047755
50563028401,1047755
50563028501,1047755
50563028601,1047755
50563028801,1047755
50563028901,1047755
50563029101,1047755
50563029201,1047755
50563029401,1047755
50563029501,1047755
50563029701,1047755
50563029801,1047755
50563030501,1047755
50563030601,1047755
50563030801,1047755
50563030901,1047755
50563031101,1047755
50563031201,1047755
50563031401,1047755
50563031501,1047755
50563031701,1047755
50563031801,1047755
50563031901,1047755
50563032101,1047755
50563032201,1047755
50563032301,1047755
50563032501,1047755
50563032601,1047755
50563034601,1047755
50563034701,1047755
50563034801,1047755
50563038101,1047755
50563038201,1047755
50563038401,1047755
50563038501,1047755
50563038701,1047755
50563038801,1047755
50563038901,1047755
50563039101,1047755
50563039201,1047755
50563039401,1047755
50563039501,1047755
50563039701,1047755
50563039801,1047755
72119000201,1047755
72119000202,1047755
72119000203,1047755
72119000204,1047755
72119000205,1047755
73928000201,1047755
73928000202,1047755
73928000203,1047755
73928000204,1047755
73928000205,1047755
73928000206,1047755
73928000207,1047755
73928000208,1047755
73928000209,1047755
73928000210,1047755
73928000211,1047755
73928000212,1047755
73928000213,1047755
73928000214,1047755
73928000215,1047755
73928000216,1047755
73928000217,1047755
73928000218,1047755
73928000219,1047755
73928000220,1047755
73928000221,1047755
73928000222,1047755
73928000223,1047755
73928000224,1047755
73928000225,1047755
73928000226,1047755
73928000227,1047755
73928000228,1047755
73928000229,1047755
73928000301,1047755
73928000302,1047755
73928000303,1047755
73928000304,1047755
73928000305,1047755
73928000306,1047755
73928000307,1047755
73928000701,1047755
73928000702,1047755
73928000703,1047755
73928000704,1047755
73928000705,1047755
73928000706,1047755
73928000707,1047755
73928000708,1047755
73928000709,1047755
73928000710,1047755
73928000711,1047755
73928000712,1047755
73928000713,1047755
73928000714,1047755
73928000715,1047755
73928000716,1047755
73928000717,1047755
73928000718,1047755
73928000719,1047755
73928000720,1047755
73928000721,1047755
73928000722,1047755
73928000723,1047755
73928000724,1047755
73928000725,1047755
73928000726,1047755
73928000727,1047755
73928000728,1047755
73928000729,1047755
74159044003,1047755
74159044017,1047755
75601100301,1047755
75601100401,1047755
77031045405,1047755
77031045434,1047755
77762010101,1047755
77762010102,1047755
77762010106,1047755
77762010205,1047755
77762010208,1047755
77878001201,1047755
81793018700,1047755
81793018703,1047755
83502000201,1047755
83502000202,1047755
83502000203,1047755
83502000204,1047755
83502000205,1047755
83502000206,1047755
83638000101,1047755
57362046616,1491797
57362046617,1491797
57362046641,1491797
64536661802,1491797
23667010200,2373444
11084000601,1039339
11084000612,1039339
11084000613,1039339
11084000614,1039339
11084000627,1039339
11084000640,1039339
11084000666,1039339
35781070008,1039339
35781070020,1039339
35781070040,1039339
66353011701,1039339
69886011102,1039339
69886011103,1039339
69886011104,1039339
71909413701,1039339
71909414401,1039339
71909415101,1039339
71909415102,1039339
74092028006,1039339
74092028012,1039339
74092028014,1039339
74167800101,1039339
74401070002,1039339
74401070004,1039339
74401070016,1039339
74401070027,1039339
74401070032,1039339
74401070047,1039339
74401070055,1039339
74783008041,1039339
75214050212,1039339
75214050250,1039339
77028000101,1039339
77028000116,1039339
77028000141,1039339
77556058001,1039339
77556058002,1039339
77556058004,1039339
77556058008,1039339
77556058012,1039339
77556058013,1039339
77556058016,1039339
77556058032,1039339
77556058033,1039339
77556058067,1039339
77556058093,1039339
77556058094,1039339
77556058095,1039339
77556058097,1039339
77556058099,1039339
74375001001,2710539
74375002001,2710539
00395003728,616810
49452284001,616810
49452284002,616810
53329007308,1049095
66977003202,1049095
66977003208,1049095
10738003188,1876355
10738009688,1876355
60762015116,1876355
11822507401,1302737
00363150741,582205
10237069430,582205
10237069471,582205
42829000221,582205
50484030400,582205
50484030500,582205
50484030800,582205
50484030900,582205
50484049200,582205
55681005208,582205
67777040301,582205
67777040302,582205
67777040303,582205
67777040304,582205
69740049000,582205
69740049200,582205
69842032721,582205
71029039004,582205
87672096100,1049111
00113017465,308753
00132000047,308753
00132040125,308753
00179815001,308753
00363032601,308753
00363032652,308753
00363032703,308753
00363032706,308753
00363032712,308753
00363032736,308753
00363032756,308753
00363301125,308753
00363676001,308753
00363676052,308753
00574000401,308753
00574000411,308753
00904640761,308753
00904674817,308753
00904674860,308753
00904674880,308753
10135015401,308753
10135015410,308753
10135015413,308753
10135015425,308753
10135015450,308753
10135015461,308753
11673011625,308753
11673015152,308753
11673018201,308753
11673018252,308753
11822029233,308753
11822067601,308753
11822067605,308753
11822079001,308753
11822079005,308753
11822079006,308753
15127017807,308753
16103039808,308753
16103039817,308753
21130041020,308753
21130041052,308753
21130055530,308753
21130082706,308753
21130082712,308753
21130082756,308753
24385019365,308753
24385090363,308753
24385090378,308753
24689012902,308753
24689012903,308753
24689012905,308753
30142082712,308753
36800008663,308753
36800017465,308753
36800032703,308753
36800032756,308753
37205012863,308753
37808032715,308753
37808067611,308753
37808068011,308753
37835024101,308753
37835024430,308753
41163019501,308753
41163060752,308753
41163060756,308753
41226000352,308753
41226015152,308753
41250033956,308753
41250067611,308753
41415011625,308753
41415012130,308753
43292055686,308753
43386001061,308753
46122042963,308753
46122052963,308753
46122052978,308753
46122076711,308753
49035032712,308753
49035032719,308753
49035070612,308753
49348003205,308753
49348003210,308753
49348051910,308753
49483000300,308753
49483000301,308753
49483000310,308753
49483000352,308753
49483000355,308753
50804012030,308753
50804019003,308753
50804032756,308753
50844032712,308753
50844032715,308753
50844032756,308753
51660023001,308753
51660023010,308753
52959067400,308753
52959067430,308753
52959067460,308753
53943067601,308753
53943067701,308753
55154689700,308753
55289091802,308753
55289091810,308753
55289091825,308753
55319032715,308753
55319032756,308753
55319069756,308753
55910032762,308753
55910072362,308753
55910079256,308753
55910095452,308753
56062032756,308753
56062097601,308753
57896044101,308753
57896044110,308753
57896044120,308753
57896044125,308753
57896044126,308753
59726012003,308753
59779032703,308753
59779032715,308753
59779032733,308753
59779032756,308753
59779067613,308753
59779067652,308753
59779070656,308753
61919008560,308753
62011027701,308753
62011027702,308753
62011027703,308753
63629304901,308753
63629304902,308753
63629304903,308753
63629304904,308753
63629304905,308753
63629304906,308753
63868057225,308753
63868057330,308753
63868090825,308753
66424000201,308753
67091021525,308753
67091028630,308753
67091045224,308753
67544065504,308753
68016001286,308753
68016001287,308753
68016001288,308753
68016001859,308753
68016068810,308753
68016068825,308753
68163011625,308753
68998039885,308753
68998040492,308753
69168039802,308753
69168039803,308753
69168039892,308753
69168040403,308753
69168040432,308753
69168040492,308753
69452054183,308753
69618005801,308753
69842008952,308753
70000022101,308753
70000022102,308753
70000022103,308753
70000053801,308753
70000057001,308753
70677108601,308753
70677108602,308753
70677108603,308753
70692016752,308753
70692076131,308753
71335153100,308753
71335153101,308753
71335153102,308753
71335153103,308753
71335153104,308753
71335153105,308753
71335153106,308753
71335153107,308753
71335153108,308753
71335153109,308753
71335201000,308753
71335201001,308753
71335201002,308753
71335201003,308753
71335201004,308753
71335201005,308753
71335201006,308753
71335201007,308753
71335201008,308753
71335201009,308753
71610021902,308753
71610021903,308753
71610021904,308753
71610021908,308753
71610021920,308753
71610045302,308753
71610045304,308753
71610045320,308753
71610070002,308753
71610070003,308753
71610070004,308753
71610070006,308753
71610070008,308753
71610070020,308753
72090013101,308753
76162067601,308753
76457000300,308753
79903017808,308753
80513040920,308753
83324003330,308753
83324006130,308753
83586011601,308753
84324013201,308753
85766014800,308753
85766014801,308753
85766014802,308753
85766014825,308753
85766014826,308753
85828040492,308753
60762011308,1876392
16864044001,2383351
16864044002,2383351
16864045001,1424287
69846014001,750171
00713040801,209607
00713040850,209607
00713040875,209607
49483005701,209611
49483005710,209611
41100000551,754463
41100007296,754463
41100007298,754463
41100007299,754463
41100007300,754463
41167010100,209613
41167010101,209613
41167010102,209613
41167010103,209613
41167010104,209613
41167010105,209613
41167010106,209613
41167010107,209613
41167020001,209613
41167020002,209613
41167020003,209613
41167020004,209613
41167020005,209613
41167020006,209613
41167020008,209613
41167029005,209613
41167040001,209613
41167040002,209613
41167040003,209613
41167040004,209613
41167040005,209613
41167040006,209613
41167040008,209613
41167040009,209613
81421002001,209613
81421002002,209613
81421002003,209613
81421002004,209613
81421002014,209613
81421002018,209613
81421002020,209613
81421002022,209613
81421002033,209613
81421002905,209613
00741000201,751984
00741000202,751984
00067034748,404165
41100000230,751988
41100007303,751988
55758050401,2719716
43386007017,1718990
69166090901,1000479
00168020360,197519
16714024601,197519
21922003601,197519
45802012801,197519
51672140004,197519
59762374401,197519
63629863201,197519
63629945901,197519
71335295301,197519
72162139506,197519
72162214706,197519
00096081308,309381
00096081322,309381
00363159101,309381
00904525944,309381
41250024901,309381
41250024902,309381
49348060247,309381
50804088701,309381
55319048501,309381
67385070201,309381
70501009200,309381
70501009220,309381
70501009240,309381
72288004301,309381
75376028608,309381
75376028616,309381
76162019001,309381
79481008301,309381
79481008302,309381
79903008701,309381
79903029101,309381
83324028608,309381
83324028616,309381
84503050800,309381
00363159001,309402
50428410600,309402
54162020006,309402
67385026001,309402
70501009450,309402
72288033701,309402
79903008801,309402
79903028401,309402
68093520601,205100
68093723201,205100
68093723202,205100
00009332901,804973
52959027801,804973
00096072804,210490
00096072808,210490
00096072816,210490
00096073008,210490
00096073608,210490
00096073622,210490
00096073704,210490
00096073708,210490
50066000050,2610995
50066004006,2610995
00187141616,794054
00064209008,211456
11086001101,1997161
11086001102,1997161
66440011508,1190286
27854038801,198436
46122037260,198436
50428054774,198436
53345001001,198436
53345001002,198436
55629071802,198436
00113040378,313782
00363010412,313782
00363899310,313782
00363902610,313782
00404071413,313782
00404071499,313782
00536132701,313782
00536132706,313782
00536132710,313782
00603026321,313782
00615839705,313782
00615839730,313782
00615839739,313782
00615839867,313782
00615860805,313782
00615860830,313782
00615860839,313782
00615860967,313782
00677197401,313782
00904677361,313782
10135012301,313782
10135012305,313782
10135012310,313782
10135012324,313782
10135012330,313782
10135012350,313782
10135012357,313782
10135012360,313782
10135012362,313782
10135012365,313782
10135012370,313782
10135012389,313782
10135012390,313782
10135016313,313782
10135016314,313782
10135082801,313782
11383013917,313782
11383013925,313782
11673044478,313782
11822010401,313782
11822010407,313782
11822046713,313782
15127007208,313782
15127007224,313782
17714001201,313782
17714001210,313782
21130004301,313782
24385040378,313782
30142005221,313782
30142018421,313782
30142040378,313782
36800040378,313782
36800090002,313782
37864000102,313782
37864007039,313782
41163051402,313782
41226034001,313782
41250040378,313782
41250050102,313782
41520060602,313782
42507050102,313782
45861008501,313782
46122024778,313782
46122039078,313782
46122043078,313782
47682005713,313782
47682005736,313782
47682005748,313782
47682005764,313782
47682005799,313782
47682005813,313782
47682005833,313782
47682005848,313782
47682005899,313782
47682005933,313782
47682005948,313782
47682006013,313782
47682006099,313782
47682014513,313782
47682014532,313782
47682014536,313782
47682014548,313782
47682014564,313782
47682014599,313782
47682030313,313782
47682030399,313782
47682043433,313782
47682080313,313782
47682080333,313782
47682080348,313782
47682080350,313782
47682080392,313782
47682080399,313782
47682090333,313782
47682090348,313782
49035049101,313782
49035052378,313782
49348000953,313782
49348097310,313782
49483034001,313782
49483034010,313782
49523003400,313782
49523003410,313782
50090278300,313782
50090423803,313782
50090423804,313782
50090514803,313782
50090545904,313782
50090597106,313782
51645070301,313782
51645070310,313782
51645070399,313782
51660001001,313782
51660001010,313782
51662127302,313782
51662166502,313782
51824006101,313782
51824006102,313782
51824008501,313782
52735070901,313782
52959030200,313782
52959030212,313782
52959030220,313782
52959030224,313782
52959030230,313782
52959030240,313782
52959030260,313782
52959030295,313782
53145001371,313782
53185000500,313782
53329019430,313782
53329064230,313782
53942010102,313782
53943020102,313782
54257072002,313782
54738054801,313782
54738054803,313782
54738054850,313782
55154789900,313782
55289056301,313782
55289056306,313782
55289056309,313782
55289056316,313782
55289056320,313782
55289056324,313782
55289056330,313782
55289056350,313782
55910069778,313782
55966000001,313782
55966000009,313782
57237034601,313782
57237034610,313782
57344030106,313782
57896010201,313782
57896010205,313782
57896010210,313782
57896010220,313782
57896010401,313782
57896010410,313782
57896010420,313782
58228006101,313782
58602074840,313782
58602075407,313782
58602075414,313782
58602075421,313782
58602077521,313782
58865000501,313782
58865000510,313782
59779076678,313782
59961015115,313782
61245014513,313782
62011003201,313782
62936010201,313782
63629151801,313782
63629151802,313782
63629151803,313782
63739008702,313782
63739044001,313782
63868008210,313782
63868031410,313782
63941045602,313782
65155010201,313782
66267000330,313782
66267000340,313782
66267099900,313782
67091013210,313782
68016024600,313782
68071345403,313782
68071345404,313782
68071345405,313782
68071356500,313782
68071388302,313782
68071391706,313782
68071465605,313782
68163006560,313782
68599467909,313782
68788882101,313782
68788882103,313782
68788882106,313782
68788882109,313782
68998030101,313782
69168001030,313782
69168001050,313782
69168001060,313782
69618001001,313782
69618001010,313782
69822069210,313782
69842087651,313782
69842096801,313782
70000009201,313782
70000037401,313782
70518216800,313782
70518325300,313782
70677111901,313782
70677124301,313782
71205030604,313782
71205045600,313782
71205045630,313782
71205045660,313782
71205045690,313782
71335080400,313782
71335184701,313782
71335184702,313782
71335184703,313782
71335184709,313782
71335257401,313782
71335274700,313782
71335274701,313782
71335274702,313782
71335274703,313782
71335274704,313782
71335274705,313782
71335274706,313782
71335274707,313782
71335274708,313782
71335274709,313782
71335313000,313782
71335313001,313782
71335313002,313782
71335313003,313782
71335313004,313782
71335313005,313782
71335313006,313782
71335313007,313782
71335313008,313782
71335313009,313782
71399102501,313782
71399102502,313782
71399102503,313782
71399102506,313782
71399102508,313782
71399285505,313782
71399801401,313782
71399802401,313782
71399802402,313782
71399802501,313782
71399802502,313782
71610023865,313782
71679030500,313782
72036010002,313782
72162225201,313782
72189024730,313782
72189024771,313782
72288040378,313782
72288040510,313782
72789026720,313782
72789026730,313782
76420037215,313782
79903005210,313782
79903013099,313782
79903029910,313782
82568000101,313782
82568000102,313782
82568000103,313782
83059016008,313782
83324007601,313782
85786010390,313782
85828010202,313782
00363071101,198439
00363117850,198439
00363668450,198439
11383001211,198439
11822505909,198439
35916018302,198439
35916018303,198439
35916018304,198439
36800041425,198439
41226010150,198439
46122038841,198439
51013010725,198439
51316044418,198439
51316044440,198439
51660060001,198439
51660060010,198439
53345001901,198439
53345001902,198439
55758050324,198439
70000050901,198439
84126037601,198439
00031930101,198440
00067220020,198440
00067220080,198440
00067220082,198440
00113002562,198440
00113002571,198440
00113002578,198440
00113002579,198440
00113022771,198440
00113048400,198440
00113048402,198440
00113048452,198440
00113048462,198440
00113048471,198440
00113048476,198440
00113048478,198440
00113048482,198440
00113048485,198440
00113048490,198440
00113048493,198440
00113188971,198440
00113197509,198440
00113197554,198440
00182845389,198440
00363001071,198440
00363001078,198440
00363014811,198440
00363014812,198440
00363017503,198440
00363017508,198440
00363017512,198440
00363017514,198440
00363017515,198440
00363017520,198440
00363017529,198440
00363017537,198440
00363017557,198440
00363017599,198440
00363018778,198440
00363032508,198440
00363032512,198440
00363032515,198440
00363048452,198440
00363048462,198440
00363048471,198440
00363048476,198440
00363048478,198440
00363048483,198440
00363048490,198440
00363051908,198440
00363051912,198440
00363051915,198440
00363051919,198440
00363051920,198440
00363051929,198440
00363051937,198440
00363051954,198440
00363051992,198440
00363053112,198440
00363053115,198440
00363053129,198440
00363053137,198440
00363066901,198440
00363068405,198440
00363079229,198440
00363079235,198440
00363079240,198440
00363113753,198440
00363113774,198440
00363148001,198440
00363150278,198440
00363175008,198440
00363677901,198440
00363677942,198440
00363689802,198440
00363689815,198440
00363689825,198440
00363700853,198440
00363700874,198440
00363908415,198440
00363941715,198440
00363953825,198440
00363959510,198440
00363979805,198440
00363979810,198440
00363979815,198440
00363979821,198440
00363979824,198440
00363979837,198440
00363994729,198440
00363994735,198440
00363994740,198440
00393048471,198440
00404071613,198440
00404071699,198440
00536117201,198440
00536117210,198440
00536129229,198440
00536141347,198440
00536141348,198440
00615825005,198440
00615825030,198440
00615825039,198440
00615861005,198440
00615861030,198440
00615861039,198440
00904672024,198440
00904672040,198440
00904672051,198440
00904672059,198440
00904672060,198440
00904672080,198440
00904673059,198440
00904673060,198440
00904673061,198440
00904673080,198440
00904674959,198440
00924012300,198440
00924012301,198440
00924012302,198440
00924012303,198440
00924012304,198440
00924012305,198440
00924022301,198440
10135014401,198440
10135014405,198440
10135014410,198440
10135014424,198440
10135014450,198440
10135014452,198440
10135014455,198440
10135014457,198440
10135014458,198440
10135014460,198440
10135014466,198440
10135014470,198440
10135015201,198440
10135015210,198440
10135015213,198440
10135015224,198440
10135015230,198440
10135015250,198440
10135015256,198440
10135015257,198440
10135015260,198440
10135015266,198440
10135015270,198440
10135015289,198440
10135016413,198440
10135082901,198440
10939024933,198440
10939042333,198440
11383001111,198440
11383001126,198440
11383001134,198440
11383013811,198440
11383013825,198440
11383013826,198440
11383013851,198440
11673016705,198440
11673016710,198440
11673016721,198440
11673034201,198440
11673034226,198440
11673034242,198440
11673048471,198440
11673048478,198440
11673048483,198440
11673051912,198440
11673051915,198440
11673051920,198440
11673067405,198440
11673067434,198440
11673067442,198440
11673067473,198440
11673083801,198440
11673083805,198440
11673083810,198440
11673083826,198440
11673083850,198440
11822010233,198440
11822051901,198440
11822051902,198440
11822051903,198440
11822051905,198440
11822051908,198440
11822051909,198440
11822081201,198440
11822081202,198440
11822081203,198440
11822081204,198440
11822081205,198440
11822081206,198440
11822081208,198440
11822448401,198440
11822448402,198440
11822448403,198440
11822448404,198440
11822448405,198440
11822448406,198440
11822531102,198440
11822531105,198440
11917004918,198440
15127073005,198440
15127073006,198440
15127073021,198440
15127073505,198440
15127073508,198440
15127073509,198440
15127073516,198440
15127099401,198440
15127099424,198440
15127099450,198440
17714001301,198440
17714001310,198440
17714001401,198440
17714001410,198440
21130011162,198440
21130011171,198440
21130011178,198440
21130011185,198440
21130011190,198440
21130015521,198440
21130015535,198440
21130027001,198440
21130027013,198440
21130035315,198440
21130035610,198440
21130035621,198440
21130035624,198440
21130043101,198440
21130043105,198440
21130043115,198440
21130043125,198440
21130043142,198440
21130043150,198440
21130049201,198440
21130071978,198440
21130071985,198440
24385014571,198440
24385018762,198440
24385048414,198440
24385048447,198440
24385048471,198440
24385048476,198440
24385048478,198440
24385048490,198440
29485928102,198440
29485928103,198440
29485928104,198440
30142003307,198440
30142006807,198440
30142006824,198440
30142006835,198440
30142016507,198440
30142050762,198440
30142050778,198440
30142050783,198440
30142056162,198440
30142056171,198440
30142056176,198440
30142056178,198440
30142056182,198440
30142056185,198440
30142056190,198440
30142097547,198440
36800001071,198440
36800001078,198440
36800004662,198440
36800004671,198440
36800004678,198440
36800004683,198440
36800022771,198440
36800022778,198440
36800040572,198440
36800040578,198440
36800048447,198440
36800048462,198440
36800048471,198440
36800048476,198440
36800048478,198440
36800048482,198440
36800048490,198440
36800059105,198440
36800059108,198440
36800059112,198440
36800059120,198440
36800066510,198440
36800066521,198440
36800066540,198440
36800077001,198440
36800077002,198440
36800077003,198440
36800077005,198440
36800077012,198440
36800090502,198440
36800090504,198440
36800097371,198440
36800097378,198440
36800099106,198440
36800099115,198440
37205018778,198440
37205059378,198440
37205059471,198440
37205059478,198440
37205059490,198440
37205065972,198440
37205065978,198440
37205098078,198440
37808019508,198440
37808019512,198440
37808019520,198440
37808070402,198440
37808070409,198440
37808079201,198440
37808079203,198440
37808098062,198440
37835050701,198440
37835050705,198440
37835050725,198440
37864000111,198440
37864070699,198440
41163019201,198440
41163036385,198440
41163050001,198440
41163050004,198440
41163050006,198440
41163052001,198440
41163052003,198440
41163059201,198440
41226034101,198440
41226034110,198440
41226034115,198440
41226034150,198440
41226067301,198440
41226067326,198440
41226067342,198440
41226069701,198440
41226069734,198440
41226069742,198440
41250014803,198440
41250019201,198440
41250019207,198440
41250048462,198440
41250048471,198440
41250048476,198440
41250048478,198440
41250048482,198440
41250048490,198440
41250057003,198440
41250057013,198440
41250097547,198440
41415016705,198440
41415016710,198440
41415017705,198440
41415017710,198440
41415017725,198440
41415053805,198440
41415053810,198440
41520006471,198440
41520006476,198440
41520006478,198440
41520006482,198440
41520006490,198440
41520078678,198440
41520091912,198440
41520091920,198440
42507010304,198440
42507017001,198440
42507017002,198440
42507017003,198440
42507017013,198440
42507040409,198440
42507048400,198440
42507048424,198440
42507048450,198440
42507048462,198440
42507048471,198440
42507048478,198440
42507048490,198440
42507059203,198440
42507081300,198440
42507081378,198440
42507097547,198440
42681002501,198440
42961039901,198440
42961039904,198440
42961039905,198440
42961039906,198440
42961039907,198440
42961039908,198440
45861007201,198440
46122000362,198440
46122000378,198440
46122025772,198440
46122031262,198440
46122031270,198440
46122031278,198440
46122054382,198440
46122064971,198440
46122069662,198440
47682000933,198440
47682000948,198440
47682000999,198440
47682012599,198440
47682012699,198440
47682017033,198440
47682017048,198440
47682017099,198440
47682017213,198440
47682017233,198440
47682017248,198440
47682017264,198440
47682017299,198440
47682017313,198440
47682017333,198440
47682017348,198440
47682017350,198440
47682017399,198440
47682017433,198440
47682017448,198440
47682017513,198440
47682017533,198440
47682017546,198440
47682017548,198440
47682017564,198440
47682017599,198440
47682027213,198440
47682027233,198440
47682027248,198440
47682027264,198440
47682027299,198440
47682027313,198440
47682027333,198440
47682027348,198440
47682027350,198440
47682027399,198440
47682027433,198440
47682027448,198440
47682043333,198440
47682043399,198440
47682061933,198440
47682061948,198440
47682061999,198440
47682080413,198440
47682080433,198440
47682080448,198440
47682080450,198440
47682080499,198440
47682086433,198440
47682090433,198440
47682090448,198440
49035017515,198440
49035030802,198440
49035030882,198440
49035030885,198440
49035030890,198440
49035048462,198440
49035048482,198440
49035048485,198440
49035048490,198440
49035049401,198440
49035049424,198440
49035051908,198440
49035051912,198440
49035051920,198440
49035053112,198440
49035075550,198440
49035075588,198440
49035086950,198440
49035091762,198440
49035091908,198440
49035091912,198440
49035091920,198440
49035097583,198440
49035098410,198440
49314176303,198440
49314177303,198440
49314178303,198440
49348002353,198440
49348002356,198440
49348004209,198440
49348004210,198440
49348004214,198440
49348004253,198440
49348004254,198440
49348011610,198440
49348028653,198440
49348028654,198440
49348070309,198440
49348099810,198440
49483034101,198440
49483034110,198440
49483034120,198440
49483034150,198440
49483034200,198440
49483034201,198440
49483034210,198440
49483047901,198440
49483069743,198440
49523003300,198440
49523003310,198440
49638000202,198440
50090527200,198440
50090527201,198440
50090531301,198440
50090531302,198440
50090531303,198440
50090531304,198440
50090531305,198440
50090535000,198440
50090535001,198440
50090725201,198440
50090796002,198440
50090796100,198440
50804082602,198440
50804082603,198440
50844017508,198440
50844017510,198440
50844017512,198440
50844017594,198440
50844025508,198440
50844051902,198440
50844051912,198440
50844051915,198440
50844051920,198440
50844051921,198440
51013032054,198440
51316017715,198440
51316034232,198440
51316034274,198440
51645070501,198440
51645070510,198440
51645070601,198440
51645070610,198440
51645070699,198440
51660001101,198440
51660001110,198440
51660001160,198440
51660031101,198440
51660031110,198440
51660031151,198440
51662127402,198440
51662166602,198440
51824004901,198440
51824004924,198440
51824006001,198440
51824006002,198440
51824008601,198440
51824008701,198440
51824009901,198440
51824009924,198440
51824010101,198440
52124001401,198440
52735071001,198440
52735071012,198440
52735071070,198440
52735071201,198440
52735071213,198440
52959000200,198440
52959000210,198440
52959000215,198440
52959000220,198440
52959000224,198440
52959000225,198440
52959000230,198440
52959000240,198440
52959000242,198440
52959000245,198440
52959000250,198440
52959000290,198440
52959033800,198440
52959033810,198440
52959033812,198440
52959033820,198440
52959033821,198440
52959033824,198440
52959033828,198440
52959033830,198440
52959033840,198440
52959033842,198440
52959033850,198440
52959033860,198440
52959033884,198440
52959041240,198440
52959041250,198440
53145083030,198440
53329019530,198440
53329019630,198440
53329064130,198440
53329064198,198440
53942009201,198440
53942017013,198440
53943009201,198440
53943009203,198440
53943010302,198440
53943010304,198440
53943010402,198440
53943010404,198440
53943010406,198440
53943010409,198440
53943020302,198440
53943020304,198440
53943029803,198440
53943030402,198440
53943030404,198440
53943030406,198440
53943030409,198440
54257047302,198440
54738004001,198440
54738004003,198440
54738054001,198440
54738054003,198440
55154789700,198440
55289088001,198440
55289088006,198440
55289088012,198440
55289088015,198440
55289088020,198440
55289088021,198440
55289088024,198440
55289088030,198440
55289088050,198440
55289088060,198440
55289088097,198440
55301017503,198440
55301017515,198440
55301017560,198440
55301017595,198440
55305012601,198440
55305012602,198440
55305012604,198440
55305012605,198440
55319005314,198440
55319005321,198440
55319017705,198440
55319017710,198440
55319017724,198440
55319017725,198440
55319017750,198440
55700094630,198440
55758043901,198440
55758043950,198440
55910013515,198440
55910050600,198440
55910050662,198440
55910050671,198440
55910050676,198440
55910050678,198440
55910050683,198440
55910066162,198440
55910066176,198440
55910066178,198440
55910066182,198440
55910066185,198440
55910066190,198440
55910070162,198440
55910070178,198440
55910081208,198440
55910081232,198440
55959013101,198440
55959017103,198440
55959017106,198440
56062001071,198440
56062018771,198440
56062018778,198440
56062019201,198440
56062019203,198440
56062022771,198440
56062022778,198440
56062048471,198440
56062048478,198440
56062048483,198440
56062048485,198440
56062065071,198440
56062065078,198440
57237034701,198440
57237034705,198440
57237034710,198440
57243017515,198440
57344000404,198440
57344000406,198440
57344010307,198440
57344010315,198440
57344017001,198440
57344017002,198440
57344017003,198440
57344017012,198440
57896020005,198440
57896020101,198440
57896020105,198440
57896020110,198440
57896020401,198440
57896020405,198440
57896020410,198440
57896020420,198440
57896020710,198440
57896021901,198440
57896021905,198440
57896021910,198440
57896021920,198440
57896021950,198440
57896022101,198440
57896022110,198440
57896022201,198440
57896022210,198440
57896022220,198440
57896025101,198440
58154010001,198440
58228198601,198440
58602074644,198440
58602075507,198440
58602075512,198440
58602075514,198440
58602075521,198440
58602075529,198440
58602075534,198440
58602075535,198440
58602075536,198440
58602075540,198440
58602075541,198440
58602077136,198440
58602077140,198440
58602077141,198440
58602077164,198440
58602077321,198440
58602077688,198440
58865000601,198440
58865000610,198440
59368021001,198440
59368021002,198440
59726049405,198440
59726049410,198440
59726049424,198440
59726049450,198440
59779010111,198440
59779010112,198440
59779018771,198440
59779048462,198440
59779048471,198440
59779048478,198440
59779048485,198440
59779048493,198440
59779053108,198440
59779097547,198440
60760022240,198440
60760053440,198440
60760091050,198440
61245017513,198440
61504010404,198440
61504010406,198440
61919027150,198440
62011002302,198440
62011002303,198440
62011004901,198440
62011023801,198440
62011023802,198440
62011043401,198440
62936020101,198440
62936020106,198440
62936021901,198440
62936021906,198440
62936022201,198440
62936022205,198440
63187029310,198440
63187029330,198440
63187029340,198440
63187029350,198440
63629151600,198440
63629151601,198440
63629151602,198440
63629151603,198440
63629151604,198440
63629151605,198440
63629151606,198440
63629151607,198440
63629151608,198440
63629151609,198440
63739043901,198440
63868008310,198440
63868008360,198440
63868008405,198440
63868008410,198440
63868008424,198440
63868008450,198440
63868008815,198440
63868050350,198440
63868050701,198440
63868098710,198440
63868098750,198440
63941010401,198440
63941010402,198440
63941010404,198440
63941010406,198440
63941010408,198440
63941010409,198440
63941019201,198440
63941019202,198440
63941019203,198440
63941030302,198440
63941030304,198440
63941040406,198440
63941051912,198440
63941051915,198440
63981001905,198440
63981051905,198440
63981070000,198440
63981070090,198440
63981070093,198440
64024000178,198440
65155020401,198440
66267000520,198440
66267000530,198440
66267000545,198440
66267000550,198440
66267099800,198440
66715553303,198440
66715563303,198440
66715563504,198440
66715568004,198440
66715573303,198440
66715632104,198440
66715633703,198440
66715686704,198440
66715687104,198440
66715815503,198440
66715963704,198440
67091013310,198440
67091013350,198440
67091013550,198440
68016002164,198440
68016002165,198440
68016002722,198440
68016002723,198440
68016002914,198440
68016002920,198440
68016013800,198440
68016013801,198440
68016013802,198440
68016013830,198440
68016013901,198440
68016013902,198440
68016050200,198440
68016050224,198440
68016050250,198440
68016054301,198440
68016054324,198440
68016054399,198440
68016065605,198440
68016065610,198440
68016065624,198440
68016065650,198440
68016073401,198440
68016073422,198440
68016073450,198440
68071343701,198440
68071343702,198440
68071343705,198440
68071390702,198440
68071390703,198440
68071390705,198440
68071395901,198440
68071523903,198440
68071523905,198440
68071523909,198440
68071530004,198440
68196003106,198440
68196017761,198440
68196048461,198440
68196048490,198440
68196060661,198440
68196091905,198440
68210130001,198440
68210130004,198440
68210130005,198440
68391000479,198440
68391041179,198440
68391065990,198440
68599468103,198440
68788406501,198440
68788406502,198440
68788406503,198440
68788406505,198440
68788413201,198440
68788413202,198440
68788413203,198440
68788413205,198440
68788807001,198440
68788807002,198440
68788807003,198440
68788807005,198440
68788855901,198440
68788855902,198440
68788855903,198440
68788855905,198440
68788858501,198440
68788858502,198440
68788858503,198440
68788858505,198440
68788863601,198440
68788863602,198440
68788863603,198440
68788863605,198440
68788878601,198440
68788878602,198440
68788878603,198440
68788878605,198440
68788886301,198440
68788886302,198440
68788886303,198440
68788886305,198440
68788887301,198440
68788887302,198440
68788887303,198440
68788887305,198440
68998000404,198440
68998000406,198440
68998007003,198440
68998010404,198440
68998010406,198440
68998019802,198440
68998039201,198440
69168000540,198440
69168001124,198440
69168001140,198440
69168001150,198440
69168032801,198440
69168032803,198440
69168032813,198440
69168032840,198440
69396014001,198440
69396014003,198440
69396014401,198440
69618001101,198440
69618001110,198440
69676005902,198440
69676005905,198440
69790015433,198440
69790017333,198440
69790080433,198440
69842016847,198440
69842029505,198440
69842029510,198440
69842029515,198440
69842029521,198440
69842029805,198440
69842029810,198440
69842029815,198440
69842029821,198440
69842029824,198440
69842029830,198440
69842029840,198440
69842029860,198440
69842039054,198440
69842046512,198440
69842048447,198440
69842048462,198440
69842048471,198440
69842048478,198440
69842048483,198440
69842048487,198440
69842048490,198440
69842048493,198440
69842075003,198440
69842075096,198440
69842078025,198440
69842086401,198440
69842086404,198440
69842086405,198440
69842091505,198440
69842091508,198440
69842091512,198440
69842091515,198440
69842091520,198440
69842091529,198440
69842091578,198440
69842093108,198440
69842093117,198440
69842093129,198440
69848000310,198440
69848000317,198440
69848000324,198440
69848000810,198440
70000003601,198440
70000031201,198440
70000031202,198440
70000031203,198440
70000037301,198440
70000037302,198440
70000037303,198440
70000037304,198440
70000037305,198440
70000041001,198440
70000041002,198440
70000044601,198440
70000070901,198440
70010016101,198440
70010016105,198440
70010016110,198440
70030047071,198440
70030047078,198440
70518280500,198440
70677009302,198440
70677013101,198440
70677112001,198440
70677112002,198440
70677112401,198440
70677113801,198440
70677113802,198440
70677113803,198440
70677113805,198440
70677113901,198440
70677124201,198440
70677127601,198440
70692015005,198440
70692015020,198440
70692015031,198440
70692015044,198440
70729000124,198440
70729000150,198440
70729017512,198440
70875050001,198440
70875050003,198440
71009010901,198440
71105001101,198440
71105001102,198440
71141017632,198440
71205016510,198440
71205016524,198440
71205016530,198440
71205016540,198440
71205016550,198440
71205016560,198440
71205016590,198440
71205031404,198440
71205031408,198440
71205046108,198440
71205099000,198440
71205099011,198440
71205099050,198440
71205099055,198440
71309000105,198440
71309000140,198440
71335153600,198440
71335153601,198440
71335153602,198440
71335153603,198440
71335153604,198440
71335153605,198440
71335153606,198440
71335153607,198440
71335153608,198440
71335153609,198440
71335225101,198440
71399102601,198440
71399102602,198440
71399102608,198440
71399102609,198440
71399802201,198440
71399802202,198440
71399802701,198440
71399802702,198440
71679030400,198440
72036009201,198440
72036009203,198440
72036009802,198440
72036010401,198440
72036010402,198440
72036010404,198440
72036010406,198440
72036010408,198440
72036017002,198440
72036017003,198440
72036017005,198440
72036017013,198440
72090000801,198440
72090000830,198440
72090003801,198440
72090003802,198440
72162216301,198440
72162216401,198440
72162217901,198440
72189012030,198440
72189012050,198440
72189041330,198440
72288000810,198440
72288030078,198440
72288030079,198440
72288048490,198440
72288069201,198440
72288069210,198440
72288069220,198440
72288069250,198440
72288097509,198440
72476007003,198440
72476007013,198440
72476010401,198440
72789024101,198440
72789024120,198440
72789024130,198440
72789024150,198440
72789024160,198440
73408017433,198440
73408027433,198440
73408080433,198440
73408090433,198440
73598112201,198440
73598112401,198440
76168012010,198440
76420048801,198440
76420048810,198440
76420048820,198440
76420048830,198440
76420048860,198440
76420048890,198440
79481030201,198440
79481538002,198440
79903003201,198440
79903003202,198440
79903003210,198440
79903003240,198440
79903010755,198440
79903010760,198440
79903017405,198440
79903017425,198440
79903017450,198440
79903026823,198440
79903026910,198440
79903026922,198440
79903029610,198440
79903030920,198440
79903034273,198440
81389000101,198440
81522007013,198440
81522010404,198440
81522010406,198440
82501048400,198440
82501048401,198440
82568000201,198440
82568000202,198440
82652002501,198440
82706000701,198440
82706000702,198440
82706000703,198440
82706000704,198440
82706000705,198440
82706000706,198440
82725302702,198440
82725402701,198440
82804023808,198440
83059010305,198440
83324007801,198440
83324007805,198440
83324007815,198440
83324007824,198440
83324007850,198440
83324007950,198440
83324008001,198440
83324008101,198440
83324008110,198440
83324008160,198440
83324013801,198440
83324013850,198440
83586010701,198440
83934067373,198440
84269252201,198440
84269252202,198440
84324000301,198440
84324002101,198440
85766012601,198440
85766012602,198440
85786010290,198440
85828017001,198440
85828034120,198440
87063022201,198440
87063022230,198440
87063022260,198440
87063022290,198440
87339000100,198440
87441000801,198440
68196093520,198444
69729080024,198444
82706000801,198444
82706000802,198444
50580048720,1738139
50580048790,1738139
50332010301,1358837
50332010302,1358837
50332010303,1358837
50332010304,1358837
50332010308,1358837
50332014801,1358837
50332014804,1358837
50332014807,1358837
50332014808,1358837
61919085771,209375
16103035306,1298830
16103035307,1298830
16103035308,1298830
16103035311,1298830
16103035399,1298830
17856035301,1298830
17856035302,1298830
17856035304,1298830
50090026702,1298830
50090026703,1298830
50090026704,1298830
73057035308,1298830
73057035311,1298830
49873008201,1235462
60760049150,798926
00927018601,209384
00927018653,209384
50580045810,209387
50580045811,209387
50580045850,209387
50580047510,209387
50580047511,209387
50580047550,209387
50580049501,209387
50580049660,209387
50580049698,209387
50580060001,209387
50580060002,209387
50580060003,209387
00904198760,209890
50580046918,351580
50580046940,351580
50580046975,351580
63736031030,209433
50332010801,1358835
50332010804,1358835
50332010807,1358835
50332010808,1358835
50332014901,1358835
50332014903,1358835
50332014904,1358835
50332014907,1358835
50332014908,1358835
54473030550,1100005
00904198351,209443
00904198859,209443
00904198880,209443
00135060901,200977
00135060902,200977
00135060903,200977
00135060904,200977
00135060905,200977
00135701101,200977
00135701102,200977
00135701103,200977
00135701104,200977
16103035004,1293942
16103035008,1293942
16103035010,1293942
16103035011,1293942
16103035099,1293942
16103037606,1293942
16103037608,1293942
16103037611,1293942
16103037699,1293942
17856037602,1293942
50090119100,1293942
61919086150,1293942
71205047820,1293942
71205047824,1293942
71205047830,1293942
71205047840,1293942
71205047850,1293942
71205047860,1293942
71205047890,1293942
73057035008,1293942
73057035011,1293942
73057037608,1293942
73057037611,1293942
00045044905,209459
00045044910,209459
00045044915,209459
00045049925,209459
50090000500,209459
50090169500,209459
50090546900,209459
50269000806,209459
50269044920,209459
50269044925,209459
50580010820,209459
50580010825,209459
50580037801,209459
50580037802,209459
50580037803,209459
50580037804,209459
50580037805,209459
50580037806,209459
50580037807,209459
50580037808,209459
50580037837,209459
50580041201,209459
50580041202,209459
50580041203,209459
50580044410,209459
50580044424,209459
50580044450,209459
50580044900,209459
50580044905,209459
50580044908,209459
50580044909,209459
50580044910,209459
50580044911,209459
50580044912,209459
50580044913,209459
50580044914,209459
50580044915,209459
50580044923,209459
50580044927,209459
50580044931,209459
50580044934,209459
50580044935,209459
50580044936,209459
50580044937,209459
50580044961,209459
50580044962,209459
50580044966,209459
50580044980,209459
50580044984,209459
50580044985,209459
50580044986,209459
50580044987,209459
50580044996,209459
50580044997,209459
50580044998,209459
50580045150,209459
50580045170,209459
50580045710,209459
50580045711,209459
50580045770,209459
50580047201,209459
50580047202,209459
50580047203,209459
50580047204,209459
50580048802,209459
50580048810,209459
50580048822,209459
50580048824,209459
50580048825,209459
50580048828,209459
50580048850,209459
50580048852,209459
50580049002,209459
50580049010,209459
50580049020,209459
50580049024,209459
50580049025,209459
50580049050,209459
50580049090,209459
50580049101,209459
50580049110,209459
50580049170,209459
50580059001,209459
50580059002,209459
50580059003,209459
50580059004,209459
50580059005,209459
50580059006,209459
50580069201,209459
50580069202,209459
50580069203,209459
50580093701,209459
50580093702,209459
50580093703,209459
50580093704,209459
50580093705,209459
50580093706,209459
50580093707,209459
50580093710,209459
50580093715,209459
50580093719,209459
50580093720,209459
50580093723,209459
50580093725,209459
50580093737,209459
50580093750,209459
50580093751,209459
50580093766,209459
53209100101,209459
53209100102,209459
66715644702,209459
66715654702,209459
66715974701,209459
66715974702,209459
66715974703,209459
66715974707,209459
66715974708,209459
66715974709,209459
67414044900,209459
67414044910,209459
67414044911,209459
67751016701,209459
67751016702,209459
67751016703,209459
67751016704,209459
70264002701,209459
73097001202,209459
73097001240,209459
73097001250,209459
49281079051,1486496
49281079088,1486496
50090149300,1486496
49281079020,807225
49281079038,807225
50090175800,807225
50090175809,807225
84126037720,2738986
53045030030,244613
58809092508,1808189
58809018908,2672917
58809036008,2672917
00096070935,206193
00096070960,206193
00096070735,206208
00096070737,206208
00096070760,206208
68400020318,672193
10733041260,486109
49873040301,1246303
58809032908,1940460
23359003204,1593756
23359003210,1593756
23359003216,1593756
49873040201,1235456
00121065700,307675
00121065705,307675
00121065711,307675
00121065721,307675
00121104700,307675
00121104705,307675
00121131400,307675
00121131411,307675
00121197100,307675
00121197121,307675
00121209400,307675
00121209411,307675
00121314100,307675
00121314121,307675
00485005708,307675
00904701416,307675
00904701420,307675
00904731941,307675
00904731970,307675
00904732002,307675
00904732071,307675
00904732103,307675
00904732176,307675
17856002501,307675
17856002502,307675
17856002503,307675
17856002504,307675
17856002505,307675
17856002506,307675
17856002507,307675
17856002508,307675
17856004501,307675
17856004502,307675
17856004503,307675
17856004504,307675
17856004505,307675
17856004506,307675
17856004507,307675
17856004508,307675
17856004601,307675
17856004602,307675
17856016601,307675
17856016602,307675
17856016603,307675
17856016604,307675
17856016605,307675
17856016606,307675
17856016608,307675
17856017501,307675
17856017502,307675
17856017504,307675
17856017505,307675
17856017507,307675
17856017508,307675
17856017901,307675
17856017902,307675
17856017904,307675
17856017905,307675
17856017907,307675
17856017908,307675
17856018201,307675
17856018202,307675
17856018204,307675
17856018205,307675
17856112201,307675
17856112202,307675
17856112203,307675
17856112204,307675
17856112205,307675
17856112206,307675
17856112207,307675
17856112208,307675
17856112209,307675
39328003105,307675
39328003150,307675
39328003199,307675
39328003210,307675
39328003250,307675
39328003299,307675
39328003420,307675
39328003450,307675
39328003499,307675
48433040125,307675
50090605900,307675
52343055512,307675
52959030904,307675
52959061216,307675
53113051606,307675
54162012916,307675
54838014440,307675
54838014470,307675
54838014480,307675
54859080916,307675
55154944905,307675
55887046504,307675
56184010177,307675
57237030412,307675
57237030416,307675
57896016016,307675
57896018016,307675
58657052016,307675
58657052404,307675
58657052416,307675
58657052504,307675
58657052516,307675
60687074024,307675
60687074037,307675
60687074053,307675
60687075142,307675
60687075148,307675
60687075156,307675
63029061001,307675
63029061002,307675
63629115701,307675
63629115801,307675
66689005499,307675
66689005599,307675
66689005699,307675
68071287004,307675
69367032304,307675
69367032316,307675
71205073004,307675
71335275501,307675
71399016004,307675
71399016006,307675
71399016008,307675
72162167302,307675
72162167304,307675
72162240402,307675
72162240404,307675
73282252201,307675
73564081616,307675
81033000205,307675
81033000210,307675
81033000220,307675
81033000230,307675
81033000240,307675
81033000250,307675
81033000253,307675
81033000254,307675
81033000255,307675
82568000904,307675
82568000906,307675
82568000908,307675
83720050004,307675
83720050016,307675
83939001001,307675
83939001002,307675
83939001003,307675
83939001004,307675
83939001005,307675
83939001101,307675
83939001102,307675
83939001103,307675
83939001104,307675
83939001105,307675
00363027808,307684
00363671801,307684
00904748159,307684
00904753259,307684
11822800309,307684
21130094519,307684
41226067001,307684
46122035734,307684
49035027808,307684
49580327808,307684
51316030319,307684
57896020608,307684
63868080908,307684
68016016608,307684
68788837202,307684
69423083312,307684
69423083324,307684
69842044519,307684
69842087808,307684
69842094519,307684
73564081708,307684
79481004501,307684
80513000113,307684
80513023008,307684
84126034912,307684
53145005204,2719840
00603083873,238159
08790061139,238159
51660007801,2391569
51660007824,2391569
51660007890,2391569
24286155004,1038779
17856198500,209397
17856198508,209397
17856198509,209397
17859198502,209397
50090258800,209397
00135053703,1095636
00904584709,209417
54859080908,209425
10267100001,2391610
10267100009,2391610
11584047703,1602570
00113004400,1148399
00113004471,1148399
00113004478,1148399
00113021771,1148399
00113054462,1148399
00113054471,1148399
00113054478,1148399
00280809020,1148399
00363033301,1148399
00363033304,1148399
00363033323,1148399
00363033350,1148399
00363033355,1148399
00363033422,1148399
00363033455,1148399
00363033601,1148399
00363033602,1148399
00363033624,1148399
00363033650,1148399
00363034008,1148399
00363034080,1148399
00363054447,1148399
00363054462,1148399
00363054471,1148399
00363054478,1148399
00363054485,1148399
00363089204,1148399
00363960407,1148399
00363960435,1148399
00363978101,1148399
00363978142,1148399
00363999210,1148399
00363999220,1148399
00363999224,1148399
00363999315,1148399
00363999321,1148399
00615862439,1148399
00904688365,1148399
00904731427,1148399
00904731460,1148399
00904756160,1148399
11673021062,1148399
11673067301,1148399
11673067326,1148399
11673092801,1148399
11822050916,1148399
11822501902,1148399
11822501903,1148399
11822501904,1148399
11822509105,1148399
11822509106,1148399
11917012353,1148399
12843057122,1148399
15127033201,1148399
21130009701,1148399
21130009705,1148399
21130010807,1148399
21130010835,1148399
24385062971,1148399
24385062978,1148399
24385062982,1148399
25000007102,1148399
25000007108,1148399
25000007110,1148399
25000007111,1148399
25000007145,1148399
25000010802,1148399
25000010808,1148399
30142015707,1148399
30142015735,1148399
30142054478,1148399
36800021778,1148399
36800036978,1148399
36800045562,1148399
36800045571,1148399
36800045578,1148399
36800045579,1148399
36800045583,1148399
36800054462,1148399
36800054471,1148399
36800054478,1148399
36800063201,1148399
36800063202,1148399
36800063203,1148399
36800063205,1148399
36800077947,1148399
36800096647,1148399
37205003471,1148399
37205003478,1148399
37205047778,1148399
37205066257,1148399
37205066258,1148399
37808012002,1148399
37808012004,1148399
37808074771,1148399
37835051201,1148399
41163020302,1148399
41163020303,1148399
41226069901,1148399
41226069926,1148399
41226069942,1148399
41226070401,1148399
41250065803,1148399
41250080262,1148399
41250080278,1148399
41250096647,1148399
41520012762,1148399
41520012771,1148399
41520012778,1148399
41520054471,1148399
41520054478,1148399
41520054483,1148399
42507020501,1148399
42507020502,1148399
42507020503,1148399
42507020505,1148399
42507020509,1148399
42507030303,1148399
46122006271,1148399
46122006278,1148399
46122017081,1148399
46122062962,1148399
46122062971,1148399
46122062978,1148399
46122062981,1148399
46122063071,1148399
46122063078,1148399
46122083670,1148399
49035018121,1148399
49035054485,1148399
49035074101,1148399
49035074162,1148399
49035074178,1148399
49035096678,1148399
49483069901,1148399
49483069905,1148399
49483069926,1148399
49483069940,1148399
49483069942,1148399
49483070405,1148399
50268005211,1148399
50268005215,1148399
51316035442,1148399
51316050479,1148399
51316050483,1148399
51316096901,1148399
51660033301,1148399
51660033350,1148399
53329064329,1148399
53943020002,1148399
53943020003,1148399
53943020009,1148399
54257057303,1148399
55319018510,1148399
55319018524,1148399
55700067930,1148399
55910074962,1148399
55910074971,1148399
55910082862,1148399
55910082871,1148399
55910082878,1148399
55910082883,1148399
55910089205,1148399
55910089226,1148399
55910089242,1148399
55910089505,1148399
55959017903,1148399
56062054462,1148399
56062054478,1148399
57344020002,1148399
57344020103,1148399
57896025501,1148399
57896026801,1148399
58602073007,1148399
58602073014,1148399
58602073021,1148399
58602073028,1148399
58602073029,1148399
58602073034,1148399
58602073035,1148399
58602073036,1148399
58602073040,1148399
58602073041,1148399
58602073044,1148399
58602073067,1148399
58602073076,1148399
58602073094,1148399
58602084817,1148399
58602084821,1148399
58602084835,1148399
58602084840,1148399
58602084844,1148399
58602087307,1148399
58602087314,1148399
58602087321,1148399
58602087329,1148399
58602087334,1148399
58602087335,1148399
58602087336,1148399
58602087340,1148399
58602087341,1148399
58602087344,1148399
58602087367,1148399
58602087376,1148399
58602087394,1148399
59779054462,1148399
59779054471,1148399
59779054478,1148399
60687092411,1148399
60687092421,1148399
61504020003,1148399
62207018334,1148399
62207018335,1148399
62207018349,1148399
62207018351,1148399
62207018387,1148399
62207018397,1148399
62207018849,1148399
62207018851,1148399
62207089249,1148399
62207089251,1148399
63629503601,1148399
63629503602,1148399
63868008950,1148399
63868009150,1148399
63868066001,1148399
63868066022,1148399
63868066050,1148399
63868067950,1148399
63941030002,1148399
63941030004,1148399
63941040102,1148399
67091040102,1148399
68001049500,1148399
68016001946,1148399
68016030301,1148399
68016030350,1148399
68016033301,1148399
68016033350,1148399
68016033601,1148399
68016034008,1148399
68016034040,1148399
68084077725,1148399
68084077795,1148399
68196003402,1148399
68196054482,1148399
68196061182,1148399
68998040103,1148399
69168046103,1148399
69168046117,1148399
69168046132,1148399
69842003735,1148399
69842003744,1148399
69842003791,1148399
69842029710,1148399
69842029720,1148399
69842031278,1148399
69842032210,1148399
69842032224,1148399
69842054447,1148399
69842054478,1148399
69842054485,1148399
69842063507,1148399
69842076478,1148399
69842093080,1148399
69848001510,1148399
69848001524,1148399
70000030601,1148399
70000062601,1148399
70000062701,1148399
70000062702,1148399
70000062703,1148399
70000073301,1148399
70000073302,1148399
70000073401,1148399
70000073601,1148399
70010016001,1148399
70677001701,1148399
70677001801,1148399
70677014701,1148399
70677016801,1148399
70677112301,1148399
70677113001,1148399
71309001101,1148399
71335021902,1148399
71335134001,1148399
71335134002,1148399
71335134003,1148399
71335134004,1148399
71335134005,1148399
71335134006,1148399
71335134007,1148399
71335254501,1148399
71335254502,1148399
71335254503,1148399
71335254504,1148399
71335254505,1148399
71335254506,1148399
71335254507,1148399
71335974601,1148399
71335974602,1148399
71335974603,1148399
71335974604,1148399
71335974605,1148399
71335974606,1148399
71335974607,1148399
72036020004,1148399
72288054479,1148399
72288063478,1148399
72288069810,1148399
72476018505,1148399
72476018510,1148399
72476018521,1148399
72476018605,1148399
72476018610,1148399
76420059001,1148399
76420059030,1148399
76420059060,1148399
76420059090,1148399
76420091401,1148399
76420091405,1148399
76420091426,1148399
76420091440,1148399
76420091442,1148399
76420091460,1148399
79481018301,1148399
79481018302,1148399
79481018304,1148399
79481018305,1148399
79481018401,1148399
79481018408,1148399
79903013225,1148399
79903013724,1148399
79903013799,1148399
79903034533,1148399
79903042020,1148399
81522020003,1148399
81522020103,1148399
83324008250,1148399
83324008301,1148399
83324008350,1148399
85828020001,1148399
00113002026,307668
00113002028,307668
00113002034,307668
00113012126,307668
00113016110,307668
00113016116,307668
00113021226,307668
00113021228,307668
00113021234,307668
00113059010,307668
00113060826,307668
00113060828,307668
00113094610,307668
00113895926,307668
00113895934,307668
00121093900,307668
00121094100,307668
00121094105,307668
00121094194,307668
00121096600,307668
00121096605,307668
00121096694,307668
00121178100,307668
00121178105,307668
00121188200,307668
00121188211,307668
00121188294,307668
00121282321,307668
00121282394,307668
00363010301,307668
00363010302,307668
00363010526,307668
00363010540,307668
00363013026,307668
00363013201,307668
00363013202,307668
00363014101,307668
00363016004,307668
00363016110,307668
00363016116,307668
00363016204,307668
00363016704,307668
00363017526,307668
00363017534,307668
00363017801,307668
00363017804,307668
00363019404,307668
00363021226,307668
00363021228,307668
00363021234,307668
00363028104,307668
00363028304,307668
00363028404,307668
00363028504,307668
00363032224,307668
00363032324,307668
00363033010,307668
00363033016,307668
00363033144,307668
00363033444,307668
00363034044,307668
00363034544,307668
00363059010,307668
00363059016,307668
00363059094,307668
00363075926,307668
00363075934,307668
00363076616,307668
00363080026,307668
00363080034,307668
00363094610,307668
00363094616,307668
00363095926,307668
00363099526,307668
00363123926,307668
00363139726,307668
00363163094,307668
00363600202,307668
00363602002,307668
00363655504,307668
00363695004,307668
00363695808,307668
00363695816,307668
00363701405,307668
00363701504,307668
00363807936,307668
00536121277,307668
00536132197,307668
00536142677,307668
00904676620,307668
00904727841,307668
00904727870,307668
00904744520,307668
11673010526,307668
11673010528,307668
11673013026,307668
11673013034,307668
11673013316,307668
11673013326,307668
11673026616,307668
11673075926,307668
11822010701,307668
11822010702,307668
11822059001,307668
11822059504,307668
11822059505,307668
11822076601,307668
11822076602,307668
11822095901,307668
11822154505,307668
11917013006,307668
15127050961,307668
15127051004,307668
17856020101,307668
17856020102,307668
17856020103,307668
17856020104,307668
17856020105,307668
17856020106,307668
17856020107,307668
17856020109,307668
17856112301,307668
17856112302,307668
17856112303,307668
17856112304,307668
17856112305,307668
17856112306,307668
17856112307,307668
17856112308,307668
17856112309,307668
21130017816,307668
21130024326,307668
21130028504,307668
21130074604,307668
21130091005,307668
24385013026,307668
24385014626,307668
30142010528,307668
30142059016,307668
30142059026,307668
30142076616,307668
30142081826,307668
30142095926,307668
36800010526,307668
36800013026,307668
36800016110,307668
36800016116,307668
36800017526,307668
36800020200,307668
36800020226,307668
36800020228,307668
36800020234,307668
36800039726,307668
36800055726,307668
36800059016,307668
36800069926,307668
36800075926,307668
36800076616,307668
36800094610,307668
36800094616,307668
36800095926,307668
37205050826,307668
37205051826,307668
37205057616,307668
37205062726,307668
37205067626,307668
37205071726,307668
37808013026,307668
37808016116,307668
37808028504,307668
37808048204,307668
41163047326,307668
41163088816,307668
41226077905,307668
41226091004,307668
41250016116,307668
41250055426,307668
41250055434,307668
41250059016,307668
41250063100,307668
41250063126,307668
41250063134,307668
41250065026,307668
41250065034,307668
41250076616,307668
41250094610,307668
41250094616,307668
41250095926,307668
41250095934,307668
41520002326,307668
41520036310,307668
41520036316,307668
41520061526,307668
41520061528,307668
41520062426,307668
41520070910,307668
41520080026,307668
41520080028,307668
42507014800,307668
42507014826,307668
42507080400,307668
42507080426,307668
45802020126,307668
45802020326,307668
46122001926,307668
46122004203,307668
46122005603,307668
46122010626,307668
46122020926,307668
46122021025,307668
46122021026,307668
46122021125,307668
46122021126,307668
46122021226,307668
46122021426,307668
46122031346,307668
46122032226,307668
46122032326,307668
46122034046,307668
46122055246,307668
46122076434,307668
46122076534,307668
49035004226,307668
49035031326,307668
49035031334,307668
49035059016,307668
49035059026,307668
49035076616,307668
49035094610,307668
49035094616,307668
49035095908,307668
49035095926,307668
49348009334,307668
49348011934,307668
49348012334,307668
49348026830,307668
49348043030,307668
49580028202,307668
49580028204,307668
49580028208,307668
49580068504,307668
49580082104,307668
49580288004,307668
49781001004,307668
50001080569,307668
50001080572,307668
50066052524,307668
50090725400,307668
51316009719,307668
51316009819,307668
51316009836,307668
51316009919,307668
51316009936,307668
51316028204,307668
51316032404,307668
51316056904,307668
51316060616,307668
51316064304,307668
51316069504,307668
52412090104,307668
52412090601,307668
52412091201,307668
52412091204,307668
53807051804,307668
53942052524,307668
53942052624,307668
53943052624,307668
54859085004,307668
54859085016,307668
55154578705,307668
55319006036,307668
55319020602,307668
55319055808,307668
55319055904,307668
55319093003,307668
55758002604,307668
55910001026,307668
55910025126,307668
55910025128,307668
55910025134,307668
55910028208,307668
55910073826,307668
55910073834,307668
56062013026,307668
56062017526,307668
56062059016,307668
56062076616,307668
56062094610,307668
56184010176,307668
56184010653,307668
58602016811,307668
58602016911,307668
58602017211,307668
58602017311,307668
58602020424,307668
59640059016,307668
59640076616,307668
59779010404,307668
59779012626,307668
59779012628,307668
59779016110,307668
59779016116,307668
59779017801,307668
59779026326,307668
59779030826,307668
59779030834,307668
59779059010,307668
59779059016,307668
59779059026,307668
59779075426,307668
59779078508,307668
59779094610,307668
59779094616,307668
60687076217,307668
60687076240,307668
60687076246,307668
62011000201,307668
62011024601,307668
62011046001,307668
62011046101,307668
62372020004,307668
62372020008,307668
63029060202,307668
63029060302,307668
63162051012,307668
63868017418,307668
63868017526,307668
63868017626,307668
63868067760,307668
63868067860,307668
63868083560,307668
63941028204,307668
66715695604,307668
67091011918,307668
68016010304,307668
68016014102,307668
68016016002,307668
68016017802,307668
68016017804,307668
68016069904,307668
68016070202,307668
68016070302,307668
68016070402,307668
68016072504,307668
68071386904,307668
68071486004,307668
68094003059,307668
68094003062,307668
68094003801,307668
68094003858,307668
68094004201,307668
68094004258,307668
68094006159,307668
68094006161,307668
68094006162,307668
68094013001,307668
68094013058,307668
68094023101,307668
68094023158,307668
68094023159,307668
68094023161,307668
68094023162,307668
68094033059,307668
68094033061,307668
68094033062,307668
68094058658,307668
68094058758,307668
68094058761,307668
68094058762,307668
68163069504,307668
68391028812,307668
68788839701,307668
68788840701,307668
68788846101,307668
68788847701,307668
68788864601,307668
68998052524,307668
69168045553,307668
69676004103,307668
69676004109,307668
69676004209,307668
69676008409,307668
69676008909,307668
69676009709,307668
69676009909,307668
69676010009,307668
69676012109,307668
69729000602,307668
69729000604,307668
69729002802,307668
69729004702,307668
69729004704,307668
69729006802,307668
69729006804,307668
69729011804,307668
69729081504,307668
69729082504,307668
69729082704,307668
69842095926,307668
70000002801,307668
70000047201,307668
70000048101,307668
70000049601,307668
70000067401,307668
70677011601,307668
70677011701,307668
70677011801,307668
70677114201,307668
70677114301,307668
70677125301,307668
70677128601,307668
71205026304,307668
71205040604,307668
71205060104,307668
71335272201,307668
71399002004,307668
71399002006,307668
71399002008,307668
71399002104,307668
71399002106,307668
71399002108,307668
71399002204,307668
71399002206,307668
71399002208,307668
71399003804,307668
71399003806,307668
71399003808,307668
71399004802,307668
71399004804,307668
71399004806,307668
71399004808,307668
71444079301,307668
71444079302,307668
71444089301,307668
72162227902,307668
72288010526,307668
72288010534,307668
72288013026,307668
72288013034,307668
72288017526,307668
72288059016,307668
72288076616,307668
72288094616,307668
72288095926,307668
72288095934,307668
72476076616,307668
72888045901,307668
76162007936,307668
76281052523,307668
76281052524,307668
76281052623,307668
76281052624,307668
79903017204,307668
79903022502,307668
80272000204,307668
81033002601,307668
81033002602,307668
81033002605,307668
81033002610,307668
81033002620,307668
81033002638,307668
81033002639,307668
81033002640,307668
81522028504,307668
82179000204,307668
82568000804,307668
82568000806,307668
82568000808,307668
82568001002,307668
82568001004,307668
82568001006,307668
82568001008,307668
82568001104,307668
82568001106,307668
82568001108,307668
82673009602,307668
82673009704,307668
82673009802,307668
82673010404,307668
83324003404,307668
83324016104,307668
83474000104,307668
84379031116,307668
84379035716,307668
85828092205,307668
87078012152,307668
87078013105,307668
87078013152,307668
87078013154,307668
00264405080,2480095
00264405090,2480095
25021070582,2480095
68083064701,2480095
36000037240,2715604
00113048165,307696
00363018601,307696
00363031801,307696
11383014223,307696
15127083004,307696
17714004430,307696
49348019907,307696
51376013010,307696
52735070508,307696
52735072608,307696
54738009230,307696
57896014803,307696
69676005807,307696
69676008107,307696
71594070213,307696
73282248001,307696
00363044701,251374
00363045201,251374
10135038115,251374
10135038127,251374
10135038129,251374
10135038227,251374
10135044211,251374
10135044215,251374
10135044281,251374
10135044315,251374
37205051665,251374
46122013165,251374
46122013365,251374
59779044701,251374
59779045201,251374
68016019600,251374
82918000601,2705808
82918000624,2705808
82918000636,2705808
00363000810,243675
00363028905,243675
00363028910,243675
36800000805,243675
52959086115,243675
56062000805,243675
00143938601,483017
00143938610,483017
00264410090,483017
00781315606,483017
00781315695,483017
00781927406,483017
00781927495,483017
24201010001,483017
24201010024,483017
24201011001,483017
24201011024,483017
25021070587,483017
31722020510,483017
31722020524,483017
31722020531,483017
36000030660,483017
44567034001,483017
44567034010,483017
51662154001,483017
51662154002,483017
51662154003,483017
55150030701,483017
55150030724,483017
55579011001,483017
55579040524,483017
63323043400,483017
63323043441,483017
65145015701,483017
65145015710,483017
67457094010,483017
68083064801,483017
70518418400,483017
70518418401,483017
70518418402,483017
70518418403,483017
72572005001,483017
72572005010,483017
72603017301,483017
72603017310,483017
72603017324,483017
84549010090,483017
00363057953,198434
00363070653,198434
03630057953,198434
36800057953,198434
45802073200,198434
45802073230,198434
45802073232,198434
45802073233,198434
49348079602,198434
50090000100,198434
52735071717,198434
52959010100,198434
59779057953,198434
63187037312,198434
68071415101,198434
68071417206,198434
70677127001,198434
00363450108,313820
00363944008,313820
00363960507,313820
11673024024,313820
11673024124,313820
11822068618,313820
11822068619,313820
11822445002,313820
11822445008,313820
11822944008,313820
21130022376,313820
36800044908,313820
36800045008,313820
37808049908,313820
37808094508,313820
41163004508,313820
41163049408,313820
41226006124,313820
41250024424,313820
41250024624,313820
46122042462,313820
49035045508,313820
49035045539,313820
49035077708,313820
49035077739,313820
49348079204,313820
50488416001,313820
51316044908,313820
51316045008,313820
52735075405,313820
53943044908,313820
53943083676,313820
53943083776,313820
55301045008,313820
55910094808,313820
58602076576,313820
58602076674,313820
58602076676,313820
58602077482,313820
62011033901,313820
63868018624,313820
63941094408,313820
67091031124,313820
69168044002,313820
69168044060,313820
69729016024,313820
69729016124,313820
69842016024,313820
69842044908,313820
69842044995,313820
69842045008,313820
69842045094,313820
70000030901,313820
70000031001,313820
70677112701,313820
72663023349,313820
83324007124,313820
00363044908,477282
00363045008,477282
00363450008,477282
10135037315,477282
10135037327,477282
10135037427,477282
10135043915,477282
10135043929,477282
35515096595,477282
63868015824,477282
66007014501,477282
68016019800,477282
00363510118,2178755
79903023840,2683419
79903024740,2683419
50488432501,2264779
10135036727,603136
00363923505,665056
83174061326,349113
59779017916,1536880
00927067812,198443
45802073000,198443
45802073030,198443
45802073032,198443
45802073033,198443
52959010903,198443
70677127101,198443
55758001205,2668206
42037010290,763111
42037011130,763111
63029060001,763111
63029060006,763111
10702034301,2118728
10702034401,2001358
10702034501,2118732
51862054401,1995136
70010005401,1995136
70010005405,1995136
75907000801,1995136
35573045502,1249617
47781053401,1249617
47781064401,1249617
51862053801,1249617
68682030601,1249617
69292030101,1249617
70752014710,1249617
70752014714,1249617
81005012301,1249617
68047075301,1724446
68047075330,1724446
69292030301,1724446
71993030110,1724446
71993030130,1724446
00603254021,197426
35573045602,197426
47781062801,197426
54879002601,197426
68047072101,197426
68047072130,197426
68071042130,197426
68071042160,197426
68071042190,197426
69292030201,197426
70362072101,197426
70752014810,197426
70752014814,197426
69168000124,410226
69168002924,410226
69168002926,410226
69168002937,410226
69168002950,410226
69168002998,410226
00363057231,307686
00363721310,307686
10135037857,307686
11673083901,307686
11822042802,307686
49483037301,307686
49483037320,307686
55758043524,307686
59779082406,307686
59779082408,307686
59779082412,307686
59779082421,307686
59779097209,307686
68016011500,307686
68016069410,307686
68163050615,307686
69729014740,307686
69729014840,307686
69729014924,307686
69729015424,307686
69729079324,307686
69729079524,307686
69729079580,307686
69732000701,307686
70000015901,307686
70000015902,307686
71309010524,307686
72090000402,307686
79903037301,307686
82706001001,307686
82706001002,307686
84324000201,307686
51596001101,1543072
72988003301,2645106
72030000101,1599133
72030000201,1599133
00085052201,1112864
00085052202,1112864
00085052203,1112864
11523052203,1112864
11523052206,1112864
11523052208,1112864
11523432501,1112864
11523432502,1112864
11523432503,1112864
30142069809,1112864
41250069209,1112864
67091042620,1112864
69842069209,1112864
71205031210,1112864
79903012009,1112864
00121050400,993755
00121050404,993755
00121050405,993755
00121050416,993755
00121050440,993755
00121100800,993755
00121100812,993755
00121100840,993755
00603102058,993755
00603901354,993755
00603901358,993755
46672056116,993755
50383007905,993755
50383007906,993755
50383007912,993755
50383007913,993755
50383033705,993755
50383033706,993755
50383033810,993755
50383033912,993755
50383034015,993755
60432024504,993755
60432024516,993755
64950037404,993755
64950037416,993755
66267099704,993755
00406048301,993770
13107005801,993770
13107005805,993770
13107005830,993770
13107005899,993770
52959020815,993770
52959020830,993770
63629118501,993770
63629118701,993770
64380044801,993770
64850064101,993770
64850064105,993770
64850064112,993770
66267022130,993770
71930005412,993770
71930005452,993770
00406048401,993781
00406048403,993781
00406048410,993781
00406048420,993781
00406048423,993781
00406048450,993781
00406048462,993781
00440702610,993781
00440702612,993781
00440702615,993781
00440702630,993781
12634052680,993781
13107005901,993781
13107005905,993781
13107005930,993781
13107005999,993781
33358000101,993781
33358000115,993781
33358000120,993781
33358000130,993781
33358000160,993781
43353001045,993781
43353001050,993781
43353001060,993781
43353001070,993781
43353001075,993781
43353001090,993781
45865043930,993781
45865043960,993781
49999006000,993781
49999006001,993781
49999006020,993781
49999006024,993781
49999006030,993781
49999006050,993781
49999006060,993781
49999006090,993781
50090461000,993781
50090461001,993781
50090461002,993781
50090461003,993781
50090461004,993781
50090461007,993781
50090461101,993781
50436322707,993781
51079016101,993781
51079016120,993781
51079016121,993781
51079016199,993781
51655080253,993781
51655080254,993781
52959000300,993781
52959000302,993781
52959000304,993781
52959000306,993781
52959000310,993781
52959000312,993781
52959000314,993781
52959000315,993781
52959000316,993781
52959000320,993781
52959000324,993781
52959000325,993781
52959000328,993781
52959000330,993781
52959000340,993781
52959000342,993781
52959000345,993781
52959000350,993781
52959000360,993781
52959000375,993781
52959000384,993781
52959000390,993781
55887095150,993781
58118448408,993781
58864000415,993781
60687060401,993781
60687060411,993781
60760002215,993781
60760002230,993781
60760046630,993781
60760058130,993781
60760093830,993781
61919002330,993781
61919002360,993781
61919002371,993781
61919002390,993781
61919005360,993781
61919032830,993781
61919032871,993781
61919032890,993781
61919048410,993781
61919048418,993781
61919048430,993781
61919048471,993781
61919048490,993781
63187010615,993781
63187010620,993781
63187010630,993781
63187049120,993781
63187049130,993781
63187049160,993781
63187049190,993781
63187081515,993781
63187081520,993781
63187081530,993781
63187081560,993781
63304056201,993781
63304056210,993781
63629118601,993781
63629118801,993781
63629566601,993781
64380044601,993781
64380044602,993781
64380044603,993781
64720030450,993781
64850064201,993781
64850064205,993781
64850064212,993781
65162003310,993781
65162003311,993781
65162003350,993781
66267000106,993781
66267000110,993781
66267000112,993781
66267000115,993781
66267000120,993781
66267000124,993781
66267000130,993781
66267000140,993781
66267000160,993781
66267000184,993781
66267000190,993781
66267000191,993781
67296177201,993781
67296177205,993781
67296177206,993781
67296223902,993781
67296223905,993781
67544000209,993781
67544000215,993781
67544000220,993781
67544000230,993781
67544000240,993781
67544000245,993781
67544000246,993781
67544000250,993781
67544000253,993781
67544000254,993781
67544000255,993781
67544000260,993781
67544000270,993781
67544000272,993781
67544000275,993781
67544000280,993781
67544000285,993781
67544000290,993781
67544000293,993781
67544088220,993781
67544088230,993781
67544088240,993781
67544088245,993781
67544088246,993781
67544088250,993781
67544088253,993781
67544088254,993781
67544088255,993781
67544088260,993781
67544088270,993781
67544088272,993781
67544088275,993781
67544088280,993781
67544088290,993781
68071365106,993781
68071365802,993781
68071365803,993781
68071365805,993781
68071379806,993781
68071382406,993781
68071447502,993781
68071447504,993781
68071447506,993781
68071453302,993781
68071453303,993781
68071453304,993781
68071453305,993781
68071453306,993781
68071453308,993781
68071467302,993781
68071467303,993781
68071467304,993781
68071467305,993781
68071501004,993781
68071501006,993781
68084037211,993781
68788783501,993781
68788783502,993781
68788783503,993781
68788783506,993781
70518262800,993781
70518262801,993781
70518262802,993781
70518370500,993781
70518370501,993781
70518410400,993781
71335025600,993781
71335025601,993781
71335025602,993781
71335025603,993781
71335025604,993781
71335025605,993781
71335025606,993781
71335025607,993781
71335025608,993781
71335025609,993781
71335054500,993781
71335054501,993781
71335054502,993781
71335054503,993781
71335054504,993781
71335054505,993781
71335054506,993781
71335054507,993781
71335054508,993781
71335054509,993781
71335152200,993781
71335152201,993781
71335152202,993781
71335152203,993781
71335152204,993781
71335152205,993781
71335152206,993781
71335152207,993781
71335152208,993781
71335152209,993781
71335181800,993781
71335181801,993781
71335181802,993781
71335181803,993781
71335181804,993781
71335181805,993781
71335181806,993781
71335181807,993781
71335181808,993781
71335181809,993781
71335291600,993781
71335291601,993781
71335291602,993781
71335291603,993781
71335291604,993781
71335291605,993781
71335291606,993781
71335291607,993781
71335291608,993781
71335291609,993781
71930005512,993781
71930005552,993781
72162200101,993781
72162200105,993781
76420010303,993781
76420010310,993781
76420010320,993781
76420010330,993781
76420082100,993781
76420082101,993781
76420082103,993781
76420082105,993781
76420082110,993781
76420082112,993781
76420082115,993781
76420082120,993781
76420082124,993781
76420082130,993781
76420082150,993781
76420082160,993781
76420082190,993781
80425052701,993781
80425052702,993781
80425052703,993781
80425052901,993781
80425052902,993781
80425052903,993781
82804018130,993781
82804028320,993781
82804028330,993781
87441000901,993781
00406048501,993890
00406048505,993890
13107006001,993890
13107006005,993890
13107006030,993890
13107006099,993890
33358000260,993890
45865046630,993890
45865046649,993890
45865046651,993890
45865046660,993890
45865046690,993890
49999002630,993890
49999002660,993890
50090301100,993890
50090301101,993890
50090301102,993890
50090301103,993890
50090301104,993890
50090301105,993890
50090301106,993890
50090301107,993890
50090301108,993890
50090520401,993890
52959044600,993890
52959044602,993890
52959044620,993890
52959044624,993890
52959044630,993890
52959044650,993890
52959044660,993890
52959044690,993890
58118048508,993890
61919027390,993890
61919047260,993890
61919047290,993890
61919090560,993890
63304056101,993890
63304056105,993890
63629118901,993890
63629119001,993890
63629303100,993890
63629303101,993890
63629303102,993890
63629303103,993890
63629303104,993890
63629303105,993890
63629303106,993890
63629303107,993890
63629303108,993890
63629303109,993890
64380044701,993890
64380044702,993890
64850064301,993890
64850064305,993890
64850064312,993890
66267000220,993890
66267000230,993890
66267000240,993890
66267000260,993890
66267000284,993890
66267000290,993890
66267100500,993890
67544000353,993890
67544000360,993890
67544000370,993890
67544000380,993890
67544000390,993890
67544047453,993890
67544047460,993890
67544047470,993890
67544047480,993890
67544047490,993890
68071474906,993890
68788785901,993890
68788785902,993890
68788785903,993890
68788785906,993890
68788888101,993890
68788888103,993890
68788888106,993890
68788888201,993890
68788888203,993890
68788888206,993890
70518276400,993890
70518276401,993890
71335033600,993890
71335033601,993890
71335033602,993890
71335033603,993890
71335033604,993890
71335033605,993890
71335033606,993890
71335033607,993890
71335033608,993890
71335033609,993890
71335070103,993890
71335184600,993890
71335184601,993890
71335184602,993890
71335184603,993890
71335184604,993890
71335184605,993890
71335184606,993890
71335184607,993890
71335184608,993890
71335184609,993890
71335281800,993890
71335281801,993890
71335281802,993890
71335281803,993890
71335281804,993890
71335281805,993890
71335281806,993890
71335281807,993890
71335281808,993890
71335281809,993890
71930005612,993890
71930005652,993890
72162200201,993890
72162200205,993890
72189037660,993890
80425052801,993890
80425052802,993890
80425052803,993890
80425053001,993890
80425053002,993890
80425053003,993890
54859051306,2728420
52083048290,1546700
54859000101,1798453
54859000105,1798453
54859000150,1798453
54859001001,1798453
63102040210,1798453
63102040310,1798453
52083048390,2729424
52083068390,2729424
52083048190,1190931
52083068190,1190931
42037010295,1297947
42037011164,1297947
63029065606,1297947
63029065616,1297947
63029066101,1297947
63029066102,1297947
00280807020,1099872
00363037312,1099872
12843053711,1099872
57631001000,1099872
00067010508,1294607
69536033504,2683420
69536033508,2683420
00031010104,2374554
00031209469,2374554
00031877012,2374554
00031877018,2374554
00363671901,1092373
00363907402,1092373
11822879101,1092373
23900004089,1092373
30142009302,1092373
37000059812,1092373
37000059824,1092373
41226067101,1092373
46122035834,1092373
68016070508,1092373
69423083412,1092373
69423098502,1092373
69423098512,1092373
69842044812,1092373
79903009902,1092373
79903042112,1092373
84126035012,1092373
84126037212,1092373
84126037224,1092373
00067011201,2691689
00067434939,2691689
51316056109,2729789
79903043420,2729789
00363051808,1052467
00363051822,1052467
55315098824,1117245
84126037501,1117245
00113035571,1092189
00113043771,1092189
00113043778,1092189
00113075171,1092189
00113083771,1092189
00363016115,1092189
00363016150,1092189
00363021324,1092189
00363023506,1092189
00363023508,1092189
00363023512,1092189
00363023515,1092189
00363024610,1092189
00363024615,1092189
00363024625,1092189
00363024650,1092189
00363036010,1092189
00363036050,1092189
00363037115,1092189
00363055601,1092189
00363055609,1092189
00363055631,1092189
00363055654,1092189
00363055657,1092189
00363071442,1092189
00363071501,1092189
00363076010,1092189
00363076050,1092189
00363086310,1092189
00363086315,1092189
00363086324,1092189
00363086325,1092189
00363203508,1092189
00363447010,1092189
00363447015,1092189
00363447024,1092189
00363447052,1092189
00363908515,1092189
00363966115,1092189
00363966125,1092189
00363966437,1092189
00363966460,1092189
00363979975,1092189
00904673151,1092189
10135035201,1092189
10135035213,1092189
10135035250,1092189
10135035255,1092189
10135035257,1092189
10135041055,1092189
11383016560,1092189
11673075410,1092189
11822055601,1092189
11822235002,1092189
11822235004,1092189
11822235005,1092189
11822235007,1092189
11822235008,1092189
11822235009,1092189
15127032524,1092189
15127032550,1092189
17714013350,1092189
21130009501,1092189
21130009503,1092189
21130009514,1092189
21130022418,1092189
21130022473,1092189
21130035402,1092189
21130035408,1092189
21130066110,1092189
21130066120,1092189
21130066124,1092189
30142019314,1092189
30142070071,1092189
30142075501,1092189
30142075505,1092189
30142075520,1092189
30142080071,1092189
30142080078,1092189
30142080082,1092189
32390004140,1092189
36800009503,1092189
36800009517,1092189
36800035571,1092189
36800043771,1092189
36800043778,1092189
36800046610,1092189
36800046650,1092189
36800055609,1092189
36800055610,1092189
36800082927,1092189
36800082949,1092189
36800082960,1092189
37000097460,1092189
37808055609,1092189
37808055631,1092189
37808079503,1092189
37835053701,1092189
37835053725,1092189
41163022850,1092189
41163051501,1092189
41163051503,1092189
41163095609,1092189
41163095610,1092189
41250019502,1092189
41250019503,1092189
41250019509,1092189
41415066105,1092189
41415066110,1092189
41520051447,1092189
41520051471,1092189
41520051478,1092189
41520095609,1092189
41520095631,1092189
42507009503,1092189
42507009517,1092189
46122002658,1092189
46122013471,1092189
46122041971,1092189
46122054371,1092189
46122060471,1092189
46122064371,1092189
46122070762,1092189
46122070771,1092189
46122070778,1092189
46122079969,1092189
46122079970,1092189
49035023512,1092189
49035036310,1092189
49035036324,1092189
49035036325,1092189
49035055631,1092189
49348014009,1092189
49348014010,1092189
49483043040,1092189
50594086310,1092189
50804006050,1092189
50804082502,1092189
50844023515,1092189
50844025608,1092189
50844055610,1092189
51316086350,1092189
51645070905,1092189
51824005950,1092189
51824006950,1092189
51824008150,1092189
51824010750,1092189
51824010850,1092189
52735075612,1092189
52735075712,1092189
54257027802,1092189
54473030401,1092189
54473030450,1092189
55301023506,1092189
55301023515,1092189
55319056210,1092189
55319056224,1092189
55319056250,1092189
55910043771,1092189
55910043778,1092189
55910065510,1092189
55910065531,1092189
55910083401,1092189
55910083405,1092189
56062043771,1092189
56062043778,1092189
56062083771,1092189
57243023515,1092189
57344009501,1092189
57344009502,1092189
57344009503,1092189
57344009512,1092189
57896022401,1092189
57896022405,1092189
57896032401,1092189
57896032405,1092189
58154010401,1092189
59450017401,1092189
59450017405,1092189
59450017420,1092189
59726036050,1092189
59726086810,1092189
59726086824,1092189
59726086850,1092189
59779022810,1092189
59779022824,1092189
59779022850,1092189
59779023508,1092189
59779023512,1092189
59779055609,1092189
59779055613,1092189
59779055681,1092189
61504009503,1092189
62011025601,1092189
62011042001,1092189
62936022401,1092189
63629588001,1092189
63868011950,1092189
63868021020,1092189
63868032501,1092189
63868032550,1092189
63941009502,1092189
63941009503,1092189
63941009509,1092189
63981005654,1092189
66715564004,1092189
66715815803,1092189
67091013750,1092189
68016001083,1092189
68016024750,1092189
68016024800,1092189
68016065405,1092189
68016065410,1092189
68196055654,1092189
68391043050,1092189
68391086305,1092189
68998007103,1092189
68998019502,1092189
69168000350,1092189
69168039302,1092189
69168039324,1092189
69168039326,1092189
69168039350,1092189
69168039399,1092189
69607863001,1092189
69676006302,1092189
69676006305,1092189
69693041710,1092189
69693041720,1092189
69842057202,1092189
69842057208,1092189
69842057212,1092189
69842057215,1092189
69842057229,1092189
69842086350,1092189
69842095609,1092189
69842095613,1092189
69842095631,1092189
69848001402,1092189
69848001405,1092189
69848001415,1092189
70000041101,1092189
70000041102,1092189
70000041103,1092189
70677008101,1092189
70677114901,1092189
70692014903,1092189
70692014905,1092189
70692014931,1092189
70692047131,1092189
70692074103,1092189
72036009502,1092189
72036009503,1092189
72036017102,1092189
72036017103,1092189
72090000625,1092189
72090003201,1092189
72288043778,1092189
72476017101,1092189
72476017103,1092189
73057035203,1092189
76168011925,1092189
79481014901,1092189
79481014902,1092189
79481014903,1092189
79481014905,1092189
79481017401,1092189
79481017402,1092189
79481017404,1092189
79481017405,1092189
79903005009,1092189
79903005031,1092189
79903005310,1092189
79903005324,1092189
79903026780,1092189
79903029810,1092189
79903030710,1092189
79903030711,1092189
79903030724,1092189
81522009503,1092189
82706000901,1092189
82706000902,1092189
82725102401,1092189
82725412401,1092189
83324007020,1092189
83324008501,1092189
83324008550,1092189
83324016650,1092189
84324000501,1092189
85786010190,1092189
85786010824,1092189
85828009503,1092189
00067000709,2670677
00067010106,2670677
50269010106,2670677
58933055501,2670677
58933055508,2670677
67172015006,2670677
78112000113,2670677
79903035601,2670677
79903043906,2670677
72854009012,2739993
11523009401,707195
41100059788,707195
51316094016,707195
72854013616,707195
72854016416,707195
72854021108,707195
72854021116,707195
83059005201,707195
00363054108,602617
50580058410,602617
50580058424,602617
50580058450,602617
51316080909,602617
72854016220,602617
72854020802,602617
72854020808,602617
72854020810,602617
72854020820,602617
00054084363,1044427
27808013001,1044427
46672064516,1044427
00121077204,856940
00121077216,856940
00121154410,856940
00121154440,856940
00121231615,856940
00121231640,856940
00121231650,856940
00121477205,856940
00121477210,856940
00121477240,856940
00713070489,856940
12634061604,856940
27808004901,856940
60687041744,856940
60687041750,856940
60687041771,856940
63629194101,856940
64950034047,856940
64950034311,856940
64950034316,856940
64950037304,856940
64950037316,856940
66689000401,856940
66689000450,856940
66689000501,856940
66689000550,856940
66689002301,856940
66689002304,856940
66689002316,856940
66689002350,856940
67296209301,856940
67296216601,856940
68788635201,856940
71930002743,856940
00121477107,856944
00121477115,856944
64950037516,856944
69101060008,856944
69101060015,856944
79880060008,856944
79880060015,856944
00121465505,857099
00121465510,857099
00121465515,857099
00406037601,856987
00406037605,856987
00406037623,856987
00406037662,856987
00527164601,856987
00527164605,856987
10702019201,856987
10702019203,856987
10702019210,856987
10702019250,856987
13107021101,856987
13107021105,856987
13107021130,856987
13107021199,856987
27808011401,856987
27808011402,856987
42858004001,856987
43386035101,856987
43386035103,856987
43386035105,856987
46672003610,856987
46672003650,856987
63629117701,856987
63629117901,856987
63629230801,856987
65162067510,856987
68084079625,856987
68084079695,856987
71930004212,856987
71930004252,856987
72162128701,856987
72162199601,856987
72162199605,856987
00406037701,856992
00406037705,856992
00406037723,856992
00406037762,856992
00527164701,856992
00527164705,856992
10702019301,856992
10702019303,856992
10702019310,856992
10702019350,856992
13107021201,856992
13107021205,856992
13107021230,856992
13107021299,856992
27808011501,856992
27808011502,856992
42858013901,856992
43386035201,856992
43386035203,856992
43386035205,856992
46672016610,856992
46672016650,856992
63629118001,856992
63629118101,856992
63629230901,856992
71930004312,856992
71930004352,856992
72162128801,856992
72162199701,856992
72162199705,856992
00406037801,856980
00406037805,856980
00406037823,856980
00406037862,856980
00527164801,856980
00527164805,856980
10702019401,856980
10702019403,856980
10702019410,856980
10702019450,856980
13107021301,856980
13107021305,856980
13107021330,856980
13107021399,856980
27808011601,856980
27808011602,856980
42858023801,856980
43386035301,856980
43386035303,856980
43386035305,856980
63629118301,856980
63629118401,856980
63629231001,856980
65162069610,856980
65162069650,856980
71930004412,856980
71930004452,856980
72162128901,856980
72162199801,856980
72162199805,856980
13811065710,857391
31722094001,857391
46672009210,857391
46672009250,857391
50436217101,857391
50436217102,857391
55700021630,857391
55700021660,857391
55700021690,857391
63187083860,857391
63187083890,857391
63629473101,857391
63629473102,857391
63629542801,857391
63629542802,857391
63629542803,857391
63629542804,857391
63629542805,857391
63629542806,857391
63629542807,857391
64850063001,857391
68071091830,857391
68071091860,857391
68071091890,857391
68071091891,857391
72865010901,857391
72865020101,857391
76519101100,857391
76519101101,857391
76519101102,857391
76519101103,857391
76519101104,857391
76519101105,857391
76519101106,857391
76519101107,857391
76519101108,857391
76519101109,857391
76519109704,857391
00245041001,857002
00245041011,857002
00245041050,857002
00245041089,857002
00254203401,857002
00406012301,857002
00406012305,857002
00406012310,857002
00406012312,857002
00406012320,857002
00406012323,857002
00406012330,857002
00406012360,857002
00406012362,857002
00406012390,857002
00406036523,857002
00527164901,857002
00527164905,857002
00904682461,857002
10702018901,857002
10702018903,857002
10702018910,857002
10702018950,857002
13107001901,857002
13107001905,857002
13107001930,857002
13107001999,857002
27808003501,857002
27808003502,857002
27808003503,857002
31722094101,857002
31722094105,857002
31722099601,857002
31722099605,857002
35356079601,857002
35356079612,857002
35356079620,857002
35356079630,857002
35356079640,857002
35356079660,857002
35356079690,857002
42806011101,857002
42858020101,857002
42858020110,857002
42858020150,857002
43386035601,857002
43386035603,857002
43386035605,857002
43386035610,857002
45865060515,857002
45865060520,857002
45865060525,857002
45865060530,857002
45865060540,857002
45865060551,857002
45865060590,857002
50090151801,857002
50090177800,857002
50090177807,857002
50090212100,857002
50268040111,857002
50268040115,857002
50268040315,857002
50436010901,857002
50436010902,857002
50436010904,857002
50436010905,857002
50436391801,857002
50436391802,857002
51079077701,857002
51079077720,857002
51079077721,857002
51655089920,857002
51655089954,857002
51655090020,857002
51655090030,857002
51655090053,857002
51655090054,857002
52959073702,857002
52959073704,857002
52959073706,857002
52959073712,857002
52959073714,857002
52959073715,857002
52959073716,857002
52959073720,857002
52959073725,857002
52959073728,857002
52959073730,857002
52959073740,857002
52959073742,857002
52959073745,857002
52959073750,857002
52959073760,857002
52959073790,857002
53746010901,857002
53746010905,857002
53746010910,857002
55700022001,857002
55700065201,857002
55700065212,857002
55700065214,857002
55700065215,857002
55700065220,857002
55700065221,857002
55700065230,857002
55700065240,857002
55700065260,857002
55700065290,857002
55700099214,857002
55700099230,857002
55700099260,857002
55700099290,857002
55887029501,857002
57664012613,857002
57664012688,857002
60429059001,857002
60429059005,857002
60687039601,857002
60687039611,857002
60760087030,857002
60760087060,857002
60760087360,857002
61919049408,857002
61919049420,857002
61919049430,857002
61919049460,857002
61919049472,857002
61919049490,857002
61919061820,857002
61919061826,857002
61919061830,857002
61919061860,857002
61919061872,857002
61919061890,857002
63187011215,857002
63187011220,857002
63187011230,857002
63187011260,857002
63187037512,857002
63187037515,857002
63187037520,857002
63187037530,857002
63187037560,857002
63629193901,857002
63629229201,857002
63629229301,857002
63629229401,857002
63629246801,857002
63629294600,857002
63629294601,857002
63629294602,857002
63629294603,857002
63629294604,857002
63629294605,857002
63629294606,857002
63629294607,857002
63629294608,857002
63629294609,857002
63629542200,857002
63629542201,857002
63629542202,857002
63629542203,857002
63629542204,857002
63629542205,857002
63629542206,857002
63629542207,857002
63629542208,857002
63629542209,857002
63629782101,857002
63629782102,857002
63629849901,857002
63629888501,857002
63629888502,857002
63629888503,857002
63629888504,857002
63629888505,857002
64380044001,857002
64380044002,857002
64380044003,857002
64725002601,857002
64850063101,857002
64850063105,857002
66336067012,857002
66336067050,857002
67296189002,857002
67296189003,857002
67296189007,857002
67296189008,857002
67296220101,857002
67296220102,857002
67296220103,857002
67296220104,857002
67296220105,857002
67296220106,857002
67296220107,857002
67296220108,857002
68071029615,857002
68071029620,857002
68071029625,857002
68071029630,857002
68071029640,857002
68071029650,857002
68071029660,857002
68071029681,857002
68071029684,857002
68071029690,857002
68071029691,857002
68071029692,857002
68071344703,857002
68071368506,857002
68071480102,857002
68071480106,857002
68071485302,857002
68084089501,857002
68084089509,857002
70010067201,857002
70010067205,857002
70010067210,857002
71335141700,857002
71335141701,857002
71335141702,857002
71335141703,857002
71335141704,857002
71335141705,857002
71335141706,857002
71335141707,857002
71335141708,857002
71335141709,857002
71335147001,857002
71335147002,857002
71335147003,857002
71335181101,857002
71335181102,857002
71335181103,857002
71335181104,857002
71335181105,857002
71335181106,857002
71335210301,857002
71335210302,857002
71335210303,857002
71335210304,857002
71335210305,857002
71335211601,857002
71335211602,857002
71335211603,857002
71335211604,857002
71335211605,857002
71335211700,857002
71335211701,857002
71335211702,857002
71335211703,857002
71335211704,857002
71335211705,857002
71335211706,857002
71335211707,857002
71335211708,857002
71335211709,857002
71335214400,857002
71335214401,857002
71335214402,857002
71335214403,857002
71335214404,857002
71335214405,857002
71335214406,857002
71335214407,857002
71335214408,857002
71335214409,857002
71335219501,857002
71335219502,857002
71335219503,857002
71335219504,857002
71335219505,857002
71335219506,857002
71335258501,857002
71335258502,857002
71335258503,857002
71335258504,857002
71335258505,857002
71335258506,857002
71335296901,857002
71335973400,857002
71335973401,857002
71335973402,857002
71335973403,857002
71335973404,857002
71335973405,857002
71335973406,857002
71335973407,857002
71335973408,857002
71335973409,857002
71930001912,857002
71930001913,857002
71930001952,857002
72162127900,857002
72162127901,857002
72162127905,857002
72162134101,857002
72162134105,857002
72162198901,857002
72189034308,857002
72189034320,857002
72189034330,857002
72189034360,857002
72189034372,857002
72189034390,857002
72189040730,857002
72189040760,857002
72189040772,857002
72189040790,857002
72189064920,857002
72189064930,857002
72189064960,857002
72865011001,857002
72865011005,857002
72865020201,857002
72865020205,857002
76420013301,857002
76420013305,857002
76420013330,857002
76420013360,857002
76420013390,857002
76420087500,857002
76420087501,857002
76420087503,857002
76420087505,857002
76420087507,857002
76420087510,857002
76420087514,857002
76420087520,857002
76420087530,857002
76420087560,857002
76420087590,857002
82804011612,857002
87063004901,857002
87063004905,857002
87063004907,857002
87063004910,857002
87063004914,857002
87063004920,857002
87063004930,857002
87063004960,857002
87063004990,857002
00245041101,857005
00245041111,857005
00245041150,857005
00245041189,857005
00254203501,857005
00406012401,857005
00406012405,857005
00406012410,857005
00406012412,857005
00406012420,857005
00406012423,857005
00406012430,857005
00406012460,857005
00406012462,857005
00406012490,857005
00406036623,857005
00527165001,857005
00527165005,857005
00904682661,857005
10702019001,857005
10702019003,857005
10702019010,857005
10702019050,857005
12634026000,857005
12634026040,857005
12634026050,857005
12634026055,857005
12634026066,857005
12634026071,857005
12634026079,857005
12634026080,857005
12634026085,857005
12634026091,857005
12634026094,857005
13107002001,857005
13107002005,857005
13107002030,857005
13107002099,857005
27808003601,857005
27808003602,857005
27808003603,857005
31722094201,857005
31722094205,857005
35356079701,857005
35356079715,857005
35356079730,857005
35356079790,857005
42291033301,857005
42806011201,857005
42858020201,857005
42858020210,857005
42858020250,857005
43386035701,857005
43386035703,857005
43386035705,857005
43386035710,857005
43547037310,857005
45865041900,857005
45865041901,857005
45865041902,857005
45865041905,857005
45865041949,857005
45865041951,857005
45865041952,857005
45865041959,857005
45865041960,857005
45865041984,857005
50268040011,857005
50268040015,857005
50436016001,857005
50436260501,857005
50436260502,857005
50436260504,857005
51079077801,857005
51079077820,857005
51079077821,857005
51655005527,857005
51655080427,857005
52959073500,857005
52959073502,857005
52959073503,857005
52959073512,857005
52959073530,857005
52959073540,857005
52959073550,857005
52959073560,857005
52959073580,857005
52959073584,857005
52959073590,857005
55700060301,857005
55700060315,857005
55700060324,857005
55700060330,857005
55700060356,857005
55700060360,857005
55700060390,857005
57664017013,857005
57664017088,857005
60429059101,857005
60429059105,857005
60687040701,857005
60687040711,857005
60760021960,857005
60760069230,857005
60760069260,857005
60760069290,857005
61919011415,857005
61919011430,857005
61919011460,857005
61919011471,857005
61919011472,857005
61919011490,857005
61919020826,857005
61919020830,857005
61919020872,857005
61919020890,857005
63187013760,857005
63187065812,857005
63187065815,857005
63187065820,857005
63187065830,857005
63187065860,857005
63187065890,857005
63629194001,857005
63629229501,857005
63629229601,857005
63629229701,857005
63629246901,857005
63629543600,857005
63629543601,857005
63629543602,857005
63629543603,857005
63629543604,857005
63629543605,857005
63629543606,857005
63629543607,857005
63629543608,857005
63629543609,857005
64380044101,857005
64380044102,857005
64380044103,857005
64850063201,857005
64850063205,857005
65162011503,857005
65162011510,857005
65162011511,857005
65162011550,857005
68071030130,857005
68071030140,857005
68071030160,857005
68071030184,857005
68071030190,857005
68071030191,857005
68071249402,857005
68071249406,857005
68071264502,857005
68071264503,857005
68084086309,857005
68084086311,857005
68387023712,857005
70010067301,857005
70010067305,857005
71335010800,857005
71335010801,857005
71335010802,857005
71335010803,857005
71335010804,857005
71335010805,857005
71335010806,857005
71335010807,857005
71335010808,857005
71335010809,857005
71335046600,857005
71335046601,857005
71335046602,857005
71335046603,857005
71335046604,857005
71335046605,857005
71335046606,857005
71335046607,857005
71335046608,857005
71335046609,857005
71335141900,857005
71335141901,857005
71335141902,857005
71335141903,857005
71335141904,857005
71335141905,857005
71335141906,857005
71335141907,857005
71335141908,857005
71335141909,857005
71335155701,857005
71335155702,857005
71335155703,857005
71335197001,857005
71335197002,857005
71335197003,857005
71335197004,857005
71335197005,857005
71335197006,857005
71335197007,857005
71335210401,857005
71335210402,857005
71335210403,857005
71335210404,857005
71335210405,857005
71335210406,857005
71335210407,857005
71335211201,857005
71335211202,857005
71335211203,857005
71335211500,857005
71335211501,857005
71335211502,857005
71335211503,857005
71335211504,857005
71335211505,857005
71335211506,857005
71335211507,857005
71335211508,857005
71335211509,857005
71335223801,857005
71335223802,857005
71335223803,857005
71335973600,857005
71335973601,857005
71335973602,857005
71335973603,857005
71335973604,857005
71335973605,857005
71335973606,857005
71335973607,857005
71335973608,857005
71335973609,857005
71335973701,857005
71335973702,857005
71335973703,857005
71335973704,857005
71335973705,857005
71335973706,857005
71335973707,857005
71930002012,857005
71930002013,857005
71930002052,857005
72162128000,857005
72162128001,857005
72162128005,857005
72162128006,857005
72162134201,857005
72162199005,857005
72189019130,857005
72189035230,857005
72189035260,857005
72189035272,857005
72189035290,857005
72189040630,857005
72189040660,857005
72189040690,857005
72865011101,857005
72865011105,857005
72865020301,857005
72865020305,857005
76420025730,857005
76420025760,857005
76420025790,857005
76420087600,857005
76420087601,857005
76420087603,857005
76420087605,857005
76420087607,857005
76420087610,857005
76420087614,857005
76420087620,857005
76420087630,857005
76420087660,857005
76420087690,857005
87063005001,857005
87063005005,857005
87063005007,857005
87063005010,857005
87063005014,857005
87063005020,857005
87063005030,857005
87063005060,857005
87063005090,857005
00245041201,856999
00245041211,856999
00245041250,856999
00245041289,856999
00254203601,856999
00406012501,856999
00406012505,856999
00406012510,856999
00406012512,856999
00406012520,856999
00406012523,856999
00406012530,856999
00406012560,856999
00406012562,856999
00406012590,856999
00406036723,856999
00406036791,856999
00527165101,856999
00527165105,856999
00603360921,856999
00603388728,856999
00603388732,856999
00904682561,856999
10702019101,856999
10702019103,856999
10702019110,856999
10702019150,856999
12634014452,856999
12634014455,856999
12634014461,856999
12634014471,856999
12634014478,856999
12634014479,856999
12634014485,856999
12634014491,856999
13107002101,856999
13107002105,856999
13107002130,856999
13107002199,856999
27808003701,856999
27808003702,856999
27808003703,856999
31722094301,856999
31722094305,856999
31722099701,856999
31722099705,856999
33358017001,856999
35356079540,856999
42806011301,856999
42858020301,856999
42858020310,856999
42858020350,856999
42858020390,856999
43386035801,856999
43386035803,856999
43386035805,856999
43386035810,856999
45865041100,856999
45865041101,856999
45865041102,856999
45865041105,856999
45865041106,856999
45865041112,856999
45865041115,856999
45865041120,856999
45865041130,856999
45865041140,856999
45865041149,856999
45865041151,856999
45865041152,856999
45865041157,856999
45865041159,856999
45865041160,856999
45865041184,856999
45865041190,856999
50268040211,856999
50268040215,856999
50268040815,856999
50436261201,856999
50436261202,856999
50436261204,856999
50436317101,856999
50436317102,856999
51079077901,856999
51079077920,856999
51079077921,856999
52959032400,856999
52959032401,856999
52959032402,856999
52959032403,856999
52959032405,856999
52959032406,856999
52959032408,856999
52959032410,856999
52959032415,856999
52959032420,856999
52959032424,856999
52959032425,856999
52959032428,856999
52959032430,856999
52959032440,856999
52959032442,856999
52959032445,856999
52959032450,856999
52959032460,856999
52959032475,856999
52959032484,856999
52959032490,856999
53746011001,856999
53746011005,856999
53746011010,856999
55700059801,856999
55700059814,856999
55700059815,856999
55700059821,856999
55700059830,856999
55700059860,856999
55700059890,856999
55700099130,856999
55700099160,856999
55700099190,856999
57664017613,856999
57664017688,856999
60429059201,856999
60429059205,856999
60687041801,856999
60687041811,856999
60760087130,856999
60760087160,856999
60760087230,856999
60760087260,856999
61919011820,856999
61919011826,856999
61919011830,856999
61919011860,856999
61919011871,856999
61919011872,856999
61919011890,856999
61919015660,856999
61919015690,856999
61919082830,856999
61919082860,856999
61919082890,856999
63187012020,856999
63187012030,856999
63187012060,856999
63187077812,856999
63187077815,856999
63187077820,856999
63187077830,856999
63187077860,856999
63187077890,856999
63304049701,856999
63304049703,856999
63304049705,856999
63304049710,856999
63304049711,856999
63304049769,856999
63629193801,856999
63629229801,856999
63629229901,856999
63629230001,856999
63629247001,856999
63629247101,856999
63629294700,856999
63629294707,856999
63629294708,856999
63629294709,856999
63629448701,856999
63629448702,856999
63629448703,856999
63629448704,856999
63629448705,856999
63629448706,856999
63629448707,856999
63629543200,856999
63629543201,856999
63629543202,856999
63629543203,856999
63629543204,856999
63629543205,856999
63629543206,856999
63629543207,856999
63629543208,856999
63629543209,856999
63629543400,856999
63629543402,856999
63629543406,856999
63629543408,856999
63629888601,856999
63629888602,856999
63629888603,856999
63629888604,856999
63629888605,856999
64380044201,856999
64380044202,856999
64380044203,856999
64850063301,856999
64850063305,856999
66267031920,856999
66267031930,856999
66267031940,856999
66267031960,856999
66267031984,856999
66267031988,856999
66267031990,856999
66267031991,856999
66267031992,856999
66336044410,856999
66336044420,856999
68071200103,856999
68071200106,856999
68071200109,856999
68071494106,856999
68084088409,856999
70010067401,856999
70010067405,856999
71205066030,856999
71205066060,856999
71205066090,856999
71335124804,856999
71335124806,856999
71335124807,856999
71335127100,856999
71335127101,856999
71335127102,856999
71335127103,856999
71335127104,856999
71335127105,856999
71335127106,856999
71335127107,856999
71335127108,856999
71335127109,856999
71335133901,856999
71335133902,856999
71335133903,856999
71335141800,856999
71335141801,856999
71335141802,856999
71335141803,856999
71335141804,856999
71335141805,856999
71335141806,856999
71335141807,856999
71335141808,856999
71335141809,856999
71335144401,856999
71335144402,856999
71335144403,856999
71335210501,856999
71335210502,856999
71335210503,856999
71335210504,856999
71335210505,856999
71335211800,856999
71335211801,856999
71335211802,856999
71335211803,856999
71335211804,856999
71335211805,856999
71335211806,856999
71335211807,856999
71335211808,856999
71335211809,856999
71335274001,856999
71335960201,856999
71335960202,856999
71335960203,856999
71335973500,856999
71335973501,856999
71335973502,856999
71335973503,856999
71335973504,856999
71335973505,856999
71335973506,856999
71335973507,856999
71335973508,856999
71335973509,856999
71930002112,856999
71930002113,856999
71930002152,856999
72162128100,856999
72162128101,856999
72162128105,856999
72162199101,856999
72162227101,856999
72162227105,856999
72189034820,856999
72189034830,856999
72189034860,856999
72189034872,856999
72189034890,856999
72189039930,856999
72189039960,856999
72189039972,856999
72189039990,856999
72189065030,856999
72189065060,856999
72865011201,856999
72865011205,856999
72865020401,856999
72865020405,856999
76420021501,856999
76420021530,856999
76420021560,856999
76420021590,856999
76420087700,856999
76420087701,856999
76420087703,856999
76420087705,856999
76420087707,856999
76420087710,856999
76420087714,856999
76420087720,856999
76420087730,856999
76420087760,856999
76420087790,856999
82804000330,856999
82804000360,856999
82804000390,856999
87063005101,856999
87063005105,856999
87063005107,856999
87063005110,856999
87063005114,856999
87063005120,856999
87063005130,856999
87063005160,856999
87063005190,856999
00113529916,2387532
00113529923,2387532
00113529968,2387532
00113529989,2387532
00113530016,2387532
00113530068,2387532
00363408178,2387532
00363522001,2387532
00363522016,2387532
00363522023,2387532
00363522068,2387532
00363619923,2387532
00363913116,2387532
00363913144,2387532
00536137636,2387532
00573014502,2387532
00573014518,2387532
00573014572,2387532
00573014589,2387532
00573014599,2387532
00573014709,2387532
00573014718,2387532
00573014724,2387532
00573014736,2387532
00573014772,2387532
00573014786,2387532
00573014790,2387532
00573014791,2387532
00573014793,2387532
00573014794,2387532
00573014795,2387532
00573014797,2387532
11673092475,2387532
11822113104,2387532
11822113106,2387532
11822577700,2387532
11822577701,2387532
11822577702,2387532
21130071608,2387532
21130071675,2387532
25000008007,2387532
25000008072,2387532
25000008074,2387532
30142072023,2387532
41163010368,2387532
41163010389,2387532
41226071649,2387532
42507054023,2387532
42507054072,2387532
43598005205,2387532
43598005214,2387532
43598005218,2387532
43598005225,2387532
43598005295,2387532
46122074268,2387532
46122081861,2387532
49483071649,2387532
49483071675,2387532
50580020802,2387532
50580020808,2387532
50580020812,2387532
50580020816,2387532
51316013136,2387532
51316013144,2387532
51316013172,2387532
51316013272,2387532
51316013281,2387532
51672425801,2387532
51672425804,2387532
53943003476,2387532
55319013936,2387532
55910044116,2387532
55910044123,2387532
55910044140,2387532
55910044168,2387532
55910044189,2387532
55910050823,2387532
55910050868,2387532
56062053023,2387532
56062053068,2387532
58602089301,2387532
58602089302,2387532
58602089303,2387532
58602089307,2387532
58602089311,2387532
58602089314,2387532
58602089321,2387532
58602089329,2387532
58602089335,2387532
58602089340,2387532
58602089341,2387532
58602089344,2387532
58602089346,2387532
58602089349,2387532
58602089351,2387532
58602089361,2387532
58602089362,2387532
58602089365,2387532
58602089373,2387532
58602089378,2387532
58602089379,2387532
58602089380,2387532
58602089382,2387532
58602089384,2387532
58602089385,2387532
58602089388,2387532
58602089394,2387532
58602089395,2387532
58602089396,2387532
58602089399,2387532
58602089501,2387532
58602089503,2387532
58602089507,2387532
58602089511,2387532
58602089514,2387532
58602089521,2387532
58602089529,2387532
58602089535,2387532
58602089540,2387532
58602089541,2387532
58602089544,2387532
58602089546,2387532
58602089549,2387532
58602089551,2387532
58602089561,2387532
58602089562,2387532
58602089565,2387532
58602089573,2387532
58602089578,2387532
58602089579,2387532
58602089580,2387532
58602089582,2387532
58602089584,2387532
58602089585,2387532
58602089588,2387532
58602089594,2387532
58602089595,2387532
58602089596,2387532
58602089599,2387532
66715640102,2387532
66715960102,2387532
66715960103,2387532
67751021101,2387532
67751021102,2387532
69452039464,2387532
69452039481,2387532
69452044623,2387532
69452044722,2387532
69452046922,2387532
69842067523,2387532
69842067568,2387532
69848058872,2387532
70000062201,2387532
70000062202,2387532
70000073701,2387532
70000073702,2387532
70010013126,2387532
70010013131,2387532
70010021326,2387532
70010021331,2387532
70038013136,2387532
70038013172,2387532
70038013181,2387532
70264004012,2387532
70677127401,2387532
72288053001,2387532
72288054200,2387532
72288054201,2387532
72476013172,2387532
72476013181,2387532
72476023123,2387532
72476023189,2387532
72657015705,2387532
72657015718,2387532
72657015720,2387532
72657015736,2387532
72657015772,2387532
72657015774,2387532
72657015776,2387532
75907015814,2387532
75907015825,2387532
76162050116,2387532
76162050123,2387532
76162050168,2387532
76162052023,2387532
79481015200,2387532
79481015201,2387532
79481050300,2387532
79481050301,2387532
79481050302,2387532
79481050303,2387532
79481650107,2387532
79903014836,2387532
79903014872,2387532
79903024336,2387532
79903024372,2387532
79903024444,2387532
79903032672,2387532
79903093144,2387532
83324014936,2387532
83324017844,2387532
85576010136,2387532
85766004436,2387532
53145000602,1539545
53145000630,1539545
16500050595,1536882
00363048808,1052670
23900002327,1052670
37000050724,1052670
37000095024,1052670
51013011214,1052670
53345001201,1052670
53345003001,1052670
59726010012,1052670
68016020016,1052670
68016063016,1052670
82706002501,1052670
00067206091,1046378
00067206224,1046378
00113006662,1046378
00113027262,1046378
00135060701,1046378
00135060702,1046378
00135060703,1046378
00135703101,1046378
00135703102,1046378
00363046622,1046378
00363050208,1046378
00363055807,1046378
00363055808,1046378
00363406608,1046378
00450054724,1046378
00536128935,1046378
00904676024,1046378
01981020631,1046378
01981020632,1046378
11822466908,1046378
11822502208,1046378
21130046608,1046378
21130047408,1046378
21130050221,1046378
24385016962,1046378
30142027262,1046378
30142046608,1046378
36800027262,1046378
36800032006,1046378
36800032205,1046378
37808046608,1046378
41163066408,1046378
42507022305,1046378
42507032006,1046378
46122044362,1046378
46122045362,1046378
46122065862,1046378
49035055822,1046378
50580043501,1046378
50580054725,1046378
50580054773,1046378
50580059801,1046378
50580059802,1046378
50804012305,1046378
50804022006,1046378
50804047606,1046378
50844046702,1046378
50844046708,1046378
51467000801,1046378
51467000802,1046378
51467001301,1046378
51467001302,1046378
53943022006,1046378
53943032305,1046378
55301044608,1046378
55301090208,1046378
55319049608,1046378
55319070208,1046378
55910046608,1046378
55910092508,1046378
56062027262,1046378
57344092305,1046378
59779004706,1046378
59779046608,1046378
59779080208,1046378
63868058224,1046378
63941022006,1046378
67091020924,1046378
67091021324,1046378
68016002605,1046378
68016002606,1046378
68998022006,1046378
68998032305,1046378
69168027095,1046378
69842067362,1046378
70000016101,1046378
70000056801,1046378
72036032006,1046378
72036032305,1046378
72476012006,1046378
72476012305,1046378
83324009424,1046378
85766018324,1046378
46017002408,1101534
46017002424,1101534
46017002499,1101534
47682000133,1101534
47682000148,1101534
47682000199,1101534
47682015509,1101534
47682050903,1101534
47682050999,1101534
47682081913,1101534
47682081933,1101534
47682081948,1101534
47682081950,1101534
47682081999,1101534
47682091933,1101534
47682091948,1101534
68599475103,1101534
73598119201,1101534
73598119401,1101534
84269254601,1101534
84269254602,1101534
00225059004,1049179
00225059008,1049179
48964023224,1049179
63736060556,1049179
63736060560,1049179
00225060008,1090743
00363023708,1090743
11868023716,1090743
11868023732,1090743
24385048862,1090743
50580065910,1090743
52735045005,1090743
28595078001,1538456
00113037400,308297
00113037462,308297
00113037471,308297
00113037478,308297
00113037482,308297
00113038171,308297
00113038178,308297
00113161927,308297
00113185527,308297
00363015912,308297
00363015915,308297
00363033412,308297
00363037462,308297
00363037478,308297
00363037482,308297
00363037485,308297
00363044308,308297
00363058620,308297
00363058680,308297
00363062525,308297
00363077001,308297
00363077042,308297
00363086525,308297
00363112860,308297
00363115025,308297
00363123527,308297
00363123560,308297
00363132012,308297
00363132023,308297
00363132080,308297
00363669312,308297
00363669320,308297
00363669380,308297
00363701201,308297
00363701242,308297
00363721425,308297
00363899210,308297
00363968010,308297
00363968024,308297
00536132601,308297
10135035301,308297
10135035357,308297
10135037557,308297
11673007001,308297
11673007072,308297
11673037478,308297
11673037482,308297
11673068620,308297
11673068680,308297
11822037401,308297
11822037402,308297
11822037405,308297
11822037407,308297
11822159002,308297
11822159008,308297
11822334306,308297
21130003701,308297
21130003720,308297
21130003742,308297
21130007407,308297
21130007414,308297
21130007421,308297
21130056962,308297
21130056971,308297
21130056978,308297
21130056985,308297
21130058620,308297
21130068105,308297
21130068110,308297
21130068124,308297
24385036571,308297
24385036578,308297
27854030301,308297
29485648602,308297
29485653806,308297
30142037478,308297
30142037482,308297
30142058620,308297
30142058680,308297
30142062510,308297
30142062524,308297
30142086524,308297
30142089662,308297
30142089678,308297
30142089682,308297
36800037462,308297
36800037478,308297
36800043078,308297
36800053362,308297
36800053378,308297
36800067510,308297
36800093460,308297
37205028062,308297
37205066978,308297
37808037478,308297
37808058620,308297
37808058680,308297
37835053101,308297
37835053125,308297
41163033408,308297
41163033412,308297
41163037471,308297
41163037478,308297
41163037485,308297
41226037001,308297
41226037042,308297
41250033408,308297
41250033412,308297
41250033415,308297
41250033498,308297
41250037462,308297
41250037471,308297
41250037478,308297
41250037482,308297
41250037485,308297
41520037462,308297
41520037478,308297
42364220801,308297
42507037400,308297
42507037424,308297
42507037462,308297
42507037478,308297
42961020201,308297
42961023401,308297
42961023402,308297
42961023403,308297
42961023404,308297
42961023405,308297
46122010478,308297
46122038278,308297
46122067078,308297
46122069078,308297
47682022813,308297
47682022833,308297
47682022847,308297
47682022864,308297
47682022899,308297
47682023813,308297
47682023833,308297
47682023847,308297
47682023899,308297
49035043306,308297
49035043308,308297
49035043312,308297
49035043385,308297
49035078680,308297
49035078682,308297
49348096910,308297
49483037000,308297
49483037001,308297
49483037020,308297
49483037031,308297
49483037042,308297
50066063024,308297
50844025808,308297
53943030503,308297
54257085802,308297
55301033412,308297
55319051110,308297
55319068010,308297
55319097010,308297
55319097024,308297
55758050902,308297
55758050924,308297
55758050950,308297
55910034508,308297
55910034512,308297
55910037462,308297
55910037471,308297
55910037478,308297
55910044001,308297
55910044827,308297
55910044860,308297
55910063927,308297
55910063960,308297
55910068620,308297
56062030502,308297
56062037471,308297
56062043078,308297
56062093412,308297
57237034801,308297
57243015908,308297
57243033408,308297
57344020501,308297
57896021601,308297
57896022601,308297
58602081702,308297
58602081703,308297
58602081707,308297
58602081709,308297
58602081714,308297
58602081721,308297
58602081734,308297
58602081736,308297
58602081738,308297
58602081790,308297
58602088221,308297
58602088238,308297
59726001150,308297
59779033406,308297
59779033407,308297
59779033408,308297
59779033412,308297
59779033417,308297
59779037462,308297
59779037478,308297
59779037482,308297
59779037487,308297
59779054750,308297
59779091559,308297
62011046301,308297
62207068047,308297
62207068051,308297
62207068098,308297
62207068099,308297
63868048501,308297
63868048524,308297
63868048550,308297
63941015912,308297
63981037401,308297
63981069901,308297
66715543803,308297
66715550604,308297
66715564104,308297
66715633803,308297
66715643806,308297
66715692204,308297
67091011210,308297
67751021501,308297
68016001240,308297
68016023100,308297
68071391401,308297
69168028524,308297
69168028537,308297
69517010524,308297
69729005540,308297
69729010524,308297
69729015912,308297
69729060124,308297
69729060180,308297
69842054101,308297
69842054106,308297
69842054116,308297
69842054117,308297
69842058602,308297
69842058620,308297
69842058680,308297
69842059120,308297
69842059123,308297
69842059180,308297
69842059223,308297
69842059280,308297
69842068010,308297
70000006601,308297
70000014601,308297
70000024701,308297
70000024702,308297
70000061101,308297
70677011901,308297
70677113301,308297
70692013220,308297
70692014231,308297
71105017402,308297
71309007903,308297
71309011824,308297
72036030503,308297
72090000702,308297
72090000703,308297
72090003301,308297
72288025227,308297
72288029527,308297
72288037482,308297
72288037620,308297
73689010101,308297
74684000710,308297
76162014201,308297
79481006202,308297
79481021100,308297
79481021101,308297
79903004420,308297
79903004442,308297
79903021610,308297
79903037001,308297
79903037020,308297
79903037021,308297
80513036215,308297
81522020503,308297
82725102301,308297
82804000230,308297
82804000260,308297
82804000290,308297
82804000830,308297
82804000860,308297
82804000890,308297
82804016360,308297
83324006324,308297
83324009924,308297
83324033101,308297
83324033124,308297
84324000701,308297
85766017301,308297
85766017302,308297
85766017305,308297
85766018001,308297
85786010590,308297
85828028593,308297
89411012208,308297
42037010365,763116
42037010366,763116
42037011095,763116
42037011135,763116
63029062502,763116
63029062506,763116
63029062518,763116
63029062524,763116
63029062550,763116
63029063301,763116
63029064401,763116
63029066201,763116
84800004101,763116
42037000060,692836
42037000062,692836
42037010298,692836
42037010845,692836
63029066301,692836
63029066304,692836
63029066404,692836
63029066424,692836
42037000096,2360605
42037000097,2360605
63029020304,2360605
63029020316,2360605
63029066816,2734143
00363989412,1593110
46122045671,1593110
51316067412,1593110
59779089412,1593110
64950029016,756245
00527409537,889520
00591264001,889520
00591264005,889520
10135062801,889520
11534018701,889520
11534018704,889520
13925053501,889520
16714017001,889520
42195095510,889520
42291018101,889520
43547068610,889520
51407020001,889520
51672422201,889520
51862054201,889520
63629237201,889520
70010004401,889520
70010004405,889520
70752014410,889520
70752014414,889520
71205096200,889520
71205096230,889520
71205096255,889520
71205096260,889520
71205096272,889520
71205096290,889520
72162123201,889520
80425021501,889520
80425049701,889520
00527409437,238153
13107007501,238153
13107007505,238153
13107007530,238153
13925053601,238153
51862017901,238153
63629208701,238153
69292030501,238153
70752014110,238153
70752014114,238153
72162109601,238153
75907000901,238153
63922060112,1303251
42195084010,1596108
71993030030,1812164
52389012328,672601
47682007313,283274
47682007333,283274
47682007347,283274
47682007399,283274
00363039108,701913
35916071001,701913
35916123401,701913
00280800501,1597298
00280800502,1597298
00280800504,1597298
00280800516,1597298
00280800524,1597298
00280800540,1597298
00280801524,1597298
00363025210,1597298
00363025221,1597298
00363231024,1597298
00363390010,1597298
00363390021,1597298
00363390022,1597298
00363390921,1597298
00363939010,1597298
00363939021,1597298
00363939022,1597298
00924601002,1597298
11673036364,1597298
11673039010,1597298
11822039001,1597298
11822039009,1597298
11822390001,1597298
11822390008,1597298
12843002471,1597298
12843015859,1597298
12843017253,1597298
12843050132,1597298
12843055519,1597298
21130093010,1597298
29485796402,1597298
29485796403,1597298
29485796404,1597298
30142039010,1597298
30142039022,1597298
36800039108,1597298
37205073862,1597298
37808038910,1597298
41163039010,1597298
41163039110,1597298
49483034724,1597298
50269000706,1597298
50269000906,1597298
50804099008,1597298
50844039019,1597298
50844039021,1597298
50844039908,1597298
50844039921,1597298
51316039010,1597298
51316039021,1597298
53943039010,1597298
55319030121,1597298
55758032602,1597298
55758032625,1597298
55758032650,1597298
55910012310,1597298
59779093008,1597298
59779093010,1597298
59779093021,1597298
63868003224,1597298
66715644502,1597298
66715644507,1597298
66715644508,1597298
66715974502,1597298
67091033440,1597298
67751014501,1597298
67751014502,1597298
67751014506,1597298
68016073624,1597298
69168047006,1597298
69168047082,1597298
69517013020,1597298
69517013024,1597298
69729013024,1597298
69729013150,1597298
69729013172,1597298
69729013206,1597298
69729081850,1597298
70264001201,1597298
70692013124,1597298
70692013146,1597298
72090002602,1597298
79481039001,1597298
79903026640,1597298
83049048908,1597298
83059000601,1597298
83059010501,1597298
83059011908,1597298
83324001724,1597298
83393039002,1597298
85237184101,1597298
85237184102,1597298
85237184103,1597298
85237184104,1597298
85237184105,1597298
50580038704,1372312
59779014704,1372312
51467000601,1540507
55758050072,2691098
00363048208,1313969
00113047662,1046781
00135057801,1046781
00135057802,1046781
00135057803,1046781
00363019922,1046781
00363045508,1046781
00363045522,1046781
00363055908,1046781
00573123821,1046781
00924009100,1046781
00924009101,1046781
10956077136,1046781
11383023750,1046781
36800047662,1046781
36800047667,1046781
36800062802,1046781
36800093562,1046781
37205094062,1046781
37808062802,1046781
46122007462,1046781
46122040662,1046781
46122066062,1046781
47682012013,1046781
47682012033,1046781
47682012047,1046781
47682012064,1046781
47682012099,1046781
47682054303,1046781
47682054399,1046781
49035055908,1046781
50332012704,1046781
50332012707,1046781
50332012708,1046781
50332015304,1046781
50332015307,1046781
50580026424,1046781
50804012802,1046781
50844045508,1046781
51467000501,1046781
51467000502,1046781
51467001001,1046781
51467001002,1046781
51467001101,1046781
51467001102,1046781
51467001401,1046781
51467001402,1046781
53100034649,1046781
53145000502,1046781
53145000530,1046781
53809020401,1046781
53943022802,1046781
55301045508,1046781
55910045508,1046781
56062047662,1046781
57344092802,1046781
59779004306,1046781
63654027520,1046781
63654060520,1046781
63868057824,1046781
66715992703,1046781
68016002149,1046781
68998022802,1046781
69168000451,1046781
70000021101,1046781
70677100401,1046781
72476012802,1046781
76095001120,1046781
83324008624,1046781
82688000112,2599517
52747047570,1193293
63654060101,1193293
63654060102,1193293
63654060104,1193293
63654060110,1193293
63654060120,1193293
63654060150,1193293
76095001001,1193293
76095001002,1193293
76095001004,1193293
76095001010,1193293
76095001020,1193293
76095001050,1193293
69729012206,2463332
69729012227,2463332
69729012237,2463332
69729012238,2463332
69729013306,2463332
69729013327,2463332
69729013337,2463332
69729013338,2463332
69729022302,2463332
69729022306,2463332
69729022337,2463332
69729022338,2463332
69729032227,2463332
69729032237,2463332
69729032238,2463332
69729032327,2463332
69729032337,2463332
69729032338,2463332
69729082930,2463332
63029021604,1741529
00182118316,1294201
16500005502,1294201
00927022424,1293344
00927022463,1293344
00927032463,1293344
00363034208,1251928
52959044700,606947
52959044720,606947
52959044724,606947
52959044730,606947
52959044750,606947
52959044760,606947
66267035410,606947
66267035420,606947
66267035430,606947
00043046008,1298348
00043626508,1298348
00043640708,1298348
00067812808,1298348
00067812908,1298348
46122001633,1298348
49348090470,1298348
49580050208,1298348
59779069308,1298348
59779093808,1298348
68016015408,1298348
00031224904,1050385
59779009504,1050385
80070033004,1050385
00031875212,1375932
00031875218,1375932
00363046006,1375932
00363073306,1375932
00363074706,1375932
00363406004,1375932
00363913006,1375932
11673080604,1375932
30142073606,1375932
46122035930,1375932
49035062303,1375932
51316073304,1375932
55910046006,1375932
63824021166,1375932
63824021264,1375932
63824021266,1375932
63824026266,1375932
63824050066,1375932
63824060064,1375932
63824095021,1375932
69842060604,1375932
70134040408,1375932
82442037704,1375932
00067813710,1233575
00067813720,1233575
00363052608,1233575
12547022734,1233575
46122005262,1233575
46122040562,1233575
53145000930,1233575
55301046408,1233575
55910046408,1233575
63824079308,1233575
63868098524,1233575
68016002012,1233575
68016002591,1233575
79903019910,1233575
83059004401,1233575
83059004501,1233575
83059010601,1233575
00363054309,1046751
00363054409,1046751
00363054508,1046751
00363543009,1046751
46122005360,1046751
46122026860,1046751
49035054309,1046751
49035054341,1046751
59779054309,1046751
68016002590,1046751
00067680102,1659175
00067812401,1659175
00067812406,1659175
00043625606,1659960
00067609501,1659960
00067609502,1659960
00067609503,1659960
00067680302,1659960
00067791801,1659960
00067791806,1659960
00067821201,1659960
00113096491,1659960
00363060206,1659960
00363096491,1659960
00363110106,1659960
00363541006,1659960
00363548106,1659960
11673011307,1659960
11673054106,1659960
30142011307,1659960
30142044591,1659960
30142096491,1659960
36800080006,1659960
36800096491,1659960
37205067991,1659960
41163096491,1659960
41226054106,1659960
46122025913,1659960
46122040213,1659960
49035096491,1659960
55758038506,1659960
55910096491,1659960
58933055101,1659960
58933055108,1659960
59779076091,1659960
62011025201,1659960
63868029106,1659960
67091032306,1659960
68163054106,1659960
70000000601,1659960
72288059191,1659960
72288096491,1659960
79903054701,1659960
82442096400,1659960
23900002328,1052647
51013011314,1052647
53345001301,1052647
53345003101,1052647
68016020116,1052647
68016063116,1052647
00731013501,1242618
00043629608,827757
00363047806,1116568
00363335006,1116568
49035047806,1116568
53041061658,1116568
53942051525,1116568
55910075709,1116568
63824026566,1116568
63824026666,1116568
63824053666,1116568
63824093666,1116568
65131005418,1116568
69842071706,1116568
76281051525,1116568
65131010984,2712156
23900003958,2049223
37000095124,2049223
82706002001,2049223
82706002002,2049223
82706002003,2049223
82706002004,2049223
00113099752,1243679
00363015601,1243679
00363041208,1243679
00363052708,1243679
00363052722,1243679
00363062809,1243679
00363502707,1243679
00363502708,1243679
00363527007,1243679
00363602809,1243679
00363615009,1243679
11822052708,1243679
11822516009,1243679
21130061509,1243679
21130062708,1243679
30142001160,1243679
30142051139,1243679
30142072708,1243679
30142073208,1243679
30142082809,1243679
36800050505,1243679
36800057502,1243679
36800079302,1243679
37808027302,1243679
37808036702,1243679
37808077502,1243679
41163071202,1243679
41250021905,1243679
41250026702,1243679
41250027502,1243679
41250057302,1243679
42507017302,1243679
42507021905,1243679
42507037502,1243679
42961011210,1243679
42961011211,1243679
42961011212,1243679
42961011213,1243679
42961011214,1243679
46122022962,1243679
46122027160,1243679
46122041262,1243679
46122041562,1243679
46122071260,1243679
46612071260,1243679
49035016509,1243679
49035052708,1243679
49035052742,1243679
49348011704,1243679
50269050725,1243679
50269055101,1243679
50580044701,1243679
50580050701,1243679
50580050702,1243679
50580050703,1243679
50580050704,1243679
50580056625,1243679
50580067724,1243679
50804000603,1243679
50804017302,1243679
50804067205,1243679
50804080503,1243679
50844057202,1243679
50844057208,1243679
51316051609,1243679
51316092708,1243679
52904045502,1243679
52904045506,1243679
53209100401,1243679
53209100402,1243679
53943016702,1243679
53943017502,1243679
53943031905,1243679
55319081519,1243679
55910052908,1243679
55910092708,1243679
59779027508,1243679
59779051509,1243679
59779065101,1243679
59779092708,1243679
59779092809,1243679
62011024001,1243679
63824019020,1243679
63824020120,1243679
63824020130,1243679
63824020144,1243679
63824020172,1243679
63824024110,1243679
63824024120,1243679
63824024144,1243679
63824024172,1243679
63824024320,1243679
63868007124,1243679
63868008124,1243679
63868010324,1243679
63868072220,1243679
63868074724,1243679
63941016702,1243679
63941017302,1243679
63941027508,1243679
66715554409,1243679
66715563203,1243679
66715633203,1243679
66715645707,1243679
66715645708,1243679
66715655702,1243679
66715674409,1243679
66715785702,1243679
66715975702,1243679
66715975703,1243679
67060010602,1243679
67091021224,1243679
67091034924,1243679
67414050700,1243679
67414050704,1243679
67751023901,1243679
67751023902,1243679
68016050424,1243679
68016054920,1243679
68016071724,1243679
68998017502,1243679
68998021905,1243679
68998027502,1243679
69842065101,1243679
69842078602,1243679
70000008001,1243679
70000008301,1243679
70000019601,1243679
70264002602,1243679
70677100501,1243679
70677125901,1243679
72036011905,1243679
72036016702,1243679
72036017502,1243679
72476011905,1243679
72476016702,1243679
73097001402,1243679
73097001440,1243679
73097001450,1243679
79481357208,1243679
79481507208,1243679
79481519609,1243679
79481725008,1243679
83059002901,1243679
83059005701,1243679
83059010701,1243679
83059012106,1243679
83324010720,1243679
83324011224,1243679
83324011424,1243679
83324011524,1243679
47682010513,1367206
47682010533,1367206
50580044224,1294019
50580067636,1294019
00280007801,1052637
11822382300,1052637
11822679004,1052637
12843056413,1052637
36800097910,1052637
47682004947,1052637
47682004980,1052637
47682004999,1052637
47682072336,1052637
47682072380,1052637
47682082336,1052637
47682082380,1052637
47682082399,1052637
50844067927,1052637
51316067927,1052637
55301067927,1052637
55319097927,1052637
59779087908,1052637
59779087927,1052637
63868096120,1052637
70000014501,1052637
73408092380,1052637
83324005720,1052637
50332013104,647888
50332013107,647888
00363060106,1796460
00067791606,1659964
00067792006,1659964
00363018762,1659964
36800013391,1659964
15370003410,1241829
47682081113,359221
47682081133,359221
47682081148,359221
47682081199,359221
52637012310,359221
52637012315,359221
52637012316,359221
00054065025,1431286
00591264101,1431286
00054300001,993943
00591322001,993943
51991007301,993943
55887076940,993943
55887076960,993943
63629315201,993943
71335019401,993943
71335019402,993943
71335019403,993943
71335019404,993943
71335019405,993943
71335019406,993943
71335019407,993943
71335065301,993943
71335065302,993943
71335065303,993943
71335065304,993943
71335065305,993943
71335065306,993943
71335065307,993943
72162159102,993943
79739667001,993943
79739667005,993943
10244054363,2181307
00904576960,1243439
00045029721,1243440
00045029727,1243440
00045083824,1243440
50580030901,1243440
50580030902,1243440
50580057501,1243440
50580057502,1243440
50580057503,1243440
50580057506,1243440
50580057601,1243440
50580057602,1243440
50580078310,1243440
50580078324,1243440
50580078325,1243440
50580078329,1243440
50580078330,1243440
50580078331,1243440
50580078332,1243440
50580078351,1243440
51672531908,2639351
50580013904,828555
50580013908,828555
50580015402,828555
50580017001,828555
50580017002,828555
50580017003,828555
50580017004,828555
50580017708,828555
50580018708,828555
50580019101,828555
50580032501,828555
50580042401,828555
50580043301,828555
50580043302,828555
50580050901,828555
50580057902,828555
50580059901,828555
50580059902,828555
50580059903,828555
50580061201,828555
50580061202,828555
50580061401,828555
00904579146,209495
71335118601,209495
19810000228,209501
51672211400,209531
51672211402,209531
51672211404,209531
51672211405,209531
00713011801,209352
00713011812,209352
00713011850,209352
51672211500,209353
51672211502,209353
51672211504,209353
00904664524,209870
71205032224,209870
19810000229,209873
50580051724,828557
50580052124,828557
50580052224,828557
50580055504,2178758
50580055505,2178758
00713016401,209360
00713016412,209360
00713016450,209360
51672211600,209361
51672211602,209361
51672211604,209361
50580020902,2374361
50580020904,2374361
00713016501,209363
00713016512,209363
00713016550,209363
51672211700,209364
51672211704,209364
10702034001,2118730
70040014501,2118730
10702034101,2001364
70040016701,2001364
10702034201,2118734
70040018901,2118734
00095300001,1428622
68047075201,2279007
68047075230,2279007
70362072201,2279007
70362072230,2279007
00682140001,209826
11584003001,1483329
00067029530,1591934
19810030041,702615
19810030042,702615
00067204524,404172
00067204550,404172
00067204591,404172
00067205024,404172
00067627220,404172
00067627240,404172
00067627280,404172
00067811924,404172
00067813901,404172
00067813902,404172
01981020611,404172
01981020612,404172
01981020613,404172
01981020711,404172
19810002901,404172
19810002902,404172
19810002903,404172
00135062001,1872075
69197002920,1866143
50090000602,993837
00067205324,1117539
00067205350,1117539
00067205391,1117539
00067205524,1117539
00067205550,1117539
00067205591,1117539
00067640520,1117539
00067640580,1117539
50580083301,1092375
63029005004,1052466
63029005050,1052466
63029005324,1052466
63029005350,1052466
63029005390,1052466
75137000493,1052466
75137000495,1052466
41167000404,1093077
41167004002,1093077
41167004004,1093077
63029004913,1052469
63029004940,1052469
75137000497,1052469
75137043211,1052469
63629458901,1116532
00135060801,1094718
00135060802,1094718
00135060803,1094718
00135060804,1094718
00135702101,1094718
00135702102,1094718
00135702103,1094718
50269055201,1092378
50269060806,1092378
50580018220,1092378
50580018240,1092378
50580018252,1092378
50580023424,1092378
50580042610,1092378
50580042623,1092378
50580042624,1092378
50580060801,1092378
50580060802,1092378
50580060803,1092378
50580060804,1092378
50580060805,1092378
50580060806,1092378
50580060807,1092378
50580060808,1092378
53209100201,1092378
53209100202,1092378
66715641702,1092378
66715641707,1092378
66715641708,1092378
66715651702,1092378
66715981702,1092378
66715981703,1092378
67414060800,1092378
67414060806,1092378
67751024101,1092378
67751024102,1092378
70264002801,1092378
73097001302,1092378
73097001340,1092378
73097001350,1092378
80850050610,1092378
21406049030,1087609
21406049050,1087609
00713070389,856942
13551080105,856942
68025006910,1542981
52544007101,857004
52544016201,857007
52959053340,857001
00143915001,2673880
00143915010,2673880
72260010301,2673880
00143943227,2675765
68788400901,2675765
72260012901,2675765
52389015301,1356080
52389015303,1356080
52389015314,1356080
52389015328,1356080
52389015335,1356080
52389015338,1356080
52389015346,1356080
12843017148,1101754
42364001101,1101754
42364001102,1101754
59556015110,1101754
63736020302,723533
52389023701,1303159
52389023728,1303159
05238902228,1361402
50332014404,2723568
50332014407,2723568
00067012802,209468
00067015802,209468
00067200002,209468
00067200007,209468
00067200010,209468
00067200020,209468
00067200024,209468
00067200030,209468
00067200033,209468
00067200050,209468
00067200077,209468
00067200083,209468
00067200091,209468
00067200094,209468
00067200101,209468
00067200102,209468
00067200103,209468
00067200104,209468
00067200105,209468
00067200106,209468
00067200107,209468
00067200108,209468
00067200109,209468
00067200114,209468
00067200201,209468
00067200202,209468
00067200203,209468
00067200204,209468
00067200205,209468
00067200206,209468
00067200207,209468
00067200208,209468
00067200301,209468
00067200302,209468
00067202120,209468
00067202124,209468
00067202180,209468
00067203010,209468
00067203024,209468
00067203050,209468
00067203077,209468
00067203091,209468
00067203092,209468
00067203520,209468
00067203580,209468
00067203750,209468
00067203777,209468
00067203791,209468
00067203902,209468
00067203907,209468
00067203908,209468
00067203909,209468
00067203910,209468
00067203924,209468
00067203930,209468
00067203933,209468
00067203950,209468
00067203977,209468
00067203983,209468
00067203984,209468
00067203986,209468
00067203991,209468
00067203992,209468
00067203994,209468
00067204001,209468
00067204002,209468
00067204003,209468
00067204004,209468
00067204005,209468
00067204006,209468
00067204007,209468
00067204008,209468
00067204009,209468
00067204011,209468
00067204201,209468
00067204202,209468
00067204203,209468
00067204204,209468
00067204205,209468
00067204206,209468
00067204207,209468
00067204208,209468
00067627016,209468
00067627020,209468
00067627040,209468
00067627080,209468
00067810492,209468
00067820103,209468
00067820203,209468
00067820302,209468
00067820303,209468
00067820304,209468
01981020111,209468
01981020112,209468
01981020113,209468
01981020203,209468
01981020211,209468
01981020212,209468
01981020213,209468
01981020221,209468
01981020224,209468
19810000619,209468
19810008660,209468
19810008690,209468
50090609300,209468
50269015801,209468
50269015802,209468
50269015803,209468
66715641002,209468
66715644903,209468
66715651002,209468
66715654902,209468
66715974902,209468
66715974903,209468
66715974908,209468
66715981002,209468
66715981003,209468
66715981007,209468
66715981008,209468
67414023902,209468
67751011901,209468
67751011902,209468
67751011906,209468
67751024302,209468
70264004501,209468
85237186801,209468
85237186802,209468
85237186803,209468
85237186806,209468
85237187101,209468
85237187102,209468
85237187103,209468
85237187104,209468
71687300606,1052416
00067205624,1593116
00067205691,1593116
58809035930,1648584
58809082016,1648584
70154011116,2261403
52544008001,1432261
58407053401,1100907
68308021901,211161
68308055410,1487251
63187070500,1190201
63187070530,1190201
63187070560,1190201
63187070572,1190201
63187070590,1190201
63629563701,1190201
63629563702,1190201
63629563703,1190201
63629563704,1190201
66992084010,1190201
50332012004,884770
50332012007,884770
23359003316,1593771
41167030021,1052445
41167300201,1052445
41167030014,1053852
71687300301,1053852
71687300302,1053852
71687300304,1053852
41167031023,1052641
41167310201,1052641
71687310204,1052641
00485006601,998706
10892015310,1037274
50332010504,1358853
50332010507,1358853
50332010508,1358853
47862045544,210864
52544008201,1433802
00363875702,2681010
41226067202,2681010
69423084924,2681010
69423084936,2681010
84126035124,2681010
00067208320,2634561
00067208424,2634561
46122041360,2634561
46122066160,2634561
50580026620,2634561
59779077908,2634561
68016016802,2634561
46017002528,1101555
50580066016,2744979
00363055522,2634822
00363103503,2634822
23900002329,2634822
23900002330,2634822
59779010248,2634822
00363615609,2634398
00363615610,2634398
11673028209,2634398
11673053002,2634398
11822569409,2634398
30142061609,2634398
49035035609,2634398
63824020420,2634398
63824020440,2634398
69842088209,2634398
46122026960,2634818
59779088109,2634818
00067814801,2047428
86200000301,2693999
00143943301,465377
00143943304,465377
00574080500,465377
00574080530,465377
00574081500,465377
14445041204,465377
14445041230,465377
17478066030,465377
25021081230,465377
25021081266,465377
55150025930,465377
63323096321,465377
63323096330,465377
63323096341,465377
63323096344,465377
68462094612,465377
68462094630,465377
70069078801,465377
70069078804,465377
70594011101,465377
70594011102,465377
72611086001,465377
72611086004,465377
83270000101,465377
83270000104,465377
00054302502,307718
00054302702,307718
00409330703,307718
00409330711,307718
00517750401,307718
00517750425,307718
00517751003,307718
42494043525,307718
55154573005,307718
63323069122,307718
63323069130,307718
63323069310,307718
63323069322,307718
63323069504,307718
63323069522,307718
70069001801,307718
70069001825,307718
00054302602,307719
00054302802,307719
00409330803,307719
00409330811,307719
00517760401,307719
00517760425,307719
00517761003,307719
42494043625,307719
55154573105,307719
63323069022,307719
63323069030,307719
63323069041,307719
63323069044,307719
63323069210,307719
63323069222,307719
63323069404,307719
63323069422,307719
63323069441,307719
63323069444,307719
70069001901,307719
70069001925,307719
70069002001,307719
70069002003,307719
11845017105,664732
17856409701,606971
27434000211,606971
40093010084,606971
51927442000,606971
71149000001,606971
71149000207,606971
71791000174,606971
79854004097,606971
96295014038,606971
90011007001,429042
00093309056,724863
00378343193,724863
00781802931,724863
51991032290,724863
65862080505,724863
65862080530,724863
65862080560,724863
68180056907,724863
69339017703,724863
69339017710,724863
72189046430,724863
00093309256,724859
00378343293,724859
00781803731,724859
51991032390,724859
61919077030,724859
65862080605,724859
65862080630,724859
65862080660,724859
68180057107,724859
68788788003,724859
68788788006,724859
68788788009,724859
69339017803,724859
69339017810,724859
71335068101,724859
71335119301,724859
71335119302,724859
71335119303,724859
71335299101,724859
71335299102,724859
71335299103,724859
72189004130,724859
72189004160,724859
72189004190,724859
72789012690,724859
00093309356,861960
00781804531,861960
59651004730,861960
65862099830,861960
68180057207,861960
68788782603,861960
68788782606,861960
68788782609,861960
69339017903,861960
69339017910,861960
72189035330,861960
00093309456,724861
00378343393,724861
00781805331,724861
51991032490,724861
55700051030,724861
65862080705,724861
65862080730,724861
65862080760,724861
68180057307,724861
68788759303,724861
68788759306,724861
68788759309,724861
69339018003,724861
69339018005,724861
71335130801,724861
71335130802,724861
71335130803,724861
71335184201,724861
72189013330,724861
72189026130,724861
00378557301,260218
00378557305,260218
00378557393,260218
00904679104,260218
23155060401,260218
23155060403,260218
23155060405,260218
23155060409,260218
42043016001,260218
42043016003,260218
46708038510,260218
46708038530,260218
46708038560,260218
46708038590,260218
46708038591,260218
50268057011,260218
50268057012,260218
50742015230,260218
50742015290,260218
51079056101,260218
51079056103,260218
51407092830,260218
51407096030,260218
55253080130,260218
55253080190,260218
57237015401,260218
57237015430,260218
57237015490,260218
60505252600,260218
60505252601,260218
60505252603,260218
60505252608,260218
60505252609,260218
62332010530,260218
62332010590,260218
62332038510,260218
62332038530,260218
62332038560,260218
62332038590,260218
62332038591,260218
63629739401,260218
63629739402,260218
65862060101,260218
65862060130,260218
65862060190,260218
65862060199,260218
68071512103,260218
68084062111,260218
68084062121,260218
69452034213,260218
69452034219,260218
69452034220,260218
70771105101,260218
70771105103,260218
70771105109,260218
71205047730,260218
71205047760,260218
71205047790,260218
71335112201,260218
71335112202,260218
71335112203,260218
71335112204,260218
71335112205,260218
71335112206,260218
71335112207,260218
71610097630,260218
71610097653,260218
71610097660,260218
72578000501,260218
72578000506,260218
72578000516,260218
00378557501,205324
00378557505,205324
00378557593,205324
00904679204,205324
23155060501,205324
23155060503,205324
23155060505,205324
23155060509,205324
23155086201,205324
23155086203,205324
23155086205,205324
23155086209,205324
42043016101,205324
42043016103,205324
42043016190,205324
43353083130,205324
43353083153,205324
43353092530,205324
43353092553,205324
46708038610,205324
46708038630,205324
46708038660,205324
46708038690,205324
46708038691,205324
49884053509,205324
50268057111,205324
50268057112,205324
50742015330,205324
50742015390,205324
51079056201,205324
51079056203,205324
51407096130,205324
55253080230,205324
55253080290,205324
55700068830,205324
57237015501,205324
57237015530,205324
57237015590,205324
60505252700,205324
60505252701,205324
60505252703,205324
60505252705,205324
60505252708,205324
60505252709,205324
62332010630,205324
62332010690,205324
62332038610,205324
62332038630,205324
62332038660,205324
62332038690,205324
62332038691,205324
63629499801,205324
63629499802,205324
63629731500,205324
63629731501,205324
63629731502,205324
63629731503,205324
63629731504,205324
63629731505,205324
63629731506,205324
63629731507,205324
63629731508,205324
63629731509,205324
65862060201,205324
65862060205,205324
65862060230,205324
65862060290,205324
68084072111,205324
68084072121,205324
68788828003,205324
68788828006,205324
68788828009,205324
68788865303,205324
68788865306,205324
68788865309,205324
69452034313,205324
69452034319,205324
69452034320,205324
70771105201,205324
70771105203,205324
70771105209,205324
71205054430,205324
71205054460,205324
71205054490,205324
71335117300,205324
71335117301,205324
71335117302,205324
71335117303,205324
71335117304,205324
71335117305,205324
71335117306,205324
71335117307,205324
71335117308,205324
71335117309,205324
71335140201,205324
71335140202,205324
71335140203,205324
71335140204,205324
71335140205,205324
71335140206,205324
71335140207,205324
71335140208,205324
71335140209,205324
71335225800,205324
71335225801,205324
71335225802,205324
71335225803,205324
71335225804,205324
71335225805,205324
71335225806,205324
71335225807,205324
71335225808,205324
71335225809,205324
71335250100,205324
71335250101,205324
71335250102,205324
71335250103,205324
71335250104,205324
71335250105,205324
71335250106,205324
71335250107,205324
71335250108,205324
71335250109,205324
71610068530,205324
71610068553,205324
71610087330,205324
71610087353,205324
71610087360,205324
71610087380,205324
71610098930,205324
71610098953,205324
71610098960,205324
71610099130,205324
71610099153,205324
71610099160,205324
72578000601,205324
72578000606,205324
72578000616,205324
76519119403,205324
82804012630,205324
00574419035,1000673
44118071208,2571664
52187055308,2571664
16477041006,1006107
16477041012,1006107
24470093512,1006107
24470093706,1006107
42192012916,1006107
42192014612,1006107
42792010612,1006107
42808010006,1006107
42808010012,1006107
42808010306,1006107
42808010312,1006107
44523056812,1006107
44523060612,1006107
44523060616,1006107
44523061306,1006107
54295031020,1006107
58657047706,1006107
58657047712,1006107
58657047716,1006107
63629926201,1006107
63629926301,1006107
63629926401,1006107
69437041006,1006107
69437041012,1006107
71399048002,1006107
71399048006,1006107
71399048008,1006107
72162166502,1006107
72162166504,1006107
72162166507,1006107
82429012708,1006107
82429012716,1006107
83720053306,1006107
83720053312,1006107
83720054316,1006107
16477041108,832864
24470093608,832864
44523051008,832864
71399159908,832864
24208067004,1006120
49999014415,1006120
50090024600,1006120
52959011701,1006120
60758001805,1006120
61314070101,1006120
61919020915,1006120
68071512305,1006120
68788987101,1006120
71205068915,1006120
76420007615,1006120
76420009015,1006120
45802089626,1006688
68682001004,1006688
24208031705,1012021
24208031710,1012021
52959056703,1012021
68071165005,1012021
24470095116,1010234
42192013316,1010234
42546017516,1010234
44523062416,1010234
52187053116,1010234
58657046916,1010234
69367024516,1010234
71399048706,1010234
72162224702,1010234
82429012616,1010234
83720053206,1010234
83720053212,1010234
83720053216,1010234
83720054210,1010234
83720054216,1010234
87026020316,1010234
24470095016,1001714
42192012116,1001714
52187053016,1001714
58657047316,1001714
71399048206,1001714
72162224902,1001714
82429012816,1001714
82568015206,1001714
28595050108,2531383
79043098008,2531383
42192014416,1115894
42582050021,1115894
44523060516,1115894
44523060923,1115894
54295030121,1115894
58657047416,1115894
63629203201,1115894
71399048406,1115894
72162218802,1115894
72162225002,1115894
82429010608,1115894
82429030121,1115894
24470095510,1494169
42192015610,1494169
42582080111,1494169
44523074810,1494169
50096050210,1494169
50405085201,1494169
52187054610,1494169
63629203501,1494169
69367024410,1494169
70156010910,1494169
71399048601,1494169
82429010910,1494169
83720054610,1494169
83720054616,1494169
87026020510,1494169
52187055260,1494170
24470095602,1494173
50096050302,1494173
52187054702,1494173
24470095702,1494174
44523060002,1494174
50096050502,1494174
52187054802,1494174
68047004006,999604
71850180301,999604
73352075001,999604
42192014708,1000895
42582080008,1000895
44523055008,1000895
50405085101,1000895
58657047108,1000895
58657047508,1000895
63629203401,1000895
70156010808,1000895
71399048508,1000895
72162218902,1000895
72162224802,1000895
82429010808,1000895
82568015508,1000895
42192015002,1000731
44523053502,1000731
42192011360,1000946
42192013201,1014123
13925016112,999613
24470092508,999613
24470095306,999613
24470095312,999613
42192013606,999613
42192013608,999613
42192013612,999613
42582060020,999613
42582060023,999613
42808011006,999613
42808011012,999613
42808011306,999613
42808011312,999613
44523056006,999613
44523056008,999613
44523056012,999613
50405085001,999613
50405085002,999613
52187053606,999613
52187053612,999613
52495030720,999613
54295030720,999613
54295030723,999613
58657047008,999613
58657047206,999613
58657047207,999613
58657047208,999613
58657047212,999613
58657047213,999613
63629203301,999613
63629925901,999613
63629926001,999613
63629926101,999613
69367024706,999613
69367024708,999613
69367024712,999613
70156010708,999613
71335294001,999613
71399048806,999613
72162166402,999613
72162166404,999613
72162166407,999613
72162219002,999613
81542020212,999613
82429010706,999613
82429010708,999613
82429010712,999613
83720054706,999613
83720054712,999613
87026020206,999613
87026020212,999613
42192013901,1005834
42192014902,1005834
42792010301,1005834
44523052002,1005834
44523054202,1005834
44523060301,1005834
58657046801,1005834
58657046802,1005834
72162224602,1005834
72162224604,1005834
42192014301,1005853
42192014360,1005853
00247141230,1005856
24470093201,1005856
24470093301,1005856
24470093401,1005856
24470093402,1005856
42792010201,1005856
42792010701,1005856
42792010702,1005856
44523060201,1005856
44523060401,1005856
44523060701,1005856
44523060702,1005856
60267011930,1005856
66220020730,582119
60429000130,805663
60505484603,805663
63459020530,805663
35356058930,805659
60429000230,805659
60505484703,805659
63459021507,805659
63459021530,805659
63459021535,805659
60429000330,861962
60505484903,861962
63459022030,861962
35356058830,805661
60429000430,805661
60505485003,805661
63459022507,805661
63459022530,805661
63459022535,805661
83853010101,2693623
60429000930,226426
60505485103,226426
63459010130,226426
63629338801,226426
63629338802,226426
63629338803,226426
63629338804,226426
68071066560,226426
35356037230,213471
55289025330,213471
60429001030,213471
60505485203,213471
63459020130,213471
63629161101,213471
63629161102,213471
63629161103,213471
63629161104,213471
68071029730,213471
68071029760,213471
00178069601,1655062
00178062002,1542380
00178062004,1542380
00178049004,1006110
00178049012,1006110
00178049906,1006110
00178063016,1006110
00178048504,901038
00178048508,901038
52959027200,1006122
52959027201,1006122
00178049502,1006684
00178049504,1006684
00187519804,1006693
10337065451,352340
52959027603,1011987
43538016016,1010238
43538013016,1011875
79043018008,2531385
43538019016,1115898
43538019116,1115898
43538019216,1115898
24470094110,1494825
44118070010,1494825
57883040210,1494825
44118070201,1494827
44118070260,1494827
57883040401,1494827
57883040410,1494827
57883040460,1494827
24470094202,1494826
44118070102,1494826
57883040302,1494826
24470094402,1494824
44118070302,1494824
57883040502,1494824
42192010406,1000720
00178047504,1006105
00178047508,1006105
00178046502,1000736
00178046504,1000736
42192010316,1000861
43538010060,1000976
43538010160,1000976
75854010512,1602356
00178048008,1005767
00299383901,1006057
75854010401,1605852
75854010430,1605852
75854010460,1605852
00178046002,1005835
00178046004,1005835
00178047002,1005835
50242006001,1657068
50242006010,1657068
50242006101,1657074
50242006110,1657074
72606001101,2627656
72606001110,2627656
72606001201,2627659
72606001210,2627659
55513020601,2046149
55513020621,2046149
55513020701,2046145
55513020721,2046145
00069031501,2268044
00069034201,2268048
70121175401,2599049
70121175407,2599049
85006175401,2599049
70121175501,2599052
70121175507,2599052
85006175501,2599052
83257000911,2712055
83257001011,2712058
82143000101,2700742
82143000201,2700745
00116000315,834127
00116017516,834127
00116030115,834127
00116200104,834127
00116200105,834127
00116200106,834127
00116200107,834127
00116200115,834127
00116200116,834127
00116407501,834127
00116600004,834127
00116600016,834127
00116672004,834127
00121089300,834127
00121089315,834127
00121089316,834127
00121089340,834127
00374508001,834127
00374508002,834127
00404407501,834127
00904703580,834127
00904703587,834127
00904703588,834127
16571012815,834127
16571012848,834127
16571012852,834127
17030000408,834127
17856200103,834127
17856200105,834127
17856200203,834127
17856200204,834127
17856200205,834127
48433021415,834127
48433021440,834127
50090072200,834127
50227010104,834127
53329030124,834127
53329030130,834127
53329030161,834127
53462000315,834127
55154198005,834127
55154198105,834127
55154357305,834127
55154357405,834127
59883017116,834127
59883017516,834127
60687061616,834127
60687061644,834127
60687061650,834127
60687061664,834127
60687071416,834127
60687071444,834127
60687071450,834127
60687071464,834127
61037046902,834127
61037046903,834127
61037046905,834127
61037046907,834127
62135064941,834127
62135064947,834127
62135065024,834127
62135065051,834127
63187068516,834127
63739005257,834127
63739005269,834127
63739005274,834127
64854001001,834127
66467256001,834127
66467256004,834127
66689010601,834127
66689010650,834127
66689010699,834127
66975060004,834127
66975060016,834127
67239022500,834127
67239022501,834127
68071183706,834127
68071237706,834127
68071363006,834127
68788817304,834127
68788954604,834127
68999065024,834127
68999065051,834127
69339013815,834127
69339013817,834127
69339013819,834127
70518449400,834127
73141051215,834127
73141051250,834127
73614020301,834127
81033051215,834127
81033051250,834127
54771280001,2611510
54771280002,2611510
00116080016,1869723
65222080016,1869723
61508001005,848755
61508001006,848755
52376002102,1437966
48878062001,834135
48878062002,834135
48878062003,834135
48878062004,834135
00126003516,834137
00126027216,834137
00126028216,834137
17856027201,834137
17856027202,834137
17856027203,834137
17856027204,834137
17856027205,834137
17856027206,834137
33342040606,1593072
33342040607,1593072
33342040609,1593072
33342040610,1593072
33342040615,1593072
33342040666,1593072
59651015405,1593072
59651015430,1593072
67877061905,1593072
67877061930,1593072
70748010106,1593072
72205043401,1593072
72205043402,1593072
33342040806,1593070
33342040807,1593070
33342040809,1593070
33342040810,1593070
33342040815,1593070
33342040866,1593070
59651015504,1593070
59651015530,1593070
59651015560,1593070
63304002630,1593070
63304002654,1593070
63304002662,1593070
66993036160,1593070
67877062030,1593070
67877062060,1593070
67877062090,1593070
70748010207,1593070
72205043501,1593070
72205043502,1593070
72205043503,1593070
84677002060,1593070
33342040706,1593068
33342040707,1593068
33342040709,1593068
33342040710,1593068
33342040715,1593068
33342040766,1593068
59651015605,1593068
59651015630,1593068
63304002730,1593068
63304002754,1593068
67877062105,1593068
67877062130,1593068
67877062138,1593068
70748010306,1593068
72205043601,1593068
72205043602,1593068
84677002130,1593068
33342040906,1593058
33342040907,1593058
33342040909,1593058
33342040910,1593058
33342040915,1593058
33342040966,1593058
59651015704,1593058
59651015730,1593058
63304002830,1593058
63304002854,1593058
66993036230,1593058
67877062230,1593058
67877062238,1593058
67877062240,1593058
67877062290,1593058
70748010406,1593058
72205043701,1593058
72205043702,1593058
72205043703,1593058
84677002230,1593058
50458094001,1811011
50458094101,1811007
50458094201,1811003
50458094301,1810999
00310622560,1940498
00310622594,1940498
00310625030,1593831
00310625095,1593831
00310626060,1593833
00310626095,1593833
00310627030,1593835
00310627095,1593835
00310628030,1593775
00310628095,1593775
00597027012,1796091
00597027073,1796091
00597027094,1796091
00597027533,1796096
00597027581,1796096
00597027588,1796096
00185441605,860975
00378035205,860975
00615828928,860975
00615828939,860975
00781550301,860975
10135082305,860975
10135082330,860975
10135082332,860975
10135082333,860975
10135082360,860975
10135082362,860975
10135082390,860975
17224031128,860975
25000010103,860975
25000010112,860975
25000010114,860975
25000010197,860975
25000010198,860975
29033005501,860975
29300038901,860975
29300038905,860975
29300038910,860975
29300038919,860975
33342023911,860975
33342023944,860975
42291049701,860975
42291049705,860975
42291049710,860975
42291049718,860975
42291049736,860975
42291049750,860975
42291049790,860975
42291082510,860975
42291082512,860975
42291082518,860975
42291082530,860975
42291082536,860975
42291082560,860975
42291082590,860975
42385097701,860975
42385097705,860975
42385097711,860975
42385097718,860975
42385097730,860975
42385097772,860975
42385097790,860975
42708020160,860975
42806063201,860975
42806063205,860975
42806063210,860975
48433032601,860975
49483062301,860975
49483062309,860975
49483062310,860975
49483062350,860975
50090149400,860975
50090149401,860975
50090149402,860975
50090149403,860975
50090149404,860975
50090371900,860975
50090371901,860975
50090371902,860975
50090371903,860975
50090488400,860975
50090539600,860975
50090539601,860975
50090539602,860975
50090539603,860975
50090539604,860975
50090539700,860975
50090651500,860975
50090651501,860975
50090651502,860975
50090651503,860975
50090651504,860975
50090651600,860975
50090711600,860975
50090757600,860975
50090757601,860975
50090757602,860975
50090757603,860975
50090757604,860975
50090757700,860975
50090757900,860975
50090791800,860975
50268055011,860975
50268055015,860975
51224000750,860975
51224000760,860975
51224000770,860975
51655055025,860975
51655055082,860975
51655055596,860975
51655055925,860975
51655055926,860975
51655055952,860975
51655055982,860975
51655085325,860975
51655085326,860975
51655085352,860975
51655085382,860975
53746017805,860975
55700032060,860975
55700061830,860975
55700061860,860975
55700061890,860975
59651054801,860975
59651054805,860975
59651054899,860975
60505026001,860975
60505026007,860975
60687064001,860975
60687064011,860975
61919045030,860975
61919045060,860975
61919045090,860975
61919076960,860975
61919099260,860975
62207049131,860975
62207049135,860975
62207049143,860975
62207049147,860975
62207049149,860975
62207049154,860975
62756014201,860975
62756014202,860975
63187077930,860975
63187077960,860975
63187077978,860975
63187077990,860975
63304086001,860975
63304086030,860975
63629288301,860975
63629288302,860975
63629288303,860975
63629288306,860975
63629914601,860975
65162017803,860975
65162017809,860975
65162017810,860975
65162017811,860975
65162017850,860975
65162017889,860975
65841002701,860975
65841002705,860975
65841080901,860975
65841080905,860975
65841080910,860975
65841080916,860975
65841080930,860975
65841080977,860975
65862029101,860975
65862029105,860975
67046043703,860975
67296170106,860975
67877015901,860975
67877015905,860975
67877015910,860975
67877041301,860975
67877041305,860975
67877041310,860975
67877041333,860975
67877041390,860975
68071311102,860975
68071311103,860975
68071311106,860975
68071311108,860975
68071311109,860975
68094090450,860975
68094090460,860975
68645012059,860975
68645059559,860975
68788849501,860975
68788849503,860975
68788849506,860975
68788849508,860975
68788849509,860975
68788881401,860975
68788881403,860975
68788881406,860975
68788881408,860975
68788881409,860975
68788886601,860975
68788886603,860975
68788886606,860975
68788886608,860975
68788886609,860975
68788890301,860975
68788890303,860975
68788890306,860975
68788890308,860975
68788890309,860975
69238212501,860975
69238212503,860975
69238212505,860975
69238212507,860975
69238212509,860975
69315041001,860975
69315041005,860975
69948000105,860975
69948000112,860975
70010049101,860975
70010049105,860975
70010049109,860975
70010049110,860975
70010049118,860975
70010049119,860975
70518437000,860975
70518437001,860975
70518437002,860975
70518437003,860975
70518437004,860975
70934013430,860975
70934013490,860975
70934013498,860975
70934078890,860975
70934078898,860975
71205014778,860975
71205018620,860975
71205018630,860975
71205018660,860975
71205018672,860975
71205018690,860975
71205068630,860975
71205068660,860975
71205068672,860975
71205068690,860975
71335029301,860975
71335029302,860975
71335029303,860975
71335029304,860975
71335029305,860975
71335029306,860975
71335029307,860975
71335029308,860975
71335029309,860975
71335072001,860975
71335072002,860975
71335072003,860975
71335072004,860975
71335072005,860975
71335072006,860975
71335072007,860975
71335072008,860975
71335072009,860975
71335088601,860975
71335088602,860975
71335088603,860975
71335088604,860975
71335088605,860975
71335088606,860975
71335088607,860975
71335088608,860975
71335088609,860975
71335235401,860975
71335235402,860975
71335235403,860975
71335235404,860975
71335235405,860975
71335235406,860975
71335235407,860975
71335235408,860975
71335235409,860975
71335256801,860975
71335256802,860975
71335256803,860975
71335256804,860975
71335256805,860975
71335256806,860975
71335256807,860975
71335256808,860975
71335256809,860975
71335968301,860975
71335968302,860975
71335968303,860975
71335968304,860975
71335968305,860975
71335968306,860975
71335968307,860975
71335968308,860975
71335968309,860975
71610044730,860975
71610044753,860975
71610044760,860975
71610044770,860975
71610044780,860975
71610044794,860975
71610045430,860975
71610045453,860975
71610045460,860975
71610045470,860975
71610045480,860975
71610045492,860975
71610045494,860975
71610045730,860975
71610045753,860975
71610045760,860975
71610045770,860975
71610045780,860975
71610045792,860975
71610045794,860975
71610053330,860975
71610053353,860975
71610053360,860975
71610053370,860975
71610053380,860975
71610055430,860975
71610055453,860975
71610055460,860975
71610055470,860975
71610055480,860975
71610055492,860975
71610055494,860975
71610057860,860975
71610057870,860975
71610057880,860975
71610057894,860975
71610058730,860975
71610058760,860975
71610058770,860975
71610058780,860975
71610058792,860975
71610058794,860975
71610061330,860975
71610061353,860975
71610061360,860975
71610061370,860975
71610061380,860975
71610061394,860975
71610065230,860975
71610065253,860975
71610065260,860975
71610065270,860975
71610065280,860975
71610065294,860975
71610083730,860975
71610083753,860975
71610083760,860975
71610083770,860975
71610083780,860975
71610083794,860975
71610085830,860975
71610085853,860975
71610085860,860975
71610085870,860975
71610085880,860975
71610085894,860975
72162242400,860975
72162242401,860975
72162242402,860975
72162242404,860975
72162242405,860975
72162242407,860975
72162242409,860975
72189006430,860975
72189006490,860975
72189015030,860975
72189015090,860975
72578003501,860975
72578003505,860975
72664022701,860975
72789000930,860975
72789000960,860975
72789000990,860975
72789000993,860975
72789005930,860975
72789005960,860975
72789005990,860975
72789005993,860975
72789005998,860975
72789010501,860975
72789010560,860975
72789010582,860975
72789010590,860975
72789010593,860975
72789010595,860975
72789040001,860975
72789040060,860975
72789040082,860975
72789040086,860975
72789040090,860975
72789040093,860975
72789045460,860975
72789045490,860975
72789045493,860975
72789045530,860975
75834050001,860975
75834050005,860975
76385012801,860975
76385012810,860975
76385012850,860975
76519115203,860975
76519119206,860975
82009011710,860975
82009018005,860975
82804014730,860975
82804014760,860975
82804014778,860975
82804014790,860975
82804019560,860975
00378035001,860981
10135082405,860981
10135082490,860981
25000010203,860981
25000010212,860981
25000010253,860981
25000010298,860981
29033005601,860981
29300039901,860981
29300039905,860981
33342024011,860981
42291049801,860981
42291049818,860981
42291049850,860981
42291049890,860981
42291082410,860981
42291082450,860981
42291082490,860981
42385097801,860981
42385097805,860981
42385097811,860981
42385097818,860981
42385097830,860981
42385097872,860981
42385097890,860981
42806063301,860981
42806063305,860981
42806063310,860981
43063037230,860981
43063037260,860981
43063090230,860981
43063090260,860981
49483062401,860981
49483062450,860981
50090276700,860981
50090276701,860981
50090524600,860981
50090524601,860981
50090524602,860981
50090524603,860981
50090683900,860981
50090737200,860981
50090737201,860981
50090737202,860981
50090737203,860981
50090737300,860981
50090753400,860981
50090753401,860981
50090753500,860981
50268055111,860981
50268055115,860981
51224010750,860981
51224010760,860981
51655007726,860981
51655007752,860981
51655036852,860981
51655056252,860981
59651054901,860981
59651054905,860981
62207049240,860981
62207049243,860981
62207049247,860981
62207049249,860981
62207049254,860981
62207049274,860981
62756014301,860981
63304076701,860981
63629914701,860981
65162017903,860981
65162017909,860981
65162017910,860981
65162017950,860981
65841003901,860981
65841003905,860981
65862029201,860981
67046155603,860981
67877041401,860981
67877041405,860981
67877041410,860981
67877041433,860981
67877041490,860981
68094080450,860981
68094080460,860981
68788720501,860981
68788720503,860981
68788720506,860981
68788720508,860981
68788720509,860981
68788822501,860981
68788853201,860981
69238212601,860981
69238212603,860981
69238212605,860981
69238212609,860981
70010049201,860981
70010049205,860981
70010049210,860981
70010049220,860981
70010049221,860981
70518270900,860981
70518270901,860981
70518416300,860981
70934008330,860981
70934008390,860981
70934011730,860981
71205014100,860981
71205014120,860981
71205014130,860981
71205014160,860981
71205014190,860981
71335077601,860981
71335077602,860981
71335077603,860981
71335077604,860981
71335077605,860981
71335088901,860981
71335088902,860981
71335088903,860981
71335088904,860981
71335088905,860981
71335250401,860981
71335250402,860981
71335250403,860981
71335250404,860981
71335250405,860981
71335252401,860981
71335252402,860981
71335252403,860981
71335252404,860981
71335252405,860981
71335975201,860981
71335975202,860981
71335975203,860981
71335975204,860981
71335975205,860981
71610044153,860981
71610066653,860981
71610066660,860981
71610066680,860981
71610074053,860981
71610074060,860981
71610074080,860981
71610086753,860981
71610086760,860981
71610086770,860981
71610086780,860981
72162129301,860981
72578003601,860981
72578003605,860981
72789009730,860981
72789009760,860981
72789010601,860981
72789010682,860981
72789010690,860981
72789010693,860981
72789045130,860981
72789045160,860981
72789047201,860981
72789047282,860981
72789054893,860981
76385012901,860981
76385012950,860981
82009011801,860981
82009018101,860981
82804014800,860981
82804014830,860981
31722004247,861025
42571036007,861025
42571036010,861025
52817082005,861025
52817082050,861025
52817082150,861025
52817082185,861025
66689031816,861025
69452038055,861025
69452038088,861025
71656001704,861025
00093104801,861007
00185021301,861007
00378023401,861007
00378023405,861007
00378718505,861007
00555038502,861007
00555038504,861007
00603446721,861007
00603446728,861007
00603446732,861007
00615801505,861007
00615801528,861007
00615801530,861007
00615801539,861007
00615862905,861007
00615862928,861007
00615862930,861007
00615862939,861007
00781505001,861007
00781505005,861007
00781505010,861007
00781505061,861007
00904716261,861007
10135061710,861007
13411016302,861007
13411016303,861007
13411016306,861007
13411016309,861007
13411016310,861007
23155010201,861007
23155010205,861007
23155010206,861007
23155010209,861007
23155010210,861007
23155084101,861007
23155084105,861007
23155084110,861007
24658029005,861007
24658029018,861007
24658029036,861007
24658029090,861007
24658079001,861007
24658079010,861007
25000013403,861007
25000013414,861007
25000013451,861007
25000013498,861007
33342014110,861007
33342014111,861007
33342014144,861007
33358023400,861007
42385090410,861007
42385094701,861007
42385094705,861007
42385094711,861007
42385094718,861007
42385094719,861007
42385094790,861007
42708000960,861007
42806021305,861007
42806021310,861007
42806031301,861007
42806031305,861007
42806031310,861007
43063001201,861007
43063052714,861007
43063052720,861007
43063052730,861007
43063052760,861007
43063052790,861007
43063052793,861007
43063052794,861007
43063052798,861007
43063053986,861007
43063053990,861007
43063053993,861007
43063053994,861007
43063053996,861007
43063089820,861007
43063089830,861007
43063089860,861007
43063089890,861007
43063089893,861007
43063089898,861007
43353034030,861007
43353034053,861007
43353034060,861007
43353034070,861007
43353034075,861007
43353034080,861007
43353034092,861007
43353034094,861007
43353034096,861007
43353098230,861007
43353098253,861007
43353098260,861007
43353098270,861007
43353098280,861007
43353098292,861007
43353098294,861007
43353098296,861007
43547032010,861007
43547032011,861007
43547035710,861007
43547035711,861007
43547035750,861007
45865051730,861007
45865051751,861007
45865051760,861007
45865051790,861007
49483062201,861007
49483062210,861007
49483062250,861007
49483062281,861007
49999010630,861007
49999010660,861007
49999010690,861007
50090208100,861007
50090208103,861007
50090208104,861007
50090208105,861007
50090208106,861007
50090306400,861007
50090306403,861007
50090306404,861007
50090306405,861007
50090306406,861007
50090308800,861007
50090489100,861007
50090494300,861007
50090648500,861007
50090685800,861007
50090685803,861007
50090685804,861007
50090685805,861007
50090685806,861007
50090685900,861007
50090701000,861007
50090701003,861007
50090701004,861007
50090701005,861007
50090701006,861007
50090701100,861007
50090701300,861007
50090727800,861007
50090727803,861007
50090727804,861007
50090727805,861007
50090727806,861007
50090728000,861007
50090759500,861007
50090759503,861007
50090759504,861007
50090759505,861007
50090759506,861007
50090759700,861007
50228010500,861007
50228010501,861007
50228010505,861007
50228010510,861007
50228010530,861007
50742015401,861007
50742015405,861007
50742015410,861007
50742015490,861007
50742015499,861007
51079017201,861007
51079017220,861007
51079097217,861007
51079097219,861007
51079097230,861007
51079097256,861007
51224002060,861007
51224002070,861007
51655055625,861007
51655055626,861007
51655055652,861007
51655056125,861007
51655056126,861007
51655056152,861007
51991080505,861007
51991080510,861007
52959020700,861007
52959020728,861007
52959020730,861007
52959020760,861007
53746021801,861007
53746021805,861007
53746021810,861007
55154417200,861007
55700066660,861007
55700066690,861007
55887062701,861007
57664039713,861007
57664039718,861007
57664039751,861007
57664039753,861007
57664039758,861007
57664039788,861007
58517004090,861007
58657064001,861007
58657064010,861007
58657064050,861007
58864001528,861007
59651085401,861007
59651085405,861007
59651085445,861007
59651085450,861007
59651085460,861007
59651085479,861007
59651085490,861007
59651085499,861007
60429011101,861007
60429011110,861007
60429011112,861007
60429011118,861007
60429011127,861007
60429011136,861007
60429011145,861007
60429011160,861007
60429011190,861007
60505019000,861007
60505019001,861007
60505019004,861007
60505019008,861007
60687015501,861007
60687015511,861007
60760052360,861007
61919031330,861007
61919031360,861007
61919031390,861007
62135068005,861007
62135068010,861007
62135068018,861007
62135068060,861007
62135068090,861007
62207044043,861007
62207044047,861007
62207044049,861007
62207044050,861007
62207044057,861007
62207044096,861007
62584025901,861007
62584025911,861007
63187023830,861007
63187023860,861007
63187023878,861007
63187023890,861007
63629139501,861007
63629139502,861007
63629139503,861007
63629850101,861007
63629850201,861007
65862000801,861007
65862000805,861007
65862000833,861007
65862000845,861007
65862000850,861007
65862000860,861007
65862000890,861007
65862000899,861007
66267049314,861007
66267049360,861007
66267049393,861007
66336088430,861007
67046029803,861007
67046159403,861007
67544004730,861007
67877021701,861007
67877021705,861007
67877021710,861007
67877021733,861007
67877021738,861007
67877056101,861007
67877056105,861007
67877056110,861007
67877093001,861007
67877093005,861007
67877093010,861007
68071351803,861007
68071351806,861007
68071351808,861007
68071351809,861007
68071354106,861007
68071354108,861007
68071354109,861007
68071373901,861007
68071390006,861007
68094068860,861007
68094068870,861007
68382075801,861007
68382075805,861007
68382075810,861007
68382075816,861007
68382075830,861007
68382075877,861007
68645053959,861007
68645054459,861007
68645058259,861007
68788407601,861007
68788407603,861007
68788407606,861007
68788407607,861007
68788407608,861007
68788407609,861007
68788811001,861007
68788811003,861007
68788811006,861007
68788811007,861007
68788811008,861007
68788811009,861007
68788849801,861007
68788849803,861007
68788849806,861007
68788849807,861007
68788849808,861007
68788849809,861007
68788856401,861007
68788865201,861007
68788865203,861007
68788865206,861007
68788865207,861007
68788865208,861007
68788865209,861007
69367018001,861007
69367018005,861007
69367018010,861007
69367038101,861007
69367038105,861007
69367038110,861007
70010006301,861007
70010006305,861007
70010006306,861007
70010006309,861007
70010006310,861007
70518114900,861007
70518114901,861007
70518114902,861007
70518195100,861007
70518195101,861007
70518195102,861007
70518195103,861007
70518283300,861007
70518283301,861007
70518283302,861007
70518283303,861007
70518283304,861007
70518283305,861007
70518283306,861007
70518283307,861007
70518283308,861007
70518283309,861007
70882012456,861007
70934006660,861007
70934013630,861007
70934013660,861007
70934013690,861007
70934021290,861007
70934031190,861007
70934040490,861007
70934042290,861007
70934078460,861007
71093013200,861007
71093013204,861007
71093013205,861007
71093013206,861007
71205056200,861007
71205056230,861007
71205056260,861007
71205056278,861007
71205056290,861007
71205062230,861007
71205062260,861007
71205062290,861007
71205078430,861007
71205078460,861007
71205078478,861007
71205078490,861007
71205088200,861007
71205088211,861007
71205088230,861007
71205088255,861007
71205088260,861007
71205088264,861007
71205088272,861007
71205088278,861007
71205088290,861007
71335107200,861007
71335107201,861007
71335107202,861007
71335107203,861007
71335107204,861007
71335107205,861007
71335107206,861007
71335107207,861007
71335107208,861007
71335107209,861007
71335183400,861007
71335183401,861007
71335183402,861007
71335183403,861007
71335183404,861007
71335183405,861007
71335183406,861007
71335183407,861007
71335183408,861007
71335183409,861007
71335222400,861007
71335222401,861007
71335222402,861007
71335222403,861007
71335222404,861007
71335222405,861007
71335222406,861007
71335222407,861007
71335222408,861007
71335222409,861007
71335246600,861007
71335246601,861007
71335246602,861007
71335246603,861007
71335246604,861007
71335246605,861007
71335246606,861007
71335246607,861007
71335246608,861007
71335246609,861007
71335313200,861007
71335313201,861007
71335313202,861007
71335313203,861007
71335313204,861007
71335313205,861007
71335313206,861007
71335313207,861007
71335313208,861007
71335313209,861007
71610091730,861007
71610091753,861007
71610091760,861007
71610091770,861007
71610091780,861007
71610091792,861007
71610091794,861007
71610092053,861007
71610092060,861007
71610092080,861007
71610092930,861007
71610092953,861007
71610092960,861007
71610092970,861007
71610092980,861007
71610092994,861007
71709011006,861007
71709011007,861007
71717010411,861007
72162152201,861007
72162152205,861007
72189021930,861007
72189021960,861007
72189021982,861007
72189021990,861007
72189061730,861007
72189061782,861007
72189065830,861007
72189065882,861007
72189065890,861007
72789019220,861007
72789019221,861007
72789019230,861007
72789019260,861007
72789019290,861007
72789019293,861007
72789053142,861007
72789056120,861007
72789056130,861007
72789056160,861007
72789056190,861007
72789056193,861007
82009004610,861007
82009017410,861007
82868004990,861007
82868004998,861007
83301000801,861007
83301000802,861007
83301000803,861007
58657072630,861021
62135068105,861021
62135068130,861021
62135068190,861021
72336006430,861021
58657072730,2703582
62135068205,2703582
62135068230,2703582
62135068290,2703582
69499042530,2703582
72336009530,2703582
00185021501,861010
00185021505,861010
00378024001,861010
00378718605,861010
00440574592,861010
00555038602,861010
00603446821,861010
00603446828,861010
00603446832,861010
00615857739,861010
00781505101,861010
00781505105,861010
00781505161,861010
00904716361,861010
10135061805,861010
13411016402,861010
13411016403,861010
13411016406,861010
13411016409,861010
13411016410,861010
23155010301,861010
23155010305,861010
23155010306,861010
23155010309,861010
23155010310,861010
23155084201,861010
23155084205,861010
23155084210,861010
24658079105,861010
25000013103,861010
25000013112,861010
25000013152,861010
25000013198,861010
33342014210,861010
33342014211,861010
33342014244,861010
35356092290,861010
42385090310,861010
42385094801,861010
42385094805,861010
42385094811,861010
42385094818,861010
42385094819,861010
42385094890,861010
42806021501,861010
42806021505,861010
42806031401,861010
42806031405,861010
42806031410,861010
43063050790,861010
43353008230,861010
43353008253,861010
43353008260,861010
43353008280,861010
43353008292,861010
43353008296,861010
43547032110,861010
43547032150,861010
43547035810,861010
43547035850,861010
49483062101,861010
49483062110,861010
49483062150,861010
49483062181,861010
50090305000,861010
50090305002,861010
50090305004,861010
50090305005,861010
50090675300,861010
50090675302,861010
50090675304,861010
50090675305,861010
50090675400,861010
50090710600,861010
50090710602,861010
50090710604,861010
50090710605,861010
50090710700,861010
50090746500,861010
50228010600,861010
50228010601,861010
50228010605,861010
50228010610,861010
50228010630,861010
50742015501,861010
50742015505,861010
50742015510,861010
50742015590,861010
51079017301,861010
51079017308,861010
51079097301,861010
51079097320,861010
51224012050,861010
51224012060,861010
51224012070,861010
51655056025,861010
51991080601,861010
51991080605,861010
52959089601,861010
52959089660,861010
52959089690,861010
53002142200,861010
53746021901,861010
53746021905,861010
53746021910,861010
57664043513,861010
57664043518,861010
57664043551,861010
57664043553,861010
57664043558,861010
57664043588,861010
58657064101,861010
58657064110,861010
58657064150,861010
58864078930,861010
59651085501,861010
59651085505,861010
59651085526,861010
59651085550,861010
59651085560,861010
59651085579,861010
59651085590,861010
59651085599,861010
60429011201,861010
60429011205,861010
60429011218,861010
60429011227,861010
60429011260,861010
60429011290,861010
60505019100,861010
60505019101,861010
60505019104,861010
60505019108,861010
60687014301,861010
60687014311,861010
61919099060,861010
61919099082,861010
61919099090,861010
62135068305,861010
62135068310,861010
62135068318,861010
62135068330,861010
62135068390,861010
62207044143,861010
62207044147,861010
62207044149,861010
62207044150,861010
62207044157,861010
62207044197,861010
63629139601,861010
63629139602,861010
63739070210,861010
63739072010,861010
65841081001,861010
65841081005,861010
65841081010,861010
65841081016,861010
65841081030,861010
65841081077,861010
65862000901,861010
65862000905,861010
65862000933,861010
65862000944,861010
65862000950,861010
65862000960,861010
65862000990,861010
65862000999,861010
66267049730,861010
67046080403,861010
67544010753,861010
67877021801,861010
67877021805,861010
67877021810,861010
67877021833,861010
67877021838,861010
67877056201,861010
67877056205,861010
67877056210,861010
67877093101,861010
67877093105,861010
67877093110,861010
68071349508,861010
68071353101,861010
68071357508,861010
68071383308,861010
68094058060,861010
68094058070,861010
68382075901,861010
68382075905,861010
68382075910,861010
68382075916,861010
68382075930,861010
68382075977,861010
68645054759,861010
68645054859,861010
68645054959,861010
68645058359,861010
68788790101,861010
68788790103,861010
68788790106,861010
68788790108,861010
68788790109,861010
68788852801,861010
68788852803,861010
68788852806,861010
68788852808,861010
68788852809,861010
68788860301,861010
68788860303,861010
68788860306,861010
68788860308,861010
68788860309,861010
68788875601,861010
68788875603,861010
68788875606,861010
68788875608,861010
68788875609,861010
69367018101,861010
69367018105,861010
69367038201,861010
69367038205,861010
69367038210,861010
70010006401,861010
70010006405,861010
70010006406,861010
70010006409,861010
70010006410,861010
70010006499,861010
70518308400,861010
70518308401,861010
70518308402,861010
70518308403,861010
70518308404,861010
70518308405,861010
70518308406,861010
70518308407,861010
70518447900,861010
70518447901,861010
70882012530,861010
71093013300,861010
71093013304,861010
71093013305,861010
71205014230,861010
71205014260,861010
71205056700,861010
71205056730,861010
71205056760,861010
71205056790,861010
71205088300,861010
71205088311,861010
71205088330,861010
71205088355,861010
71205088360,861010
71205088364,861010
71205088372,861010
71205088378,861010
71205088390,861010
71335178501,861010
71335178502,861010
71335178503,861010
71335178504,861010
71335178505,861010
71335178506,861010
71335183501,861010
71335183502,861010
71335183503,861010
71335183504,861010
71335183505,861010
71335183506,861010
71335198301,861010
71335198302,861010
71335198303,861010
71335198304,861010
71335198305,861010
71335198306,861010
71335224501,861010
71335224502,861010
71335224503,861010
71335224504,861010
71335224505,861010
71335224506,861010
71335259301,861010
71335259302,861010
71335259303,861010
71335259304,861010
71335259305,861010
71335259306,861010
71610091860,861010
71610091880,861010
71610091892,861010
71610092330,861010
71610092353,861010
71610092360,861010
71610092380,861010
71610092392,861010
71709011106,861010
71709011107,861010
71717010510,861010
71717010550,861010
72189022160,861010
72189022182,861010
72189022190,861010
72789040990,861010
83301000901,861010
83301000902,861010
83301000903,861010
00185022101,861004
00185022105,861004
00378024401,861004
00378718705,861004
00440574601,861004
00440574690,861004
00555038702,861004
00603446921,861004
00603446928,861004
00603446932,861004
00615857805,861004
00615857830,861004
00615857839,861004
00781505201,861004
00781505205,861004
00781505261,861004
00904669161,861004
00904716461,861004
10135061905,861004
23155010401,861004
23155010405,861004
23155010406,861004
23155010409,861004
23155010410,861004
23155084301,861004
23155084305,861004
23155084310,861004
24658029260,861004
24658029290,861004
24658079205,861004
25000013203,861004
25000013212,861004
25000013253,861004
25000013298,861004
33342014310,861004
33342014311,861004
33342014344,861004
35356088630,861004
35356088660,861004
35356088690,861004
42385090210,861004
42385094901,861004
42385094905,861004
42385094911,861004
42385094918,861004
42385094919,861004
42385094960,861004
42385094990,861004
42708001830,861004
42708020230,861004
42806022105,861004
42806031501,861004
42806031505,861004
42806031510,861004
43063043030,861004
43063043060,861004
43063043090,861004
43063043093,861004
43063043094,861004
43063043098,861004
43063054430,861004
43063054460,861004
43063054490,861004
43063054493,861004
43063054498,861004
43063088921,861004
43063088930,861004
43063088960,861004
43063088990,861004
43063088993,861004
43063088998,861004
43353009880,861004
43353011480,861004
43353098730,861004
43353098731,861004
43353098743,861004
43353098745,861004
43353098753,861004
43353098760,861004
43353098773,861004
43353098780,861004
43353098786,861004
43353098787,861004
43353098796,861004
43547032210,861004
43547032250,861004
43547035910,861004
43547035950,861004
49483062001,861004
49483062010,861004
49483062050,861004
49483062081,861004
49999011690,861004
50090217700,861004
50090217702,861004
50090217703,861004
50090217704,861004
50090217705,861004
50090357900,861004
50090357902,861004
50090357903,861004
50090357904,861004
50090357905,861004
50090369102,861004
50090369105,861004
50090489200,861004
50090497300,861004
50090505200,861004
50090650700,861004
50090650702,861004
50090650703,861004
50090650704,861004
50090650705,861004
50090650800,861004
50090685600,861004
50090685602,861004
50090685603,861004
50090685604,861004
50090685605,861004
50090685700,861004
50090745400,861004
50090745402,861004
50090745403,861004
50090745404,861004
50090745405,861004
50090745500,861004
50090757800,861004
50090758600,861004
50090758602,861004
50090758603,861004
50090758604,861004
50090758605,861004
50090758700,861004
50090758800,861004
50090775000,861004
50090786600,861004
50090786800,861004
50090787700,861004
50090787702,861004
50090787703,861004
50090787704,861004
50090787705,861004
50090787800,861004
50228010700,861004
50228010701,861004
50228010705,861004
50228010710,861004
50228010730,861004
50228010760,861004
50742015601,861004
50742015605,861004
50742015610,861004
50742015690,861004
51079017401,861004
51079017420,861004
51224022060,861004
51224022070,861004
51655056325,861004
51655056326,861004
51655056625,861004
51655056626,861004
51655056652,861004
51655064426,861004
51655064925,861004
51655064926,861004
51655064952,861004
51991080705,861004
51991080710,861004
52959086002,861004
52959086030,861004
52959086060,861004
52959086090,861004
53746022001,861004
53746022005,861004
53746022010,861004
55700066930,861004
55700066960,861004
55700066990,861004
55887057101,861004
55887057192,861004
57664047413,861004
57664047418,861004
57664047451,861004
57664047453,861004
57664047458,861004
57664047488,861004
58657064201,861004
58657064210,861004
58657064250,861004
58864069330,861004
59651085601,861004
59651085605,861004
59651085622,861004
59651085650,861004
59651085660,861004
59651085679,861004
59651085690,861004
59651085699,861004
60429011301,861004
60429011305,861004
60429011318,861004
60429011360,861004
60429011390,861004
60505019200,861004
60505019201,861004
60505019204,861004
60505019208,861004
60687016201,861004
60687016211,861004
60760049760,861004
60760049790,861004
61919039730,861004
61919039760,861004
61919039782,861004
61919039790,861004
62135068405,861004
62135068410,861004
62135068418,861004
62135068460,861004
62135068490,861004
62207044243,861004
62207044247,861004
62207044249,861004
62207044250,861004
62207044257,861004
62207044298,861004
62584045280,861004
62584045285,861004
63187023930,861004
63187023960,861004
63187023978,861004
63187023990,861004
63629139701,861004
63629139702,861004
63629139703,861004
63629139704,861004
63629139705,861004
63629139706,861004
63629139707,861004
63629850301,861004
63629850401,861004
65084041618,861004
65084041620,861004
65841081101,861004
65841081105,861004
65841081110,861004
65841081116,861004
65841081130,861004
65841081177,861004
65862001001,861004
65862001005,861004
65862001022,861004
65862001033,861004
65862001046,861004
65862001050,861004
65862001060,861004
65862001090,861004
65862001099,861004
67046151603,861004
67046155403,861004
67544016330,861004
67877022101,861004
67877022105,861004
67877022110,861004
67877022133,861004
67877022138,861004
67877056301,861004
67877056305,861004
67877056310,861004
67877093201,861004
67877093205,861004
67877093210,861004
68071352601,861004
68071369701,861004
68071397606,861004
68094048060,861004
68094048070,861004
68382076001,861004
68382076005,861004
68382076010,861004
68382076016,861004
68382076030,861004
68382076077,861004
68645030059,861004
68645054559,861004
68645054659,861004
68645058459,861004
68788808301,861004
68788808303,861004
68788808306,861004
68788808308,861004
68788808309,861004
68788843001,861004
68788843003,861004
68788843006,861004
68788843007,861004
68788843008,861004
68788843009,861004
68788856001,861004
68788856003,861004
68788856006,861004
68788856008,861004
68788856009,861004
68788860001,861004
68788860003,861004
68788860006,861004
68788860007,861004
68788860008,861004
68788860009,861004
69367018201,861004
69367018205,861004
69367018210,861004
69367038301,861004
69367038305,861004
69367038310,861004
70010006501,861004
70010006505,861004
70010006506,861004
70010006509,861004
70010006510,861004
70010006599,861004
70518310100,861004
70518310101,861004
70518310102,861004
70518310103,861004
70518310104,861004
70518310105,861004
70518310106,861004
70518313000,861004
70518313001,861004
70518313002,861004
70518426200,861004
70934013530,861004
70934020730,861004
70934020760,861004
70934020790,861004
70934039990,861004
70934042790,861004
70934076090,861004
70934083090,861004
71093013400,861004
71093013404,861004
71093013405,861004
71205054800,861004
71205054830,861004
71205054860,861004
71205054890,861004
71205055500,861004
71205055530,861004
71205055560,861004
71205055578,861004
71205055590,861004
71205078330,861004
71205078360,861004
71205078390,861004
71205088400,861004
71205088411,861004
71205088430,861004
71205088455,861004
71205088460,861004
71205088464,861004
71205088472,861004
71205088478,861004
71205088490,861004
71335128901,861004
71335128902,861004
71335128903,861004
71335128905,861004
71335128906,861004
71335128908,861004
71335183300,861004
71335183301,861004
71335183302,861004
71335183303,861004
71335183304,861004
71335183305,861004
71335183306,861004
71335183307,861004
71335183308,861004
71335229101,861004
71335253300,861004
71335253301,861004
71335253302,861004
71335253303,861004
71335253304,861004
71335253305,861004
71335253306,861004
71335253307,861004
71335253308,861004
71610021253,861004
71610021260,861004
71610021280,861004
71610067230,861004
71610067245,861004
71610067253,861004
71610067260,861004
71610067270,861004
71610067280,861004
71610067330,861004
71610067345,861004
71610067353,861004
71610067360,861004
71610067370,861004
71610067380,861004
71610093760,861004
71610093780,861004
71610094160,861004
71610094180,861004
71709011206,861004
71709011207,861004
71717010611,861004
72162152301,861004
72162152305,861004
72189022030,861004
72189022060,861004
72189022082,861004
72189022090,861004
72189063582,861004
72789018921,861004
72789018930,861004
72789018942,861004
72789018960,861004
72789018990,861004
72789018993,861004
72789018998,861004
72789055130,861004
72789055142,861004
72789055160,861004
72789055190,861004
72789055193,861004
80425043501,861004
80425043502,861004
80425043503,861004
80425043504,861004
82009004710,861004
82009017510,861004
83301001001,861004
83301001002,861004
83301001003,861004
00591241101,1807915
16714093801,1807915
27241024001,1807915
42571033301,1807915
42571033305,1807915
42571033360,1807915
42571033390,1807915
43547050310,1807915
43547050350,1807915
47335030518,1807915
47335030583,1807915
47335030588,1807915
50228044501,1807915
50228044505,1807915
50228044530,1807915
60505470001,1807915
62207049647,1807915
62207049654,1807915
68180033801,1807915
68180033802,1807915
68180033803,1807915
68462052001,1807915
68462052005,1807915
68462052010,1807915
68682002150,1807915
70010049601,1807915
73317425601,1807915
00591241219,1807888
16714093901,1807888
27241024190,1807888
33342037810,1807888
42571033401,1807888
42571033405,1807888
42571033460,1807888
42571033490,1807888
43547050409,1807888
43547050450,1807888
47335030618,1807888
47335030681,1807888
47335030683,1807888
47335030688,1807888
50228044605,1807888
50228044630,1807888
50228044690,1807888
60505470109,1807888
62207049747,1807888
62207049754,1807888
68180033901,1807888
68180033902,1807888
68180033909,1807888
68462052101,1807888
68462052105,1807888
68462052190,1807888
68682001890,1807888
70010049709,1807888
70518467700,1807888
70518467701,1807888
70518467702,1807888
72664022890,1807888
73317425809,1807888
00378600291,1807917
00591271960,1807917
11788003760,1807917
24979015304,1807917
27241018860,1807917
29033003106,1807917
42806040560,1807917
50228050305,1807917
50228050330,1807917
50228050360,1807917
50742063310,1807917
50742063360,1807917
50742063390,1807917
51655055182,1807917
59651004260,1807917
67046155703,1807917
68071141902,1807917
68071141903,1807917
68071141906,1807917
68071141908,1807917
68071141909,1807917
68180033601,1807917
68180033602,1807917
68180033607,1807917
69367041260,1807917
70247001960,1807917
71205085900,1807917
71205085930,1807917
71205085955,1807917
71205085960,1807917
71205085964,1807917
71205085972,1807917
71205085978,1807917
71205085990,1807917
00378600191,1807894
00591272060,1807894
11788003860,1807894
24979014604,1807894
27241018960,1807894
29033003206,1807894
42806040660,1807894
50228050405,1807894
50228050430,1807894
50228050460,1807894
50742063410,1807894
50742063430,1807894
50742063460,1807894
51407005960,1807894
59651004360,1807894
63629593401,1807894
63629593402,1807894
63629593403,1807894
67046158403,1807894
68180033701,1807894
68180033702,1807894
68180033707,1807894
68788852006,1807894
69367041360,1807894
70247001860,1807894
70518436900,1807894
70518436901,1807894
70518465100,1807894
70518465101,1807894
70518465200,1807894
70518465201,1807894
71205086000,1807894
71205086030,1807894
71205086055,1807894
71205086060,1807894
71205086064,1807894
71205086072,1807894
71205086078,1807894
71205086090,1807894
45802016972,1368392
45802021172,1368385
50090599300,1368385
00093745501,861731
00378313101,861731
00781530401,861731
23155011501,861731
23155011510,861731
62135073160,861731
65841065901,861731
65841065910,861731
65841065916,861731
65841065930,861731
65841065977,861731
68382018401,861731
68382018410,861731
68382018416,861731
68382018430,861731
68382018477,861731
00093745601,861736
00378313201,861736
00781530501,861736
23155011601,861736
23155011610,861736
42291030501,861736
50090108000,861736
50090249200,861736
62135073260,861736
65841066001,861736
65841066010,861736
65841066016,861736
65841066030,861736
65841066077,861736
68382018501,861736
68382018510,861736
68382018516,861736
68382018530,861736
68382018577,861736
00093745701,861740
00378313301,861740
00781530601,861740
23155011701,861740
23155011710,861740
42291030601,861740
50090108200,861740
50090255600,861740
62135073360,861740
65841066101,861740
65841066110,861740
65841066116,861740
65841066130,861740
65841066177,861740
68382018601,861740
68382018610,861740
68382018616,861740
68382018630,861740
68382018677,861740
70518037300,861740
70518037301,861740
70518090800,861740
70518090801,861740
70518159400,861740
70518159401,861740
71205027030,861740
71205027060,861740
71205027090,861740
00093726001,861743
00115164801,861743
00781517001,861743
23155023301,861743
23155023305,861743
23155023310,861743
55111069501,861743
57237002301,861743
57237002305,861743
63629399801,861743
65841082401,861743
65841082405,861743
65841082406,861743
65841082410,861743
65841082416,861743
65841082430,861743
65841082477,861743
65862008001,861743
65862008005,861743
65862008030,861743
68084013601,861743
68084013611,861743
68382065301,861743
68382065305,861743
68382065306,861743
68382065310,861743
68382065316,861743
68382065330,861743
68382065377,861743
00093726101,861748
00093726105,861748
00115164901,861748
00115164902,861748
00781517101,861748
00781517105,861748
23155023401,861748
23155023405,861748
23155023410,861748
50090203100,861748
50090203101,861748
50090203102,861748
50090781400,861748
50090781402,861748
55111069601,861748
55111069610,861748
55887084530,861748
55887084560,861748
57237002401,861748
57237002405,861748
58864095230,861748
65841082501,861748
65841082505,861748
65841082506,861748
65841082510,861748
65841082516,861748
65841082530,861748
65841082577,861748
65862008101,861748
65862008105,861748
65862008130,861748
68084013701,861748
68084013711,861748
68382065401,861748
68382065405,861748
68382065406,861748
68382065410,861748
68382065416,861748
68382065430,861748
68382065477,861748
68788718001,861748
68788718003,861748
68788718006,861748
68788718009,861748
71335269401,861748
71335269402,861748
71335269403,861748
71335269404,861748
71335269405,861748
00093726205,861753
00115165001,861753
00115165002,861753
00781517201,861753
00781517205,861753
23155023501,861753
23155023505,861753
23155023510,861753
45963075302,861753
50090203000,861753
50090203001,861753
50090203002,861753
50090203003,861753
50090203004,861753
50090751400,861753
50090751402,861753
50090751403,861753
50090751404,861753
51655094226,861753
55111069701,861753
55111069710,861753
55700061290,861753
55887036896,861753
57237002501,861753
57237002505,861753
58864095330,861753
61919041860,861753
63629279302,861753
65841082601,861753
65841082605,861753
65841082606,861753
65841082610,861753
65841082616,861753
65841082630,861753
65841082677,861753
65862008201,861753
65862008205,861753
65862008230,861753
68071002830,861753
68071395003,861753
68071471803,861753
68084013801,861753
68084013811,861753
68382065501,861753
68382065505,861753
68382065506,861753
68382065510,861753
68382065516,861753
68382065530,861753
68382065577,861753
68788834101,861753
68788834103,861753
68788834106,861753
68788834108,861753
68788834109,861753
68788863401,861753
68788863403,861753
68788863406,861753
68788863408,861753
68788863409,861753
68788879101,861753
68788879103,861753
68788879106,861753
68788879108,861753
68788879109,861753
71335036001,861753
71335036003,861753
71335036004,861753
71335036005,861753
71335036006,861753
71335036007,861753
71335036008,861753
71335096701,861753
71335096703,861753
71335096704,861753
71335096705,861753
71335096706,861753
71335096707,861753
71335096708,861753
71335250801,861753
71335250803,861753
71335250804,861753
71335250805,861753
71335250806,861753
71335250807,861753
71335250808,861753
72789027501,861753
72205040701,1243027
72205040702,1243027
72205040801,1243034
72205040802,1243034
72205040901,1243020
72205040902,1243020
00378155091,861783
00781562660,861783
13668028005,861783
13668028010,861783
13668028033,861783
13668028060,861783
13668028074,861783
33342017609,861783
33342017611,861783
33342017612,861783
33342017644,861783
33342017657,861783
42291092090,861783
57237021760,861783
57237021781,861783
65862052518,861783
65862052560,861783
70882010556,861783
71335301901,861783
72162249702,861783
72162249706,861783
00378157591,861822
00781562760,861822
13668028105,861822
13668028133,861822
13668028149,861822
13668028160,861822
13668028174,861822
33342017709,861822
33342017711,861822
33342017712,861822
33342017744,861822
33342017757,861822
42291092190,861822
57237021860,861822
57237021881,861822
65862052618,861822
65862052660,861822
71335302001,861822
72162249802,861822
72162249806,861822
00378817593,1043578
43598062030,1043578
00378817691,1043563
43598061860,1043563
00378817793,1043570
43598061930,1043570
70710203606,1243846
70771188706,1243846
70710203706,1243842
70771188606,1243842
70710203803,1243827
70771188803,1243827
70710198606,861819
70710198608,861819
70771186906,861819
70771186908,861819
70710198706,861769
70710198708,861769
70771187006,861769
70771187008,861769
00781580105,2709491
00781580160,2709491
00781580171,2709491
60505365806,2709491
60505365807,2709491
00781580260,2709488
00781580271,2709488
00781580273,2709488
60505365906,2709488
60505365907,2709488
00087606313,860977
00087606413,860983
10631001917,2200520
10631020601,861027
10631020602,861027
10631023801,861027
10631023802,861027
00087607005,861012
00087607111,861006
68012000213,861018
68012000450,861018
68012000316,861015
64764033501,1368398
64764033560,1368398
64764033577,1368398
64764033580,1368398
64764033701,1368391
64764033760,1368391
64764033777,1368391
64764033780,1368391
50458054060,1545166
50458054160,1545163
50458054260,1545159
50458054360,1545156
00597015918,1664321
00597015960,1664321
00597015966,1664321
00597017518,1664328
00597017560,1664328
00597017566,1664328
00597018018,1664325
00597018060,1664325
00597018066,1664325
00597016818,1665369
00597016860,1665369
00597016866,1665369
00597029020,1862701
00597029059,1862701
00597029074,1862701
00597028036,1862688
00597028073,1862688
00597028090,1862688
00597030020,1862692
00597030045,1862692
00597030093,1862692
00597029561,1862697
00597029578,1862697
00597029588,1862697
00006536903,1992695
00006536906,1992695
00006536907,1992695
50090621700,1992695
00006537303,1992691
00006537306,1992691
00006537307,1992691
00006537308,1992691
00006537309,1992691
50090621800,1992691
00006537003,1992703
00006537006,1992703
00006537007,1992703
00006537403,1992700
00006537406,1992700
00006537407,1992700
00006537408,1992700
00006537409,1992700
50090623100,1992700
00597014618,1243033
00597014660,1243033
00597014666,1243033
00597014718,1243040
00597014760,1243040
00597014766,1243040
00597014818,1243026
00597014860,1243026
00597014866,1243026
64764015518,861785
64764015818,861824
64764015841,861824
64764015860,861824
00310613530,1043582
00310612560,1043567
00310614530,1043574
70710180406,2696284
70771187906,2696284
70710180506,2696282
70771188006,2696282
70710180603,2696287
70771188103,2696287
70710178606,2677164
70710178608,2677164
70771185906,2677164
70771185908,2677164
70710178706,2677162
70710178708,2677162
70771186006,2677162
70771186008,2677162
00006007814,1243848
00006007828,1243848
00006007861,1243848
00006007862,1243848
00006007882,1243848
00006008014,1243843
00006008028,1243843
00006008061,1243843
00006008062,1243843
00006008082,1243843
50090550400,1243843
50090550401,1243843
00006008107,1243833
00006008114,1243833
00006008131,1243833
00006008154,1243833
00006008182,1243833
00006057501,861821
00006057502,861821
00006057503,861821
00006057556,861821
00006057561,861821
00006057562,861821
00006057582,861821
50090561600,861821
50090561601,861821
00006057701,861771
00006057702,861771
00006057703,861771
00006057756,861771
00006057761,861771
00006057762,861771
00006057782,861771
50090550200,861771
50090550201,861771
00597039523,2359358
00597039552,2359358
00597039582,2359358
00597038013,2359285
00597038022,2359285
00597038068,2359285
00597038577,2359290
00597038586,2359290
00597038588,2359290
00597039013,2359353
00597039031,2359353
00597039071,2359353
10432036201,648024
10432036202,648024
40985022215,487064
87701040758,487064
40093010146,723832
74312011820,723832
00394025009,199389
11822880900,199389
00944272003,1809531
00944272103,1809542
00944272203,1809545
00944272303,1809535
00944272403,1809538
00944271525,1809438
00944271605,1809414
00944271710,1809421
00944271820,1809444
00944271930,1809539
43292040128,242181
10432017501,311425
10432017503,311425
35046000322,311425
57394039952,311425
64727880101,311425
64727880102,311425
54629085301,240488
00338102141,207390
00338102341,204466
00338102541,207391
00781613594,863538
00781613595,863538
00781613694,863538
25021015320,863538
25021015420,863538
25021015451,863538
44567031010,863538
44567031110,863538
44567031201,863538
44567031210,863538
51662143601,863538
51662168901,863538
63323032320,863538
63323032462,863538
70860012620,863538
70860012641,863538
70860012751,863538
72603021001,863538
72603021010,863538
72603034501,863538
83634010220,863538
83634010241,863538
83634010351,863538
13985003602,745303
13985003604,745303
13985003605,745303
00781615394,745302
00781615395,745302
13349001024,1150300
83372060501,2706393
83372060502,2706393
83372060511,2706396
83372060512,2706396
83372060521,2706398
83372060522,2706398
00069101101,2102440
00069101102,2102440
68982082081,2102440
68982082201,2102440
68982082281,2102440
00069110901,2102456
00069110902,2102456
68982082082,2102456
68982082202,2102456
68982082282,2102456
00069122401,2102460
00069122402,2102460
68982082083,2102460
68982082203,2102460
68982082283,2102460
00069131201,2102464
00069131202,2102464
68982082084,2102464
68982082204,2102464
68982082284,2102464
00069141501,2102470
00069141502,2102470
68982082085,2102470
68982082205,2102470
68982082285,2102470
00069155801,2102472
00069155802,2102472
68982082086,2102472
68982082206,2102472
68982082286,2102472
76179001001,2726023
76179001002,2726023
76179001003,2726026
76179001004,2726026
69800025001,2123042
69800025002,2123042
61476010401,2672105
61476010405,2672105
61476010402,2672108
61476010410,2672108
61476010403,2672110
61476010420,2672110
00069106101,2167152
00069106102,2167152
68982081001,2167152
68982081081,2167152
00069180201,2167159
00069180202,2167159
68982081002,2167159
68982081082,2167159
00069147601,2167157
00069147602,2167157
68982081003,2167157
68982081083,2167157
00069196001,2167161
00069196002,2167161
68982081004,2167161
68982081084,2167161
00069150901,2167163
00069150902,2167163
68982081005,2167163
68982081085,2167163
00069196501,2167165
00069196502,2167165
68982081006,2167165
68982081086,2167165
13533081005,2196297
13533081006,2196297
13533081010,2196391
13533081011,2196391
13533081020,2196491
13533081021,2196491
13533081050,2196493
13533081051,2196493
13533033504,1809034
13533033540,1809034
13533063504,1809034
13533063540,1809034
00944285001,1813415
00944285002,1813415
44206045101,1809077
44206045190,1809077
44206045621,2268105
44206045694,2268105
61953000401,1809429
00944270002,1809665
00944270008,1809665
76125090001,1809436
76125090002,1809436
13533080012,1809580
13533080013,1809580
13533033512,1809038
13533033513,1809038
13533063512,1809038
13533063513,1809038
00944285003,1813417
00944285004,1813417
44206045202,1809069
44206045291,1809069
44206045722,2268109
44206045795,2268109
00069840001,1809643
00069840002,1809643
68982084001,1809643
00069600201,1809499
00069600202,1809499
68982085001,1809499
00944285005,1813420
00944285006,1813420
44206045404,1809067
44206045492,1809067
44206045824,2287159
44206045896,2287159
00944270003,1809667
00944270009,1809667
76125090025,1809439
76125090026,1809439
13533080015,1809581
13533080016,1809581
00944285007,1813424
00944285008,1813424
61953000402,1809448
61953000407,1809448
00069842501,1809647
00069842502,1809647
68982084002,1809647
69800650201,1809416
69800650202,1809416
76125091805,1809416
61953000501,1809471
61953000504,1809471
00944270505,2733845
00944270550,2733845
00944270004,1809668
00944270010,1809668
76125090050,1809440
76125090051,1809440
64208823501,1876671
64208823505,1876671
13533080020,1809578
13533080021,1809578
13533080500,1809578
13533080501,1809578
00069655001,1809501
00069655002,1809501
68982085002,1809501
44206043605,1809521
44206043690,1809521
00944285009,2117971
00944285010,2117971
44206045510,1809063
44206045593,1809063
44206045525,2670629
44206045597,2670629
61953000403,1809457
61953000408,1809457
64208823402,1809511
64208823406,1809511
00069845101,1809648
00069845102,1809648
68982084003,1809648
69800650301,1809422
69800650302,1809422
76125091810,1809422
61953000502,1809477
61953000505,1809477
00944270501,2733847
00944270510,2733847
00944270005,1809670
00944270011,1809670
76125090010,1809441
76125090011,1809441
64208823502,1876673
64208823506,1876673
13533080071,1809582
13533080072,1809582
13533080510,1809582
13533080511,1809582
00069611101,1809502
00069611102,1809502
68982085003,1809502
44206043710,1809517
44206043791,1809517
61953000404,1809464
61953000409,1809464
64208823403,1809513
64208823407,1809513
00069847601,1809649
00069847602,1809649
68982084004,1809649
61953000503,1809479
61953000506,1809479
00944270006,1809671
00944270012,1809671
76125090020,1809445
76125090021,1809445
64208823503,1876674
64208823507,1876674
13533080024,1809583
13533080025,1809583
13533080530,1809583
13533080531,1809583
00069623701,1809503
00069623702,1809503
68982085004,1809503
44206043820,1809520
44206043892,1809520
00944270007,1809672
00944270013,1809672
00069633901,2170634
00069633902,2170634
68982085005,2170634
61953000400,1809475
61953000405,1809475
64208823404,1809514
64208823408,1809514
13533080040,1809584
13533080041,1809584
13533080544,1809584
13533080545,1809584
44206043940,1809525
44206043993,1809525
68982084005,1809652
00944265603,1809730
00944265707,1809730
00944265804,1809738
00944265908,1809738
60258017201,210756
00178029901,210759
60793070001,731566
60793070010,731566
50090101600,731568
50090101601,731568
60793070102,731568
60793070110,731568
60793070204,731571
60793070210,731571
81284052101,2671693
84383011001,2684991
81284052201,2671697
00049042005,995906
00049042010,995906
00049043020,995906
00049052022,995906
00049052023,995906
00049052083,995906
00049052084,995906
00049053022,995906
00049053028,995906
46066002202,1050111
46066002204,1050111
46066002205,1050111
55529002102,1050115
55529002104,1050115
55529002105,1050115
86108090103,1549551
86108090105,1549551
54771313901,1484873
54771313902,1484873
54771313909,1484873
60793060002,731541
60793060010,731541
60793060102,731541
60793060110,731541
60793060202,836307
60793060210,836307
00944251002,1549690
00944251102,1549692
00944251302,1549696
00944251402,1549688
00944251202,1549694
00143914401,897122
00143914402,897122
00143914403,897122
00480366719,897122
00480366720,897122
00480366722,897122
14403340001,897122
14403340002,897122
14403340003,897122
50090750100,897122
69097092031,897122
69097092067,897122
69097092068,897122
70377009452,897122
70377009453,897122
70748034601,897122
70748034602,897122
70748034603,897122
71288056383,897122
71288056384,897122
71288056385,897122
72603074501,897122
72603074502,897122
72603074503,897122
81607001801,897122
81607001802,897122
00917026901,1249528
54629085001,1249528
31604001358,1248210
11917003969,240060
30768000618,240060
37205017478,240060
40093010135,240060
40093010282,240060
40985021387,240060
74312001110,240060
87701040779,240060
00480725019,2735350
00480725046,2735350
69097091031,2735350
69097091055,2735350
69097091068,2735350
70377009551,2735350
70377009552,2735350
70377009553,2735350
81607001901,2735350
81607001902,2735350
81607001903,2735350
00169406012,897126
00169406013,897126
00169406090,897126
00169406099,897126
50090285300,897126
50090450300,897126
59051907405,1423313
13985006045,1593632
00169280015,1598268
00169280090,1598268
00169280097,1598268
50090425700,1598268
00169291115,1860172
00169291190,1860172
00169291197,1860172
00143918001,1668250
00143918025,1668250
00404976410,1668250
50090339800,1668250
51662131201,1668250
63323036001,1668250
63323036019,1668250
65145017001,1668250
65145017025,1668250
65219063001,1668250
65219063019,1668250
68462078910,1668250
68462078925,1668250
70518417800,1668250
70518417801,1668250
70518435500,1668250
70518435501,1668250
71872722201,1668250
75834017101,1668250
75834017119,1668250
80830167201,1668250
80830167202,1668250
80830167204,1668250
80830167205,1668250
84549036019,1668250
44567062001,2117610
44567062002,2117610
44567062024,2117610
44567062084,2117610
65219016201,2117610
65219016210,2117610
80830236201,2117610
80830236202,2117610
80830236209,2117610
00143918401,1668248
00143918425,1668248
51662134701,1668248
63323036003,1668248
63323036059,1668248
65145017101,1668248
65145017125,1668248
68462079025,1668248
68462079050,1668248
70069072701,1668248
70069072710,1668248
70069072725,1668248
80830167301,1668248
80830167302,1668248
80830167304,1668248
80830167305,1668248
00143918501,197435
00143918520,197435
00264560052,197435
00517390025,197435
44567062301,197435
44567062310,197435
63323036005,197435
63323036061,197435
65145017201,197435
65145017220,197435
68462079101,197435
68462079120,197435
70069072801,197435
70069072810,197435
70069072820,197435
80830167402,197435
80830167403,197435
80830167405,197435
80830167408,197435
44567062201,2562542
44567062224,2562542
44567062101,2117608
44567062102,2117608
44567062124,2117608
44567062184,2117608
65219016401,2117608
65219016450,2117608
80830236301,2117608
80830236302,2117608
80830236309,2117608
11695641105,1010723
13985010405,1010723
13985080250,1010723
29983240401,1010723
30798012617,1010723
30798085317,1010723
46066080250,1010723
50989088216,1010723
57319063007,1010723
61133029707,1010723
65207080250,1010723
86156080250,1010723
54365040128,1918214
54365040129,1918214
84128000803,1918214
84128000806,1918214
84128000810,1918214
84128000826,1918214
84128000830,1918214
84128000835,1918214
84128001001,1918214
84128001002,1918214
10819108001,1366736
10819108002,1366736
10819407603,1366736
10819407604,1366736
10819407701,1366736
10819407702,1366736
10819407703,1366736
10819407704,1366736
50632000101,2464832
50632000102,2464832
50632000103,2464832
50632000201,2464832
50632000202,2464832
50632002202,2464832
50632002204,2464832
50632002302,2464832
50632002304,2464832
50632002402,2464832
50632002404,2464832
49702024501,2594978
49702023801,2588077
49702023861,2588077
49702023864,2588077
49702024902,2594982
49702024302,2594980
49702024361,2594980
49702023803,2588080
49702026423,2588080
49702028063,2588080
49702025315,2475418
49702024015,2475416
49702026663,2475416
00591405094,1307427
27241017529,1307427
31722013631,1307427
51672423108,1307427
59651042011,1307427
59762205801,1307427
60219265101,1307427
67877064811,1307427
68180028301,1307427
69097090344,1307427
69238157401,1307427
69543041972,1307427
70010010546,1307427
70710171604,1307427
70710171605,1307427
70771166804,1307427
70771166805,1307427
70954016810,1307427
72205003576,1307427
72205005976,1307427
55150016613,882527
00093551798,577033
00378165777,577033
00904667104,577033
00904667106,577033
13668018505,577033
13668018510,577033
13668018530,577033
13668018551,577033
13668018590,577033
27241012403,577033
27241012405,577033
31722077605,577033
31722077631,577033
31722077632,577033
31722077633,577033
31722077634,577033
31722077690,577033
33342012110,577033
33342012112,577033
33342053610,577033
33342053666,577033
42291093790,577033
42543000510,577033
42543000590,577033
43063055030,577033
43063066830,577033
43063098210,577033
43063098230,577033
43353034510,577033
43353034520,577033
43353034553,577033
50090308200,577033
50090390500,577033
50090390501,577033
50090523600,577033
50090523601,577033
50268071711,577033
50268071715,577033
51407098790,577033
51655013120,577033
51655013153,577033
51655017220,577033
51655017252,577033
51655079320,577033
51655079352,577033
52817029500,577033
52817029590,577033
53746035190,577033
55111037290,577033
55154430700,577033
55700039805,577033
55700039810,577033
55700039820,577033
55700039890,577033
55700067750,577033
59746047105,577033
59746047110,577033
59746047190,577033
59762003301,577033
59762003303,577033
60687041611,577033
60687041621,577033
60687078811,577033
60687078821,577033
61919082610,577033
61919082615,577033
61919082620,577033
61919082630,577033
61919082640,577033
61919082650,577033
61919082690,577033
62135037290,577033
63187061910,577033
63187061920,577033
63187061930,577033
63187061960,577033
63187061990,577033
63187078910,577033
63187078920,577033
63187078930,577033
63187078950,577033
63187078960,577033
63187078990,577033
63187081310,577033
63187081330,577033
63187081350,577033
63187081360,577033
63187081390,577033
63629502900,577033
63629502901,577033
63629502902,577033
63629502903,577033
63629502904,577033
63629502905,577033
63629502906,577033
63629502907,577033
63629502908,577033
63629502909,577033
63739007233,577033
65162035109,577033
65162035111,577033
65862068890,577033
65862068899,577033
68001036305,577033
68001059705,577033
68071207201,577033
68071207202,577033
68071207203,577033
68071207204,577033
68071207205,577033
68071221309,577033
68071253709,577033
68071260201,577033
68071260203,577033
68071395409,577033
68071451709,577033
68071511506,577033
68788797403,577033
68788797404,577033
68788797406,577033
68788797409,577033
70518343300,577033
70518343301,577033
70518343302,577033
70518343303,577033
70518343304,577033
70518459600,577033
70518459601,577033
71205030510,577033
71205030520,577033
71205030530,577033
71205030560,577033
71205030590,577033
71205050930,577033
71205050960,577033
71205050990,577033
71205062310,577033
71205062330,577033
71205062360,577033
71205062390,577033
71335028806,577033
71335100501,577033
71335100502,577033
71335100503,577033
71335100504,577033
71335100505,577033
71335100506,577033
71335100507,577033
71335100508,577033
71335100509,577033
71335163801,577033
71335163802,577033
71335163803,577033
71335163804,577033
71335163805,577033
71335163806,577033
71335163807,577033
71335163808,577033
71335163809,577033
71335164900,577033
71335164901,577033
71335164902,577033
71335164903,577033
71335164904,577033
71335164905,577033
71335164906,577033
71335164907,577033
71335164908,577033
71335164909,577033
71335196300,577033
71335196301,577033
71335196302,577033
71335196303,577033
71335196304,577033
71335196305,577033
71335196306,577033
71335196307,577033
71335196308,577033
71335196309,577033
71335265700,577033
71335265701,577033
71335265702,577033
71335265703,577033
71335265704,577033
71335265705,577033
71335265706,577033
71335265707,577033
71335265708,577033
71335265709,577033
72162236309,577033
72189029815,577033
72189029820,577033
72189029830,577033
72189029890,577033
72865010505,577033
72865010590,577033
72888001800,577033
72888001890,577033
76420006130,577033
76420006160,577033
76420006190,577033
76420061330,577033
76420061360,577033
76420061390,577033
76519113500,577033
76519113501,577033
76519113503,577033
76519113505,577033
80425030401,577033
80425030402,577033
80425030403,577033
80425030404,577033
82009009490,577033
82804018530,577033
82804018590,577033
82804024330,577033
82804024390,577033
82868009430,577033
82347020504,2735822
82347020505,2735822
82347020506,2735822
00093534156,314228
00378165893,314228
13668018601,314228
13668018605,314228
13668018610,314228
13668018630,314228
13668018640,314228
27241006703,314228
27241006705,314228
31722070905,314228
31722070930,314228
31722096530,314228
33342004107,314228
33342004111,314228
33342004144,314228
33342004198,314228
35561025110,314228
35561025114,314228
42291074630,314228
50090464400,314228
50090523500,314228
50090590600,314228
50090796300,314228
52817034030,314228
55801033801,314228
55801033802,314228
55801033803,314228
59762003401,314228
60219175101,314228
60219175103,314228
60219175107,314228
60290007901,314228
60290007902,314228
60290007903,314228
60290007904,314228
65862068901,314228
65862068905,314228
65862068930,314228
65862068999,314228
68071359201,314228
68071359209,314228
68071367003,314228
69097095102,314228
70748013106,314228
70954040710,314228
71209010601,314228
71209010605,314228
71209010611,314228
71610027102,314228
71610027104,314228
71610027106,314228
71610027112,314228
72241006905,314228
72241006911,314228
72241006922,314228
72303084501,314228
72603088301,314228
72789040430,314228
72789040490,314228
72865010130,314228
72888001505,314228
72888001530,314228
75834027200,314228
75834027230,314228
75834027290,314228
76282064330,314228
76420056330,314228
76420056360,314228
76420056390,314228
82647021014,314228
82647021030,314228
82804025111,314228
82347021004,2735825
82347021005,2735825
82347021006,2735825
00093534201,312950
00093534256,312950
00378165993,312950
13668018701,312950
13668018705,312950
13668018710,312950
13668018718,312950
13668018730,312950
27241006803,312950
27241006805,312950
27241006810,312950
31722071001,312950
31722071005,312950
31722071030,312950
31722096601,312950
31722096630,312950
33342004207,312950
33342004211,312950
33342004244,312950
33342004298,312950
35561025210,312950
35561025214,312950
42291074701,312950
42291074730,312950
43063094115,312950
50090464600,312950
50090541500,312950
50090680400,312950
50090718100,312950
50090797700,312950
52817034110,312950
52817034130,312950
55801033901,312950
55801033902,312950
55801033903,312950
59762003501,312950
59762003502,312950
60219175201,312950
60219175203,312950
60219175207,312950
60290000201,312950
60290000202,312950
60290000203,312950
60290000204,312950
61919075510,312950
61919075530,312950
63629783301,312950
63629783302,312950
63629783303,312950
63629783304,312950
63629783305,312950
63629783306,312950
63629783307,312950
65862069001,312950
65862069005,312950
65862069030,312950
65862069099,312950
67296224105,312950
68071363103,312950
68071364601,312950
68071374303,312950
68071374501,312950
68071374505,312950
68071374506,312950
68071397809,312950
68071467403,312950
69097095202,312950
69097095207,312950
70518184400,312950
70518184401,312950
70748013201,312950
70748013206,312950
70954040810,312950
71205026720,312950
71205026730,312950
71205026760,312950
71205026790,312950
71205054230,312950
71205054260,312950
71205054290,312950
71205072104,312950
71205079510,312950
71205079511,312950
71205079520,312950
71205079530,312950
71205079560,312950
71205079590,312950
71209010701,312950
71209010705,312950
71209010711,312950
71335102801,312950
71335102802,312950
71335102803,312950
71335102804,312950
71335102805,312950
71335102806,312950
71335311101,312950
71335311102,312950
71335311103,312950
71335311104,312950
71335311105,312950
71335311106,312950
71335311107,312950
71335311108,312950
71610025602,312950
71610025604,312950
71610025606,312950
71610025612,312950
71610067902,312950
71610067904,312950
71610067906,312950
72241007005,312950
72241007011,312950
72241007022,312950
72303084601,312950
72603088401,312950
72789010315,312950
72789010390,312950
72789040515,312950
72789040530,312950
72865010201,312950
72865010230,312950
72888001600,312950
72888001601,312950
72888001630,312950
75834024000,312950
75834024001,312950
75834024005,312950
75834024030,312950
76282064401,312950
76282064430,312950
76420056401,312950
76420056430,312950
76420056460,312950
76420056490,312950
76519121801,312950
76519121803,312950
82647021114,312950
82647021130,312950
82347021504,2735829
82347021505,2735829
82347021506,2735829
82347022004,2735815
82347022005,2735815
82347022006,2735815
00093534301,314229
00093534356,314229
00378166093,314229
13668018801,314229
13668018805,314229
13668018810,314229
13668018830,314229
27241006903,314229
27241006905,314229
27241006910,314229
31722071101,314229
31722071105,314229
31722071130,314229
31722096701,314229
31722096730,314229
33342004307,314229
33342004311,314229
33342004344,314229
33342004398,314229
35561025310,314229
35561025314,314229
42291074801,314229
42291074818,314229
42291074830,314229
43063094010,314229
43063094015,314229
50090532500,314229
50090532501,314229
50090796400,314229
50090796401,314229
51655046854,314229
51655046887,314229
51655079454,314229
51655079487,314229
52817034210,314229
52817034230,314229
55801034001,314229
55801034002,314229
55801034003,314229
59762003601,314229
59762003602,314229
60219175301,314229
60219175303,314229
60219175307,314229
60290000301,314229
60290000302,314229
60290000303,314229
60290000304,314229
60290000305,314229
65862069101,314229
65862069105,314229
65862069130,314229
68071298503,314229
68071341003,314229
68071354901,314229
68071354905,314229
68071354906,314229
68071354909,314229
68071383203,314229
68071386201,314229
68071386205,314229
68071386206,314229
68071386209,314229
68071390801,314229
68071459901,314229
68071459905,314229
68071459909,314229
68071461703,314229
68788411101,314229
68788411103,314229
68788411107,314229
68788777503,314229
68788777504,314229
68788777506,314229
68788777507,314229
68788777509,314229
68788787901,314229
68788787907,314229
68788830101,314229
68788830103,314229
68788830107,314229
68788880401,314229
68788880403,314229
68788880407,314229
69097095302,314229
69097095307,314229
70518212800,314229
70748013301,314229
70748013306,314229
70954040910,314229
71205008810,314229
71205008820,314229
71205008830,314229
71205008850,314229
71205008860,314229
71205008890,314229
71205022010,314229
71205022020,314229
71205022030,314229
71205022050,314229
71205022060,314229
71205022090,314229
71205023102,314229
71205023110,314229
71205023120,314229
71205023130,314229
71205023160,314229
71205023190,314229
71205047310,314229
71205047320,314229
71205047330,314229
71205047360,314229
71205047390,314229
71205049802,314229
71205049810,314229
71205049820,314229
71205049830,314229
71205049860,314229
71205049890,314229
71205065702,314229
71205065710,314229
71205065711,314229
71205065720,314229
71205065730,314229
71205065760,314229
71205065790,314229
71209010801,314229
71209010805,314229
71209010811,314229
71335096900,314229
71335096901,314229
71335096902,314229
71335096903,314229
71335096904,314229
71335096905,314229
71335096906,314229
71335096907,314229
71335096908,314229
71335096909,314229
71335108800,314229
71335108801,314229
71335108802,314229
71335108803,314229
71335108804,314229
71335108805,314229
71335108806,314229
71335108807,314229
71335108808,314229
71335108809,314229
71335143700,314229
71335143701,314229
71335143702,314229
71335143703,314229
71335143704,314229
71335143705,314229
71335143706,314229
71335143707,314229
71335143708,314229
71335143709,314229
71335177700,314229
71335177701,314229
71335177702,314229
71335177703,314229
71335177704,314229
71335177705,314229
71335177706,314229
71335177707,314229
71335177708,314229
71335177709,314229
71335304900,314229
71335304901,314229
71335304902,314229
71335304903,314229
71335304904,314229
71335304905,314229
71335304906,314229
71335304907,314229
71335304908,314229
71335304909,314229
71610023702,314229
71610023703,314229
71610023704,314229
71610023706,314229
71610023752,314229
71610067502,314229
71610067503,314229
71610067504,314229
71610067506,314229
71610067512,314229
71610067533,314229
71610067552,314229
72189006910,314229
72189006930,314229
72241007105,314229
72241007111,314229
72241007122,314229
72303084701,314229
72603088501,314229
72603088502,314229
72789009810,314229
72789009815,314229
72789009890,314229
72789040615,314229
72789040630,314229
72789040690,314229
72865010301,314229
72865010330,314229
72888001700,314229
72888001701,314229
72888001730,314229
75834024100,314229
75834024101,314229
75834024105,314229
75834024130,314229
76282064501,314229
76282064530,314229
76420056501,314229
76420056530,314229
76420056560,314229
76420056590,314229
76519121601,314229
76519121603,314229
76519121605,314229
80425041001,314229
80425041002,314229
80425041003,314229
80425050301,314229
80425050302,314229
80425050303,314229
82009009301,314229
82647021214,314229
82647021230,314229
82804002530,314229
82804002560,314229
82804002590,314229
00069033621,1307431
58151038535,1307431
00069033801,882530
58151039531,882530
00069419068,581645
58151040277,581645
71858020502,2735824
71858020504,2735824
71858020505,2735824
71858020506,2735824
00069420030,213269
43353076404,213269
58151042693,213269
71858021001,2735827
71858021002,2735827
71858021004,2735827
71858021005,2735827
71858021006,2735827
00069421030,213270
00069421032,213270
00069421033,213270
00069421066,213270
58151042701,213270
58151042793,213270
63629264001,213270
63629264002,213270
63629264003,213270
63629264004,213270
66105053503,213270
67544035502,213270
67544035504,213270
67544035506,213270
67544035512,213270
67544035552,213270
67544035574,213270
71858021501,2735831
71858021502,2735831
71858021504,2735831
71858021505,2735831
71858021506,2735831
71858022001,2735821
71858022002,2735821
71858022004,2735821
71858022005,2735821
71858022006,2735821
00069422030,213271
00069422033,213271
00069422066,213271
55887011830,213271
55887011860,213271
58151042801,213271
58151042893,213271
63629179201,213271
63629179202,213271
63629179203,213271
63629179204,213271
63629179205,213271
66105053603,213271
66267040610,213271
67544035602,213271
67544035604,213271
67544035606,213271
67544035612,213271
67544035652,213271
67544035656,213271
67544035664,213271
67544035689,213271
46287005501,2637056
00378697691,2123194
00378697693,2123194
13668058130,2123194
13668058160,2123194
27241012302,2123194
31722064730,2123194
31722064731,2123194
31722064760,2123194
33342027807,2123194
33342027809,2123194
42291080460,2123194
43547099006,2123194
43547099050,2123194
43598057830,2123194
43598057860,2123194
50090424700,2123194
50090424701,2123194
65862088060,2123194
68180091406,2123194
68180091407,2123194
69097052603,2123194
69097052616,2123194
70518393100,2123194
70518393101,2123194
73190003260,2123194
82009008060,2123194
00093301630,757707
00093301665,757707
00378697085,757707
00480230830,757707
00480230865,757707
13668056505,757707
13668056530,757707
16714007401,757707
16714007402,757707
16729036910,757707
16729036915,757707
16729036916,757707
16729036917,757707
16729036997,757707
24979072702,757707
24979072706,757707
27241011103,757707
27241011105,757707
29300028601,757707
29300028605,757707
29300028613,757707
29300028651,757707
29300028682,757707
31722064330,757707
31722064331,757707
33342026507,757707
33342026544,757707
35561025410,757707
35561025413,757707
35573040915,757707
35573040938,757707
35573046038,757707
35573046056,757707
42291086430,757707
43547003003,757707
43547003050,757707
43547004703,757707
43547004711,757707
43547004750,757707
43598057630,757707
43598057631,757707
43598057679,757707
46708017715,757707
46708017731,757707
46708017771,757707
46708017791,757707
47335000964,757707
47335000972,757707
51293083964,757707
60219134603,757707
60290002701,757707
60290002702,757707
60290002703,757707
60290002704,757707
62332017715,757707
62332017730,757707
62332017771,757707
62332017791,757707
63629840901,757707
63629840902,757707
63629840903,757707
63629840904,757707
63629840905,757707
65862085030,757707
65862085032,757707
66993070030,757707
67184052301,757707
67184052302,757707
68071354003,757707
68071380003,757707
68071392903,757707
68180091906,757707
68382089601,757707
68382089605,757707
68382089606,757707
68382089610,757707
68382089616,757707
68382089699,757707
69097037302,757707
69097037305,757707
69238134603,757707
70771147500,757707
70771147501,757707
70771147503,757707
70771147504,757707
70771147505,757707
70771147509,757707
71335182301,757707
71335182302,757707
71335182303,757707
71335182304,757707
71335236301,757707
71335236302,757707
71335236303,757707
71335236304,757707
71335236305,757707
71821000601,757707
72303082201,757707
72865010430,757707
75834024701,757707
75834024715,757707
75834024730,757707
76420054230,757707
76420055205,757707
76420055212,757707
76420055230,757707
76420055260,757707
76420055290,757707
76420085401,757707
76420085405,757707
76420085430,757707
76420085433,757707
76420085460,757707
76420085490,757707
82968000103,757707
00093301730,403957
00093301756,403957
00093301765,403957
00378697193,403957
00480230930,403957
00480230956,403957
00480230965,403957
13668056605,403957
13668056630,403957
16714007501,403957
16729037010,403957
16729037015,403957
16729037016,403957
16729037017,403957
16729037097,403957
24979072802,403957
24979072806,403957
27241011203,403957
27241011205,403957
29300028701,403957
29300028705,403957
29300028713,403957
29300028751,403957
29300028782,403957
31722064430,403957
31722064431,403957
33342026607,403957
33342026644,403957
35561025510,403957
35561025513,403957
35573041030,403957
35573046130,403957
42291086530,403957
43547003103,403957
43547003150,403957
43547004903,403957
43547004911,403957
43547004950,403957
43598057530,403957
43598057531,403957
43598057579,403957
46708017815,403957
46708017830,403957
46708017871,403957
46708017891,403957
47335001064,403957
47335001083,403957
50090427601,403957
50090466000,403957
50090466001,403957
50090475301,403957
50090534400,403957
50090534401,403957
50090572400,403957
50090572401,403957
50090694500,403957
50090731400,403957
50090731401,403957
50090731500,403957
50090739000,403957
50090739001,403957
50090739100,403957
50268073811,403957
50268073813,403957
51293084064,403957
51655048752,403957
60219134703,403957
60290002801,403957
60290002802,403957
60290002803,403957
60290002804,403957
61919088930,403957
62332017815,403957
62332017830,403957
62332017871,403957
62332017891,403957
63629828801,403957
63629828802,403957
63629828803,403957
63629828804,403957
65862085130,403957
65862085132,403957
66993070130,403957
66993070138,403957
66993070151,403957
66993070156,403957
67184052401,403957
67184052402,403957
68071354503,403957
68071358609,403957
68071359801,403957
68071359806,403957
68071359809,403957
68071393603,403957
68071520203,403957
68180092006,403957
68382089701,403957
68382089705,403957
68382089706,403957
68382089710,403957
68382089716,403957
68382089750,403957
68382089799,403957
68788401801,403957
68788401802,403957
68788401803,403957
68788829201,403957
68788829202,403957
68788829203,403957
68788846501,403957
68788846502,403957
69097037402,403957
69097037405,403957
69238134703,403957
70518343400,403957
70518343401,403957
70518343402,403957
70518343403,403957
70518343404,403957
70518369700,403957
70518369701,403957
70518369702,403957
70518386400,403957
70518454900,403957
70518460500,403957
70518460501,403957
70771147600,403957
70771147601,403957
70771147603,403957
70771147604,403957
70771147605,403957
70771147607,403957
70771147609,403957
70954043310,403957
71205026930,403957
71205026960,403957
71205026990,403957
71205073410,403957
71205073414,403957
71205073415,403957
71205073420,403957
71205073430,403957
71205073460,403957
71205073490,403957
71205075410,403957
71205075420,403957
71205075430,403957
71205075460,403957
71205075490,403957
71335188401,403957
71335246701,403957
71335246702,403957
71335246703,403957
71335246704,403957
71610021408,403957
71610021411,403957
71610021418,403957
71610021447,403957
71610046108,403957
71610046111,403957
71610046123,403957
71610060308,403957
71610060311,403957
71610060323,403957
71610060336,403957
71610090926,403957
71610090936,403957
71610090960,403957
71821000701,403957
71821000702,403957
72189014530,403957
72189014590,403957
72303082301,403957
72789032490,403957
72789040730,403957
72789040790,403957
72865010630,403957
75834024801,403957
75834024815,403957
75834024830,403957
76420012615,403957
76420012630,403957
76420012690,403957
76420054130,403957
76420054190,403957
76420054630,403957
76420054660,403957
76420054690,403957
76420055105,403957
76420055112,403957
76420055130,403957
76420055160,403957
76420055190,403957
76420064230,403957
76420064260,403957
76420064290,403957
76420085501,403957
76420085505,403957
76420085530,403957
76420085533,403957
76420085560,403957
76420085590,403957
76519122603,403957
82009007705,403957
82804004030,403957
82804004060,403957
82804004090,403957
82968000201,403957
82968000202,403957
00093301856,484814
00378697293,484814
00480231056,484814
13668056705,484814
13668056730,484814
16714007601,484814
16729037110,484814
16729037115,484814
16729037116,484814
16729037117,484814
24979072906,484814
24979072969,484814
27241011303,484814
27241011305,484814
29300028801,484814
29300028805,484814
29300028813,484814
31722064530,484814
31722064531,484814
33342026707,484814
33342026744,484814
35561025610,484814
35561025613,484814
35573041130,484814
35573046230,484814
42291086630,484814
43547003203,484814
43547003250,484814
43547005003,484814
43547005011,484814
43547005050,484814
43598057430,484814
43598057431,484814
43598057479,484814
46708017930,484814
46708017971,484814
46708017991,484814
47335001183,484814
51293084164,484814
60219134803,484814
60290002901,484814
60290002902,484814
60290002903,484814
60290002904,484814
62332017930,484814
62332017971,484814
62332017991,484814
63629815701,484814
63629815702,484814
63629815703,484814
63629815704,484814
63629815705,484814
63629815706,484814
65862085205,484814
65862085230,484814
65862085299,484814
66993070230,484814
67184052501,484814
67184052502,484814
67296223702,484814
68071255405,484814
68071255406,484814
68071255409,484814
68071360103,484814
68071375807,484814
68180092106,484814
68382089801,484814
68382089805,484814
68382089806,484814
68382089810,484814
68382089816,484814
68382089899,484814
69097037502,484814
69097037505,484814
69238134803,484814
70771147700,484814
70771147701,484814
70771147703,484814
70771147704,484814
70771147705,484814
70771147709,484814
70954043410,484814
71205041830,484814
71205050210,484814
71205050215,484814
71205050230,484814
71205050260,484814
71205050290,484814
71205072004,484814
71205073510,484814
71205073514,484814
71205073515,484814
71205073520,484814
71205073530,484814
71205073560,484814
71205073590,484814
71335162001,484814
71335162002,484814
71335162003,484814
71335162004,484814
71335162005,484814
71335162006,484814
71335167001,484814
71335167002,484814
71335167003,484814
71335167004,484814
71335167005,484814
71335167006,484814
71335262601,484814
71335262602,484814
71335262603,484814
71335262604,484814
71335262605,484814
71335262606,484814
71610058104,484814
71610058106,484814
71610058112,484814
71610058139,484814
71610058152,484814
71610089606,484814
71610089652,484814
71610090804,484814
71610090806,484814
71610090812,484814
71610090839,484814
71610090852,484814
71821000801,484814
72303082401,484814
72789018490,484814
72789040830,484814
72789040890,484814
72789043090,484814
72865010730,484814
75834024901,484814
75834024910,484814
75834024930,484814
76420054330,484814
76420055305,484814
76420055312,484814
76420055330,484814
76420055360,484814
76420055390,484814
76420085601,484814
76420085605,484814
76420085630,484814
76420085660,484814
76420085690,484814
76519122703,484814
82804004130,484814
82804004160,484814
82804004190,484814
82804022430,484814
82804022490,484814
82968000301,484814
00093301956,402019
00378697393,402019
00480231156,402019
13668056805,402019
13668056830,402019
16714007701,402019
16729037210,402019
16729037215,402019
16729037216,402019
16729037217,402019
24979073006,402019
24979073044,402019
27241011403,402019
27241011405,402019
29300028901,402019
29300028905,402019
29300028913,402019
31722064630,402019
31722064631,402019
33342026807,402019
33342026844,402019
35561025710,402019
35561025713,402019
35573041230,402019
35573046330,402019
42291086730,402019
43063096915,402019
43547003303,402019
43547003350,402019
43547005103,402019
43547005111,402019
43547005150,402019
43598057330,402019
43598057331,402019
43598057360,402019
43598057379,402019
46708018030,402019
46708018071,402019
46708018091,402019
47335001283,402019
50090564100,402019
50090564101,402019
50090564102,402019
50090715200,402019
50090715201,402019
50090715202,402019
50268073911,402019
50268073913,402019
51293084264,402019
51655006354,402019
51655006387,402019
51655047354,402019
51655047387,402019
60219134903,402019
60290003001,402019
60290003002,402019
60290003003,402019
60290003004,402019
60290003005,402019
61919088710,402019
61919088730,402019
62332018030,402019
62332018071,402019
62332018091,402019
65862085305,402019
65862085330,402019
65862085399,402019
66993070330,402019
67184052601,402019
67184052602,402019
68071255303,402019
68071375303,402019
68071377704,402019
68071377705,402019
68071377706,402019
68071378102,402019
68071378105,402019
68071518606,402019
68180092206,402019
68382089901,402019
68382089905,402019
68382089906,402019
68382089910,402019
68382089916,402019
68382089999,402019
68788408301,402019
68788408303,402019
68788408307,402019
68788815307,402019
68788844501,402019
68788844503,402019
68788844507,402019
68788866401,402019
68788866403,402019
68788866407,402019
69097037602,402019
69097037605,402019
69238134903,402019
70518453400,402019
70518453401,402019
70518453402,402019
70771147800,402019
70771147801,402019
70771147803,402019
70771147804,402019
70771147805,402019
70771147809,402019
70954043510,402019
71205026810,402019
71205026830,402019
71205026860,402019
71205026890,402019
71205073610,402019
71205073614,402019
71205073615,402019
71205073620,402019
71205073630,402019
71205073660,402019
71205073690,402019
71335125501,402019
71335125502,402019
71335125503,402019
71335125504,402019
71335125505,402019
71335125506,402019
71335125507,402019
71335149101,402019
71335149102,402019
71335149103,402019
71335149104,402019
71335149105,402019
71335149106,402019
71335149107,402019
71335158701,402019
71335158702,402019
71335158703,402019
71335158704,402019
71335158705,402019
71335158706,402019
71335158707,402019
71335158708,402019
71335258301,402019
71335258302,402019
71335258303,402019
71335258304,402019
71335258305,402019
71335258306,402019
71335258307,402019
71335258308,402019
71610021304,402019
71610021306,402019
71610021312,402019
71610030304,402019
71610032506,402019
71610035304,402019
71610056704,402019
71610056712,402019
71610056731,402019
71610056752,402019
71610072804,402019
71610090304,402019
71610090312,402019
71610090331,402019
71610090352,402019
71821000901,402019
72189050030,402019
72303082501,402019
72303082502,402019
72789034415,402019
72789034490,402019
72789039615,402019
72789039690,402019
72865010830,402019
75834025001,402019
75834025010,402019
75834025030,402019
76420054430,402019
76420055405,402019
76420055412,402019
76420055430,402019
76420055460,402019
76420055490,402019
76420085701,402019
76420085705,402019
76420085730,402019
76420085760,402019
76420085790,402019
76519122503,402019
76519122505,402019
80425044301,402019
82009007905,402019
82804004210,402019
82804004230,402019
82804004260,402019
82804004290,402019
82804011210,402019
82804011230,402019
82804011290,402019
82868002806,402019
82868002815,402019
82968000501,402019
43353007002,849866
43353007012,849866
66302046760,849866
00093333406,2110455
00480927706,2110455
00002446534,762660
00002446579,762660
46287004515,2613569
00002446230,404711
43353004404,404711
43353004411,404711
43353004447,404711
00002446330,402096
68071060608,402096
68071060610,402096
00002446430,402097
43353085702,402097
43353085706,402097
43353085712,402097
63629273401,402097
63629273402,402097
63629273403,402097
63629273404,402097
63629273405,402097
69681012530,2587747
83449012530,2587747
66215081201,2677771
66215081207,2677771
66215081208,2677771
66215081230,2677771
66215081401,2677775
66215081410,2677775
66215081430,2677775
00378060693,1442137
00480091556,1442137
00781813531,1442137
13668054205,1442137
13668054230,1442137
13668054290,1442137
42385090715,1442137
42385090730,1442137
46708037330,1442137
47335007015,1442137
47335007030,1442137
59651014730,1442137
60505464402,1442137
60505464403,1442137
62332037330,1442137
69238132703,1442137
70710116603,1442137
70710116604,1442137
70710116605,1442137
82293004110,1442137
82293004120,1442137
82293004130,1442137
66215050115,1442143
66215050130,1442143