rxcui,tty,name
1663181,SCDF,paclitaxel Injection
1663184,SBDF,paclitaxel Injection [Abraxane]
1163532,SCDG,paclitaxel Injectable Product
1165953,SBDG,Abraxane Injectable Product
583214,SCD,paclitaxel 100 MG Injection
583218,SBD,paclitaxel 100 MG Injection [Abraxane]
374751,SCDF,acetaminophen / butalbital / caffeine Oral Tablet
367776,SBDF,acetaminophen / butalbital / caffeine Oral Tablet [Esgic]
367771,SBDF,acetaminophen / butalbital / caffeine Oral Tablet [Repan]
1152255,SCDG,acetaminophen / butalbital / caffeine Oral Product
1152256,SCDG,acetaminophen / butalbital / caffeine Pill
1169698,SBDG,Esgic Oral Product
1169699,SBDG,Esgic Pill
1181337,SBDG,Repan Oral Product
1181338,SBDG,Repan Pill
238154,SCD,acetaminophen 325 MG / butalbital 50 MG / caffeine 40 MG Oral Tablet
240093,SCD,acetaminophen 500 MG / butalbital 50 MG / caffeine 40 MG Oral Tablet
211189,SBD,acetaminophen 325 MG / butalbital 50 MG / caffeine 40 MG Oral Tablet [Esgic]
211194,SBD,acetaminophen 325 MG / butalbital 50 MG / caffeine 40 MG Oral Tablet [Repan]
371160,SCDF,bupivacaine Injectable Solution
1724783,SCDF,bupivacaine Injection
2395790,SCDF,bupivacaine Drug Implant
1670364,SCDF,bupivacaine / epinephrine Cartridge
374372,SCDF,bupivacaine / epinephrine Injectable Solution
1672916,SCDF,bupivacaine / epinephrine Injection
437117,SCDF,bupivacaine / lidocaine Injectable Solution
2560316,SCDF,bupivacaine / meloxicam Injection
1012399,SBDF,bupivacaine Injectable Solution [Marcaine]
94058,SBDF,bupivacaine Injectable Solution [Sensorcaine]
2285805,SBDF,bupivacaine Injection [Exparel]
1724791,SBDF,bupivacaine Injection [Marcaine]
2566189,SBDF,bupivacaine Injection [Nocita]
2563415,SBDF,bupivacaine Injection [Posimir]
1724806,SBDF,bupivacaine Injection [Sensorcaine]
2395795,SBDF,bupivacaine Drug Implant [Xaracoll]
1673141,SBDF,bupivacaine / epinephrine Cartridge [Marcaine with Epinephrine]
1719661,SBDF,bupivacaine / epinephrine Cartridge [Vivacaine]
1012394,SBDF,bupivacaine / epinephrine Injectable Solution [Marcaine with Epinephrine]
1012416,SBDF,bupivacaine / epinephrine Injectable Solution [Sensorcaine with Epinephrine]
1673146,SBDF,bupivacaine / epinephrine Injection [Marcaine with Epinephrine]
1673295,SBDF,bupivacaine / epinephrine Injection [Sensorcaine with Epinephrine]
2560317,SBDF,bupivacaine / meloxicam Injection [Zynrelef]
2648288,SCDFP,bupivacaine hydrochloride Injectable Solution
2645894,SCDFP,bupivacaine hydrochloride Injection
2647866,SCDFP,bupivacaine hydrochloride Drug Implant
2646048,SCDFP,bupivacaine liposome Injection
2648403,SCDFP,bupivacaine hydrochloride / epinephrine Cartridge
2647181,SCDFP,bupivacaine hydrochloride / epinephrine Injectable Solution
2645891,SCDFP,bupivacaine hydrochloride / epinephrine Injection
2646864,SCDFP,bupivacaine hydrochloride / lidocaine hydrochloride Injectable Solution
2654710,SBDFP,bupivacaine hydrochloride Injectable Solution [Marcaine]
2658132,SBDFP,bupivacaine hydrochloride Injectable Solution [Sensorcaine]
2657348,SBDFP,bupivacaine hydrochloride Injection [Marcaine]
2657347,SBDFP,bupivacaine hydrochloride Injection [Sensorcaine]
2659056,SBDFP,bupivacaine hydrochloride Drug Implant [Xaracoll]
2656165,SBDFP,bupivacaine liposome Injection [Exparel]
2658355,SBDFP,bupivacaine liposome Injection [Nocita]
2655637,SBDFP,bupivacaine hydrochloride / epinephrine Cartridge [Marcaine with Epinephrine]
2654572,SBDFP,bupivacaine hydrochloride / epinephrine Cartridge [Vivacaine]
2657226,SBDFP,bupivacaine hydrochloride / epinephrine Injectable Solution [Marcaine with Epinephrine]
2655129,SBDFP,bupivacaine hydrochloride / epinephrine Injectable Solution [Sensorcaine with Epinephrine]
2658029,SBDFP,bupivacaine hydrochloride / epinephrine Injection [Marcaine with Epinephrine]
2658682,SBDFP,bupivacaine hydrochloride / epinephrine Injection [Sensorcaine with Epinephrine]
1151356,SCDG,bupivacaine Injectable Product
2395789,SCDG,bupivacaine Drug Implant Product
1151351,SCDG,bupivacaine / epinephrine Injectable Product
1151354,SCDG,bupivacaine / lidocaine Injectable Product
2560233,SCDG,bupivacaine / meloxicam Injectable Product
1191512,SBDG,Exparel Injectable Product
1180417,SBDG,Marcaine Injectable Product
1180419,SBDG,Marcaine with Epinephrine Injectable Product
2566188,SBDG,Nocita Injectable Product
2563416,SBDG,Posimir Injectable Product
1178964,SBDG,Sensorcaine Injectable Product
1178965,SBDG,Sensorcaine with Epinephrine Injectable Product
1187394,SBDG,Vivacaine Injectable Product
2395796,SBDG,Xaracoll Drug Implant Product
2560305,SBDG,Zynrelef Injectable Product
2661322,SCDGP,bupivacaine hydrochloride Injectable Product
2663553,SCDGP,bupivacaine hydrochloride Drug Implant Product
2659292,SCDGP,bupivacaine liposome Injectable Product
2662588,SCDGP,bupivacaine hydrochloride / epinephrine Injectable Product
2660688,SCDGP,bupivacaine hydrochloride / lidocaine hydrochloride Injectable Product
2563412,SCD,5 ML bupivacaine 132 MG/ML Injection
1012431,SCD,bupivacaine hydrochloride 1.05 MG/ML Injectable Solution
1724784,SCD,2 ML bupivacaine hydrochloride 7.5 MG/ML Injection
1012396,SCD,bupivacaine hydrochloride 2.5 MG/ML Injectable Solution
1012404,SCD,bupivacaine hydrochloride 5 MG/ML Injectable Solution
2178759,SCD,5 ML bupivacaine hydrochloride 2.5 MG/ML Injection
2178760,SCD,5 ML bupivacaine hydrochloride 5 MG/ML Injection
1725078,SCD,10 ML bupivacaine hydrochloride 2.5 MG/ML Injection
1724880,SCD,10 ML bupivacaine hydrochloride 5 MG/ML Injection
1724787,SCD,10 ML bupivacaine hydrochloride 7.5 MG/ML Injection
1725696,SCD,20 ML bupivacaine hydrochloride 2.5 MG/ML Injection
1725082,SCD,30 ML bupivacaine hydrochloride 2.5 MG/ML Injection
1724884,SCD,30 ML bupivacaine hydrochloride 5 MG/ML Injection
1724786,SCD,30 ML bupivacaine hydrochloride 7.5 MG/ML Injection
2395791,SCD,bupivacaine hydrochloride 100 MG Drug Implant
1745061,SCD,10 ML bupivacaine liposome 13.3 MG/ML Injection
1191508,SCD,20 ML bupivacaine liposome 13.3 MG/ML Injection
2560321,SCD,7 ML bupivacaine 29.3 MG/ML / meloxicam 0.88 MG/ML Injection
2560312,SCD,14 ML bupivacaine 29.3 MG/ML / meloxicam 0.88 MG/ML Injection
1670365,SCD,1.8 ML bupivacaine hydrochloride 5 MG/ML / epinephrine 0.005 MG/ML Cartridge
1012377,SCD,bupivacaine hydrochloride 2.5 MG/ML / epinephrine 0.005 MG/ML Injectable Solution
1012384,SCD,bupivacaine hydrochloride 5 MG/ML / epinephrine 0.005 MG/ML Injectable Solution
1867594,SCD,10 ML bupivacaine hydrochloride 2.5 MG/ML / epinephrine 0.005 MG/ML Injection
1672917,SCD,10 ML bupivacaine hydrochloride 5 MG/ML / epinephrine 0.005 MG/ML Injection
1867596,SCD,30 ML bupivacaine hydrochloride 2.5 MG/ML / epinephrine 0.005 MG/ML Injection
1672919,SCD,30 ML bupivacaine hydrochloride 5 MG/ML / epinephrine 0.005 MG/ML Injection
1012391,SCD,30 ML bupivacaine hydrochloride 7.5 MG/ML / epinephrine 0.005 MG/ML Injection
1012108,SCD,bupivacaine hydrochloride 3.75 MG/ML / lidocaine hydrochloride 10 MG/ML Injectable Solution
2563417,SBD,5 ML bupivacaine 132 MG/ML Injection [Posimir]
1724792,SBD,2 ML bupivacaine hydrochloride 7.5 MG/ML Injection [Marcaine]
1724807,SBD,2 ML bupivacaine hydrochloride 7.5 MG/ML Injection [Sensorcaine]
1012400,SBD,bupivacaine hydrochloride 2.5 MG/ML Injectable Solution [Marcaine]
1012455,SBD,bupivacaine hydrochloride 2.5 MG/ML Injectable Solution [Sensorcaine]
1012406,SBD,bupivacaine hydrochloride 5 MG/ML Injectable Solution [Marcaine]
1012457,SBD,bupivacaine hydrochloride 5 MG/ML Injectable Solution [Sensorcaine]
1725079,SBD,10 ML bupivacaine hydrochloride 2.5 MG/ML Injection [Marcaine]
1725175,SBD,10 ML bupivacaine hydrochloride 2.5 MG/ML Injection [Sensorcaine]
1725044,SBD,10 ML bupivacaine hydrochloride 5 MG/ML Injection [Marcaine]
1724881,SBD,10 ML bupivacaine hydrochloride 5 MG/ML Injection [Sensorcaine]
1724796,SBD,10 ML bupivacaine hydrochloride 7.5 MG/ML Injection [Marcaine]
1724809,SBD,10 ML bupivacaine hydrochloride 7.5 MG/ML Injection [Sensorcaine]
1725083,SBD,30 ML bupivacaine hydrochloride 2.5 MG/ML Injection [Marcaine]
1725177,SBD,30 ML bupivacaine hydrochloride 2.5 MG/ML Injection [Sensorcaine]
1725046,SBD,30 ML bupivacaine hydrochloride 5 MG/ML Injection [Marcaine]
1724885,SBD,30 ML bupivacaine hydrochloride 5 MG/ML Injection [Sensorcaine]
1724794,SBD,30 ML bupivacaine hydrochloride 7.5 MG/ML Injection [Marcaine]
1724810,SBD,30 ML bupivacaine hydrochloride 7.5 MG/ML Injection [Sensorcaine]
2395797,SBD,bupivacaine hydrochloride 100 MG Drug Implant [Xaracoll]
1745062,SBD,10 ML bupivacaine liposome 13.3 MG/ML Injection [Exparel]
2566190,SBD,10 ML bupivacaine liposome 13.3 MG/ML Injection [Nocita]
1191513,SBD,20 ML bupivacaine liposome 13.3 MG/ML Injection [Exparel]
2560306,SBD,7 ML bupivacaine 29.3 MG/ML / meloxicam 0.88 MG/ML Injection [Zynrelef]
2560308,SBD,14 ML bupivacaine 29.3 MG/ML / meloxicam 0.88 MG/ML Injection [Zynrelef]
1673142,SBD,1.8 ML bupivacaine hydrochloride 5 MG/ML / epinephrine 0.005 MG/ML Cartridge [Marcaine with Epinephrine]
1012461,SBD,1.8 ML bupivacaine hydrochloride 5 MG/ML / epinephrine 0.005 MG/ML Cartridge [Vivacaine]
1012381,SBD,bupivacaine hydrochloride 2.5 MG/ML / epinephrine 0.005 MG/ML Injectable Solution [Marcaine with Epinephrine]
1012413,SBD,bupivacaine hydrochloride 2.5 MG/ML / epinephrine 0.005 MG/ML Injectable Solution [Sensorcaine with Epinephrine]
1012388,SBD,bupivacaine hydrochloride 5 MG/ML / epinephrine 0.005 MG/ML Injectable Solution [Marcaine with Epinephrine]
1012417,SBD,bupivacaine hydrochloride 5 MG/ML / epinephrine 0.005 MG/ML Injectable Solution [Sensorcaine with Epinephrine]
1867612,SBD,10 ML bupivacaine hydrochloride 2.5 MG/ML / epinephrine 0.005 MG/ML Injection [Marcaine with Epinephrine]
1867618,SBD,10 ML bupivacaine hydrochloride 2.5 MG/ML / epinephrine 0.005 MG/ML Injection [Sensorcaine with Epinephrine]
1673242,SBD,10 ML bupivacaine hydrochloride 5 MG/ML / epinephrine 0.005 MG/ML Injection [Marcaine with Epinephrine]
1673296,SBD,10 ML bupivacaine hydrochloride 5 MG/ML / epinephrine 0.005 MG/ML Injection [Sensorcaine with Epinephrine]
1867614,SBD,30 ML bupivacaine hydrochloride 2.5 MG/ML / epinephrine 0.005 MG/ML Injection [Marcaine with Epinephrine]
1867620,SBD,30 ML bupivacaine hydrochloride 2.5 MG/ML / epinephrine 0.005 MG/ML Injection [Sensorcaine with Epinephrine]
1673243,SBD,30 ML bupivacaine hydrochloride 5 MG/ML / epinephrine 0.005 MG/ML Injection [Marcaine with Epinephrine]
1673298,SBD,30 ML bupivacaine hydrochloride 5 MG/ML / epinephrine 0.005 MG/ML Injection [Sensorcaine with Epinephrine]
1012421,SBD,30 ML bupivacaine hydrochloride 7.5 MG/ML / epinephrine 0.005 MG/ML Injection [Sensorcaine with Epinephrine]
2395792,GPCK,{3 (bupivacaine hydrochloride 100 MG Drug Implant) } Pack
2395798,BPCK,{3 (bupivacaine hydrochloride 100 MG Drug Implant [Xaracoll]) } Pack [Xaracoll 3 Implant Dose]
1734083,SCDF,ropivacaine Injection
1996290,SCDF,ropivacaine Prefilled Syringe
1734085,SBDF,ropivacaine Injection [Naropin]
2646704,SCDFP,ropivacaine hydrochloride Injection
2648059,SCDFP,ropivacaine hydrochloride Prefilled Syringe
2655521,SBDFP,ropivacaine hydrochloride Injection [Naropin]
1157986,SCDG,ropivacaine Injectable Product
1179322,SBDG,Naropin Injectable Product
2661044,SCDGP,ropivacaine hydrochloride Injectable Product
1734203,SCD,10 ML ropivacaine hydrochloride 2 MG/ML Injection
1996297,SCD,10 ML ropivacaine hydrochloride 2 MG/ML Prefilled Syringe
1996291,SCD,10 ML ropivacaine hydrochloride 5 MG/ML Prefilled Syringe
1734090,SCD,10 ML ropivacaine hydrochloride 10 MG/ML Injection
1734207,SCD,20 ML ropivacaine hydrochloride 2 MG/ML Injection
1734483,SCD,20 ML ropivacaine hydrochloride 5 MG/ML Injection
905189,SCD,20 ML ropivacaine hydrochloride 7.5 MG/ML Injection
1734084,SCD,20 ML ropivacaine hydrochloride 10 MG/ML Injection
1734475,SCD,30 ML ropivacaine hydrochloride 5 MG/ML Injection
1734347,SCD,100 ML ropivacaine hydrochloride 2 MG/ML Injection
1734479,SCD,100 ML ropivacaine hydrochloride 5 MG/ML Injection
1734355,SCD,200 ML ropivacaine hydrochloride 2 MG/ML Injection
1734481,SCD,200 ML ropivacaine hydrochloride 5 MG/ML Injection
1734204,SBD,10 ML ropivacaine hydrochloride 2 MG/ML Injection [Naropin]
1734091,SBD,10 ML ropivacaine hydrochloride 10 MG/ML Injection [Naropin]
1734208,SBD,20 ML ropivacaine hydrochloride 2 MG/ML Injection [Naropin]
1734484,SBD,20 ML ropivacaine hydrochloride 5 MG/ML Injection [Naropin]
905191,SBD,20 ML ropivacaine hydrochloride 7.5 MG/ML Injection [Naropin]
1734086,SBD,20 ML ropivacaine hydrochloride 10 MG/ML Injection [Naropin]
1734476,SBD,30 ML ropivacaine hydrochloride 5 MG/ML Injection [Naropin]
1734348,SBD,100 ML ropivacaine hydrochloride 2 MG/ML Injection [Naropin]
1734480,SBD,100 ML ropivacaine hydrochloride 5 MG/ML Injection [Naropin]
1734356,SBD,200 ML ropivacaine hydrochloride 2 MG/ML Injection [Naropin]
1734482,SBD,200 ML ropivacaine hydrochloride 5 MG/ML Injection [Naropin]
373867,SCDF,sertraline Oral Capsule
374622,SCDF,sertraline Oral Solution
373868,SCDF,sertraline Oral Tablet
364573,SBDF,sertraline Oral Solution [Zoloft]
368413,SBDF,sertraline Oral Tablet [Zoloft]
1158193,SCDG,sertraline Oral Liquid Product
1158194,SCDG,sertraline Oral Product
1158195,SCDG,sertraline Pill
1188167,SBDG,Zoloft Oral Liquid Product
1188168,SBDG,Zoloft Oral Product
1188169,SBDG,Zoloft Pill
861064,SCD,sertraline 20 MG/ML Oral Solution
312940,SCD,sertraline 25 MG Oral Tablet
312941,SCD,sertraline 50 MG Oral Tablet
312938,SCD,sertraline 100 MG Oral Tablet
410584,SCD,sertraline 150 MG Oral Capsule
251201,SCD,sertraline 200 MG Oral Capsule
861066,SBD,sertraline 20 MG/ML Oral Solution [Zoloft]
212233,SBD,sertraline 25 MG Oral Tablet [Zoloft]
208161,SBD,sertraline 50 MG Oral Tablet [Zoloft]
208149,SBD,sertraline 100 MG Oral Tablet [Zoloft]
370599,SCDF,ascorbic acid Chewable Tablet
602126,SCDF,ascorbic acid Disintegrating Oral Tablet
370598,SCDF,ascorbic acid Extended Release Oral Capsule
370600,SCDF,ascorbic acid Extended Release Oral Tablet
370597,SCDF,ascorbic acid Injectable Solution
370594,SCDF,ascorbic acid Oral Capsule
370604,SCDF,ascorbic acid Oral Lozenge
846044,SCDF,ascorbic acid Oral Powder
370934,SCDF,ascorbic acid Oral Solution
2707115,SCDF,ascorbic acid Oral Suspension
370601,SCDF,ascorbic acid Oral Tablet
370602,SCDF,ascorbic acid Oral Wafer
2636651,SCDF,ascorbic acid Powder for Oral Solution
2284147,SCDF,ascorbic acid Powder for Oral Suspension
377583,SCDF,ascorbic acid Topical Cream
1659766,SCDF,protein C Injection
2636845,SCDF,ascorbic acid / astaxanthin Chewable Tablet
376956,SCDF,ascorbic acid / bromelains Oral Capsule
1150170,SCDF,ascorbic acid / calcium carbonate Oral Tablet
2099780,SCDF,ascorbic acid / collagen Oral Tablet
577189,SCDF,"ascorbic acid / collagen, hydrolyzed Oral Capsule"
374492,SCDF,ascorbic acid / ferrous sulfate Extended Release Oral Tablet
237703,SCDF,ascorbic acid / hesperidin Oral Tablet
724126,SCDF,ascorbic acid / hyaluronate Oral Capsule
1926815,SCDF,ascorbic acid / iron carbonyl Chewable Tablet
1375378,SCDF,ascorbic acid / iron carbonyl Delayed Release Oral Tablet
370710,SCDF,ascorbic acid / iron carbonyl Oral Tablet
807800,SCDF,ascorbic acid / polysaccharide iron complex Oral Capsule
1874900,SCDF,ascorbic acid / resveratrol Oral Capsule
375355,SCDF,ascorbic acid / vitamin E Oral Capsule
375354,SCDF,ascorbic acid / vitamin E Oral Tablet
1648168,SCDF,estradiol / progesterone Drug Implant
1292775,SCDF,ascorbic acid / cholecalciferol / vitamin A Oral Solution
2713890,SCDF,ascorbic acid / cholecalciferol / vitamin A Oral Suspension
378576,SCDF,ascorbic acid / chondroitin sulfates / glucosamine Oral Tablet
835523,SCDF,ascorbic acid / ferrous bisglycinate / polysaccharide iron complex Oral Capsule
378540,SCDF,ascorbic acid / ferrous fumarate / vitamin B12 Oral Capsule
619035,SCDF,ascorbic acid / ferrous gluconate / folic acid Oral Tablet
619052,SCDF,ascorbic acid / ferrous sulfate / folic acid Extended Release Oral Tablet
375375,SCDF,ascorbic acid / pantothenic acid / quercetin Oral Tablet
880815,SCDF,ascorbic acid / cholecalciferol / sodium fluoride / vitamin A Oral Solution
580134,SCDF,ascorbic acid / ferrous fumarate / folic acid / vitamin B12 Oral Capsule
1087413,SCDF,ascorbic acid / folic acid / iron carbonyl / vitamin B12 Oral Tablet
891789,SCDF,ascorbic acid / beta carotene / cuprous oxide / vitamin E / zinc oxide Oral Capsule
891811,SCDF,ascorbic acid / beta carotene / cuprous oxide / vitamin E / zinc oxide Oral Tablet
891705,SCDF,ascorbic acid / cuprous oxide / lutein / vitamin E / zinc oxide Oral Capsule
836263,SCDF,ascorbic acid / docusate / folic acid / iron carbonyl / vitamin B12 Oral Tablet
619103,SCDF,ascorbic acid / ferrous fumarate / folic acid / intrinsic factor / vitamin B12 Oral Capsule
999798,SCDF,ascorbic acid / ferrous fumarate / folic acid / liver stomach concentrate / vitamin B12 Oral Capsule
1087296,SCDF,ascorbic acid / ferrous fumarate / folic acid / niacin / polysaccharide iron complex Oral Capsule
852776,SCDF,ascorbic acid / ferrous fumarate / folic acid / niacinamide / polysaccharide iron complex Oral Capsule
2045241,SCDF,ascorbic acid / polyethylene glycol 3350 / potassium chloride / sodium ascorbate / sodium chloride Powder for Oral Solution
1090822,SCDF,ascorbic acid / beta carotene / copper sulfate / selenite / vitamin E / zinc oxide Oral Tablet
1100260,SCDF,ascorbic acid / calcium citrate / cholecalciferol / folic acid / iron carbonyl / pyridoxine Oral Tablet
1870185,SCDF,ascorbic acid / polyethylene glycol 3350 / potassium chloride / sodium ascorbate / sodium chloride / sodium sulfate Powder for Oral Solution
1670052,SCDF,factor IX / factor VII / factor X / protein C / protein S / prothrombin Injection
1090830,SCDF,ascorbic acid / beta carotene / copper sulfate / lutein / selenite / vitamin E / zinc oxide Oral Tablet
891715,SCDF,ascorbic acid / beta carotene / cuprous oxide / lutein / sodium selenate / vitamin E / zinc oxide Oral Tablet
1087404,SCDF,ascorbic acid / biotin / copper sulfate / docusate / folic acid / iron carbonyl / vitamin B12 / vitamin E Extended Release Oral Tablet
1944961,SCDF,alpha tocopherol / ascorbic acid / cholecalciferol / doconexent / docusate / ferrous fumarate / folic acid / pyridoxine / tricalcium phosphate Oral Capsule
1043298,SCDF,alpha tocopherol / ascorbic acid / cholecalciferol / docosahexaenoate / docusate / ferrous fumarate / folic acid / pyridoxine / tricalcium phosphate Oral Capsule
826856,SCDF,ascorbic acid / biotin / folic acid / mecobalamin / niacinamide / pantothenate / pyridoxine / riboflavin / thiamine Oral Tablet
891521,SCDF,ascorbic acid / biotin / folic acid / niacin / pantothenate / pyridoxine / riboflavin / thiamine / vitamin B12 Oral Capsule
2371799,SCDF,ascorbic acid / cholecalciferol / niacin / riboflavin / thiamine / vitamin A / vitamin B12 / vitamin B6 / vitamin E Oral Solution
1090966,SCDF,ascorbic acid / cholecalciferol / niacinamide / pyridoxine / riboflavin / thiamine / vitamin A / vitamin B12 / vitamin E Oral Solution
828822,SCDF,ascorbic acid / D-biotin / folic acid / niacinamide / pantothenate / pyridoxine / riboflavin / thiamine / vitamin B12 Oral Tablet
828803,SCDF,ascorbic acid / D-biotin / folic acid / niacinamide / pantothenic acid / pyridoxine / riboflavin / thiamine / vitamin B12 Oral Tablet
826861,SCDF,ascorbic acid / biotin / ferrous fumarate / folic acid / mecobalamin / niacinamide / pantothenate / pyridoxine / riboflavin / thiamine Oral Tablet
826649,SCDF,ascorbic acid / biotin / folic acid / mecobalamin / niacinamide / pantothenate / pyridoxine / riboflavin / thiamine / zinc citrate Oral Tablet
1234481,SCDF,ascorbic acid / cholecalciferol / niacin / riboflavin / sodium fluoride / thiamine / vitamin A / vitamin B12 / vitamin B6 / vitamin E Oral Solution
1102199,SCDF,ascorbic acid / biotin / calcium carbonate / folic acid / niacin / pantothenate / pyridoxine / riboflavin / succinic acid / thiamine / vitamin B12 Oral Tablet
2371780,SCDF,ascorbic acid / cholecalciferol / folic acid / niacin / riboflavin / sodium fluoride / thiamine / vitamin A / vitamin B12 / vitamin B6 / vitamin E Chewable Tablet
1102194,SCDF,ascorbic acid / biotin / ferrous bisglycinate / folic acid / formic acid / iron-dextran complex / niacin / pantothenate / pyridoxine / riboflavin / thiamine / vitamin B12 Oral Tablet
1304557,SCDF,alpha tocopherol / ascorbic acid / biotin / cholecalciferol / dexpanthenol / folic acid / niacinamide / pyridoxine / riboflavin / thiamine / vitamin A / vitamin B12 / vitamin K1 Injectable Solution
1100256,SCDF,alpha tocopherol / ascorbic acid / calcium citrate / cholecalciferol / cupric oxide / docusate / folic acid / iron carbonyl / niacinamide / potassium iodide / pyridoxine / riboflavin / thiamine / zinc oxide Oral Tablet
1313923,SCDF,alpha tocopherol / ascorbic acid / beta carotene / calcium carbonate / cholecalciferol / docusate / ferrous fumarate / folic acid / niacinamide / pantothenate / pyridoxine / riboflavin / thiamine / vitamin B12 / zinc oxide Oral Tablet
1314664,SCDF,ascorbic acid / biotin / copper sulfate / ferrous fumarate / folic acid / magnesium sulfate / manganese sulfate / niacin / pantothenate / polysaccharide iron complex / pyridoxine / riboflavin / thiamine / vitamin B12 / zinc sulfate Oral Capsule
1119566,SCDF,ascorbic acid / cholecalciferol / cuprous oxide / folic acid / magnesium oxide / niacin / polysaccharide iron complex / potassium iodide / pyridoxine / riboflavin / thiamine / vitamin A / vitamin B12 / vitamin E / zinc oxide Oral Capsule
1248140,SCDF,ascorbic acid / beta carotene / calcium carbonate / cholecalciferol / cupric oxide / docusate / folic acid / iron carbonyl / magnesium oxide / niacinamide / pyridoxine / riboflavin / thiamine / vitamin B12 / vitamin E / zinc oxide Oral Tablet
797462,SCDF,ascorbic acid / biotin / calcium carbonate / cupric oxide / ferrous fumarate / folic acid / magnesium oxide / niacinamide / pantothenic acid / riboflavin / thiamine / vitamin A / vitamin B12 / vitamin B6 / vitamin E / zinc oxide Oral Tablet
2371752,SCDF,ascorbic acid / calcium carbonate / cholecalciferol / copper sulfate / ferrous fumarate / folic acid / magnesium oxide / niacinamide / potassium iodide / pyridoxine / riboflavin / thiamine / vitamin A / vitamin B12 / vitamin E / zinc sulfate Oral Tablet
369677,SBDF,ascorbic acid Chewable Tablet [N Ice with Vitamin C]
2002737,SBDF,ascorbic acid Injectable Solution [Ascor]
366367,SBDF,ascorbic acid Oral Capsule [C-Time]
1150076,SBDF,ascorbic acid Oral Lozenge [Halls Defense]
1859191,SBDF,ascorbic acid Oral Lozenge [N Ice with Vitamin C]
368481,SBDF,ascorbic acid Oral Tablet [Cemill 1000]
1659769,SBDF,protein C Injection [Ceprotin]
1919588,SBDF,ascorbic acid / iron carbonyl Delayed Release Oral Tablet [Vitron-C Reformulated Jul 2016]
1088868,SBDF,ascorbic acid / iron carbonyl Oral Tablet [Icar C]
808084,SBDF,ascorbic acid / polysaccharide iron complex Oral Capsule [Ferrex 150 Plus]
1648172,SBDF,estradiol / progesterone Drug Implant [Synovex C]
2279014,SBDF,ascorbic acid / cholecalciferol / vitamin A Oral Solution [Tri-Vi-Sol]
861071,SBDF,ascorbic acid / ferrous sulfate / folic acid Extended Release Oral Tablet [Folitab]
999748,SBDF,ascorbic acid / ferrous fumarate / folic acid / vitamin B12 Oral Capsule [Hematogen]
1087417,SBDF,ascorbic acid / folic acid / iron carbonyl / vitamin B12 Oral Tablet [Icar-C Plus]
891792,SBDF,ascorbic acid / beta carotene / cuprous oxide / vitamin E / zinc oxide Oral Capsule [PreserVision]
891814,SBDF,ascorbic acid / beta carotene / cuprous oxide / vitamin E / zinc oxide Oral Tablet [PreserVision]
891708,SBDF,ascorbic acid / cuprous oxide / lutein / vitamin E / zinc oxide Oral Capsule [Ocuvite Lutein]
891819,SBDF,ascorbic acid / cuprous oxide / lutein / vitamin E / zinc oxide Oral Capsule [PreserVision with Lutein]
836266,SBDF,ascorbic acid / docusate / folic acid / iron carbonyl / vitamin B12 Oral Tablet [Ferralet 90]
1087237,SBDF,ascorbic acid / docusate / folic acid / iron carbonyl / vitamin B12 Oral Tablet [Ferraplus]
1087207,SBDF,ascorbic acid / ferrous fumarate / folic acid / liver stomach concentrate / vitamin B12 Oral Capsule [Ferocon]
1087301,SBDF,ascorbic acid / ferrous fumarate / folic acid / niacin / polysaccharide iron complex Oral Capsule [Folivane-F]
999825,SBDF,ascorbic acid / ferrous fumarate / folic acid / niacinamide / polysaccharide iron complex Oral Capsule [Integra F]
1870188,SBDF,ascorbic acid / polyethylene glycol 3350 / potassium chloride / sodium ascorbate / sodium chloride / sodium sulfate Powder for Oral Solution [MoviPrep]
2643208,SBDF,factor IX / factor VII / factor X / protein C / protein S / prothrombin Injection [Balfaxar]
1670055,SBDF,factor IX / factor VII / factor X / protein C / protein S / prothrombin Injection [Kcentra]
1090835,SBDF,ascorbic acid / beta carotene / copper sulfate / lutein / selenite / vitamin E / zinc oxide Oral Tablet [Macuvite with Lutein]
891718,SBDF,ascorbic acid / beta carotene / cuprous oxide / lutein / sodium selenate / vitamin E / zinc oxide Oral Tablet [Ocuvite]
1087409,SBDF,ascorbic acid / biotin / copper sulfate / docusate / folic acid / iron carbonyl / vitamin B12 / vitamin E Extended Release Oral Tablet [Hemax]
826859,SBDF,ascorbic acid / biotin / folic acid / mecobalamin / niacinamide / pantothenate / pyridoxine / riboflavin / thiamine Oral Tablet [Dialyvite 800]
2371803,SBDF,ascorbic acid / cholecalciferol / niacin / riboflavin / thiamine / vitamin A / vitamin B12 / vitamin B6 / vitamin E Oral Solution [Poly-Vi-Sol]
1090971,SBDF,ascorbic acid / cholecalciferol / niacinamide / pyridoxine / riboflavin / thiamine / vitamin A / vitamin B12 / vitamin E Oral Solution [Multi-Delyn]
877465,SBDF,ascorbic acid / D-biotin / folic acid / niacinamide / pantothenate / pyridoxine / riboflavin / thiamine / vitamin B12 Oral Tablet [Rena-Vite]
826864,SBDF,ascorbic acid / biotin / ferrous fumarate / folic acid / mecobalamin / niacinamide / pantothenate / pyridoxine / riboflavin / thiamine Oral Tablet [Dialyvite 800 with Iron]
1114341,SBDF,ascorbic acid / biotin / folic acid / mecobalamin / niacinamide / pantothenate / pyridoxine / riboflavin / thiamine / zinc citrate Oral Tablet [Dialyvite 800 with Zinc]
2371784,SBDF,ascorbic acid / cholecalciferol / folic acid / niacin / riboflavin / sodium fluoride / thiamine / vitamin A / vitamin B12 / vitamin B6 / vitamin E Chewable Tablet [MVC-Fluoride]
1102205,SBDF,ascorbic acid / biotin / ferrous bisglycinate / folic acid / formic acid / iron-dextran complex / niacin / pantothenate / pyridoxine / riboflavin / thiamine / vitamin B12 Oral Tablet [Irospan Tablet]
1305220,SBDF,alpha tocopherol / ascorbic acid / biotin / cholecalciferol / dexpanthenol / folic acid / niacinamide / pyridoxine / riboflavin / thiamine / vitamin A / vitamin B12 / vitamin K1 Injectable Solution [Infuvite Pediatric]
1304562,SBDF,alpha tocopherol / ascorbic acid / biotin / cholecalciferol / dexpanthenol / folic acid / niacinamide / pyridoxine / riboflavin / thiamine / vitamin A / vitamin B12 / vitamin K1 Injectable Solution [Infuvite]
1314669,SBDF,ascorbic acid / biotin / copper sulfate / ferrous fumarate / folic acid / magnesium sulfate / manganese sulfate / niacin / pantothenate / polysaccharide iron complex / pyridoxine / riboflavin / thiamine / vitamin B12 / zinc sulfate Oral Capsule [Concept OB]
1119572,SBDF,ascorbic acid / cholecalciferol / cuprous oxide / folic acid / magnesium oxide / niacin / polysaccharide iron complex / potassium iodide / pyridoxine / riboflavin / thiamine / vitamin A / vitamin B12 / vitamin E / zinc oxide Oral Capsule [Vitafol-One]
2371756,SBDF,ascorbic acid / calcium carbonate / cholecalciferol / copper sulfate / ferrous fumarate / folic acid / magnesium oxide / niacinamide / potassium iodide / pyridoxine / riboflavin / thiamine / vitamin A / vitamin B12 / vitamin E / zinc sulfate Oral Tablet [Lactocal]
2648751,SCDFP,"protein C, human Injection"
2646678,SCDFP,ascorbic acid / hyaluronic acid Oral Capsule
2646890,SCDFP,estradiol 3-benzoate / progesterone Drug Implant
2648752,SCDFP,ascorbic acid / chondroitin sulfates / glucosamine sulfate Oral Tablet
2647627,SCDFP,ascorbic acid / cholecalciferol / sodium fluoride / vitamin A palmitate Oral Solution
2649458,SCDFP,ascorbic acid / beta carotene / cuprous oxide / dl-alpha tocopheryl acetate / zinc oxide Oral Capsule
2646275,SCDFP,ascorbic acid / beta carotene / cuprous oxide / dl-alpha tocopheryl acetate / zinc oxide Oral Tablet
2647613,SCDFP,ascorbic acid / cuprous oxide / dl-alpha tocopheryl acetate / lutein / zinc oxide Oral Capsule
2647984,SCDFP,ascorbic acid / docusate sodium / folic acid / iron carbonyl / vitamin B12 Oral Tablet
2648960,SCDFP,ascorbic acid / beta carotene / copper sulfate / dl-alpha tocopheryl acetate / sodium selenite / zinc oxide Oral Tablet
2645538,SCDFP,ascorbic acid / calcium citrate / cholecalciferol / folic acid / iron carbonyl / pyridoxine hydrochloride Oral Tablet
2648925,SCDFP,"coagulation factor IX, human / coagulation factor X, human / factor VII, human / protein C, human / protein S, human / prothrombin, human Injection"
2647373,SCDFP,"coagulation factor IX, human-lans / coagulation factor X, human-lans / factor VII, human-lans / protein C, human-lans / protein S, human-lans / prothrombin, human-lans Injection"
2645550,SCDFP,ascorbic acid / beta carotene / copper sulfate / dl-alpha tocopheryl acetate / lutein / sodium selenite / zinc oxide Oral Tablet
2645657,SCDFP,ascorbic acid / beta carotene / cuprous oxide / dl-alpha tocopheryl acetate / lutein / sodium selenate / zinc oxide Oral Tablet
2647688,SCDFP,ascorbic acid / biotin / copper sulfate / dl-alpha tocopheryl acetate / docusate sodium / folic acid / iron carbonyl / vitamin B12 Extended Release Oral Tablet
2648394,SCDFP,alpha tocopherol / ascorbic acid / cholecalciferol / doconexent / docusate sodium / ferrous fumarate / folic acid / pyridoxine hydrochloride / tricalcium phosphate Oral Capsule
2646096,SCDFP,alpha tocopherol / ascorbic acid / cholecalciferol / docosahexaenoic acid / docusate sodium / ferrous fumarate / folic acid / pyridoxine hydrochloride / tricalcium phosphate Oral Capsule
2647416,SCDFP,ascorbic acid / biotin / calcium pantothenate / folic acid / niacin / pyridoxine / riboflavin / thiamine mononitrate / vitamin B12 Oral Capsule
2648884,SCDFP,ascorbic acid / calcium pantothenate / D-biotin / folic acid / niacinamide / pyridoxine / riboflavin / thiamine / vitamin B12 Oral Tablet
2646829,SCDFP,ascorbic acid / cholecalciferol / dl-alpha tocopheryl acetate / niacinamide / pyridoxine / riboflavin / thiamine hydrochloride / vitamin A / vitamin B12 Oral Solution
2648715,SCDFP,ascorbic acid / D-biotin / folic acid / niacinamide / pantothenic acid / pyridoxine hydrochloride / riboflavin / thiamine / vitamin B12 Oral Tablet
2647507,SCDFP,ascorbic acid / biotin / calcium carbonate / calcium pantothenate / folic acid / niacin / pyridoxine hydrochloride / riboflavin / succinic acid / thiamine hydrochloride / vitamin B12 Oral Tablet
2647976,SCDFP,ascorbic acid / biotin / calcium pantothenate / ferrous bisglycinate / folic acid / formic acid / iron-dextran complex / niacin / pyridoxine hydrochloride / riboflavin / thiamine hydrochloride / vitamin B12 Oral Tablet
2646494,SCDFP,alpha-tocopherol acetate / ascorbic acid / biotin / cholecalciferol / dexpanthenol / folic acid / niacinamide / pyridoxine hydrochloride / riboflavin / thiamine hydrochloride / vitamin A palmitate / vitamin B12 / vitamin K1 Injectable Solution
2649346,SCDFP,alpha-tocopherol acetate / ascorbic acid / calcium citrate / cholecalciferol / cupric oxide / docusate sodium / folic acid / iron carbonyl / niacinamide / potassium iodide / pyridoxine hydrochloride / riboflavin / thiamine hydrochloride / zinc oxide Oral Tablet
2646487,SCDFP,alpha-tocopherol acetate / ascorbic acid / beta carotene / calcium carbonate / calcium pantothenate / cholecalciferol / docusate sodium / ferrous fumarate / folic acid / niacinamide / pyridoxine hydrochloride / riboflavin / thiamine / vitamin B12 / zinc oxide Oral Tablet
2648952,SCDFP,ascorbic acid / biotin / calcium pantothenate / copper sulfate / ferrous fumarate / folic acid / magnesium sulfate / manganese sulfate / niacin / polysaccharide iron complex / pyridoxine hydrochloride / riboflavin / thiamine mononitrate / vitamin B12 / zinc sulfate Oral Capsule
2646283,SCDFP,ascorbic acid / cholecalciferol / cuprous oxide / folic acid / magnesium oxide / niacin / polysaccharide iron complex / potassium iodide / pyridoxine hydrochloride / riboflavin / thiamine mononitrate / vitamin A / vitamin B12 / vitamin E / zinc oxide Oral Capsule
2649401,SCDFP,ascorbic acid / beta carotene / calcium carbonate / cholecalciferol / cupric oxide / docusate sodium / folic acid / iron carbonyl / magnesium oxide / niacinamide / pyridoxine hydrochloride / riboflavin / thiamine mononitrate / tocopherol acetate / vitamin B12 / zinc oxide Oral Tablet
2646632,SCDFP,ascorbic acid / calcium carbonate / cholecalciferol / copper sulfate / dl-alpha tocopheryl acetate / ferrous fumarate / folic acid / magnesium oxide / niacinamide / potassium iodide / pyridoxine hydrochloride / retinol acetate / riboflavin / thiamine mononitrate / vitamin B12 / zinc sulfate Oral Tablet
2656068,SBDFP,"protein C, human Injection [Ceprotin]"
2655423,SBDFP,estradiol 3-benzoate / progesterone Drug Implant [Synovex C]
2655122,SBDFP,ascorbic acid / beta carotene / cuprous oxide / dl-alpha tocopheryl acetate / zinc oxide Oral Capsule [PreserVision]
2654210,SBDFP,ascorbic acid / beta carotene / cuprous oxide / dl-alpha tocopheryl acetate / zinc oxide Oral Tablet [PreserVision]
2658473,SBDFP,ascorbic acid / cuprous oxide / dl-alpha tocopheryl acetate / lutein / zinc oxide Oral Capsule [Ocuvite Lutein]
2657942,SBDFP,ascorbic acid / cuprous oxide / dl-alpha tocopheryl acetate / lutein / zinc oxide Oral Capsule [PreserVision with Lutein]
2654842,SBDFP,ascorbic acid / docusate sodium / folic acid / iron carbonyl / vitamin B12 Oral Tablet [Ferralet 90]
2657685,SBDFP,ascorbic acid / docusate sodium / folic acid / iron carbonyl / vitamin B12 Oral Tablet [Ferraplus]
2657599,SBDFP,"coagulation factor IX, human / coagulation factor X, human / factor VII, human / protein C, human / protein S, human / prothrombin, human Injection [Kcentra]"
2655316,SBDFP,"coagulation factor IX, human-lans / coagulation factor X, human-lans / factor VII, human-lans / protein C, human-lans / protein S, human-lans / prothrombin, human-lans Injection [Balfaxar]"
2655086,SBDFP,ascorbic acid / beta carotene / copper sulfate / dl-alpha tocopheryl acetate / lutein / sodium selenite / zinc oxide Oral Tablet [Macuvite with Lutein]
2656521,SBDFP,ascorbic acid / beta carotene / cuprous oxide / dl-alpha tocopheryl acetate / lutein / sodium selenate / zinc oxide Oral Tablet [Ocuvite]
2655859,SBDFP,ascorbic acid / biotin / copper sulfate / dl-alpha tocopheryl acetate / docusate sodium / folic acid / iron carbonyl / vitamin B12 Extended Release Oral Tablet [Hemax]
2657612,SBDFP,ascorbic acid / calcium pantothenate / D-biotin / folic acid / niacinamide / pyridoxine / riboflavin / thiamine / vitamin B12 Oral Tablet [Rena-Vite]
2656892,SBDFP,ascorbic acid / cholecalciferol / dl-alpha tocopheryl acetate / niacinamide / pyridoxine / riboflavin / thiamine hydrochloride / vitamin A / vitamin B12 Oral Solution [Multi-Delyn]
2657643,SBDFP,ascorbic acid / biotin / calcium pantothenate / ferrous bisglycinate / folic acid / formic acid / iron-dextran complex / niacin / pyridoxine hydrochloride / riboflavin / thiamine hydrochloride / vitamin B12 Oral Tablet [Irospan Tablet]
2655749,SBDFP,alpha-tocopherol acetate / ascorbic acid / biotin / cholecalciferol / dexpanthenol / folic acid / niacinamide / pyridoxine hydrochloride / riboflavin / thiamine hydrochloride / vitamin A palmitate / vitamin B12 / vitamin K1 Injectable Solution [Infuvite Pediatric]
2655274,SBDFP,alpha-tocopherol acetate / ascorbic acid / biotin / cholecalciferol / dexpanthenol / folic acid / niacinamide / pyridoxine hydrochloride / riboflavin / thiamine hydrochloride / vitamin A palmitate / vitamin B12 / vitamin K1 Injectable Solution [Infuvite]
2657466,SBDFP,ascorbic acid / biotin / calcium pantothenate / copper sulfate / ferrous fumarate / folic acid / magnesium sulfate / manganese sulfate / niacin / polysaccharide iron complex / pyridoxine hydrochloride / riboflavin / thiamine mononitrate / vitamin B12 / zinc sulfate Oral Capsule [Concept OB]
2656535,SBDFP,ascorbic acid / cholecalciferol / cuprous oxide / folic acid / magnesium oxide / niacin / polysaccharide iron complex / potassium iodide / pyridoxine hydrochloride / riboflavin / thiamine mononitrate / vitamin A / vitamin B12 / vitamin E / zinc oxide Oral Capsule [Vitafol-One]
2656337,SBDFP,ascorbic acid / calcium carbonate / cholecalciferol / copper sulfate / dl-alpha tocopheryl acetate / ferrous fumarate / folic acid / magnesium oxide / niacinamide / potassium iodide / pyridoxine hydrochloride / retinol acetate / riboflavin / thiamine mononitrate / vitamin B12 / zinc sulfate Oral Tablet [Lactocal]
1295427,SCDG,ascorbic acid Chewable Product
1295728,SCDG,ascorbic acid Disintegrating Oral Product
1152948,SCDG,ascorbic acid Injectable Product
1295233,SCDG,ascorbic acid Lozenge Product
1152949,SCDG,ascorbic acid Oral Liquid Product
1295484,SCDG,ascorbic acid Oral Powder Product
1152950,SCDG,ascorbic acid Oral Product
1152952,SCDG,ascorbic acid Topical Product
1294927,SCDG,ascorbic acid Wafer Product
1152951,SCDG,ascorbic acid Pill
1300552,SCDG,protein C Injectable Product
2636844,SCDG,ascorbic acid / astaxanthin Chewable Product
2636842,SCDG,ascorbic acid / astaxanthin Oral Product
2636843,SCDG,ascorbic acid / astaxanthin Pill
1155308,SCDG,ascorbic acid / bromelains Oral Product
1155309,SCDG,ascorbic acid / bromelains Pill
1155658,SCDG,ascorbic acid / calcium carbonate Oral Product
1155659,SCDG,ascorbic acid / calcium carbonate Pill
1441394,SCDG,ascorbic acid / collagen Oral Product
1441395,SCDG,ascorbic acid / collagen Pill
1155312,SCDG,"ascorbic acid / collagen, hydrolyzed Oral Product"
1155313,SCDG,"ascorbic acid / collagen, hydrolyzed Pill"
1152937,SCDG,ascorbic acid / ferrous sulfate Oral Product
1152938,SCDG,ascorbic acid / ferrous sulfate Pill
1152309,SCDG,ascorbic acid / hesperidin Oral Product
1152310,SCDG,ascorbic acid / hesperidin Pill
1152939,SCDG,ascorbic acid / hyaluronate Oral Product
1152940,SCDG,ascorbic acid / hyaluronate Pill
1926814,SCDG,ascorbic acid / iron carbonyl Chewable Product
1152313,SCDG,ascorbic acid / iron carbonyl Oral Product
1152314,SCDG,ascorbic acid / iron carbonyl Pill
1152339,SCDG,ascorbic acid / polysaccharide iron complex Oral Product
1152340,SCDG,ascorbic acid / polysaccharide iron complex Pill
1874898,SCDG,ascorbic acid / resveratrol Oral Product
1874899,SCDG,ascorbic acid / resveratrol Pill
1152625,SCDG,ascorbic acid / vitamin E Oral Product
1152626,SCDG,ascorbic acid / vitamin E Pill
1648167,SCDG,estradiol / progesterone Drug Implant Product
1292773,SCDG,ascorbic acid / cholecalciferol / vitamin A Oral Liquid Product
1292774,SCDG,ascorbic acid / cholecalciferol / vitamin A Oral Product
1155981,SCDG,ascorbic acid / chondroitin sulfates / glucosamine Oral Product
1155982,SCDG,ascorbic acid / chondroitin sulfates / glucosamine Pill
1151625,SCDG,ascorbic acid / ferrous bisglycinate / polysaccharide iron complex Oral Product
1151626,SCDG,ascorbic acid / ferrous bisglycinate / polysaccharide iron complex Pill
1151643,SCDG,ascorbic acid / ferrous fumarate / vitamin B12 Oral Product
1151644,SCDG,ascorbic acid / ferrous fumarate / vitamin B12 Pill
1152927,SCDG,ascorbic acid / ferrous gluconate / folic acid Oral Product
1152928,SCDG,ascorbic acid / ferrous gluconate / folic acid Pill
1152931,SCDG,ascorbic acid / ferrous sulfate / folic acid Oral Product
1152932,SCDG,ascorbic acid / ferrous sulfate / folic acid Pill
1152331,SCDG,ascorbic acid / pantothenic acid / quercetin Oral Product
1152332,SCDG,ascorbic acid / pantothenic acid / quercetin Pill
1155977,SCDG,ascorbic acid / cholecalciferol / sodium fluoride / vitamin A Oral Liquid Product
1155978,SCDG,ascorbic acid / cholecalciferol / sodium fluoride / vitamin A Oral Product
1151635,SCDG,ascorbic acid / ferrous fumarate / folic acid / vitamin B12 Oral Product
1151636,SCDG,ascorbic acid / ferrous fumarate / folic acid / vitamin B12 Pill
1151987,SCDG,ascorbic acid / folic acid / iron carbonyl / vitamin B12 Oral Product
1151988,SCDG,ascorbic acid / folic acid / iron carbonyl / vitamin B12 Pill
1154655,SCDG,ascorbic acid / beta carotene / cuprous oxide / vitamin E / zinc oxide Oral Product
1154656,SCDG,ascorbic acid / beta carotene / cuprous oxide / vitamin E / zinc oxide Pill
1152922,SCDG,ascorbic acid / cuprous oxide / lutein / vitamin E / zinc oxide Oral Product
1152923,SCDG,ascorbic acid / cuprous oxide / lutein / vitamin E / zinc oxide Pill
1151291,SCDG,ascorbic acid / docusate / folic acid / iron carbonyl / vitamin B12 Oral Product
1151292,SCDG,ascorbic acid / docusate / folic acid / iron carbonyl / vitamin B12 Pill
1151627,SCDG,ascorbic acid / ferrous fumarate / folic acid / intrinsic factor / vitamin B12 Oral Product
1151628,SCDG,ascorbic acid / ferrous fumarate / folic acid / intrinsic factor / vitamin B12 Pill
1151637,SCDG,ascorbic acid / ferrous fumarate / folic acid / liver stomach concentrate / vitamin B12 Oral Product
1151638,SCDG,ascorbic acid / ferrous fumarate / folic acid / liver stomach concentrate / vitamin B12 Pill
1151631,SCDG,ascorbic acid / ferrous fumarate / folic acid / niacin / polysaccharide iron complex Oral Product
1151632,SCDG,ascorbic acid / ferrous fumarate / folic acid / niacin / polysaccharide iron complex Pill
1151633,SCDG,ascorbic acid / ferrous fumarate / folic acid / niacinamide / polysaccharide iron complex Oral Product
1151634,SCDG,ascorbic acid / ferrous fumarate / folic acid / niacinamide / polysaccharide iron complex Pill
2045239,SCDG,ascorbic acid / polyethylene glycol 3350 / potassium chloride / sodium ascorbate / sodium chloride Oral Powder Product
2045240,SCDG,ascorbic acid / polyethylene glycol 3350 / potassium chloride / sodium ascorbate / sodium chloride Oral Product
1154649,SCDG,ascorbic acid / beta carotene / copper sulfate / selenite / vitamin E / zinc oxide Oral Product
1154650,SCDG,ascorbic acid / beta carotene / copper sulfate / selenite / vitamin E / zinc oxide Pill
1155662,SCDG,ascorbic acid / calcium citrate / cholecalciferol / folic acid / iron carbonyl / pyridoxine Oral Product
1155663,SCDG,ascorbic acid / calcium citrate / cholecalciferol / folic acid / iron carbonyl / pyridoxine Pill
1870184,SCDG,ascorbic acid / polyethylene glycol 3350 / potassium chloride / sodium ascorbate / sodium chloride / sodium sulfate Oral Powder Product
1152330,SCDG,ascorbic acid / polyethylene glycol 3350 / potassium chloride / sodium ascorbate / sodium chloride / sodium sulfate Oral Product
1484955,SCDG,factor IX / factor VII / factor X / protein C / protein S / prothrombin Injectable Product
1154647,SCDG,ascorbic acid / beta carotene / copper sulfate / lutein / selenite / vitamin E / zinc oxide Oral Product
1154648,SCDG,ascorbic acid / beta carotene / copper sulfate / lutein / selenite / vitamin E / zinc oxide Pill
1154653,SCDG,ascorbic acid / beta carotene / cuprous oxide / lutein / sodium selenate / vitamin E / zinc oxide Oral Product
1154654,SCDG,ascorbic acid / beta carotene / cuprous oxide / lutein / sodium selenate / vitamin E / zinc oxide Pill
1154971,SCDG,ascorbic acid / biotin / copper sulfate / docusate / folic acid / iron carbonyl / vitamin B12 / vitamin E Oral Product
1154972,SCDG,ascorbic acid / biotin / copper sulfate / docusate / folic acid / iron carbonyl / vitamin B12 / vitamin E Pill
1944959,SCDG,alpha tocopherol / ascorbic acid / cholecalciferol / doconexent / docusate / ferrous fumarate / folic acid / pyridoxine / tricalcium phosphate Oral Product
1944960,SCDG,alpha tocopherol / ascorbic acid / cholecalciferol / doconexent / docusate / ferrous fumarate / folic acid / pyridoxine / tricalcium phosphate Pill
1165543,SCDG,alpha tocopherol / ascorbic acid / cholecalciferol / docosahexaenoate / docusate / ferrous fumarate / folic acid / pyridoxine / tricalcium phosphate Oral Product
1165544,SCDG,alpha tocopherol / ascorbic acid / cholecalciferol / docosahexaenoate / docusate / ferrous fumarate / folic acid / pyridoxine / tricalcium phosphate Pill
1155302,SCDG,ascorbic acid / biotin / folic acid / mecobalamin / niacinamide / pantothenate / pyridoxine / riboflavin / thiamine Oral Product
1155303,SCDG,ascorbic acid / biotin / folic acid / mecobalamin / niacinamide / pantothenate / pyridoxine / riboflavin / thiamine Pill
1155296,SCDG,ascorbic acid / biotin / folic acid / niacin / pantothenate / pyridoxine / riboflavin / thiamine / vitamin B12 Oral Product
1155297,SCDG,ascorbic acid / biotin / folic acid / niacin / pantothenate / pyridoxine / riboflavin / thiamine / vitamin B12 Pill
2371797,SCDG,ascorbic acid / cholecalciferol / niacin / riboflavin / thiamine / vitamin A / vitamin B12 / vitamin B6 / vitamin E Oral Liquid Product
2371798,SCDG,ascorbic acid / cholecalciferol / niacin / riboflavin / thiamine / vitamin A / vitamin B12 / vitamin B6 / vitamin E Oral Product
1155975,SCDG,ascorbic acid / cholecalciferol / niacinamide / pyridoxine / riboflavin / thiamine / vitamin A / vitamin B12 / vitamin E Oral Liquid Product
1155976,SCDG,ascorbic acid / cholecalciferol / niacinamide / pyridoxine / riboflavin / thiamine / vitamin A / vitamin B12 / vitamin E Oral Product
1151283,SCDG,ascorbic acid / D-biotin / folic acid / niacinamide / pantothenate / pyridoxine / riboflavin / thiamine / vitamin B12 Oral Product
1151284,SCDG,ascorbic acid / D-biotin / folic acid / niacinamide / pantothenate / pyridoxine / riboflavin / thiamine / vitamin B12 Pill
1151281,SCDG,ascorbic acid / D-biotin / folic acid / niacinamide / pantothenic acid / pyridoxine / riboflavin / thiamine / vitamin B12 Oral Product
1151282,SCDG,ascorbic acid / D-biotin / folic acid / niacinamide / pantothenic acid / pyridoxine / riboflavin / thiamine / vitamin B12 Pill
1155292,SCDG,ascorbic acid / biotin / ferrous fumarate / folic acid / mecobalamin / niacinamide / pantothenate / pyridoxine / riboflavin / thiamine Oral Product
1155293,SCDG,ascorbic acid / biotin / ferrous fumarate / folic acid / mecobalamin / niacinamide / pantothenate / pyridoxine / riboflavin / thiamine Pill
1155300,SCDG,ascorbic acid / biotin / folic acid / mecobalamin / niacinamide / pantothenate / pyridoxine / riboflavin / thiamine / zinc citrate Oral Product
1155301,SCDG,ascorbic acid / biotin / folic acid / mecobalamin / niacinamide / pantothenate / pyridoxine / riboflavin / thiamine / zinc citrate Pill
1234588,SCDG,ascorbic acid / cholecalciferol / niacin / riboflavin / sodium fluoride / thiamine / vitamin A / vitamin B12 / vitamin B6 / vitamin E Oral Liquid Product
1234589,SCDG,ascorbic acid / cholecalciferol / niacin / riboflavin / sodium fluoride / thiamine / vitamin A / vitamin B12 / vitamin B6 / vitamin E Oral Product
1154967,SCDG,ascorbic acid / biotin / calcium carbonate / folic acid / niacin / pantothenate / pyridoxine / riboflavin / succinic acid / thiamine / vitamin B12 Oral Product
1154968,SCDG,ascorbic acid / biotin / calcium carbonate / folic acid / niacin / pantothenate / pyridoxine / riboflavin / succinic acid / thiamine / vitamin B12 Pill
2371777,SCDG,ascorbic acid / cholecalciferol / folic acid / niacin / riboflavin / sodium fluoride / thiamine / vitamin A / vitamin B12 / vitamin B6 / vitamin E Chewable Product
2371778,SCDG,ascorbic acid / cholecalciferol / folic acid / niacin / riboflavin / sodium fluoride / thiamine / vitamin A / vitamin B12 / vitamin B6 / vitamin E Oral Product
2371779,SCDG,ascorbic acid / cholecalciferol / folic acid / niacin / riboflavin / sodium fluoride / thiamine / vitamin A / vitamin B12 / vitamin B6 / vitamin E Pill
1155304,SCDG,ascorbic acid / biotin / ferrous bisglycinate / folic acid / formic acid / iron-dextran complex / niacin / pantothenate / pyridoxine / riboflavin / thiamine / vitamin B12 Oral Product
1155305,SCDG,ascorbic acid / biotin / ferrous bisglycinate / folic acid / formic acid / iron-dextran complex / niacin / pantothenate / pyridoxine / riboflavin / thiamine / vitamin B12 Pill
1304556,SCDG,alpha tocopherol / ascorbic acid / biotin / cholecalciferol / dexpanthenol / folic acid / niacinamide / pyridoxine / riboflavin / thiamine / vitamin A / vitamin B12 / vitamin K1 Injectable Product
1165539,SCDG,alpha tocopherol / ascorbic acid / calcium citrate / cholecalciferol / cupric oxide / docusate / folic acid / iron carbonyl / niacinamide / potassium iodide / pyridoxine / riboflavin / thiamine / zinc oxide Oral Product
1165540,SCDG,alpha tocopherol / ascorbic acid / calcium citrate / cholecalciferol / cupric oxide / docusate / folic acid / iron carbonyl / niacinamide / potassium iodide / pyridoxine / riboflavin / thiamine / zinc oxide Pill
1313921,SCDG,alpha tocopherol / ascorbic acid / beta carotene / calcium carbonate / cholecalciferol / docusate / ferrous fumarate / folic acid / niacinamide / pantothenate / pyridoxine / riboflavin / thiamine / vitamin B12 / zinc oxide Oral Product
1313922,SCDG,alpha tocopherol / ascorbic acid / beta carotene / calcium carbonate / cholecalciferol / docusate / ferrous fumarate / folic acid / niacinamide / pantothenate / pyridoxine / riboflavin / thiamine / vitamin B12 / zinc oxide Pill
1314662,SCDG,ascorbic acid / biotin / copper sulfate / ferrous fumarate / folic acid / magnesium sulfate / manganese sulfate / niacin / pantothenate / polysaccharide iron complex / pyridoxine / riboflavin / thiamine / vitamin B12 / zinc sulfate Oral Product
1314663,SCDG,ascorbic acid / biotin / copper sulfate / ferrous fumarate / folic acid / magnesium sulfate / manganese sulfate / niacin / pantothenate / polysaccharide iron complex / pyridoxine / riboflavin / thiamine / vitamin B12 / zinc sulfate Pill
1155979,SCDG,ascorbic acid / cholecalciferol / cuprous oxide / folic acid / magnesium oxide / niacin / polysaccharide iron complex / potassium iodide / pyridoxine / riboflavin / thiamine / vitamin A / vitamin B12 / vitamin E / zinc oxide Oral Product
1155980,SCDG,ascorbic acid / cholecalciferol / cuprous oxide / folic acid / magnesium oxide / niacin / polysaccharide iron complex / potassium iodide / pyridoxine / riboflavin / thiamine / vitamin A / vitamin B12 / vitamin E / zinc oxide Pill
1248138,SCDG,ascorbic acid / beta carotene / calcium carbonate / cholecalciferol / cupric oxide / docusate / folic acid / iron carbonyl / magnesium oxide / niacinamide / pyridoxine / riboflavin / thiamine / vitamin B12 / vitamin E / zinc oxide Oral Product
1248139,SCDG,ascorbic acid / beta carotene / calcium carbonate / cholecalciferol / cupric oxide / docusate / folic acid / iron carbonyl / magnesium oxide / niacinamide / pyridoxine / riboflavin / thiamine / vitamin B12 / vitamin E / zinc oxide Pill
1154965,SCDG,ascorbic acid / biotin / calcium carbonate / cupric oxide / ferrous fumarate / folic acid / magnesium oxide / niacinamide / pantothenic acid / riboflavin / thiamine / vitamin A / vitamin B12 / vitamin B6 / vitamin E / zinc oxide Oral Product
1154966,SCDG,ascorbic acid / biotin / calcium carbonate / cupric oxide / ferrous fumarate / folic acid / magnesium oxide / niacinamide / pantothenic acid / riboflavin / thiamine / vitamin A / vitamin B12 / vitamin B6 / vitamin E / zinc oxide Pill
2371750,SCDG,ascorbic acid / calcium carbonate / cholecalciferol / copper sulfate / ferrous fumarate / folic acid / magnesium oxide / niacinamide / potassium iodide / pyridoxine / riboflavin / thiamine / vitamin A / vitamin B12 / vitamin E / zinc sulfate Oral Product
2371751,SCDG,ascorbic acid / calcium carbonate / cholecalciferol / copper sulfate / ferrous fumarate / folic acid / magnesium oxide / niacinamide / potassium iodide / pyridoxine / riboflavin / thiamine / vitamin A / vitamin B12 / vitamin E / zinc sulfate Pill
2002738,SBDG,Ascor Injectable Product
2643207,SBDG,Balfaxar Injectable Product
1170152,SBDG,C-Time Oral Product
1170153,SBDG,C-Time Pill
1166222,SBDG,Cemill 1000 Oral Product
1166223,SBDG,Cemill 1000 Pill
1166822,SBDG,Ceprotin Injectable Product
1314670,SBDG,Concept OB Oral Product
1314671,SBDG,Concept OB Pill
1176510,SBDG,Dialyvite 800 Oral Product
1176511,SBDG,Dialyvite 800 Pill
1176512,SBDG,Dialyvite 800 with Iron Oral Product
1176513,SBDG,Dialyvite 800 with Iron Pill
1176514,SBDG,Dialyvite 800 with Zinc Oral Product
1176515,SBDG,Dialyvite 800 with Zinc Pill
1167105,SBDG,Ferocon Oral Product
1167106,SBDG,Ferocon Pill
1167646,SBDG,Ferralet 90 Oral Product
1167647,SBDG,Ferralet 90 Pill
1167652,SBDG,Ferraplus Oral Product
1167653,SBDG,Ferraplus Pill
1167662,SBDG,Ferrex 150 Plus Oral Product
1167663,SBDG,Ferrex 150 Plus Pill
1171913,SBDG,Folitab Oral Product
1171914,SBDG,Folitab Pill
1172598,SBDG,Folivane-F Oral Product
1172599,SBDG,Folivane-F Pill
1297028,SBDG,Halls Defense Lozenge Product
1176690,SBDG,Halls Defense Oral Product
1167729,SBDG,Hematogen Oral Product
1167732,SBDG,Hematogen Pill
1167735,SBDG,Hemax Oral Product
1167736,SBDG,Hemax Pill
1166593,SBDG,Icar C Oral Product
1166594,SBDG,Icar C Pill
1166598,SBDG,Icar-C Plus Oral Product
1166599,SBDG,Icar-C Plus Pill
1304563,SBDG,Infuvite Injectable Product
1305221,SBDG,Infuvite Pediatric Injectable Product
1173431,SBDG,Integra F Oral Product
1173432,SBDG,Integra F Pill
1176774,SBDG,Irospan Tablet Oral Product
1176775,SBDG,Irospan Tablet Pill
1484962,SBDG,Kcentra Injectable Product
1174975,SBDG,Lactocal Oral Product
1174976,SBDG,Lactocal Pill
1177422,SBDG,Macuvite with Lutein Oral Product
1177423,SBDG,Macuvite with Lutein Pill
1870189,SBDG,MoviPrep Oral Powder Product
1182827,SBDG,MoviPrep Oral Product
1183860,SBDG,Multi-Delyn Oral Liquid Product
1183861,SBDG,Multi-Delyn Oral Product
1428827,SBDG,MVC-Fluoride Chewable Product
1428825,SBDG,MVC-Fluoride Oral Product
1428826,SBDG,MVC-Fluoride Pill
1295821,SBDG,N Ice with Vitamin C Chewable Product
1859192,SBDG,N Ice with Vitamin C Lozenge Product
1177001,SBDG,N Ice with Vitamin C Oral Product
1177002,SBDG,N Ice with Vitamin C Pill
1181146,SBDG,Ocuvite Oral Product
1181144,SBDG,Ocuvite Lutein Oral Product
1181145,SBDG,Ocuvite Lutein Pill
1181147,SBDG,Ocuvite Pill
1183509,SBDG,Poly-Vi-Sol Oral Liquid Product
1183510,SBDG,Poly-Vi-Sol Oral Product
1177086,SBDG,PreserVision Oral Product
1177087,SBDG,PreserVision Pill
1177088,SBDG,PreserVision with Lutein Oral Product
1177089,SBDG,PreserVision with Lutein Pill
1180734,SBDG,Rena-Vite Oral Product
1180735,SBDG,Rena-Vite Pill
1648173,SBDG,Synovex C Drug Implant Product
1180354,SBDG,Tri-Vi-Sol Oral Liquid Product
1180355,SBDG,Tri-Vi-Sol Oral Product
1187211,SBDG,Vitafol-One Oral Product
1187212,SBDG,Vitafol-One Pill
1799176,SBDG,Vitron-C Reformulated Jul 2016 Oral Product
1799177,SBDG,Vitron-C Reformulated Jul 2016 Pill
2659612,SCDGP,"protein C, human Injectable Product"
2663388,SCDGP,ascorbic acid / hyaluronic acid Oral Product
2660320,SCDGP,ascorbic acid / hyaluronic acid Pill
2662788,SCDGP,estradiol 3-benzoate / progesterone Drug Implant Product
2660237,SCDGP,ascorbic acid / chondroitin sulfates / glucosamine sulfate Oral Product
2660875,SCDGP,ascorbic acid / chondroitin sulfates / glucosamine sulfate Pill
2660322,SCDGP,ascorbic acid / cholecalciferol / sodium fluoride / vitamin A palmitate Oral Liquid Product
2660967,SCDGP,ascorbic acid / cholecalciferol / sodium fluoride / vitamin A palmitate Oral Product
2659524,SCDGP,ascorbic acid / beta carotene / cuprous oxide / dl-alpha tocopheryl acetate / zinc oxide Oral Product
2661286,SCDGP,ascorbic acid / beta carotene / cuprous oxide / dl-alpha tocopheryl acetate / zinc oxide Pill
2659231,SCDGP,ascorbic acid / cuprous oxide / dl-alpha tocopheryl acetate / lutein / zinc oxide Oral Product
2663000,SCDGP,ascorbic acid / cuprous oxide / dl-alpha tocopheryl acetate / lutein / zinc oxide Pill
2662535,SCDGP,ascorbic acid / docusate sodium / folic acid / iron carbonyl / vitamin B12 Oral Product
2662520,SCDGP,ascorbic acid / docusate sodium / folic acid / iron carbonyl / vitamin B12 Pill
2659630,SCDGP,ascorbic acid / beta carotene / copper sulfate / dl-alpha tocopheryl acetate / sodium selenite / zinc oxide Oral Product
2662546,SCDGP,ascorbic acid / beta carotene / copper sulfate / dl-alpha tocopheryl acetate / sodium selenite / zinc oxide Pill
2661369,SCDGP,ascorbic acid / calcium citrate / cholecalciferol / folic acid / iron carbonyl / pyridoxine hydrochloride Oral Product
2661387,SCDGP,ascorbic acid / calcium citrate / cholecalciferol / folic acid / iron carbonyl / pyridoxine hydrochloride Pill
2663113,SCDGP,"coagulation factor IX, human / coagulation factor X, human / factor VII, human / protein C, human / protein S, human / prothrombin, human Injectable Product"
2663686,SCDGP,"coagulation factor IX, human-lans / coagulation factor X, human-lans / factor VII, human-lans / protein C, human-lans / protein S, human-lans / prothrombin, human-lans Injectable Product"
2661935,SCDGP,ascorbic acid / beta carotene / copper sulfate / dl-alpha tocopheryl acetate / lutein / sodium selenite / zinc oxide Oral Product
2661444,SCDGP,ascorbic acid / beta carotene / copper sulfate / dl-alpha tocopheryl acetate / lutein / sodium selenite / zinc oxide Pill
2660856,SCDGP,ascorbic acid / beta carotene / cuprous oxide / dl-alpha tocopheryl acetate / lutein / sodium selenate / zinc oxide Oral Product
2662976,SCDGP,ascorbic acid / beta carotene / cuprous oxide / dl-alpha tocopheryl acetate / lutein / sodium selenate / zinc oxide Pill
2660157,SCDGP,ascorbic acid / biotin / copper sulfate / dl-alpha tocopheryl acetate / docusate sodium / folic acid / iron carbonyl / vitamin B12 Oral Product
2660336,SCDGP,ascorbic acid / biotin / copper sulfate / dl-alpha tocopheryl acetate / docusate sodium / folic acid / iron carbonyl / vitamin B12 Pill
2661032,SCDGP,alpha tocopherol / ascorbic acid / cholecalciferol / doconexent / docusate sodium / ferrous fumarate / folic acid / pyridoxine hydrochloride / tricalcium phosphate Oral Product
2661640,SCDGP,alpha tocopherol / ascorbic acid / cholecalciferol / doconexent / docusate sodium / ferrous fumarate / folic acid / pyridoxine hydrochloride / tricalcium phosphate Pill
2661276,SCDGP,alpha tocopherol / ascorbic acid / cholecalciferol / docosahexaenoic acid / docusate sodium / ferrous fumarate / folic acid / pyridoxine hydrochloride / tricalcium phosphate Oral Product
2662417,SCDGP,alpha tocopherol / ascorbic acid / cholecalciferol / docosahexaenoic acid / docusate sodium / ferrous fumarate / folic acid / pyridoxine hydrochloride / tricalcium phosphate Pill
2662110,SCDGP,ascorbic acid / biotin / calcium pantothenate / folic acid / niacin / pyridoxine / riboflavin / thiamine mononitrate / vitamin B12 Oral Product
2661449,SCDGP,ascorbic acid / biotin / calcium pantothenate / folic acid / niacin / pyridoxine / riboflavin / thiamine mononitrate / vitamin B12 Pill
2663662,SCDGP,ascorbic acid / calcium pantothenate / D-biotin / folic acid / niacinamide / pyridoxine / riboflavin / thiamine / vitamin B12 Oral Product
2662342,SCDGP,ascorbic acid / calcium pantothenate / D-biotin / folic acid / niacinamide / pyridoxine / riboflavin / thiamine / vitamin B12 Pill
2661581,SCDGP,ascorbic acid / cholecalciferol / dl-alpha tocopheryl acetate / niacinamide / pyridoxine / riboflavin / thiamine hydrochloride / vitamin A / vitamin B12 Oral Liquid Product
2660343,SCDGP,ascorbic acid / cholecalciferol / dl-alpha tocopheryl acetate / niacinamide / pyridoxine / riboflavin / thiamine hydrochloride / vitamin A / vitamin B12 Oral Product
2660872,SCDGP,ascorbic acid / D-biotin / folic acid / niacinamide / pantothenic acid / pyridoxine hydrochloride / riboflavin / thiamine / vitamin B12 Oral Product
2660279,SCDGP,ascorbic acid / D-biotin / folic acid / niacinamide / pantothenic acid / pyridoxine hydrochloride / riboflavin / thiamine / vitamin B12 Pill
2661672,SCDGP,ascorbic acid / biotin / calcium carbonate / calcium pantothenate / folic acid / niacin / pyridoxine hydrochloride / riboflavin / succinic acid / thiamine hydrochloride / vitamin B12 Oral Product
2660829,SCDGP,ascorbic acid / biotin / calcium carbonate / calcium pantothenate / folic acid / niacin / pyridoxine hydrochloride / riboflavin / succinic acid / thiamine hydrochloride / vitamin B12 Pill
2659987,SCDGP,ascorbic acid / biotin / calcium pantothenate / ferrous bisglycinate / folic acid / formic acid / iron-dextran complex / niacin / pyridoxine hydrochloride / riboflavin / thiamine hydrochloride / vitamin B12 Oral Product
2662017,SCDGP,ascorbic acid / biotin / calcium pantothenate / ferrous bisglycinate / folic acid / formic acid / iron-dextran complex / niacin / pyridoxine hydrochloride / riboflavin / thiamine hydrochloride / vitamin B12 Pill
2659492,SCDGP,alpha-tocopherol acetate / ascorbic acid / biotin / cholecalciferol / dexpanthenol / folic acid / niacinamide / pyridoxine hydrochloride / riboflavin / thiamine hydrochloride / vitamin A palmitate / vitamin B12 / vitamin K1 Injectable Product
2661634,SCDGP,alpha-tocopherol acetate / ascorbic acid / calcium citrate / cholecalciferol / cupric oxide / docusate sodium / folic acid / iron carbonyl / niacinamide / potassium iodide / pyridoxine hydrochloride / riboflavin / thiamine hydrochloride / zinc oxide Oral Product
2661064,SCDGP,alpha-tocopherol acetate / ascorbic acid / calcium citrate / cholecalciferol / cupric oxide / docusate sodium / folic acid / iron carbonyl / niacinamide / potassium iodide / pyridoxine hydrochloride / riboflavin / thiamine hydrochloride / zinc oxide Pill
2662883,SCDGP,alpha-tocopherol acetate / ascorbic acid / beta carotene / calcium carbonate / calcium pantothenate / cholecalciferol / docusate sodium / ferrous fumarate / folic acid / niacinamide / pyridoxine hydrochloride / riboflavin / thiamine / vitamin B12 / zinc oxide Oral Product
2662416,SCDGP,alpha-tocopherol acetate / ascorbic acid / beta carotene / calcium carbonate / calcium pantothenate / cholecalciferol / docusate sodium / ferrous fumarate / folic acid / niacinamide / pyridoxine hydrochloride / riboflavin / thiamine / vitamin B12 / zinc oxide Pill
2660258,SCDGP,ascorbic acid / biotin / calcium pantothenate / copper sulfate / ferrous fumarate / folic acid / magnesium sulfate / manganese sulfate / niacin / polysaccharide iron complex / pyridoxine hydrochloride / riboflavin / thiamine mononitrate / vitamin B12 / zinc sulfate Oral Product
2660274,SCDGP,ascorbic acid / biotin / calcium pantothenate / copper sulfate / ferrous fumarate / folic acid / magnesium sulfate / manganese sulfate / niacin / polysaccharide iron complex / pyridoxine hydrochloride / riboflavin / thiamine mononitrate / vitamin B12 / zinc sulfate Pill
2662686,SCDGP,ascorbic acid / cholecalciferol / cuprous oxide / folic acid / magnesium oxide / niacin / polysaccharide iron complex / potassium iodide / pyridoxine hydrochloride / riboflavin / thiamine mononitrate / vitamin A / vitamin B12 / vitamin E / zinc oxide Oral Product
2661417,SCDGP,ascorbic acid / cholecalciferol / cuprous oxide / folic acid / magnesium oxide / niacin / polysaccharide iron complex / potassium iodide / pyridoxine hydrochloride / riboflavin / thiamine mononitrate / vitamin A / vitamin B12 / vitamin E / zinc oxide Pill
2662556,SCDGP,ascorbic acid / beta carotene / calcium carbonate / cholecalciferol / cupric oxide / docusate sodium / folic acid / iron carbonyl / magnesium oxide / niacinamide / pyridoxine hydrochloride / riboflavin / thiamine mononitrate / tocopherol acetate / vitamin B12 / zinc oxide Oral Product
2660711,SCDGP,ascorbic acid / beta carotene / calcium carbonate / cholecalciferol / cupric oxide / docusate sodium / folic acid / iron carbonyl / magnesium oxide / niacinamide / pyridoxine hydrochloride / riboflavin / thiamine mononitrate / tocopherol acetate / vitamin B12 / zinc oxide Pill
2663360,SCDGP,ascorbic acid / calcium carbonate / cholecalciferol / copper sulfate / dl-alpha tocopheryl acetate / ferrous fumarate / folic acid / magnesium oxide / niacinamide / potassium iodide / pyridoxine hydrochloride / retinol acetate / riboflavin / thiamine mononitrate / vitamin B12 / zinc sulfate Oral Product
2660472,SCDGP,ascorbic acid / calcium carbonate / cholecalciferol / copper sulfate / dl-alpha tocopheryl acetate / ferrous fumarate / folic acid / magnesium oxide / niacinamide / potassium iodide / pyridoxine hydrochloride / retinol acetate / riboflavin / thiamine mononitrate / vitamin B12 / zinc sulfate Pill
245474,SCD,ascorbic acid 25 MG Oral Lozenge
308396,SCD,ascorbic acid 50 MG Oral Tablet
1424902,SCD,ascorbic acid 53 MG Oral Lozenge
308399,SCD,ascorbic acid 60 MG Chewable Tablet
237717,SCD,ascorbic acid 60 MG Oral Lozenge
243789,SCD,ascorbic acid 60 MG/ML Oral Solution
313841,SCD,ascorbic acid 100 MG Chewable Tablet
602127,SCD,ascorbic acid 100 MG Disintegrating Oral Tablet
198893,SCD,ascorbic acid 100 MG Oral Tablet
308376,SCD,ascorbic acid 100 MG/ML Injectable Solution
308377,SCD,ascorbic acid 100 MG/ML Oral Solution
2707116,SCD,ascorbic acid 100 MG/ML Oral Suspension
199834,SCD,ascorbic acid 100 MG/ML Topical Cream
1441371,SCD,ascorbic acid 120 MG Chewable Tablet
245473,SCD,ascorbic acid 125 MG Chewable Tablet
2699355,SCD,ascorbic acid 125 MG Oral Capsule
141991,SCD,ascorbic acid 200 MG Chewable Tablet
283294,SCD,ascorbic acid 200 MG Oral Tablet
308384,SCD,ascorbic acid 250 MG Chewable Tablet
602135,SCD,ascorbic acid 250 MG Disintegrating Oral Tablet
199083,SCD,ascorbic acid 250 MG Oral Tablet
312969,SCD,ascorbic acid 250 MG/ML Injectable Solution
313803,SCD,ascorbic acid 500 MG Chewable Tablet
308391,SCD,ascorbic acid 500 MG Extended Release Oral Capsule
308392,SCD,ascorbic acid 500 MG Extended Release Oral Tablet
198896,SCD,ascorbic acid 500 MG Oral Capsule
2121705,SCD,ascorbic acid 500 MG Oral Powder
282402,SCD,ascorbic acid 500 MG Oral Tablet
237722,SCD,ascorbic acid 500 MG Oral Wafer
308395,SCD,ascorbic acid 500 MG/ML Injectable Solution
2603482,SCD,ascorbic acid 750 MG Oral Capsule
333831,SCD,ascorbic acid 1000 MG Chewable Tablet
308382,SCD,ascorbic acid 1000 MG Extended Release Oral Tablet
245462,SCD,ascorbic acid 1000 MG Oral Capsule
198897,SCD,ascorbic acid 1000 MG Oral Tablet
283293,SCD,ascorbic acid 1000 MG Powder for Oral Suspension
846045,SCD,ascorbic acid 1060 MG Oral Powder
237718,SCD,ascorbic acid 1500 MG Extended Release Oral Tablet
198892,SCD,ascorbic acid 1500 MG Oral Tablet
2636652,SCD,ascorbic acid 2000 MG Powder for Oral Solution
2636654,SCD,ascorbic acid 2100 MG Powder for Oral Solution
282737,SCD,ascorbic acid 4000 MG Powder for Oral Suspension
723871,SCD,"protein C, human 1 UNT Injection"
1100457,SCD,pyridoxine hydrochloride 25 MG Oral Tablet
2636846,SCD,ascorbic acid 80 MG / astaxanthin 4 MG Chewable Tablet
199842,SCD,ascorbic acid 15 MG / bromelains 500 MG Oral Capsule
1150172,SCD,ascorbic acid 500 MG / calcium carbonate 30 MG Oral Tablet
2603517,SCD,ascorbic acid 10 MG / collagen 1000 MG Oral Tablet
2099781,SCD,ascorbic acid 60 MG / collagen 6000 MG Oral Tablet
577190,SCD,"ascorbic acid 125 MG / collagen, hydrolyzed 740 MG Oral Capsule"
259773,SCD,ascorbic acid 150 MG / ferrous sulfate 65 MG Extended Release Oral Tablet
283121,SCD,ascorbic acid 200 MG / hesperidin 200 MG Oral Tablet
1246831,SCD,ascorbic acid 60 MG / hyaluronic acid 20 MG Oral Capsule
1375379,SCD,ascorbic acid 125 MG / iron carbonyl 65 MG Delayed Release Oral Tablet
1424273,SCD,ascorbic acid 125 MG / iron carbonyl 65 MG Oral Tablet
1926816,SCD,ascorbic acid 250 MG / iron carbonyl 60 MG Chewable Tablet
242668,SCD,ascorbic acid 250 MG / iron carbonyl 100 MG Oral Tablet
807801,SCD,ascorbic acid 50 MG / polysaccharide iron complex 150 MG Oral Capsule
1874902,SCD,ascorbic acid 60 MG / resveratrol 200 MG Oral Capsule
199138,SCD,ascorbic acid 250 MG / vitamin E 200 UNT Oral Tablet
283426,SCD,ascorbic acid 500 MG / vitamin E 200 UNT Oral Capsule
283297,SCD,ascorbic acid 500 MG / vitamin E 400 UNT Oral Capsule
1648169,SCD,estradiol 3-benzoate 10 MG / progesterone 100 MG Drug Implant
2612081,SCD,estradiol 3-benzoate 20 MG / progesterone 200 MG Drug Implant
1537233,SCD,ascorbic acid 35 MG/ML / cholecalciferol 0.01 MG/ML / vitamin A 0.225 MG/ML Oral Solution
313599,SCD,ascorbic acid 35 MG/ML / cholecalciferol 0.01 MG/ML / vitamin A 0.45 MG/ML Oral Solution
2713891,SCD,ascorbic acid 50 MG/ML / cholecalciferol 0.01 MG/ML / vitamin A 0.25 MG/ML Oral Suspension
283944,SCD,ascorbic acid 20 MG / chondroitin sulfates 400 MG / glucosamine sulfate 500 MG Oral Tablet
835524,SCD,ascorbic acid 50 MG / ferrous bisglycinate 80 MG / polysaccharide iron complex 70 MG Oral Capsule
388723,SCD,ascorbic acid 60 MG / ferrous fumarate 200 MG / vitamin B12 5 MG Oral Capsule
348694,SCD,ascorbic acid 250 MG / ferrous fumarate 200 MG / vitamin B12 0.01 MG Oral Capsule
105668,SCD,ascorbic acid 10 MG / ferrous gluconate 250 MG / folic acid 5 MG Oral Tablet
313634,SCD,ascorbic acid 500 MG / ferrous sulfate 525 MG / folic acid 0.8 MG Extended Release Oral Tablet
282836,SCD,ascorbic acid 100 MG / pantothenic acid 100 MG / quercetin 50 MG Oral Tablet
1365980,SCD,ascorbic acid 35 MG/ML / cholecalciferol 0.01 MG/ML / sodium fluoride 0.55 MG/ML / vitamin A palmitate 1500 UNT/ML Oral Solution
1365984,SCD,ascorbic acid 35 MG/ML / cholecalciferol 0.01 MG/ML / sodium fluoride 1.1 MG/ML / vitamin A palmitate 1500 UNT/ML Oral Solution
348689,SCD,ascorbic acid 60 MG / ferrous fumarate 460 MG / folic acid 1 MG / vitamin B12 0.01 MG Oral Capsule
348622,SCD,ascorbic acid 250 MG / ferrous fumarate 200 MG / folic acid 1 MG / vitamin B12 0.01 MG Oral Capsule
1087414,SCD,ascorbic acid 250 MG / folic acid 1 MG / iron carbonyl 100 MG / vitamin B12 0.025 MG Oral Tablet
2045233,SCD,polyethylene glycol 3350 100000 MG / potassium chloride 1000 MG / sodium chloride 2000 MG / sodium sulfate 9000 MG Powder for Oral Solution
891812,SCD,ascorbic acid 113 MG / beta carotene 7160 MG / cuprous oxide 0.4 MG / dl-alpha tocopheryl acetate 100 UNT / zinc oxide 17.4 MG Oral Tablet
891790,SCD,ascorbic acid 226 MG / beta carotene 14320 UNT / cuprous oxide 0.8 MG / dl-alpha tocopheryl acetate 200 UNT / zinc oxide 34.8 MG Oral Capsule
891706,SCD,ascorbic acid 60 MG / cuprous oxide 2 MG / dl-alpha tocopheryl acetate 30 MG / lutein 6 MG / zinc oxide 15 MG Oral Capsule
891816,SCD,ascorbic acid 226 MG / cuprous oxide 0.8 MG / dl-alpha tocopheryl acetate 200 UNT / lutein 5 MG / zinc oxide 34.8 MG Oral Capsule
836268,SCD,ascorbic acid 120 MG / docusate sodium 50 MG / folic acid 1 MG / iron carbonyl 90 MG / vitamin B12 0.012 MG Oral Tablet
359514,SCD,ascorbic acid 75 MG / ferrous fumarate 110 MG / folic acid 0.5 MG / intrinsic factor 240 MG / vitamin B12 0.015 MG Oral Capsule
999799,SCD,ascorbic acid 75 MG / ferrous fumarate 333 MG / folic acid 0.5 MG / liver stomach concentrate 240 MG / vitamin B12 0.015 MG Oral Capsule
1087298,SCD,ascorbic acid 40 MG / ferrous fumarate 62.5 MG / folic acid 1 MG / niacin 3 MG / polysaccharide iron complex 62.5 MG Oral Capsule
999823,SCD,ascorbic acid 40 MG / ferrous fumarate 191 MG / folic acid 1 MG / niacinamide 3 MG / polysaccharide iron complex 136 MG Oral Capsule
2045243,SCD,ascorbic acid 7540 MG / polyethylene glycol 3350 40000 MG / potassium chloride 1200 MG / sodium ascorbate 48110 MG / sodium chloride 3200 MG Powder for Oral Solution
1090824,SCD,ascorbic acid 60 MG / beta carotene 5000 UNT / copper sulfate 40 MG / dl-alpha tocopheryl acetate 30 UNT / sodium selenite 0.04 MG / zinc oxide 40 MG Oral Tablet
1100262,SCD,ascorbic acid 120 MG / calcium citrate 125 MG / cholecalciferol 400 UNT / folic acid 1 MG / iron carbonyl 20 MG / pyridoxine hydrochloride 25 MG Oral Tablet
800915,SCD,ascorbic acid 4700 MG / polyethylene glycol 3350 100000 MG / potassium chloride 1015 MG / sodium ascorbate 5900 MG / sodium chloride 2690 MG / sodium sulfate 7500 MG Powder for Oral Solution
1484958,SCD,"coagulation factor IX, human 1 UNT / coagulation factor X, human 1 UNT / factor VII, human 1 UNT / protein C, human 1 UNT / protein S, human 1 UNT / prothrombin, human 1 UNT Injection"
2643204,SCD,"coagulation factor IX, human-lans 1 UNT / coagulation factor X, human-lans 1 UNT / factor VII, human-lans 1 UNT / protein C, human-lans 1 UNT / protein S, human-lans 1 UNT / prothrombin, human-lans 1 UNT Injection"
1090973,SCD,ascorbic acid 60 MG / beta carotene 5000 UNT / copper sulfate 2 MG / dl-alpha tocopheryl acetate 30 UNT / lutein 2 MG / sodium selenite 0.04 MG / zinc oxide 40 MG Oral Tablet
891716,SCD,ascorbic acid 200 MG / beta carotene 1000 UNT / cuprous oxide 2 MG / dl-alpha tocopheryl acetate 60 UNT / lutein 2 MG / sodium selenate 0.055 MG / zinc oxide 40 MG Oral Tablet
1087406,SCD,24 HR ascorbic acid 500 MG / biotin 0.15 MG / copper sulfate 3 MG / dl-alpha tocopheryl acetate 30 UNT / docusate sodium 50 MG / folic acid 1 MG / iron carbonyl 150 MG / vitamin B12 0.06 MG Extended Release Oral Tablet
1485531,SCD,alpha tocopherol 30 UNT / ascorbic acid 25 MG / cholecalciferol 170 UNT / doconexent 265 MG / docusate sodium 55 MG / ferrous fumarate 30 MG / folic acid 1.2 MG / pyridoxine hydrochloride 25 MG / tricalcium phosphate 160 MG Oral Capsule
1043300,SCD,alpha tocopherol 30 UNT / ascorbic acid 28 MG / cholecalciferol 400 UNT / docosahexaenoic acid 300 MG / docusate sodium 55 MG / ferrous fumarate 27 MG / folic acid 1.25 MG / pyridoxine hydrochloride 25 MG / tricalcium phosphate 160 MG Oral Capsule
891522,SCD,ascorbic acid 100 MG / biotin 0.15 MG / calcium pantothenate 5 MG / folic acid 1 MG / niacin 20 MG / pyridoxine 10 MG / riboflavin 1.7 MG / thiamine mononitrate 1.5 MG / vitamin B12 0.006 MG Oral Capsule
826857,SCD,ascorbic acid 60 MG / biotin 0.3 MG / folic acid 0.8 MG / mecobalamin 0.006 MG / niacinamide 20 MG / pantothenate 10 MG / pyridoxine 10 MG / riboflavin 1.7 MG / thiamine 1.5 MG Oral Tablet
877463,SCD,ascorbic acid 60 MG / calcium pantothenate 10 MG / D-biotin 0.3 MG / folic acid 0.8 MG / niacinamide 20 MG / pyridoxine 10 MG / riboflavin 1.7 MG / thiamine 1.5 MG / vitamin B12 0.006 MG Oral Tablet
1090968,SCD,ascorbic acid 10.8 MG/ML / cholecalciferol 72 UNT/ML / dl-alpha tocopheryl acetate 2.7 UNT/ML / niacinamide 2.44 MG/ML / pyridoxine 0.189 MG/ML / riboflavin 0.216 MG/ML / thiamine hydrochloride 0.168 MG/ML / vitamin A 450 UNT/ML / vitamin B12 0.00081 MG/ML Oral Solution
876858,SCD,ascorbic acid 35 MG/ML / cholecalciferol 0.01 MG/ML / niacin 8 MG/ML / riboflavin 0.6 MG/ML / thiamine 0.5 MG/ML / vitamin A 0.45 MG/ML / vitamin B12 0.002 MG/ML / vitamin B6 0.4 MG/ML / vitamin E 2.25 MG/ML Oral Solution
348025,SCD,ascorbic acid 100 MG / D-biotin 0.3 MG / folic acid 1 MG / niacinamide 20 MG / pantothenic acid 10 MG / pyridoxine hydrochloride 10 MG / riboflavin 1.7 MG / thiamine 1.5 MG / vitamin B12 0.006 MG Oral Tablet
826862,SCD,ascorbic acid 60 MG / biotin 0.3 MG / ferrous fumarate 29 MG / folic acid 0.8 MG / mecobalamin 0.006 MG / niacinamide 20 MG / pantothenate 10 MG / pyridoxine 10 MG / riboflavin 1.7 MG / thiamine 1.5 MG Oral Tablet
826650,SCD,ascorbic acid 60 MG / biotin 0.3 MG / folic acid 0.8 MG / mecobalamin 0.006 MG / niacinamide 20 MG / pantothenate 10 MG / pyridoxine 10 MG / riboflavin 1.7 MG / thiamine 1.5 MG / zinc citrate 15 MG Oral Tablet
826656,SCD,ascorbic acid 60 MG / biotin 0.3 MG / folic acid 0.8 MG / mecobalamin 0.006 MG / niacinamide 20 MG / pantothenate 10 MG / pyridoxine 10 MG / riboflavin 1.7 MG / thiamine 1.5 MG / zinc citrate 50 MG Oral Tablet
1234482,SCD,ascorbic acid 35 MG/ML / cholecalciferol 400 UNT/ML / niacin 8 MG/ML / riboflavin 0.6 MG/ML / sodium fluoride 0.55 MG/ML / thiamine 0.5 MG/ML / vitamin A 1500 UNT/ML / vitamin B12 0.002 MG/ML / vitamin B6 0.4 MG/ML / vitamin E 5 UNT/ML Oral Solution
1102201,SCD,ascorbic acid 100 MG / biotin 0.3 MG / calcium carbonate 100 MG / calcium pantothenate 7 MG / folic acid 1 MG / niacin 25 MG / pyridoxine hydrochloride 30 MG / riboflavin 5 MG / succinic acid 150 MG / thiamine hydrochloride 5 MG / vitamin B12 0.01 MG Oral Tablet
1235389,SCD,ascorbic acid 60 MG / cholecalciferol 0.01 MG / folic acid 0.3 MG / niacin 13.5 MG / riboflavin 1.2 MG / sodium fluoride 0.55 MG / thiamine 1.05 MG / vitamin A 0.75 MG / vitamin B12 0.0045 MG / vitamin B6 1.05 MG / vitamin E 6.75 MG Chewable Tablet
1364854,SCD,ascorbic acid 60 MG / cholecalciferol 0.01 MG / folic acid 0.3 MG / niacin 13.5 MG / riboflavin 1.2 MG / sodium fluoride 1.1 MG / thiamine 1.05 MG / vitamin A 0.75 MG / vitamin B12 0.0045 MG / vitamin B6 1.05 MG / vitamin E 6.75 MG Chewable Tablet
1364855,SCD,ascorbic acid 60 MG / cholecalciferol 0.01 MG / folic acid 0.3 MG / niacin 13.5 MG / riboflavin 1.2 MG / sodium fluoride 2.2 MG / thiamine 1.05 MG / vitamin A 0.75 MG / vitamin B12 0.0045 MG / vitamin B6 1.05 MG / vitamin E 15 UNT Chewable Tablet
1102196,SCD,ascorbic acid 100 MG / biotin 0.3 MG / calcium pantothenate 0.3 MG / ferrous bisglycinate 65 MG / folic acid 1 MG / formic acid 155 MG / iron-dextran complex 65 MG / niacin 25 MG / pyridoxine hydrochloride 30 MG / riboflavin 5 MG / thiamine hydrochloride 5 MG / vitamin B12 0.01 MG Oral Tablet
1304559,SCD,alpha-tocopherol acetate 1 UNT/ML / ascorbic acid 20 MG/ML / biotin 0.006 MG/ML / cholecalciferol 20 UNT/ML / dexpanthenol 1.5 MG/ML / folic acid 0.06 MG/ML / niacinamide 4 MG/ML / pyridoxine hydrochloride 0.6 MG/ML / riboflavin 0.36 MG/ML / thiamine hydrochloride 0.6 MG/ML / vitamin A palmitate 330 UNT/ML / vitamin B12 0.0005 MG/ML / vitamin K1 0.015 MG/ML Injectable Solution
1305217,SCD,alpha-tocopherol acetate 1.4 UNT/ML / ascorbic acid 16 MG/ML / biotin 0.004 MG/ML / cholecalciferol 80 UNT/ML / dexpanthenol 1 MG/ML / folic acid 0.028 MG/ML / niacinamide 3.4 MG/ML / pyridoxine hydrochloride 0.2 MG/ML / riboflavin 0.28 MG/ML / thiamine hydrochloride 0.24 MG/ML / vitamin A palmitate 460 UNT/ML / vitamin B12 0.0002 MG/ML / vitamin K1 0.04 MG/ML Injectable Solution
1304490,SCD,alpha-tocopherol acetate 30 UNT / ascorbic acid 120 MG / calcium citrate 125 MG / cholecalciferol 400 UNT / cupric oxide 2 MG / docusate sodium 50 MG / folic acid 1 MG / iron carbonyl 35 MG / niacinamide 20 MG / potassium iodide 0.15 MG / pyridoxine hydrochloride 25 MG / riboflavin 3.4 MG / thiamine hydrochloride 3 MG / zinc oxide 25 MG Oral Tablet
1313925,SCD,alpha-tocopherol acetate 30 UNT / ascorbic acid 100 MG / beta carotene 1000 UNT / calcium carbonate 200 MG / calcium pantothenate 7 MG / cholecalciferol 400 UNT / docusate sodium 25 MG / ferrous fumarate 29 MG / folic acid 1 MG / niacinamide 15 MG / pyridoxine hydrochloride 20 MG / riboflavin 3 MG / thiamine 3 MG / vitamin B12 0.012 MG / zinc oxide 20 MG Oral Tablet
1314666,SCD,ascorbic acid 210 MG / biotin 0.3 MG / calcium pantothenate 7 MG / copper sulfate 0.8 MG / ferrous fumarate 130 MG / folic acid 1 MG / magnesium sulfate 6.9 MG / manganese sulfate 1.3 MG / niacin 20 MG / polysaccharide iron complex 92.4 MG / pyridoxine hydrochloride 25 MG / riboflavin 5 MG / thiamine mononitrate 5 MG / vitamin B12 0.01 MG / zinc sulfate 18.2 MG Oral Capsule
1119569,SCD,ascorbic acid 30 MG / cholecalciferol 1000 UNT / cuprous oxide 2 MG / folic acid 1 MG / magnesium oxide 20 MG / niacin 15 MG / polysaccharide iron complex 29 MG / potassium iodide 0.15 MG / pyridoxine hydrochloride 2.5 MG / riboflavin 1.8 MG / thiamine mononitrate 1.6 MG / vitamin A 1100 UNT / vitamin B12 0.012 MG / vitamin E 20 UNT / zinc oxide 25 MG Oral Capsule
1248142,SCD,ascorbic acid 120 MG / beta carotene 2700 UNT / calcium carbonate 200 MG / cholecalciferol 400 UNT / cupric oxide 2 MG / docusate sodium 50 MG / folic acid 1 MG / iron carbonyl 90 MG / magnesium oxide 30 MG / niacinamide 20 MG / pyridoxine hydrochloride 20 MG / riboflavin 3.4 MG / thiamine mononitrate 3 MG / tocopherol acetate 30 UNT / vitamin B12 0.012 MG / zinc oxide 25 MG Oral Tablet
797463,SCD,ascorbic acid 80 MG / biotin 0.03 MG / calcium carbonate 200 MG / cupric oxide 3 MG / ferrous fumarate 60 MG / folic acid 1 MG / magnesium oxide 100 MG / niacinamide 17 MG / pantothenic acid 7 MG / riboflavin 1.6 MG / thiamine 1.5 MG / vitamin A 4000 UNT / vitamin B12 0.0025 MG / vitamin B6 4 MG / vitamin E 400 UNT / zinc oxide 25 MG Oral Tablet
1116179,SCD,ascorbic acid 100 MG / calcium carbonate 200 MG / cholecalciferol 0.01 MG / copper sulfate 2 MG / dl-alpha tocopheryl acetate 30 UNT / ferrous fumarate 65 MG / folic acid 1 MG / magnesium oxide 10 MG / niacinamide 20 MG / potassium iodide 0.15 MG / pyridoxine hydrochloride 5 MG / retinol acetate 4000 UNT / riboflavin 3.4 MG / thiamine mononitrate 3 MG / vitamin B12 0.012 MG / zinc sulfate 15 MG Oral Tablet
212360,SBD,ascorbic acid 60 MG Chewable Tablet [N Ice with Vitamin C]
1150077,SBD,ascorbic acid 60 MG Oral Lozenge [Halls Defense]
1859193,SBD,ascorbic acid 60 MG Oral Lozenge [N Ice with Vitamin C]
211855,SBD,ascorbic acid 500 MG Oral Capsule [C-Time]
2002739,SBD,ascorbic acid 500 MG/ML Injectable Solution [Ascor]
211869,SBD,ascorbic acid 1000 MG Oral Tablet [Cemill 1000]
728491,SBD,"protein C, human 1 UNT Injection [Ceprotin]"
1799178,SBD,ascorbic acid 125 MG / iron carbonyl 65 MG Delayed Release Oral Tablet [Vitron-C Reformulated Jul 2016]
1088869,SBD,ascorbic acid 250 MG / iron carbonyl 100 MG Oral Tablet [Icar C]
808085,SBD,ascorbic acid 50 MG / polysaccharide iron complex 150 MG Oral Capsule [Ferrex 150 Plus]
1648174,SBD,estradiol 3-benzoate 10 MG / progesterone 100 MG Drug Implant [Synovex C]
2612086,SBD,estradiol 3-benzoate 20 MG / progesterone 200 MG Drug Implant [Synovex S]
876679,SBD,ascorbic acid 35 MG/ML / cholecalciferol 0.01 MG/ML / vitamin A 0.45 MG/ML Oral Solution [Tri-Vi-Sol]
861072,SBD,ascorbic acid 500 MG / ferrous sulfate 525 MG / folic acid 0.8 MG Extended Release Oral Tablet [Folitab]
999783,SBD,ascorbic acid 60 MG / ferrous fumarate 460 MG / folic acid 1 MG / vitamin B12 0.01 MG Oral Capsule [Hematogen]
999749,SBD,ascorbic acid 250 MG / ferrous fumarate 200 MG / folic acid 1 MG / vitamin B12 0.01 MG Oral Capsule [Hematogen]
1087418,SBD,ascorbic acid 250 MG / folic acid 1 MG / iron carbonyl 100 MG / vitamin B12 0.025 MG Oral Tablet [Icar-C Plus]
891815,SBD,ascorbic acid 113 MG / beta carotene 7160 MG / cuprous oxide 0.4 MG / dl-alpha tocopheryl acetate 100 UNT / zinc oxide 17.4 MG Oral Tablet [PreserVision]
891793,SBD,ascorbic acid 226 MG / beta carotene 14320 UNT / cuprous oxide 0.8 MG / dl-alpha tocopheryl acetate 200 UNT / zinc oxide 34.8 MG Oral Capsule [PreserVision]
891709,SBD,ascorbic acid 60 MG / cuprous oxide 2 MG / dl-alpha tocopheryl acetate 30 MG / lutein 6 MG / zinc oxide 15 MG Oral Capsule [Ocuvite Lutein]
891820,SBD,ascorbic acid 226 MG / cuprous oxide 0.8 MG / dl-alpha tocopheryl acetate 200 UNT / lutein 5 MG / zinc oxide 34.8 MG Oral Capsule [PreserVision with Lutein]
836270,SBD,ascorbic acid 120 MG / docusate sodium 50 MG / folic acid 1 MG / iron carbonyl 90 MG / vitamin B12 0.012 MG Oral Tablet [Ferralet 90]
1087238,SBD,ascorbic acid 120 MG / docusate sodium 50 MG / folic acid 1 MG / iron carbonyl 90 MG / vitamin B12 0.012 MG Oral Tablet [Ferraplus]
1087208,SBD,ascorbic acid 75 MG / ferrous fumarate 333 MG / folic acid 0.5 MG / liver stomach concentrate 240 MG / vitamin B12 0.015 MG Oral Capsule [Ferocon]
1087302,SBD,ascorbic acid 40 MG / ferrous fumarate 62.5 MG / folic acid 1 MG / niacin 3 MG / polysaccharide iron complex 62.5 MG Oral Capsule [Folivane-F]
999826,SBD,ascorbic acid 40 MG / ferrous fumarate 191 MG / folic acid 1 MG / niacinamide 3 MG / polysaccharide iron complex 136 MG Oral Capsule [Integra F]
800918,SBD,ascorbic acid 4700 MG / polyethylene glycol 3350 100000 MG / potassium chloride 1015 MG / sodium ascorbate 5900 MG / sodium chloride 2690 MG / sodium sulfate 7500 MG Powder for Oral Solution [MoviPrep]
1484963,SBD,"coagulation factor IX, human 1 UNT / coagulation factor X, human 1 UNT / factor VII, human 1 UNT / protein C, human 1 UNT / protein S, human 1 UNT / prothrombin, human 1 UNT Injection [Kcentra]"
2643209,SBD,"coagulation factor IX, human-lans 1 UNT / coagulation factor X, human-lans 1 UNT / factor VII, human-lans 1 UNT / protein C, human-lans 1 UNT / protein S, human-lans 1 UNT / prothrombin, human-lans 1 UNT Injection [Balfaxar]"
1090975,SBD,ascorbic acid 60 MG / beta carotene 5000 UNT / copper sulfate 2 MG / dl-alpha tocopheryl acetate 30 UNT / lutein 2 MG / sodium selenite 0.04 MG / zinc oxide 40 MG Oral Tablet [Macuvite with Lutein]
891719,SBD,ascorbic acid 200 MG / beta carotene 1000 UNT / cuprous oxide 2 MG / dl-alpha tocopheryl acetate 60 UNT / lutein 2 MG / sodium selenate 0.055 MG / zinc oxide 40 MG Oral Tablet [Ocuvite]
1087410,SBD,24 HR ascorbic acid 500 MG / biotin 0.15 MG / copper sulfate 3 MG / dl-alpha tocopheryl acetate 30 UNT / docusate sodium 50 MG / folic acid 1 MG / iron carbonyl 150 MG / vitamin B12 0.06 MG Extended Release Oral Tablet [Hemax]
826860,SBD,ascorbic acid 60 MG / biotin 0.3 MG / folic acid 0.8 MG / mecobalamin 0.006 MG / niacinamide 20 MG / pantothenate 10 MG / pyridoxine 10 MG / riboflavin 1.7 MG / thiamine 1.5 MG Oral Tablet [Dialyvite 800]
877466,SBD,ascorbic acid 60 MG / calcium pantothenate 10 MG / D-biotin 0.3 MG / folic acid 0.8 MG / niacinamide 20 MG / pyridoxine 10 MG / riboflavin 1.7 MG / thiamine 1.5 MG / vitamin B12 0.006 MG Oral Tablet [Rena-Vite]
1090972,SBD,ascorbic acid 10.8 MG/ML / cholecalciferol 72 UNT/ML / dl-alpha tocopheryl acetate 2.7 UNT/ML / niacinamide 2.44 MG/ML / pyridoxine 0.189 MG/ML / riboflavin 0.216 MG/ML / thiamine hydrochloride 0.168 MG/ML / vitamin A 450 UNT/ML / vitamin B12 0.00081 MG/ML Oral Solution [Multi-Delyn]
876861,SBD,ascorbic acid 35 MG/ML / cholecalciferol 0.01 MG/ML / niacin 8 MG/ML / riboflavin 0.6 MG/ML / thiamine 0.5 MG/ML / vitamin A 0.45 MG/ML / vitamin B12 0.002 MG/ML / vitamin B6 0.4 MG/ML / vitamin E 2.25 MG/ML Oral Solution [Poly-Vi-Sol]
826865,SBD,ascorbic acid 60 MG / biotin 0.3 MG / ferrous fumarate 29 MG / folic acid 0.8 MG / mecobalamin 0.006 MG / niacinamide 20 MG / pantothenate 10 MG / pyridoxine 10 MG / riboflavin 1.7 MG / thiamine 1.5 MG Oral Tablet [Dialyvite 800 with Iron]
826653,SBD,ascorbic acid 60 MG / biotin 0.3 MG / folic acid 0.8 MG / mecobalamin 0.006 MG / niacinamide 20 MG / pantothenate 10 MG / pyridoxine 10 MG / riboflavin 1.7 MG / thiamine 1.5 MG / zinc citrate 15 MG Oral Tablet [Dialyvite 800 with Zinc]
1114342,SBD,ascorbic acid 60 MG / biotin 0.3 MG / folic acid 0.8 MG / mecobalamin 0.006 MG / niacinamide 20 MG / pantothenate 10 MG / pyridoxine 10 MG / riboflavin 1.7 MG / thiamine 1.5 MG / zinc citrate 50 MG Oral Tablet [Dialyvite 800 with Zinc]
1428828,SBD,ascorbic acid 60 MG / cholecalciferol 0.01 MG / folic acid 0.3 MG / niacin 13.5 MG / riboflavin 1.2 MG / sodium fluoride 2.2 MG / thiamine 1.05 MG / vitamin A 0.75 MG / vitamin B12 0.0045 MG / vitamin B6 1.05 MG / vitamin E 15 UNT Chewable Tablet [MVC-Fluoride]
1102206,SBD,ascorbic acid 100 MG / biotin 0.3 MG / calcium pantothenate 0.3 MG / ferrous bisglycinate 65 MG / folic acid 1 MG / formic acid 155 MG / iron-dextran complex 65 MG / niacin 25 MG / pyridoxine hydrochloride 30 MG / riboflavin 5 MG / thiamine hydrochloride 5 MG / vitamin B12 0.01 MG Oral Tablet [Irospan Tablet]
1304564,SBD,alpha-tocopherol acetate 1 UNT/ML / ascorbic acid 20 MG/ML / biotin 0.006 MG/ML / cholecalciferol 20 UNT/ML / dexpanthenol 1.5 MG/ML / folic acid 0.06 MG/ML / niacinamide 4 MG/ML / pyridoxine hydrochloride 0.6 MG/ML / riboflavin 0.36 MG/ML / thiamine hydrochloride 0.6 MG/ML / vitamin A palmitate 330 UNT/ML / vitamin B12 0.0005 MG/ML / vitamin K1 0.015 MG/ML Injectable Solution [Infuvite]
1305222,SBD,alpha-tocopherol acetate 1.4 UNT/ML / ascorbic acid 16 MG/ML / biotin 0.004 MG/ML / cholecalciferol 80 UNT/ML / dexpanthenol 1 MG/ML / folic acid 0.028 MG/ML / niacinamide 3.4 MG/ML / pyridoxine hydrochloride 0.2 MG/ML / riboflavin 0.28 MG/ML / thiamine hydrochloride 0.24 MG/ML / vitamin A palmitate 460 UNT/ML / vitamin B12 0.0002 MG/ML / vitamin K1 0.04 MG/ML Injectable Solution [Infuvite Pediatric]
1314672,SBD,ascorbic acid 210 MG / biotin 0.3 MG / calcium pantothenate 7 MG / copper sulfate 0.8 MG / ferrous fumarate 130 MG / folic acid 1 MG / magnesium sulfate 6.9 MG / manganese sulfate 1.3 MG / niacin 20 MG / polysaccharide iron complex 92.4 MG / pyridoxine hydrochloride 25 MG / riboflavin 5 MG / thiamine mononitrate 5 MG / vitamin B12 0.01 MG / zinc sulfate 18.2 MG Oral Capsule [Concept OB]
1119573,SBD,ascorbic acid 30 MG / cholecalciferol 1000 UNT / cuprous oxide 2 MG / folic acid 1 MG / magnesium oxide 20 MG / niacin 15 MG / polysaccharide iron complex 29 MG / potassium iodide 0.15 MG / pyridoxine hydrochloride 2.5 MG / riboflavin 1.8 MG / thiamine mononitrate 1.6 MG / vitamin A 1100 UNT / vitamin B12 0.012 MG / vitamin E 20 UNT / zinc oxide 25 MG Oral Capsule [Vitafol-One]
1116183,SBD,ascorbic acid 100 MG / calcium carbonate 200 MG / cholecalciferol 0.01 MG / copper sulfate 2 MG / dl-alpha tocopheryl acetate 30 UNT / ferrous fumarate 65 MG / folic acid 1 MG / magnesium oxide 10 MG / niacinamide 20 MG / potassium iodide 0.15 MG / pyridoxine hydrochloride 5 MG / retinol acetate 4000 UNT / riboflavin 3.4 MG / thiamine mononitrate 3 MG / vitamin B12 0.012 MG / zinc sulfate 15 MG Oral Tablet [Lactocal]
1100470,GPCK,{30 (ascorbic acid 120 MG / calcium citrate 125 MG / cholecalciferol 400 UNT / folic acid 1 MG / iron carbonyl 20 MG / pyridoxine hydrochloride 25 MG Oral Tablet) / 10 (pyridoxine hydrochloride 25 MG Oral Tablet) } Pack
2045244,GPCK,{1 (ascorbic acid 7540 MG / polyethylene glycol 3350 40000 MG / potassium chloride 1200 MG / sodium ascorbate 48110 MG / sodium chloride 3200 MG Powder for Oral Solution) / 1 (polyethylene glycol 3350 100000 MG / potassium chloride 1000 MG / sodium chloride 2000 MG / sodium sulfate 9000 MG Powder for Oral Solution) } Pack
1102202,GPCK,{6 (ascorbic acid 100 MG / biotin 0.3 MG / calcium carbonate 100 MG / calcium pantothenate 7 MG / folic acid 1 MG / niacin 25 MG / pyridoxine hydrochloride 30 MG / riboflavin 5 MG / succinic acid 150 MG / thiamine hydrochloride 5 MG / vitamin B12 0.01 MG Oral Tablet) / 24 (ascorbic acid 100 MG / biotin 0.3 MG / calcium pantothenate 0.3 MG / ferrous bisglycinate 65 MG / folic acid 1 MG / formic acid 155 MG / iron-dextran complex 65 MG / niacin 25 MG / pyridoxine hydrochloride 30 MG / riboflavin 5 MG / thiamine hydrochloride 5 MG / vitamin B12 0.01 MG Oral Tablet) } Pack
1100471,BPCK,{30 (ascorbic acid 120 MG / calcium citrate 125 MG / cholecalciferol 400 UNT / folic acid 1 MG / iron carbonyl 20 MG / pyridoxine hydrochloride 25 MG Oral Tablet) / 10 (pyridoxine hydrochloride 25 MG Oral Tablet) } Pack [CitraNatal B-Calm Kit]
2045245,BPCK,{1 (ascorbic acid 7540 MG / polyethylene glycol 3350 40000 MG / potassium chloride 1200 MG / sodium ascorbate 48110 MG / sodium chloride 3200 MG Powder for Oral Solution) / 1 (polyethylene glycol 3350 100000 MG / potassium chloride 1000 MG / sodium chloride 2000 MG / sodium sulfate 9000 MG Powder for Oral Solution) } Pack [Plenvu]
1102207,BPCK,{6 (ascorbic acid 100 MG / biotin 0.3 MG / calcium carbonate 100 MG / calcium pantothenate 7 MG / folic acid 1 MG / niacin 25 MG / pyridoxine hydrochloride 30 MG / riboflavin 5 MG / succinic acid 150 MG / thiamine hydrochloride 5 MG / vitamin B12 0.01 MG Oral Tablet) / 24 (ascorbic acid 100 MG / biotin 0.3 MG / calcium pantothenate 0.3 MG / ferrous bisglycinate 65 MG / folic acid 1 MG / formic acid 155 MG / iron-dextran complex 65 MG / niacin 25 MG / pyridoxine hydrochloride 30 MG / riboflavin 5 MG / thiamine hydrochloride 5 MG / vitamin B12 0.01 MG Oral Tablet [Irospan Tablet]) } Pack [Irospan 24/6 Kit]
371756,SCDF,dextromethorphan Chewable Tablet
1145673,SCDF,dextromethorphan Disintegrating Oral Tablet
377535,SCDF,dextromethorphan Extended Release Suspension
371754,SCDF,dextromethorphan Oral Capsule
371758,SCDF,dextromethorphan Oral Lozenge
371757,SCDF,dextromethorphan Oral Solution
702440,SCDF,dextromethorphan Oral Spray
438999,SCDF,dextromethorphan Oral Suspension
375016,SCDF,dextromethorphan Oral Tablet
617729,SCDF,acetaminophen / dextromethorphan Chewable Tablet
2744313,SCDF,acetaminophen / dextromethorphan Effervescent Oral Tablet
370755,SCDF,acetaminophen / dextromethorphan Oral Capsule
370756,SCDF,acetaminophen / dextromethorphan Oral Solution
376156,SCDF,acetaminophen / dextromethorphan Oral Suspension
370757,SCDF,acetaminophen / dextromethorphan Oral Tablet
2636655,SCDF,acetaminophen / dextromethorphan Powder for Oral Solution
2679417,SCDF,acetaminophen / dextromethorphan Granules for Oral Solution
374472,SCDF,benzocaine / dextromethorphan Oral Lozenge
2676754,SCDF,brompheniramine / dextromethorphan Oral Solution
2611259,SCDF,bupropion / dextromethorphan Extended Release Oral Tablet
617478,SCDF,chlorpheniramine / dextromethorphan Chewable Tablet
371456,SCDF,chlorpheniramine / dextromethorphan Oral Solution
2743066,SCDF,chlorpheniramine / dextromethorphan Oral Suspension
371458,SCDF,chlorpheniramine / dextromethorphan Oral Tablet
2741367,SCDF,dexchlorpheniramine / dextromethorphan Oral Solution
2591969,SCDF,dextromethorphan / doxylamine Chewable Tablet
379167,SCDF,dextromethorphan / doxylamine Oral Solution
2598124,SCDF,dextromethorphan / guaifenesin Effervescent Oral Tablet
371769,SCDF,dextromethorphan / guaifenesin Extended Release Oral Tablet
371763,SCDF,dextromethorphan / guaifenesin Oral Capsule
727159,SCDF,dextromethorphan / guaifenesin Oral Granules
371766,SCDF,dextromethorphan / guaifenesin Oral Solution
371765,SCDF,dextromethorphan / guaifenesin Oral Suspension
371768,SCDF,dextromethorphan / guaifenesin Oral Tablet
2566822,SCDF,dextromethorphan / hexylresorcinol Oral Lozenge
1301245,SCDF,dextromethorphan / menthol Oral Lozenge
452782,SCDF,dextromethorphan / phenylephrine Chewable Tablet
373386,SCDF,dextromethorphan / phenylephrine Oral Solution
702447,SCDF,dextromethorphan / phenylephrine Oral Spray
375020,SCDF,dextromethorphan / phenylephrine Oral Suspension
393371,SCDF,dextromethorphan / promethazine Oral Solution
373684,SCDF,dextromethorphan / pseudoephedrine Chewable Tablet
373683,SCDF,dextromethorphan / pseudoephedrine Oral Capsule
373685,SCDF,dextromethorphan / pseudoephedrine Oral Solution
1423305,SCDF,dextromethorphan / pyrilamine Oral Solution
1923361,SCDF,dextromethorphan / pyrilamine Oral Tablet
1040052,SCDF,dextromethorphan / quinidine Oral Capsule
374251,SCDF,dextromethorphan / triprolidine Oral Solution
2678227,SCDF,acetaminophen / chlorpheniramine / dextromethorphan Chewable Tablet
2744310,SCDF,acetaminophen / chlorpheniramine / dextromethorphan Effervescent Oral Tablet
377029,SCDF,acetaminophen / chlorpheniramine / dextromethorphan Oral Solution
618255,SCDF,acetaminophen / chlorpheniramine / dextromethorphan Oral Suspension
379159,SCDF,acetaminophen / chlorpheniramine / dextromethorphan Oral Tablet
2636657,SCDF,acetaminophen / chlorpheniramine / dextromethorphan Powder for Oral Solution
604128,SCDF,acetaminophen / dextromethorphan / diphenhydramine Oral Solution
2715860,SCDF,acetaminophen / dextromethorphan / doxylamine Chewable Tablet
602750,SCDF,acetaminophen / dextromethorphan / doxylamine Oral Capsule
604808,SCDF,acetaminophen / dextromethorphan / doxylamine Oral Solution
2692300,SCDF,acetaminophen / dextromethorphan / doxylamine Oral Suspension
1489001,SCDF,acetaminophen / dextromethorphan / doxylamine Oral Tablet
1805287,SCDF,acetaminophen / dextromethorphan / doxylamine Powder for Oral Solution
2377384,SCDF,acetaminophen / dextromethorphan / guaifenesin Oral Capsule
375971,SCDF,acetaminophen / dextromethorphan / guaifenesin Oral Solution
806545,SCDF,acetaminophen / dextromethorphan / guaifenesin Oral Tablet
1536923,SCDF,acetaminophen / dextromethorphan / phenylephrine Effervescent Oral Tablet
577330,SCDF,acetaminophen / dextromethorphan / phenylephrine Oral Capsule
636782,SCDF,acetaminophen / dextromethorphan / phenylephrine Oral Solution
636376,SCDF,acetaminophen / dextromethorphan / phenylephrine Oral Tablet
1659966,SCDF,acetaminophen / dextromethorphan / phenylephrine Granules for Oral Solution
375672,SCDF,acetaminophen / dextromethorphan / pseudoephedrine Oral Capsule
374779,SCDF,acetaminophen / dextromethorphan / pseudoephedrine Oral Solution
374729,SCDF,acetaminophen / dextromethorphan / pseudoephedrine Oral Tablet
2167837,SCDF,acetaminophen / dextromethorphan / pseudoephedrine Powder for Oral Solution
2173665,SCDF,acetaminophen / dextromethorphan / triprolidine Oral Solution
2549033,SCDF,acetaminophen / dextromethorphan / triprolidine Oral Tablet
1536497,SCDF,aspirin / dextromethorphan / phenylephrine Effervescent Oral Tablet
824552,SCDF,benzocaine / dextromethorphan / glycerin Mucosal Spray
1045530,SCDF,benzocaine / dextromethorphan / menthol Oral Lozenge
405871,SCDF,brompheniramine / dextromethorphan / phenylephrine Oral Solution
804594,SCDF,brompheniramine / dextromethorphan / phenylephrine Oral Tablet
376370,SCDF,brompheniramine / dextromethorphan / phenylpropanolamine Oral Solution
375372,SCDF,brompheniramine / dextromethorphan / pseudoephedrine Oral Solution
794659,SCDF,brompheniramine / dextromethorphan / pseudoephedrine Oral Tablet
374809,SCDF,carbinoxamine / dextromethorphan / pseudoephedrine Oral Solution
1536861,SCDF,chlorpheniramine / dextromethorphan / phenylephrine Effervescent Oral Tablet
376095,SCDF,chlorpheniramine / dextromethorphan / phenylephrine Extended Release Oral Tablet
374717,SCDF,chlorpheniramine / dextromethorphan / phenylephrine Oral Solution
477094,SCDF,chlorpheniramine / dextromethorphan / phenylephrine Oral Tablet
374720,SCDF,chlorpheniramine / dextromethorphan / pseudoephedrine Oral Solution
804153,SCDF,chlorpheniramine / dextromethorphan / pseudoephedrine Oral Tablet
2670537,SCDF,choline / dextromethorphan / guaifenesin Oral Solution
757013,SCDF,dexbrompheniramine / dextromethorphan / phenylephrine Oral Solution
628822,SCDF,dexbrompheniramine / dextromethorphan / phenylephrine Oral Tablet
1190598,SCDF,dexbrompheniramine / dextromethorphan / pseudoephedrine Oral Solution
1990880,SCDF,dexchlorpheniramine / dextromethorphan / phenylephrine Oral Solution
757268,SCDF,dexchlorpheniramine / dextromethorphan / pseudoephedrine Oral Solution
2566813,SCDF,dextromethorphan / doxylamine / phenylephrine Oral Solution
1094348,SCDF,dextromethorphan / doxylamine / pseudoephedrine Oral Solution
2744502,SCDF,dextromethorphan / guaifenesin / naproxen Extended Release Oral Tablet
375428,SCDF,dextromethorphan / guaifenesin / phenylephrine Extended Release Oral Tablet
752340,SCDF,dextromethorphan / guaifenesin / phenylephrine Oral Capsule
375427,SCDF,dextromethorphan / guaifenesin / phenylephrine Oral Solution
637447,SCDF,dextromethorphan / guaifenesin / phenylephrine Oral Suspension
378721,SCDF,dextromethorphan / guaifenesin / phenylephrine Oral Tablet
374802,SCDF,dextromethorphan / guaifenesin / pseudoephedrine Extended Release Oral Tablet
374772,SCDF,dextromethorphan / guaifenesin / pseudoephedrine Oral Capsule
374746,SCDF,dextromethorphan / guaifenesin / pseudoephedrine Oral Solution
374747,SCDF,dextromethorphan / guaifenesin / pseudoephedrine Oral Tablet
617557,SCDF,dextromethorphan / pheniramine / phenylephrine Oral Solution
378231,SCDF,dextromethorphan / phenylephrine / pyrilamine Oral Solution
1427390,SCDF,dextromethorphan / phenylephrine / thonzylamine Oral Solution
1492050,SCDF,dextromethorphan / phenylephrine / triprolidine Oral Solution
2699311,SCDF,dextromethorphan / pseudoephedrine / triprolidine Oral Solution
1536476,SCDF,acetaminophen / chlorpheniramine / dextromethorphan / phenylephrine Effervescent Oral Tablet
901269,SCDF,acetaminophen / chlorpheniramine / dextromethorphan / phenylephrine Oral Capsule
728132,SCDF,acetaminophen / chlorpheniramine / dextromethorphan / phenylephrine Oral Solution
375994,SCDF,acetaminophen / chlorpheniramine / dextromethorphan / phenylephrine Oral Suspension
644179,SCDF,acetaminophen / chlorpheniramine / dextromethorphan / phenylephrine Oral Tablet
1536933,SCDF,acetaminophen / chlorpheniramine / dextromethorphan / phenylpropanolamine Effervescent Oral Tablet
374777,SCDF,acetaminophen / chlorpheniramine / dextromethorphan / pseudoephedrine Chewable Tablet
374776,SCDF,acetaminophen / chlorpheniramine / dextromethorphan / pseudoephedrine Oral Capsule
374770,SCDF,acetaminophen / chlorpheniramine / dextromethorphan / pseudoephedrine Oral Solution
374767,SCDF,acetaminophen / chlorpheniramine / dextromethorphan / pseudoephedrine Oral Tablet
1996097,SCDF,acetaminophen / dextromethorphan / diphenhydramine / phenylephrine Oral Solution
579620,SCDF,acetaminophen / dextromethorphan / diphenhydramine / pseudoephedrine Oral Tablet
1536998,SCDF,acetaminophen / dextromethorphan / doxylamine / phenylephrine Effervescent Oral Tablet
1297287,SCDF,acetaminophen / dextromethorphan / doxylamine / phenylephrine Oral Capsule
647202,SCDF,acetaminophen / dextromethorphan / doxylamine / phenylephrine Oral Solution
1546875,SCDF,acetaminophen / dextromethorphan / doxylamine / phenylephrine Oral Tablet
1804346,SCDF,acetaminophen / dextromethorphan / doxylamine / phenylephrine Powder for Oral Solution
374769,SCDF,acetaminophen / dextromethorphan / doxylamine / pseudoephedrine Oral Capsule
374768,SCDF,acetaminophen / dextromethorphan / doxylamine / pseudoephedrine Oral Solution
1145621,SCDF,acetaminophen / dextromethorphan / guaifenesin / phenylephrine Oral Capsule
647321,SCDF,acetaminophen / dextromethorphan / guaifenesin / phenylephrine Oral Solution
1593449,SCDF,acetaminophen / dextromethorphan / guaifenesin / phenylephrine Oral Suspension
376003,SCDF,acetaminophen / dextromethorphan / guaifenesin / phenylephrine Oral Tablet
1812460,SCDF,acetaminophen / dextromethorphan / guaifenesin / phenylephrine Powder for Oral Solution
374780,SCDF,acetaminophen / dextromethorphan / guaifenesin / pseudoephedrine Oral Capsule
376336,SCDF,acetaminophen / dextromethorphan / guaifenesin / pseudoephedrine Oral Tablet
2608081,SCDF,acetaminophen / dextromethorphan / phenylephrine / triprolidine Oral Capsule
2173660,SCDF,acetaminophen / dextromethorphan / phenylephrine / triprolidine Oral Solution
2549036,SCDF,acetaminophen / dextromethorphan / phenylephrine / triprolidine Oral Tablet
1537028,SCDF,aspirin / chlorpheniramine / dextromethorphan / phenylephrine Effervescent Oral Tablet
1536502,SCDF,aspirin / dextromethorphan / doxylamine / phenylephrine Effervescent Oral Tablet
1743367,SCDF,acetaminophen / chlorpheniramine / dextromethorphan / guaifenesin / phenylephrine Oral Solution
370485,SBDF,dextromethorphan Extended Release Suspension [Delsym]
807857,SBDF,dextromethorphan Oral Capsule [Robafen Cough]
367201,SBDF,dextromethorphan Oral Lozenge [Scot-Tussin DM Cough Chasers]
756560,SBDF,dextromethorphan Oral Solution [Babee Cof]
756558,SBDF,dextromethorphan Oral Solution [Creomulsion]
1114040,SBDF,dextromethorphan Oral Solution [DayQuil Cough]
756563,SBDF,dextromethorphan Oral Solution [Elixsure Cough]
1099284,SBDF,dextromethorphan Oral Solution [Mielim Y Mas]
1422932,SBDF,dextromethorphan Oral Solution [Scot-tussin Diabetic CF]
702444,SBDF,dextromethorphan Oral Spray [Zicam Cough]
1536154,SBDF,dextromethorphan Oral Suspension [Buckley's Cough Suppressant]
1039254,SBDF,benzocaine / dextromethorphan Oral Lozenge [Cepacol Sore Throat Plus Cough]
2611265,SBDF,bupropion / dextromethorphan Extended Release Oral Tablet [Auvelity]
1040057,SBDF,dextromethorphan / quinidine Oral Capsule [Nuedexta]
1872894,SBDF,benzocaine / dextromethorphan / menthol Oral Lozenge [Cepastat Sore Throat & Cough]
1045540,SBDF,benzocaine / dextromethorphan / menthol Oral Lozenge [Chloraseptic Sore Throat + Cough]
756496,SBDF,brompheniramine / dextromethorphan / pseudoephedrine Oral Solution [Bromfed DM]
2648579,SCDFP,dextromethorphan hydrobromide Chewable Tablet
2645721,SCDFP,dextromethorphan hydrobromide Disintegrating Oral Tablet
2645784,SCDFP,dextromethorphan hydrobromide Oral Capsule
2648760,SCDFP,dextromethorphan hydrobromide Oral Lozenge
2648076,SCDFP,dextromethorphan hydrobromide Oral Solution
2649460,SCDFP,dextromethorphan hydrobromide Oral Spray
2649276,SCDFP,dextromethorphan hydrobromide Oral Suspension
2646985,SCDFP,dextromethorphan hydrobromide Oral Tablet
2645342,SCDFP,dextromethorphan polistirex Extended Release Suspension
2648893,SCDFP,acetaminophen / dextromethorphan hydrobromide Chewable Tablet
2744314,SCDFP,acetaminophen / dextromethorphan hydrobromide Effervescent Oral Tablet
2647005,SCDFP,acetaminophen / dextromethorphan hydrobromide Oral Capsule
2647014,SCDFP,acetaminophen / dextromethorphan hydrobromide Oral Solution
2646358,SCDFP,acetaminophen / dextromethorphan hydrobromide Oral Suspension
2646345,SCDFP,acetaminophen / dextromethorphan hydrobromide Oral Tablet
2648707,SCDFP,acetaminophen / dextromethorphan hydrobromide Powder for Oral Solution
2679419,SCDFP,acetaminophen / dextromethorphan hydrobromide Granules for Oral Solution
2649249,SCDFP,benzocaine / dextromethorphan hydrobromide Oral Lozenge
2676757,SCDFP,brompheniramine maleate / dextromethorphan hydrobromide Oral Solution
2648536,SCDFP,bupropion hydrochloride / dextromethorphan hydrobromide Extended Release Oral Tablet
2646302,SCDFP,chlorpheniramine maleate / dextromethorphan hydrobromide Chewable Tablet
2645924,SCDFP,chlorpheniramine maleate / dextromethorphan hydrobromide Oral Solution
2743067,SCDFP,chlorpheniramine maleate / dextromethorphan hydrobromide Oral Suspension
2645663,SCDFP,chlorpheniramine maleate / dextromethorphan hydrobromide Oral Tablet
2741370,SCDFP,dexchlorpheniramine maleate / dextromethorphan hydrobromide Oral Solution
2646841,SCDFP,dextromethorphan hydrobromide / doxylamine succinate Chewable Tablet
2645976,SCDFP,dextromethorphan hydrobromide / doxylamine succinate Oral Solution
2646376,SCDFP,dextromethorphan hydrobromide / guaifenesin Effervescent Oral Tablet
2649069,SCDFP,dextromethorphan hydrobromide / guaifenesin Extended Release Oral Tablet
2646185,SCDFP,dextromethorphan hydrobromide / guaifenesin Oral Capsule
2647830,SCDFP,dextromethorphan hydrobromide / guaifenesin Oral Granules
2647597,SCDFP,dextromethorphan hydrobromide / guaifenesin Oral Solution
2645981,SCDFP,dextromethorphan hydrobromide / guaifenesin Oral Suspension
2645603,SCDFP,dextromethorphan hydrobromide / guaifenesin Oral Tablet
2645788,SCDFP,dextromethorphan hydrobromide / hexylresorcinol Oral Lozenge
2645621,SCDFP,dextromethorphan hydrobromide / menthol Oral Lozenge
2645673,SCDFP,dextromethorphan hydrobromide / phenylephrine hydrochloride Chewable Tablet
2647491,SCDFP,dextromethorphan hydrobromide / phenylephrine hydrochloride Oral Solution
2649144,SCDFP,dextromethorphan hydrobromide / phenylephrine hydrochloride Oral Spray
2649476,SCDFP,dextromethorphan hydrobromide / phenylephrine hydrochloride Oral Suspension
2646268,SCDFP,dextromethorphan hydrobromide / promethazine hydrochloride Oral Solution
2647710,SCDFP,dextromethorphan hydrobromide / pseudoephedrine hydrochloride Chewable Tablet
2648449,SCDFP,dextromethorphan hydrobromide / pseudoephedrine hydrochloride Oral Capsule
2647570,SCDFP,dextromethorphan hydrobromide / pseudoephedrine hydrochloride Oral Solution
2648848,SCDFP,dextromethorphan hydrobromide / pyrilamine maleate Oral Solution
2646723,SCDFP,dextromethorphan hydrobromide / pyrilamine maleate Oral Tablet
2647985,SCDFP,dextromethorphan hydrobromide / quinidine sulfate Oral Capsule
2648111,SCDFP,dextromethorphan hydrobromide / triprolidine hydrochloride Oral Solution
2678229,SCDFP,acetaminophen / chlorpheniramine maleate / dextromethorphan hydrobromide Chewable Tablet
2744311,SCDFP,acetaminophen / chlorpheniramine maleate / dextromethorphan hydrobromide Effervescent Oral Tablet
2648167,SCDFP,acetaminophen / chlorpheniramine maleate / dextromethorphan hydrobromide Oral Solution
2647881,SCDFP,acetaminophen / chlorpheniramine maleate / dextromethorphan hydrobromide Oral Suspension
2645354,SCDFP,acetaminophen / chlorpheniramine maleate / dextromethorphan hydrobromide Oral Tablet
2647837,SCDFP,acetaminophen / chlorpheniramine maleate / dextromethorphan hydrobromide Powder for Oral Solution
2646917,SCDFP,acetaminophen / dextromethorphan hydrobromide / diphenhydramine hydrochloride Oral Solution
2715862,SCDFP,acetaminophen / dextromethorphan hydrobromide / doxylamine succinate Chewable Tablet
2646221,SCDFP,acetaminophen / dextromethorphan hydrobromide / doxylamine succinate Oral Capsule
2648037,SCDFP,acetaminophen / dextromethorphan hydrobromide / doxylamine succinate Oral Solution
2692301,SCDFP,acetaminophen / dextromethorphan hydrobromide / doxylamine succinate Oral Suspension
2648385,SCDFP,acetaminophen / dextromethorphan hydrobromide / doxylamine succinate Oral Tablet
2647243,SCDFP,acetaminophen / dextromethorphan hydrobromide / doxylamine succinate Powder for Oral Solution
2648508,SCDFP,acetaminophen / dextromethorphan hydrobromide / guaifenesin Oral Capsule
2646565,SCDFP,acetaminophen / dextromethorphan hydrobromide / guaifenesin Oral Solution
2648479,SCDFP,acetaminophen / dextromethorphan hydrobromide / guaifenesin Oral Tablet
2646455,SCDFP,acetaminophen / dextromethorphan hydrobromide / phenylephrine hydrochloride Effervescent Oral Tablet
2646962,SCDFP,acetaminophen / dextromethorphan hydrobromide / phenylephrine hydrochloride Oral Capsule
2646461,SCDFP,acetaminophen / dextromethorphan hydrobromide / phenylephrine hydrochloride Oral Solution
2649119,SCDFP,acetaminophen / dextromethorphan hydrobromide / phenylephrine hydrochloride Oral Tablet
2646840,SCDFP,acetaminophen / dextromethorphan hydrobromide / phenylephrine hydrochloride Granules for Oral Solution
2648268,SCDFP,acetaminophen / dextromethorphan hydrobromide / pseudoephedrine hydrochloride Oral Capsule
2648221,SCDFP,acetaminophen / dextromethorphan hydrobromide / pseudoephedrine hydrochloride Oral Solution
2649055,SCDFP,acetaminophen / dextromethorphan hydrobromide / pseudoephedrine hydrochloride Oral Tablet
2645677,SCDFP,acetaminophen / dextromethorphan hydrobromide / pseudoephedrine hydrochloride Powder for Oral Solution
2649078,SCDFP,acetaminophen / dextromethorphan hydrobromide / triprolidine hydrochloride Oral Solution
2645606,SCDFP,acetaminophen / dextromethorphan hydrobromide / triprolidine hydrochloride Oral Tablet
2649008,SCDFP,aspirin / dextromethorphan hydrobromide / phenylephrine bitartrate Effervescent Oral Tablet
2649314,SCDFP,benzocaine / dextromethorphan hydrobromide / glycerin Mucosal Spray
2648284,SCDFP,benzocaine / dextromethorphan hydrobromide / menthol Oral Lozenge
2646243,SCDFP,brompheniramine maleate / dextromethorphan hydrobromide / phenylephrine hydrochloride Oral Solution
2649200,SCDFP,brompheniramine maleate / dextromethorphan hydrobromide / phenylephrine hydrochloride Oral Tablet
2648149,SCDFP,brompheniramine maleate / dextromethorphan hydrobromide / phenylpropanolamine hydrochloride Oral Solution
2649080,SCDFP,brompheniramine maleate / dextromethorphan hydrobromide / pseudoephedrine hydrochloride Oral Solution
2646245,SCDFP,brompheniramine maleate / dextromethorphan hydrobromide / pseudoephedrine hydrochloride Oral Tablet
2649230,SCDFP,carbinoxamine maleate / dextromethorphan hydrobromide / pseudoephedrine hydrochloride Oral Solution
2649422,SCDFP,chlorpheniramine maleate / dextromethorphan hydrobromide / phenylephrine hydrochloride Effervescent Oral Tablet
2645504,SCDFP,chlorpheniramine maleate / dextromethorphan hydrobromide / phenylephrine hydrochloride Extended Release Oral Tablet
2648071,SCDFP,chlorpheniramine maleate / dextromethorphan hydrobromide / phenylephrine hydrochloride Oral Solution
2645877,SCDFP,chlorpheniramine maleate / dextromethorphan hydrobromide / phenylephrine hydrochloride Oral Tablet
2645391,SCDFP,chlorpheniramine maleate / dextromethorphan hydrobromide / pseudoephedrine hydrochloride Oral Solution
2647118,SCDFP,chlorpheniramine maleate / dextromethorphan hydrobromide / pseudoephedrine hydrochloride Oral Tablet
2670540,SCDFP,choline salicylate / dextromethorphan hydrobromide / guaifenesin Oral Solution
2645371,SCDFP,dexbrompheniramine maleate / dextromethorphan hydrobromide / phenylephrine hydrochloride Oral Solution
2646818,SCDFP,dexbrompheniramine maleate / dextromethorphan hydrobromide / phenylephrine hydrochloride Oral Tablet
2645746,SCDFP,dexbrompheniramine maleate / dextromethorphan hydrobromide / pseudoephedrine hydrochloride Oral Solution
2645650,SCDFP,dexchlorpheniramine maleate / dextromethorphan hydrobromide / phenylephrine hydrochloride Oral Solution
2649399,SCDFP,dexchlorpheniramine maleate / dextromethorphan hydrobromide / pseudoephedrine hydrochloride Oral Solution
2646086,SCDFP,dextromethorphan hydrobromide / doxylamine succinate / phenylephrine hydrochloride Oral Solution
2645597,SCDFP,dextromethorphan hydrobromide / doxylamine succinate / pseudoephedrine hydrochloride Oral Solution
2744505,SCDFP,dextromethorphan hydrobromide / guaifenesin / naproxen sodium Extended Release Oral Tablet
2648033,SCDFP,dextromethorphan hydrobromide / guaifenesin / phenylephrine hydrochloride Extended Release Oral Tablet
2648773,SCDFP,dextromethorphan hydrobromide / guaifenesin / phenylephrine hydrochloride Oral Capsule
2645876,SCDFP,dextromethorphan hydrobromide / guaifenesin / phenylephrine hydrochloride Oral Solution
2647732,SCDFP,dextromethorphan hydrobromide / guaifenesin / phenylephrine hydrochloride Oral Suspension
2645386,SCDFP,dextromethorphan hydrobromide / guaifenesin / phenylephrine hydrochloride Oral Tablet
2645335,SCDFP,dextromethorphan hydrobromide / guaifenesin / pseudoephedrine hydrochloride Extended Release Oral Tablet
2647665,SCDFP,dextromethorphan hydrobromide / guaifenesin / pseudoephedrine hydrochloride Oral Capsule
2646436,SCDFP,dextromethorphan hydrobromide / guaifenesin / pseudoephedrine hydrochloride Oral Solution
2645434,SCDFP,dextromethorphan hydrobromide / guaifenesin / pseudoephedrine hydrochloride Oral Tablet
2647018,SCDFP,dextromethorphan hydrobromide / pheniramine maleate / phenylephrine hydrochloride Oral Solution
2647102,SCDFP,dextromethorphan hydrobromide / phenylephrine hydrochloride / pyrilamine maleate Oral Solution
2648823,SCDFP,dextromethorphan hydrobromide / phenylephrine hydrochloride / thonzylamine hydrochloride Oral Solution
2648202,SCDFP,dextromethorphan hydrobromide / phenylephrine hydrochloride / triprolidine hydrochloride Oral Solution
2699312,SCDFP,dextromethorphan hydrobromide / pseudoephedrine hydrochloride / triprolidine hydrochloride Oral Solution
2646315,SCDFP,acetaminophen / chlorpheniramine maleate / dextromethorphan hydrobromide / phenylephrine hydrochloride Effervescent Oral Tablet
2647019,SCDFP,acetaminophen / chlorpheniramine maleate / dextromethorphan hydrobromide / phenylephrine hydrochloride Oral Capsule
2649272,SCDFP,acetaminophen / chlorpheniramine maleate / dextromethorphan hydrobromide / phenylephrine hydrochloride Oral Solution
2647558,SCDFP,acetaminophen / chlorpheniramine maleate / dextromethorphan hydrobromide / phenylephrine hydrochloride Oral Suspension
2646156,SCDFP,acetaminophen / chlorpheniramine maleate / dextromethorphan hydrobromide / phenylephrine hydrochloride Oral Tablet
2649472,SCDFP,acetaminophen / chlorpheniramine maleate / dextromethorphan hydrobromide / phenylpropanolamine bitartrate Effervescent Oral Tablet
2646109,SCDFP,acetaminophen / chlorpheniramine maleate / dextromethorphan hydrobromide / pseudoephedrine hydrochloride Chewable Tablet
2648553,SCDFP,acetaminophen / chlorpheniramine maleate / dextromethorphan hydrobromide / pseudoephedrine hydrochloride Oral Capsule
2647468,SCDFP,acetaminophen / chlorpheniramine maleate / dextromethorphan hydrobromide / pseudoephedrine hydrochloride Oral Solution
2648660,SCDFP,acetaminophen / chlorpheniramine maleate / dextromethorphan hydrobromide / pseudoephedrine hydrochloride Oral Tablet
2645628,SCDFP,acetaminophen / dextromethorphan hydrobromide / diphenhydramine hydrochloride / phenylephrine hydrochloride Oral Solution
2648495,SCDFP,acetaminophen / dextromethorphan hydrobromide / diphenhydramine hydrochloride / pseudoephedrine hydrochloride Oral Tablet
2648218,SCDFP,acetaminophen / dextromethorphan hydrobromide / doxylamine succinate / phenylephrine hydrochloride Effervescent Oral Tablet
2646252,SCDFP,acetaminophen / dextromethorphan hydrobromide / doxylamine succinate / phenylephrine hydrochloride Oral Capsule
2649073,SCDFP,acetaminophen / dextromethorphan hydrobromide / doxylamine succinate / phenylephrine hydrochloride Oral Solution
2648526,SCDFP,acetaminophen / dextromethorphan hydrobromide / doxylamine succinate / phenylephrine hydrochloride Oral Tablet
2646124,SCDFP,acetaminophen / dextromethorphan hydrobromide / doxylamine succinate / phenylephrine hydrochloride Powder for Oral Solution
2646056,SCDFP,acetaminophen / dextromethorphan hydrobromide / doxylamine succinate / pseudoephedrine hydrochloride Oral Capsule
2645451,SCDFP,acetaminophen / dextromethorphan hydrobromide / doxylamine succinate / pseudoephedrine hydrochloride Oral Solution
2648118,SCDFP,acetaminophen / dextromethorphan hydrobromide / guaifenesin / phenylephrine hydrochloride Oral Capsule
2648619,SCDFP,acetaminophen / dextromethorphan hydrobromide / guaifenesin / phenylephrine hydrochloride Oral Solution
2646241,SCDFP,acetaminophen / dextromethorphan hydrobromide / guaifenesin / phenylephrine hydrochloride Oral Suspension
2648597,SCDFP,acetaminophen / dextromethorphan hydrobromide / guaifenesin / phenylephrine hydrochloride Oral Tablet
2645658,SCDFP,acetaminophen / dextromethorphan hydrobromide / guaifenesin / phenylephrine hydrochloride Powder for Oral Solution
2647777,SCDFP,acetaminophen / dextromethorphan hydrobromide / guaifenesin / pseudoephedrine hydrochloride Oral Capsule
2648561,SCDFP,acetaminophen / dextromethorphan hydrobromide / guaifenesin / pseudoephedrine hydrochloride Oral Tablet
2645533,SCDFP,acetaminophen / dextromethorphan hydrobromide / phenylephrine hydrochloride / triprolidine hydrochloride Oral Capsule
2648222,SCDFP,acetaminophen / dextromethorphan hydrobromide / phenylephrine hydrochloride / triprolidine hydrochloride Oral Solution
2648212,SCDFP,acetaminophen / dextromethorphan hydrobromide / phenylephrine hydrochloride / triprolidine hydrochloride Oral Tablet
2646022,SCDFP,aspirin / chlorpheniramine maleate / dextromethorphan hydrobromide / phenylephrine bitartrate Effervescent Oral Tablet
2648302,SCDFP,aspirin / dextromethorphan hydrobromide / doxylamine succinate / phenylephrine bitartrate Effervescent Oral Tablet
2646905,SCDFP,acetaminophen / chlorpheniramine maleate / dextromethorphan hydrobromide / guaifenesin / phenylephrine hydrochloride Oral Solution
2655824,SBDFP,dextromethorphan hydrobromide Oral Capsule [Robafen Cough]
2657974,SBDFP,dextromethorphan hydrobromide Oral Lozenge [Scot-Tussin DM Cough Chasers]
2656555,SBDFP,dextromethorphan hydrobromide Oral Solution [Babee Cof]
2657447,SBDFP,dextromethorphan hydrobromide Oral Solution [Creomulsion]
2658702,SBDFP,dextromethorphan hydrobromide Oral Solution [DayQuil Cough]
2655364,SBDFP,dextromethorphan hydrobromide Oral Solution [Elixsure Cough]
2656375,SBDFP,dextromethorphan hydrobromide Oral Solution [Mielim Y Mas]
2658371,SBDFP,dextromethorphan hydrobromide Oral Solution [Scot-tussin Diabetic CF]
2654431,SBDFP,dextromethorphan hydrobromide Oral Spray [Zicam Cough]
2655962,SBDFP,dextromethorphan hydrobromide Oral Suspension [Buckley's Cough Suppressant]
2656423,SBDFP,dextromethorphan polistirex Extended Release Suspension [Delsym]
2656560,SBDFP,benzocaine / dextromethorphan hydrobromide Oral Lozenge [Cepacol Sore Throat Plus Cough]
2655370,SBDFP,bupropion hydrochloride / dextromethorphan hydrobromide Extended Release Oral Tablet [Auvelity]
2657981,SBDFP,dextromethorphan hydrobromide / quinidine sulfate Oral Capsule [Nuedexta]
2655697,SBDFP,benzocaine / dextromethorphan hydrobromide / menthol Oral Lozenge [Cepastat Sore Throat & Cough]
2658582,SBDFP,benzocaine / dextromethorphan hydrobromide / menthol Oral Lozenge [Chloraseptic Sore Throat + Cough]
2658483,SBDFP,brompheniramine maleate / dextromethorphan hydrobromide / pseudoephedrine hydrochloride Oral Solution [Bromfed DM]
1295347,SCDG,dextromethorphan Chewable Product
1295034,SCDG,dextromethorphan Disintegrating Oral Product
1295596,SCDG,dextromethorphan Lozenge Product
1155546,SCDG,dextromethorphan Oral Liquid Product
1155547,SCDG,dextromethorphan Oral Product
1294835,SCDG,dextromethorphan Oral Spray Product
1155548,SCDG,dextromethorphan Pill
1295278,SCDG,acetaminophen / dextromethorphan Chewable Product
2679416,SCDG,acetaminophen / dextromethorphan Granule Product
1151183,SCDG,acetaminophen / dextromethorphan Oral Liquid Product
2603746,SCDG,acetaminophen / dextromethorphan Oral Powder Product
1151184,SCDG,acetaminophen / dextromethorphan Oral Product
1151185,SCDG,acetaminophen / dextromethorphan Pill
1295024,SCDG,benzocaine / dextromethorphan Lozenge Product
1152040,SCDG,benzocaine / dextromethorphan Oral Product
1155724,SCDG,brompheniramine / dextromethorphan Oral Liquid Product
1155725,SCDG,brompheniramine / dextromethorphan Oral Product
2611257,SCDG,bupropion / dextromethorphan Oral Product
2611258,SCDG,bupropion / dextromethorphan Pill
1295027,SCDG,chlorpheniramine / dextromethorphan Chewable Product
1154179,SCDG,chlorpheniramine / dextromethorphan Oral Liquid Product
1154180,SCDG,chlorpheniramine / dextromethorphan Oral Product
1154181,SCDG,chlorpheniramine / dextromethorphan Pill
2741366,SCDG,dexchlorpheniramine / dextromethorphan Oral Liquid Product
2741365,SCDG,dexchlorpheniramine / dextromethorphan Oral Product
2591968,SCDG,dextromethorphan / doxylamine Chewable Product
1154847,SCDG,dextromethorphan / doxylamine Oral Liquid Product
1154848,SCDG,dextromethorphan / doxylamine Oral Product
2591967,SCDG,dextromethorphan / doxylamine Pill
1295005,SCDG,dextromethorphan / guaifenesin Granule Product
1155190,SCDG,dextromethorphan / guaifenesin Oral Liquid Product
1155191,SCDG,dextromethorphan / guaifenesin Oral Product
1155193,SCDG,dextromethorphan / guaifenesin Pill
2566821,SCDG,dextromethorphan / hexylresorcinol Lozenge Product
2566820,SCDG,dextromethorphan / hexylresorcinol Oral Product
1301243,SCDG,dextromethorphan / menthol Lozenge Product
1301244,SCDG,dextromethorphan / menthol Oral Product
1295731,SCDG,dextromethorphan / phenylephrine Chewable Product
1155201,SCDG,dextromethorphan / phenylephrine Oral Liquid Product
1155202,SCDG,dextromethorphan / phenylephrine Oral Product
1295354,SCDG,dextromethorphan / phenylephrine Oral Spray Product
1155203,SCDG,dextromethorphan / phenylephrine Pill
1155208,SCDG,dextromethorphan / promethazine Oral Liquid Product
1155209,SCDG,dextromethorphan / promethazine Oral Product
1295211,SCDG,dextromethorphan / pseudoephedrine Chewable Product
1155214,SCDG,dextromethorphan / pseudoephedrine Oral Liquid Product
1155215,SCDG,dextromethorphan / pseudoephedrine Oral Product
1155216,SCDG,dextromethorphan / pseudoephedrine Pill
1423303,SCDG,dextromethorphan / pyrilamine Oral Liquid Product
1423304,SCDG,dextromethorphan / pyrilamine Oral Product
1923360,SCDG,dextromethorphan / pyrilamine Pill
1155217,SCDG,dextromethorphan / quinidine Oral Product
1155218,SCDG,dextromethorphan / quinidine Pill
1155224,SCDG,dextromethorphan / triprolidine Oral Liquid Product
1155225,SCDG,dextromethorphan / triprolidine Oral Product
2678226,SCDG,acetaminophen / chlorpheniramine / dextromethorphan Chewable Product
1155232,SCDG,acetaminophen / chlorpheniramine / dextromethorphan Oral Liquid Product
2603743,SCDG,acetaminophen / chlorpheniramine / dextromethorphan Oral Powder Product
1155233,SCDG,acetaminophen / chlorpheniramine / dextromethorphan Oral Product
1155234,SCDG,acetaminophen / chlorpheniramine / dextromethorphan Pill
1155605,SCDG,acetaminophen / dextromethorphan / diphenhydramine Oral Liquid Product
1155606,SCDG,acetaminophen / dextromethorphan / diphenhydramine Oral Product
2715859,SCDG,acetaminophen / dextromethorphan / doxylamine Chewable Product
1155901,SCDG,acetaminophen / dextromethorphan / doxylamine Oral Liquid Product
1805286,SCDG,acetaminophen / dextromethorphan / doxylamine Oral Powder Product
1155902,SCDG,acetaminophen / dextromethorphan / doxylamine Oral Product
1155903,SCDG,acetaminophen / dextromethorphan / doxylamine Pill
1155912,SCDG,acetaminophen / dextromethorphan / guaifenesin Oral Liquid Product
1155913,SCDG,acetaminophen / dextromethorphan / guaifenesin Oral Product
1155914,SCDG,acetaminophen / dextromethorphan / guaifenesin Pill
1659965,SCDG,acetaminophen / dextromethorphan / phenylephrine Granule Product
1155917,SCDG,acetaminophen / dextromethorphan / phenylephrine Oral Liquid Product
1155918,SCDG,acetaminophen / dextromethorphan / phenylephrine Oral Product
1155919,SCDG,acetaminophen / dextromethorphan / phenylephrine Pill
1155925,SCDG,acetaminophen / dextromethorphan / pseudoephedrine Oral Liquid Product
2167836,SCDG,acetaminophen / dextromethorphan / pseudoephedrine Oral Powder Product
1151181,SCDG,acetaminophen / dextromethorphan / pseudoephedrine Oral Product
1151182,SCDG,acetaminophen / dextromethorphan / pseudoephedrine Pill
2173663,SCDG,acetaminophen / dextromethorphan / triprolidine Oral Liquid Product
2173664,SCDG,acetaminophen / dextromethorphan / triprolidine Oral Product
2549032,SCDG,acetaminophen / dextromethorphan / triprolidine Pill
1153725,SCDG,aspirin / dextromethorphan / phenylephrine Oral Product
1152038,SCDG,benzocaine / dextromethorphan / glycerin Mucosal Product
1295637,SCDG,benzocaine / dextromethorphan / menthol Lozenge Product
1152039,SCDG,benzocaine / dextromethorphan / menthol Oral Product
1155715,SCDG,brompheniramine / dextromethorphan / phenylephrine Oral Liquid Product
1155716,SCDG,brompheniramine / dextromethorphan / phenylephrine Oral Product
1155717,SCDG,brompheniramine / dextromethorphan / phenylephrine Pill
1155718,SCDG,brompheniramine / dextromethorphan / phenylpropanolamine Oral Liquid Product
1155719,SCDG,brompheniramine / dextromethorphan / phenylpropanolamine Oral Product
1155721,SCDG,brompheniramine / dextromethorphan / pseudoephedrine Oral Liquid Product
1155722,SCDG,brompheniramine / dextromethorphan / pseudoephedrine Oral Product
1155723,SCDG,brompheniramine / dextromethorphan / pseudoephedrine Pill
1160053,SCDG,carbinoxamine / dextromethorphan / pseudoephedrine Oral Liquid Product
1160054,SCDG,carbinoxamine / dextromethorphan / pseudoephedrine Oral Product
1154166,SCDG,chlorpheniramine / dextromethorphan / phenylephrine Oral Liquid Product
1154167,SCDG,chlorpheniramine / dextromethorphan / phenylephrine Oral Product
1154168,SCDG,chlorpheniramine / dextromethorphan / phenylephrine Pill
1154172,SCDG,chlorpheniramine / dextromethorphan / pseudoephedrine Oral Liquid Product
1154173,SCDG,chlorpheniramine / dextromethorphan / pseudoephedrine Oral Product
1154174,SCDG,chlorpheniramine / dextromethorphan / pseudoephedrine Pill
2670536,SCDG,choline / dextromethorphan / guaifenesin Oral Liquid Product
2670535,SCDG,choline / dextromethorphan / guaifenesin Oral Product
1157211,SCDG,dexbrompheniramine / dextromethorphan / phenylephrine Oral Liquid Product
1157212,SCDG,dexbrompheniramine / dextromethorphan / phenylephrine Oral Product
1157213,SCDG,dexbrompheniramine / dextromethorphan / phenylephrine Pill
1190596,SCDG,dexbrompheniramine / dextromethorphan / pseudoephedrine Oral Liquid Product
1190597,SCDG,dexbrompheniramine / dextromethorphan / pseudoephedrine Oral Product
1157774,SCDG,dexchlorpheniramine / dextromethorphan / phenylephrine Oral Liquid Product
1157775,SCDG,dexchlorpheniramine / dextromethorphan / phenylephrine Oral Product
1157776,SCDG,dexchlorpheniramine / dextromethorphan / pseudoephedrine Oral Liquid Product
1157777,SCDG,dexchlorpheniramine / dextromethorphan / pseudoephedrine Oral Product
2566812,SCDG,dextromethorphan / doxylamine / phenylephrine Oral Liquid Product
1154844,SCDG,dextromethorphan / doxylamine / phenylephrine Oral Product
1154845,SCDG,dextromethorphan / doxylamine / pseudoephedrine Oral Liquid Product
1154846,SCDG,dextromethorphan / doxylamine / pseudoephedrine Oral Product
2744500,SCDG,dextromethorphan / guaifenesin / naproxen Oral Product
2744501,SCDG,dextromethorphan / guaifenesin / naproxen Pill
1154857,SCDG,dextromethorphan / guaifenesin / phenylephrine Oral Liquid Product
1154858,SCDG,dextromethorphan / guaifenesin / phenylephrine Oral Product
1154859,SCDG,dextromethorphan / guaifenesin / phenylephrine Pill
1154865,SCDG,dextromethorphan / guaifenesin / pseudoephedrine Oral Liquid Product
1154866,SCDG,dextromethorphan / guaifenesin / pseudoephedrine Oral Product
1154867,SCDG,dextromethorphan / guaifenesin / pseudoephedrine Pill
1155194,SCDG,dextromethorphan / pheniramine / phenylephrine Oral Liquid Product
1155195,SCDG,dextromethorphan / pheniramine / phenylephrine Oral Product
1155196,SCDG,dextromethorphan / phenylephrine / pyrilamine Oral Liquid Product
1155197,SCDG,dextromethorphan / phenylephrine / pyrilamine Oral Product
1427388,SCDG,dextromethorphan / phenylephrine / thonzylamine Oral Liquid Product
1427389,SCDG,dextromethorphan / phenylephrine / thonzylamine Oral Product
1492048,SCDG,dextromethorphan / phenylephrine / triprolidine Oral Liquid Product
1492049,SCDG,dextromethorphan / phenylephrine / triprolidine Oral Product
1155212,SCDG,dextromethorphan / pseudoephedrine / triprolidine Oral Liquid Product
1155213,SCDG,dextromethorphan / pseudoephedrine / triprolidine Oral Product
1154902,SCDG,acetaminophen / chlorpheniramine / dextromethorphan / phenylephrine Oral Liquid Product
1154903,SCDG,acetaminophen / chlorpheniramine / dextromethorphan / phenylephrine Oral Product
1154904,SCDG,acetaminophen / chlorpheniramine / dextromethorphan / phenylephrine Pill
1154907,SCDG,acetaminophen / chlorpheniramine / dextromethorphan / phenylpropanolamine Oral Product
1294735,SCDG,acetaminophen / chlorpheniramine / dextromethorphan / pseudoephedrine Chewable Product
1154909,SCDG,acetaminophen / chlorpheniramine / dextromethorphan / pseudoephedrine Oral Liquid Product
1155230,SCDG,acetaminophen / chlorpheniramine / dextromethorphan / pseudoephedrine Oral Product
1155231,SCDG,acetaminophen / chlorpheniramine / dextromethorphan / pseudoephedrine Pill
1996096,SCDG,acetaminophen / dextromethorphan / diphenhydramine / phenylephrine Oral Liquid Product
1155601,SCDG,acetaminophen / dextromethorphan / diphenhydramine / phenylephrine Oral Product
1155603,SCDG,acetaminophen / dextromethorphan / diphenhydramine / pseudoephedrine Oral Product
1155604,SCDG,acetaminophen / dextromethorphan / diphenhydramine / pseudoephedrine Pill
1155607,SCDG,acetaminophen / dextromethorphan / doxylamine / phenylephrine Oral Liquid Product
1804345,SCDG,acetaminophen / dextromethorphan / doxylamine / phenylephrine Oral Powder Product
1155896,SCDG,acetaminophen / dextromethorphan / doxylamine / phenylephrine Oral Product
1297772,SCDG,acetaminophen / dextromethorphan / doxylamine / phenylephrine Pill
1155898,SCDG,acetaminophen / dextromethorphan / doxylamine / pseudoephedrine Oral Liquid Product
1155899,SCDG,acetaminophen / dextromethorphan / doxylamine / pseudoephedrine Oral Product
1155900,SCDG,acetaminophen / dextromethorphan / doxylamine / pseudoephedrine Pill
1155904,SCDG,acetaminophen / dextromethorphan / guaifenesin / phenylephrine Oral Liquid Product
1812459,SCDG,acetaminophen / dextromethorphan / guaifenesin / phenylephrine Oral Powder Product
1155905,SCDG,acetaminophen / dextromethorphan / guaifenesin / phenylephrine Oral Product
1155906,SCDG,acetaminophen / dextromethorphan / guaifenesin / phenylephrine Pill
1155910,SCDG,acetaminophen / dextromethorphan / guaifenesin / pseudoephedrine Oral Product
1155911,SCDG,acetaminophen / dextromethorphan / guaifenesin / pseudoephedrine Pill
2173658,SCDG,acetaminophen / dextromethorphan / phenylephrine / triprolidine Oral Liquid Product
2173659,SCDG,acetaminophen / dextromethorphan / phenylephrine / triprolidine Oral Product
2549035,SCDG,acetaminophen / dextromethorphan / phenylephrine / triprolidine Pill
1153535,SCDG,aspirin / chlorpheniramine / dextromethorphan / phenylephrine Oral Product
1153723,SCDG,aspirin / dextromethorphan / doxylamine / phenylephrine Oral Product
1743365,SCDG,acetaminophen / chlorpheniramine / dextromethorphan / guaifenesin / phenylephrine Oral Liquid Product
1743366,SCDG,acetaminophen / chlorpheniramine / dextromethorphan / guaifenesin / phenylephrine Oral Product
2611263,SBDG,Auvelity Oral Product
2611264,SBDG,Auvelity Pill
1167265,SBDG,Babee Cof Oral Liquid Product
1167266,SBDG,Babee Cof Oral Product
1166177,SBDG,Bromfed DM Oral Liquid Product
1166178,SBDG,Bromfed DM Oral Product
1536155,SBDG,Buckley's Cough Suppressant Oral Liquid Product
1536156,SBDG,Buckley's Cough Suppressant Oral Product
1296325,SBDG,Cepacol Sore Throat Plus Cough Lozenge Product
1166812,SBDG,Cepacol Sore Throat Plus Cough Oral Product
1872895,SBDG,Cepastat Sore Throat & Cough Lozenge Product
1872896,SBDG,Cepastat Sore Throat & Cough Oral Product
1296029,SBDG,Chloraseptic Sore Throat + Cough Lozenge Product
1169473,SBDG,Chloraseptic Sore Throat + Cough Oral Product
1172389,SBDG,Creomulsion Oral Liquid Product
1172390,SBDG,Creomulsion Oral Product
1168822,SBDG,DayQuil Cough Oral Liquid Product
1168823,SBDG,DayQuil Cough Oral Product
1297101,SBDG,Delsym Oral Liquid Product
1171707,SBDG,Delsym Oral Product
1173894,SBDG,Elixsure Cough Oral Liquid Product
1173895,SBDG,Elixsure Cough Oral Product
1178686,SBDG,Mielim Y Mas Oral Liquid Product
1178687,SBDG,Mielim Y Mas Oral Product
1178798,SBDG,Nuedexta Oral Product
1178799,SBDG,Nuedexta Pill
1185359,SBDG,Robafen Cough Oral Product
1185360,SBDG,Robafen Cough Pill
1422933,SBDG,Scot-tussin Diabetic CF Oral Liquid Product
1422934,SBDG,Scot-tussin Diabetic CF Oral Product
1296171,SBDG,Scot-Tussin DM Cough Chasers Lozenge Product
1177220,SBDG,Scot-Tussin DM Cough Chasers Oral Product
1187459,SBDG,Zicam Cough Oral Liquid Product
1187460,SBDG,Zicam Cough Oral Product
1295901,SBDG,Zicam Cough Oral Spray Product
2660901,SCDGP,dextromethorphan hydrobromide Chewable Product
2662670,SCDGP,dextromethorphan hydrobromide Disintegrating Oral Product
2661970,SCDGP,dextromethorphan hydrobromide Lozenge Product
2661829,SCDGP,dextromethorphan hydrobromide Oral Liquid Product
2660147,SCDGP,dextromethorphan hydrobromide Oral Product
2661784,SCDGP,dextromethorphan hydrobromide Oral Spray Product
2663115,SCDGP,dextromethorphan hydrobromide Pill
2660444,SCDGP,dextromethorphan polistirex Oral Liquid Product
2661540,SCDGP,dextromethorphan polistirex Oral Product
2660550,SCDGP,acetaminophen / dextromethorphan hydrobromide Chewable Product
2679418,SCDGP,acetaminophen / dextromethorphan hydrobromide Granule Product
2661513,SCDGP,acetaminophen / dextromethorphan hydrobromide Oral Liquid Product
2663082,SCDGP,acetaminophen / dextromethorphan hydrobromide Oral Powder Product
2662804,SCDGP,acetaminophen / dextromethorphan hydrobromide Oral Product
2662808,SCDGP,acetaminophen / dextromethorphan hydrobromide Pill
2661846,SCDGP,benzocaine / dextromethorphan hydrobromide Lozenge Product
2663674,SCDGP,benzocaine / dextromethorphan hydrobromide Oral Product
2676756,SCDGP,brompheniramine maleate / dextromethorphan hydrobromide Oral Liquid Product
2676755,SCDGP,brompheniramine maleate / dextromethorphan hydrobromide Oral Product
2663418,SCDGP,bupropion hydrochloride / dextromethorphan hydrobromide Oral Product
2662512,SCDGP,bupropion hydrochloride / dextromethorphan hydrobromide Pill
2661979,SCDGP,chlorpheniramine maleate / dextromethorphan hydrobromide Chewable Product
2659718,SCDGP,chlorpheniramine maleate / dextromethorphan hydrobromide Oral Liquid Product
2659774,SCDGP,chlorpheniramine maleate / dextromethorphan hydrobromide Oral Product
2659477,SCDGP,chlorpheniramine maleate / dextromethorphan hydrobromide Pill
2741369,SCDGP,dexchlorpheniramine maleate / dextromethorphan hydrobromide Oral Liquid Product
2741368,SCDGP,dexchlorpheniramine maleate / dextromethorphan hydrobromide Oral Product
2663031,SCDGP,dextromethorphan hydrobromide / doxylamine succinate Chewable Product
2663530,SCDGP,dextromethorphan hydrobromide / doxylamine succinate Oral Liquid Product
2663586,SCDGP,dextromethorphan hydrobromide / doxylamine succinate Oral Product
2660482,SCDGP,dextromethorphan hydrobromide / doxylamine succinate Pill
2662488,SCDGP,dextromethorphan hydrobromide / guaifenesin Granule Product
2660140,SCDGP,dextromethorphan hydrobromide / guaifenesin Oral Liquid Product
2663099,SCDGP,dextromethorphan hydrobromide / guaifenesin Oral Product
2660409,SCDGP,dextromethorphan hydrobromide / guaifenesin Pill
2659224,SCDGP,dextromethorphan hydrobromide / hexylresorcinol Lozenge Product
2663464,SCDGP,dextromethorphan hydrobromide / hexylresorcinol Oral Product
2662212,SCDGP,dextromethorphan hydrobromide / menthol Lozenge Product
2661408,SCDGP,dextromethorphan hydrobromide / menthol Oral Product
2659627,SCDGP,dextromethorphan hydrobromide / phenylephrine hydrochloride Chewable Product
2662912,SCDGP,dextromethorphan hydrobromide / phenylephrine hydrochloride Oral Liquid Product
2660516,SCDGP,dextromethorphan hydrobromide / phenylephrine hydrochloride Oral Product
2663309,SCDGP,dextromethorphan hydrobromide / phenylephrine hydrochloride Oral Spray Product
2663610,SCDGP,dextromethorphan hydrobromide / phenylephrine hydrochloride Pill
2661850,SCDGP,dextromethorphan hydrobromide / promethazine hydrochloride Oral Liquid Product
2661651,SCDGP,dextromethorphan hydrobromide / promethazine hydrochloride Oral Product
2662526,SCDGP,dextromethorphan hydrobromide / pseudoephedrine hydrochloride Chewable Product
2659448,SCDGP,dextromethorphan hydrobromide / pseudoephedrine hydrochloride Oral Liquid Product
2660233,SCDGP,dextromethorphan hydrobromide / pseudoephedrine hydrochloride Oral Product
2662812,SCDGP,dextromethorphan hydrobromide / pseudoephedrine hydrochloride Pill
2663436,SCDGP,dextromethorphan hydrobromide / pyrilamine maleate Oral Liquid Product
2660906,SCDGP,dextromethorphan hydrobromide / pyrilamine maleate Oral Product
2660699,SCDGP,dextromethorphan hydrobromide / pyrilamine maleate Pill
2662146,SCDGP,dextromethorphan hydrobromide / quinidine sulfate Oral Product
2663164,SCDGP,dextromethorphan hydrobromide / quinidine sulfate Pill
2663356,SCDGP,dextromethorphan hydrobromide / triprolidine hydrochloride Oral Liquid Product
2662180,SCDGP,dextromethorphan hydrobromide / triprolidine hydrochloride Oral Product
2678228,SCDGP,acetaminophen / chlorpheniramine maleate / dextromethorphan hydrobromide Chewable Product
2660852,SCDGP,acetaminophen / chlorpheniramine maleate / dextromethorphan hydrobromide Oral Liquid Product
2663494,SCDGP,acetaminophen / chlorpheniramine maleate / dextromethorphan hydrobromide Oral Powder Product
2659663,SCDGP,acetaminophen / chlorpheniramine maleate / dextromethorphan hydrobromide Oral Product
2663603,SCDGP,acetaminophen / chlorpheniramine maleate / dextromethorphan hydrobromide Pill
2661452,SCDGP,acetaminophen / dextromethorphan hydrobromide / diphenhydramine hydrochloride Oral Liquid Product
2663451,SCDGP,acetaminophen / dextromethorphan hydrobromide / diphenhydramine hydrochloride Oral Product
2715861,SCDGP,acetaminophen / dextromethorphan hydrobromide / doxylamine succinate Chewable Product
2660514,SCDGP,acetaminophen / dextromethorphan hydrobromide / doxylamine succinate Oral Liquid Product
2660668,SCDGP,acetaminophen / dextromethorphan hydrobromide / doxylamine succinate Oral Powder Product
2662124,SCDGP,acetaminophen / dextromethorphan hydrobromide / doxylamine succinate Oral Product
2661483,SCDGP,acetaminophen / dextromethorphan hydrobromide / doxylamine succinate Pill
2659921,SCDGP,acetaminophen / dextromethorphan hydrobromide / guaifenesin Oral Liquid Product
2662330,SCDGP,acetaminophen / dextromethorphan hydrobromide / guaifenesin Oral Product
2662448,SCDGP,acetaminophen / dextromethorphan hydrobromide / guaifenesin Pill
2660413,SCDGP,acetaminophen / dextromethorphan hydrobromide / phenylephrine hydrochloride Granule Product
2662803,SCDGP,acetaminophen / dextromethorphan hydrobromide / phenylephrine hydrochloride Oral Liquid Product
2660748,SCDGP,acetaminophen / dextromethorphan hydrobromide / phenylephrine hydrochloride Oral Product
2662916,SCDGP,acetaminophen / dextromethorphan hydrobromide / phenylephrine hydrochloride Pill
2662326,SCDGP,acetaminophen / dextromethorphan hydrobromide / pseudoephedrine hydrochloride Oral Liquid Product
2661832,SCDGP,acetaminophen / dextromethorphan hydrobromide / pseudoephedrine hydrochloride Oral Powder Product
2662363,SCDGP,acetaminophen / dextromethorphan hydrobromide / pseudoephedrine hydrochloride Oral Product
2660883,SCDGP,acetaminophen / dextromethorphan hydrobromide / pseudoephedrine hydrochloride Pill
2662634,SCDGP,acetaminophen / dextromethorphan hydrobromide / triprolidine hydrochloride Oral Liquid Product
2659416,SCDGP,acetaminophen / dextromethorphan hydrobromide / triprolidine hydrochloride Oral Product
2662467,SCDGP,acetaminophen / dextromethorphan hydrobromide / triprolidine hydrochloride Pill
2662434,SCDGP,aspirin / dextromethorphan hydrobromide / phenylephrine bitartrate Oral Product
2660533,SCDGP,benzocaine / dextromethorphan hydrobromide / glycerin Mucosal Product
2661910,SCDGP,benzocaine / dextromethorphan hydrobromide / menthol Lozenge Product
2661476,SCDGP,benzocaine / dextromethorphan hydrobromide / menthol Oral Product
2662471,SCDGP,brompheniramine maleate / dextromethorphan hydrobromide / phenylephrine hydrochloride Oral Liquid Product
2659208,SCDGP,brompheniramine maleate / dextromethorphan hydrobromide / phenylephrine hydrochloride Oral Product
2663126,SCDGP,brompheniramine maleate / dextromethorphan hydrobromide / phenylephrine hydrochloride Pill
2662892,SCDGP,brompheniramine maleate / dextromethorphan hydrobromide / phenylpropanolamine hydrochloride Oral Liquid Product
2663081,SCDGP,brompheniramine maleate / dextromethorphan hydrobromide / phenylpropanolamine hydrochloride Oral Product
2661555,SCDGP,brompheniramine maleate / dextromethorphan hydrobromide / pseudoephedrine hydrochloride Oral Liquid Product
2663426,SCDGP,brompheniramine maleate / dextromethorphan hydrobromide / pseudoephedrine hydrochloride Oral Product
2661379,SCDGP,brompheniramine maleate / dextromethorphan hydrobromide / pseudoephedrine hydrochloride Pill
2659443,SCDGP,carbinoxamine maleate / dextromethorphan hydrobromide / pseudoephedrine hydrochloride Oral Liquid Product
2662154,SCDGP,carbinoxamine maleate / dextromethorphan hydrobromide / pseudoephedrine hydrochloride Oral Product
2660731,SCDGP,chlorpheniramine maleate / dextromethorphan hydrobromide / phenylephrine hydrochloride Oral Liquid Product
2661565,SCDGP,chlorpheniramine maleate / dextromethorphan hydrobromide / phenylephrine hydrochloride Oral Product
2660949,SCDGP,chlorpheniramine maleate / dextromethorphan hydrobromide / phenylephrine hydrochloride Pill
2662743,SCDGP,chlorpheniramine maleate / dextromethorphan hydrobromide / pseudoephedrine hydrochloride Oral Liquid Product
2661066,SCDGP,chlorpheniramine maleate / dextromethorphan hydrobromide / pseudoephedrine hydrochloride Oral Product
2661891,SCDGP,chlorpheniramine maleate / dextromethorphan hydrobromide / pseudoephedrine hydrochloride Pill
2670539,SCDGP,choline salicylate / dextromethorphan hydrobromide / guaifenesin Oral Liquid Product
2670538,SCDGP,choline salicylate / dextromethorphan hydrobromide / guaifenesin Oral Product
2660386,SCDGP,dexbrompheniramine maleate / dextromethorphan hydrobromide / phenylephrine hydrochloride Oral Liquid Product
2661153,SCDGP,dexbrompheniramine maleate / dextromethorphan hydrobromide / phenylephrine hydrochloride Oral Product
2663070,SCDGP,dexbrompheniramine maleate / dextromethorphan hydrobromide / phenylephrine hydrochloride Pill
2663672,SCDGP,dexbrompheniramine maleate / dextromethorphan hydrobromide / pseudoephedrine hydrochloride Oral Liquid Product
2662881,SCDGP,dexbrompheniramine maleate / dextromethorphan hydrobromide / pseudoephedrine hydrochloride Oral Product
2661166,SCDGP,dexchlorpheniramine maleate / dextromethorphan hydrobromide / phenylephrine hydrochloride Oral Liquid Product
2661353,SCDGP,dexchlorpheniramine maleate / dextromethorphan hydrobromide / phenylephrine hydrochloride Oral Product
2659739,SCDGP,dexchlorpheniramine maleate / dextromethorphan hydrobromide / pseudoephedrine hydrochloride Oral Liquid Product
2660758,SCDGP,dexchlorpheniramine maleate / dextromethorphan hydrobromide / pseudoephedrine hydrochloride Oral Product
2662925,SCDGP,dextromethorphan hydrobromide / doxylamine succinate / phenylephrine hydrochloride Oral Liquid Product
2662225,SCDGP,dextromethorphan hydrobromide / doxylamine succinate / phenylephrine hydrochloride Oral Product
2659482,SCDGP,dextromethorphan hydrobromide / doxylamine succinate / pseudoephedrine hydrochloride Oral Liquid Product
2660523,SCDGP,dextromethorphan hydrobromide / doxylamine succinate / pseudoephedrine hydrochloride Oral Product
2744503,SCDGP,dextromethorphan hydrobromide / guaifenesin / naproxen sodium Oral Product
2744504,SCDGP,dextromethorphan hydrobromide / guaifenesin / naproxen sodium Pill
2663136,SCDGP,dextromethorphan hydrobromide / guaifenesin / phenylephrine hydrochloride Oral Liquid Product
2663549,SCDGP,dextromethorphan hydrobromide / guaifenesin / phenylephrine hydrochloride Oral Product
2661853,SCDGP,dextromethorphan hydrobromide / guaifenesin / phenylephrine hydrochloride Pill
2660720,SCDGP,dextromethorphan hydrobromide / guaifenesin / pseudoephedrine hydrochloride Oral Liquid Product
2662344,SCDGP,dextromethorphan hydrobromide / guaifenesin / pseudoephedrine hydrochloride Oral Product
2662742,SCDGP,dextromethorphan hydrobromide / guaifenesin / pseudoephedrine hydrochloride Pill
2660614,SCDGP,dextromethorphan hydrobromide / pheniramine maleate / phenylephrine hydrochloride Oral Liquid Product
2663025,SCDGP,dextromethorphan hydrobromide / pheniramine maleate / phenylephrine hydrochloride Oral Product
2659147,SCDGP,dextromethorphan hydrobromide / phenylephrine hydrochloride / pyrilamine maleate Oral Liquid Product
2660349,SCDGP,dextromethorphan hydrobromide / phenylephrine hydrochloride / pyrilamine maleate Oral Product
2663447,SCDGP,dextromethorphan hydrobromide / phenylephrine hydrochloride / thonzylamine hydrochloride Oral Liquid Product
2661234,SCDGP,dextromethorphan hydrobromide / phenylephrine hydrochloride / thonzylamine hydrochloride Oral Product
2661520,SCDGP,dextromethorphan hydrobromide / phenylephrine hydrochloride / triprolidine hydrochloride Oral Liquid Product
2661165,SCDGP,dextromethorphan hydrobromide / phenylephrine hydrochloride / triprolidine hydrochloride Oral Product
2660597,SCDGP,dextromethorphan hydrobromide / pseudoephedrine hydrochloride / triprolidine hydrochloride Oral Liquid Product
2661277,SCDGP,dextromethorphan hydrobromide / pseudoephedrine hydrochloride / triprolidine hydrochloride Oral Product
2661691,SCDGP,acetaminophen / chlorpheniramine maleate / dextromethorphan hydrobromide / phenylephrine hydrochloride Oral Liquid Product
2659525,SCDGP,acetaminophen / chlorpheniramine maleate / dextromethorphan hydrobromide / phenylephrine hydrochloride Oral Product
2663439,SCDGP,acetaminophen / chlorpheniramine maleate / dextromethorphan hydrobromide / phenylephrine hydrochloride Pill
2662877,SCDGP,acetaminophen / chlorpheniramine maleate / dextromethorphan hydrobromide / phenylpropanolamine bitartrate Oral Product
2663095,SCDGP,acetaminophen / chlorpheniramine maleate / dextromethorphan hydrobromide / pseudoephedrine hydrochloride Chewable Product
2659786,SCDGP,acetaminophen / chlorpheniramine maleate / dextromethorphan hydrobromide / pseudoephedrine hydrochloride Oral Liquid Product
2663114,SCDGP,acetaminophen / chlorpheniramine maleate / dextromethorphan hydrobromide / pseudoephedrine hydrochloride Oral Product
2662160,SCDGP,acetaminophen / chlorpheniramine maleate / dextromethorphan hydrobromide / pseudoephedrine hydrochloride Pill
2660011,SCDGP,acetaminophen / dextromethorphan hydrobromide / diphenhydramine hydrochloride / phenylephrine hydrochloride Oral Liquid Product
2663138,SCDGP,acetaminophen / dextromethorphan hydrobromide / diphenhydramine hydrochloride / phenylephrine hydrochloride Oral Product
2661148,SCDGP,acetaminophen / dextromethorphan hydrobromide / diphenhydramine hydrochloride / pseudoephedrine hydrochloride Oral Product
2661129,SCDGP,acetaminophen / dextromethorphan hydrobromide / diphenhydramine hydrochloride / pseudoephedrine hydrochloride Pill
2663084,SCDGP,acetaminophen / dextromethorphan hydrobromide / doxylamine succinate / phenylephrine hydrochloride Oral Liquid Product
2660062,SCDGP,acetaminophen / dextromethorphan hydrobromide / doxylamine succinate / phenylephrine hydrochloride Oral Powder Product
2660518,SCDGP,acetaminophen / dextromethorphan hydrobromide / doxylamine succinate / phenylephrine hydrochloride Oral Product
2661266,SCDGP,acetaminophen / dextromethorphan hydrobromide / doxylamine succinate / phenylephrine hydrochloride Pill
2663438,SCDGP,acetaminophen / dextromethorphan hydrobromide / doxylamine succinate / pseudoephedrine hydrochloride Oral Liquid Product
2662372,SCDGP,acetaminophen / dextromethorphan hydrobromide / doxylamine succinate / pseudoephedrine hydrochloride Oral Product
2661242,SCDGP,acetaminophen / dextromethorphan hydrobromide / doxylamine succinate / pseudoephedrine hydrochloride Pill
2660160,SCDGP,acetaminophen / dextromethorphan hydrobromide / guaifenesin / phenylephrine hydrochloride Oral Liquid Product
2660712,SCDGP,acetaminophen / dextromethorphan hydrobromide / guaifenesin / phenylephrine hydrochloride Oral Powder Product
2662312,SCDGP,acetaminophen / dextromethorphan hydrobromide / guaifenesin / phenylephrine hydrochloride Oral Product
2659957,SCDGP,acetaminophen / dextromethorphan hydrobromide / guaifenesin / phenylephrine hydrochloride Pill
2661518,SCDGP,acetaminophen / dextromethorphan hydrobromide / guaifenesin / pseudoephedrine hydrochloride Oral Product
2661732,SCDGP,acetaminophen / dextromethorphan hydrobromide / guaifenesin / pseudoephedrine hydrochloride Pill
2663087,SCDGP,acetaminophen / dextromethorphan hydrobromide / phenylephrine hydrochloride / triprolidine hydrochloride Oral Liquid Product
2661608,SCDGP,acetaminophen / dextromethorphan hydrobromide / phenylephrine hydrochloride / triprolidine hydrochloride Oral Product
2661137,SCDGP,acetaminophen / dextromethorphan hydrobromide / phenylephrine hydrochloride / triprolidine hydrochloride Pill
2663628,SCDGP,aspirin / chlorpheniramine maleate / dextromethorphan hydrobromide / phenylephrine bitartrate Oral Product
2663463,SCDGP,aspirin / dextromethorphan hydrobromide / doxylamine succinate / phenylephrine bitartrate Oral Product
2660193,SCDGP,acetaminophen / chlorpheniramine maleate / dextromethorphan hydrobromide / guaifenesin / phenylephrine hydrochloride Oral Liquid Product
2660066,SCDGP,acetaminophen / chlorpheniramine maleate / dextromethorphan hydrobromide / guaifenesin / phenylephrine hydrochloride Oral Product
2167754,SCD,dextromethorphan hydrobromide 0.3 MG/ML Oral Solution
1535845,SCD,dextromethorphan hydrobromide 0.7 MG/ML Oral Solution
1090946,SCD,dextromethorphan hydrobromide 1 MG/ML Oral Solution
1246338,SCD,dextromethorphan hydrobromide 1.33 MG/ML Oral Solution
1370211,SCD,dextromethorphan hydrobromide 1.5 MG/ML Oral Solution
1370216,SCD,dextromethorphan hydrobromide 2 MG/ML Oral Solution
2373441,SCD,dextromethorphan hydrobromide 2 MG/ML Oral Suspension
2122413,SCD,dextromethorphan hydrobromide 2.2 MG/ACTUAT Oral Spray
2122387,SCD,dextromethorphan hydrobromide 2.5 MG Oral Lozenge
2122382,SCD,dextromethorphan hydrobromide 2.5 MG/ML Oral Solution
1536151,SCD,dextromethorphan hydrobromide 2.5 MG/ML Oral Suspension
1090496,SCD,dextromethorphan hydrobromide 3 MG/ML Oral Solution
2122393,SCD,dextromethorphan hydrobromide 3.3 MG/ACTUAT Oral Spray
1370219,SCD,dextromethorphan hydrobromide 5 MG Oral Lozenge
1596945,SCD,dextromethorphan hydrobromide 6 MG/ACTUAT Oral Spray
1440908,SCD,dextromethorphan hydrobromide 7.5 MG Disintegrating Oral Tablet
2167801,SCD,dextromethorphan hydrobromide 7.5 MG Oral Lozenge
2167803,SCD,dextromethorphan hydrobromide 8 MG/ML Oral Solution
2683424,SCD,dextromethorphan hydrobromide 10 MG Chewable Tablet
1861935,SCD,dextromethorphan hydrobromide 10 MG Oral Lozenge
2002003,SCD,dextromethorphan hydrobromide 10 MG/ML Oral Solution
2173731,SCD,dextromethorphan hydrobromide 15 MG Chewable Tablet
1090487,SCD,dextromethorphan hydrobromide 15 MG Oral Capsule
2173733,SCD,dextromethorphan hydrobromide 15 MG Oral Tablet
2173856,SCD,dextromethorphan hydrobromide 30 MG Oral Tablet
1373045,SCD,12 HR dextromethorphan polistirex 6 MG/ML Extended Release Suspension
2604561,SCD,acetaminophen 21.7 MG/ML / dextromethorphan hydrobromide 0.667 MG/ML Oral Solution
2693770,SCD,acetaminophen 32 MG/ML / dextromethorphan hydrobromide 0.5 MG/ML Oral Suspension
1796708,SCD,acetaminophen 32 MG/ML / dextromethorphan hydrobromide 1 MG/ML Oral Solution
1370113,SCD,acetaminophen 32 MG/ML / dextromethorphan hydrobromide 1 MG/ML Oral Suspension
2101281,SCD,acetaminophen 32 MG/ML / dextromethorphan hydrobromide 1.5 MG/ML Oral Solution
1919076,SCD,acetaminophen 32.5 MG/ML / dextromethorphan hydrobromide 1 MG/ML Oral Solution
2693772,SCD,acetaminophen 32.5 MG/ML / dextromethorphan hydrobromide 1 MG/ML Oral Suspension
1359455,SCD,acetaminophen 33.3 MG/ML / dextromethorphan hydrobromide 1 MG/ML Oral Solution
2122363,SCD,acetaminophen 160 MG / dextromethorphan hydrobromide 5 MG Chewable Tablet
2678223,SCD,acetaminophen 162.5 MG / dextromethorphan hydrobromide 5 MG Chewable Tablet
2744315,SCD,acetaminophen 250 MG / dextromethorphan hydrobromide 10 MG Effervescent Oral Tablet
2685209,SCD,acetaminophen 325 MG / dextromethorphan hydrobromide 10 MG Chewable Tablet
1867684,SCD,acetaminophen 325 MG / dextromethorphan hydrobromide 10 MG Oral Capsule
2709673,SCD,acetaminophen 325 MG / dextromethorphan hydrobromide 10 MG Oral Tablet
247324,SCD,acetaminophen 500 MG / dextromethorphan hydrobromide 15 MG Oral Tablet
2670598,SCD,acetaminophen 500 MG / dextromethorphan hydrobromide 20 MG Powder for Oral Solution
2670678,SCD,acetaminophen 650 MG / dextromethorphan hydrobromide 20 MG Powder for Oral Solution
2636656,SCD,acetaminophen 1000 MG / dextromethorphan hydrobromide 30 MG Powder for Oral Solution
2679420,SCD,acetaminophen 500 MG / dextromethorphan hydrobromide 20 MG Granules for Oral Solution
1039251,SCD,benzocaine 7.5 MG / dextromethorphan hydrobromide 5 MG Oral Lozenge
2683421,SCD,brompheniramine maleate 0.2 MG/ML / dextromethorphan hydrobromide 1 MG/ML Oral Solution
2676758,SCD,brompheniramine maleate 0.8 MG/ML / dextromethorphan hydrobromide 2 MG/ML Oral Solution
2741701,SCD,bupropion hydrochloride 105 MG / dextromethorphan hydrobromide 30 MG Extended Release Oral Tablet
2611260,SCD,bupropion hydrochloride 105 MG / dextromethorphan hydrobromide 45 MG Extended Release Oral Tablet
1114361,SCD,chlorpheniramine maleate 0.133 MG/ML / dextromethorphan hydrobromide 1 MG/ML Oral Solution
636568,SCD,chlorpheniramine maleate 0.2 MG/ML / dextromethorphan hydrobromide 1 MG/ML Oral Solution
1111440,SCD,chlorpheniramine maleate 0.2 MG/ML / dextromethorphan hydrobromide 1.5 MG/ML Oral Solution
2743068,SCD,chlorpheniramine maleate 0.2 MG/ML / dextromethorphan hydrobromide 1.5 MG/ML Oral Suspension
1370125,SCD,chlorpheniramine maleate 0.4 MG/ML / dextromethorphan hydrobromide 3 MG/ML Oral Solution
1251811,SCD,chlorpheniramine maleate 1 MG / dextromethorphan hydrobromide 5 MG Chewable Tablet
1421985,SCD,chlorpheniramine maleate 4 MG / dextromethorphan hydrobromide 30 MG Oral Tablet
2741371,SCD,dexchlorpheniramine maleate 0.2 MG/ML / dextromethorphan hydrobromide 2 MG/ML Oral Solution
2743624,SCD,dextromethorphan hydrobromide 0.667 MG/ML / doxylamine succinate 0.417 MG/ML Oral Solution
1234386,SCD,dextromethorphan hydrobromide 1 MG/ML / doxylamine succinate 0.417 MG/ML Oral Solution
2629973,SCD,dextromethorphan hydrobromide 1 MG/ML / doxylamine succinate 0.625 MG/ML Oral Solution
1115329,SCD,dextromethorphan hydrobromide 1.5 MG/ML / doxylamine succinate 0.625 MG/ML Oral Solution
1371196,SCD,dextromethorphan hydrobromide 3 MG/ML / doxylamine succinate 1.25 MG/ML Oral Solution
2683423,SCD,dextromethorphan hydrobromide 10 MG / doxylamine succinate 6.25 MG Chewable Tablet
2685210,SCD,dextromethorphan hydrobromide 15 MG / doxylamine succinate 6.25 MG Chewable Tablet
2719927,SCD,dextromethorphan hydrobromide 0.667 MG/ML / guaifenesin 6.667 MG/ML Oral Suspension
1298228,SCD,dextromethorphan hydrobromide 0.667 MG/ML / guaifenesin 6.67 MG/ML Oral Solution
1014005,SCD,dextromethorphan hydrobromide 0.667 MG/ML / guaifenesin 13.3 MG/ML Oral Solution
1790650,SCD,dextromethorphan hydrobromide 1 MG/ML / guaifenesin 10 MG/ML Oral Solution
1020138,SCD,dextromethorphan hydrobromide 1 MG/ML / guaifenesin 20 MG/ML Oral Solution
2692303,SCD,dextromethorphan hydrobromide 1 MG/ML / guaifenesin 20 MG/ML Oral Suspension
2671189,SCD,dextromethorphan hydrobromide 1.2 MG/ML / guaifenesin 26.4 MG/ML Oral Solution
996520,SCD,dextromethorphan hydrobromide 2 MG/ML / guaifenesin 20 MG/ML Oral Solution
1605844,SCD,dextromethorphan hydrobromide 2 MG/ML / guaifenesin 20 MG/ML Oral Suspension
1441364,SCD,dextromethorphan hydrobromide 2 MG/ML / guaifenesin 37.4 MG/ML Oral Solution
1046631,SCD,dextromethorphan hydrobromide 2 MG/ML / guaifenesin 40 MG/ML Oral Solution
1542452,SCD,dextromethorphan hydrobromide 2 MG/ML / guaifenesin 40 MG/ML Oral Suspension
1234473,SCD,dextromethorphan hydrobromide 3 MG/ML / guaifenesin 20 MG/ML Oral Solution
1150129,SCD,dextromethorphan hydrobromide 3 MG/ML / guaifenesin 40 MG/ML Oral Solution
1117394,SCD,dextromethorphan hydrobromide 4 MG/ML / guaifenesin 60 MG/ML Oral Solution
1113368,SCD,dextromethorphan hydrobromide 4 MG/ML / guaifenesin 80 MG/ML Oral Solution
1439992,SCD,dextromethorphan hydrobromide 5 MG/ML / guaifenesin 50 MG/ML Oral Solution
2122356,SCD,dextromethorphan hydrobromide 5 MG / guaifenesin 100 MG Oral Granules
1147924,SCD,dextromethorphan hydrobromide 6 MG/ML / guaifenesin 40 MG/ML Oral Solution
1300539,SCD,dextromethorphan hydrobromide 10 MG / guaifenesin 100 MG Oral Tablet
2598125,SCD,dextromethorphan hydrobromide 10 MG / guaifenesin 200 MG Effervescent Oral Tablet
1111663,SCD,dextromethorphan hydrobromide 10 MG / guaifenesin 200 MG Oral Capsule
2173726,SCD,dextromethorphan hydrobromide 10 MG / guaifenesin 200 MG Oral Tablet
1298324,SCD,12 HR dextromethorphan hydrobromide 30 MG / guaifenesin 600 MG Extended Release Oral Tablet
485709,SCD,12 HR dextromethorphan hydrobromide 30 MG / guaifenesin 835 MG Extended Release Oral Tablet
1357923,SCD,12 HR dextromethorphan hydrobromide 57.5 MG / guaifenesin 775 MG Extended Release Oral Tablet
1099074,SCD,12 HR dextromethorphan hydrobromide 60 MG / guaifenesin 1200 MG Extended Release Oral Tablet
1861926,SCD,dextromethorphan hydrobromide 15 MG / guaifenesin 400 MG Oral Tablet
1661740,SCD,dextromethorphan hydrobromide 20 MG / guaifenesin 400 MG Oral Capsule
1147685,SCD,dextromethorphan hydrobromide 20 MG / guaifenesin 400 MG Oral Tablet
2566823,SCD,dextromethorphan hydrobromide 5 MG / hexylresorcinol 2 MG Oral Lozenge
1301246,SCD,dextromethorphan hydrobromide 5 MG / menthol 5 MG Oral Lozenge
1544873,SCD,dextromethorphan hydrobromide 1 MG/ML / phenylephrine hydrochloride 0.5 MG/ML Oral Solution
1535366,SCD,dextromethorphan hydrobromide 1 MG/ML / phenylephrine hydrochloride 0.5 MG/ML Oral Suspension
1435918,SCD,dextromethorphan hydrobromide 2 MG/ML / phenylephrine hydrochloride 1 MG/ML Oral Solution
2122419,SCD,dextromethorphan hydrobromide 2.5 MG/ACTUAT / phenylephrine hydrochloride 1.25 MG/ACTUAT Oral Spray
2122403,SCD,dextromethorphan hydrobromide 3.3 MG/ACTUAT / phenylephrine hydrochloride 3.3 MG/ACTUAT Oral Spray
1111087,SCD,dextromethorphan hydrobromide 5 MG / phenylephrine hydrochloride 2.5 MG Chewable Tablet
991528,SCD,dextromethorphan hydrobromide 3 MG/ML / promethazine hydrochloride 1.25 MG/ML Oral Solution
2050367,SCD,dextromethorphan hydrobromide 1 MG/ML / pseudoephedrine hydrochloride 3 MG/ML Oral Solution
1304108,SCD,dextromethorphan hydrobromide 7.5 MG / pseudoephedrine hydrochloride 15 MG Chewable Tablet
1313298,SCD,dextromethorphan hydrobromide 30 MG / pseudoephedrine hydrochloride 60 MG Oral Capsule
1423307,SCD,dextromethorphan hydrobromide 1.5 MG/ML / pyrilamine maleate 1.5 MG/ML Oral Solution
2679777,SCD,dextromethorphan hydrobromide 3 MG/ML / pyrilamine maleate 1.2 MG/ML Oral Solution
2716698,SCD,dextromethorphan hydrobromide 3 MG/ML / pyrilamine maleate 3 MG/ML Oral Solution
2712157,SCD,dextromethorphan hydrobromide 6 MG/ML / pyrilamine maleate 10 MG/ML Oral Solution
1923362,SCD,dextromethorphan hydrobromide 30 MG / pyrilamine maleate 30 MG Oral Tablet
1040054,SCD,dextromethorphan hydrobromide 20 MG / quinidine sulfate 10 MG Oral Capsule
2637485,SCD,dextromethorphan hydrobromide 2 MG/ML / triprolidine hydrochloride 0.25 MG/ML Oral Solution
2588212,SCD,acetaminophen 6.67 MG/ML / chlorpheniramine maleate 0.0833 MG/ML / dextromethorphan hydrobromide 0.5 MG/ML Oral Solution
1236070,SCD,acetaminophen 21.7 MG/ML / chlorpheniramine maleate 0.13 MG/ML / dextromethorphan hydrobromide 0.67 MG/ML Oral Solution
1046384,SCD,acetaminophen 21.7 MG/ML / chlorpheniramine maleate 0.133 MG/ML / dextromethorphan hydrobromide 1 MG/ML Oral Solution
1086750,SCD,acetaminophen 32 MG/ML / chlorpheniramine maleate 0.2 MG/ML / dextromethorphan hydrobromide 1 MG/ML Oral Suspension
1113522,SCD,acetaminophen 32 MG/ML / chlorpheniramine maleate 0.2 MG/ML / dextromethorphan hydrobromide 1.5 MG/ML Oral Solution
2604562,SCD,acetaminophen 33.3 MG/ML / chlorpheniramine maleate 0.133 MG/ML / dextromethorphan hydrobromide 1 MG/ML Oral Solution
1292342,SCD,acetaminophen 43.3 MG/ML / chlorpheniramine maleate 0.267 MG/ML / dextromethorphan hydrobromide 2 MG/ML Oral Solution
2678231,SCD,acetaminophen 162.5 MG / chlorpheniramine maleate 2 MG / dextromethorphan hydrobromide 5 MG Chewable Tablet
2744312,SCD,acetaminophen 250 MG / chlorpheniramine maleate 2 MG / dextromethorphan hydrobromide 10 MG Effervescent Oral Tablet
2049841,SCD,acetaminophen 325 MG / chlorpheniramine maleate 2 MG / dextromethorphan hydrobromide 10 MG Oral Tablet
1425315,SCD,acetaminophen 325 MG / chlorpheniramine maleate 6.25 MG / dextromethorphan hydrobromide 15 MG Oral Tablet
1098496,SCD,acetaminophen 500 MG / chlorpheniramine maleate 2 MG / dextromethorphan hydrobromide 15 MG Oral Tablet
2636658,SCD,acetaminophen 1000 MG / chlorpheniramine maleate 4 MG / dextromethorphan hydrobromide 30 MG Powder for Oral Solution
1094131,SCD,acetaminophen 65 MG/ML / dextromethorphan hydrobromide 2 MG/ML / diphenhydramine hydrochloride 2.5 MG/ML Oral Solution
1042675,SCD,acetaminophen 21.7 MG/ML / dextromethorphan hydrobromide 0.667 MG/ML / doxylamine succinate 0.417 MG/ML Oral Solution
1244918,SCD,acetaminophen 21.7 MG/ML / dextromethorphan hydrobromide 1 MG/ML / doxylamine succinate 0.25 MG/ML Oral Solution
1043400,SCD,acetaminophen 21.7 MG/ML / dextromethorphan hydrobromide 1 MG/ML / doxylamine succinate 0.417 MG/ML Oral Solution
2692302,SCD,acetaminophen 32.5 MG/ML / dextromethorphan hydrobromide 1.5 MG/ML / doxylamine succinate 0.625 MG/ML Oral Suspension
1042684,SCD,acetaminophen 33.3 MG/ML / dextromethorphan hydrobromide 1 MG/ML / doxylamine succinate 0.417 MG/ML Oral Solution
2744316,SCD,acetaminophen 33.3 MG/ML / dextromethorphan hydrobromide 1 MG/ML / doxylamine succinate 0.417 MG/ML Oral Suspension
2715863,SCD,acetaminophen 162.5 MG / dextromethorphan hydrobromide 5 MG / doxylamine succinate 3.125 MG Chewable Tablet
1426334,SCD,acetaminophen 325 MG / dextromethorphan hydrobromide 10 MG / doxylamine succinate 6.25 MG Oral Capsule
2713312,SCD,acetaminophen 325 MG / dextromethorphan hydrobromide 10 MG / doxylamine succinate 6.25 MG Oral Tablet
1094549,SCD,acetaminophen 325 MG / dextromethorphan hydrobromide 15 MG / doxylamine succinate 6.25 MG Oral Capsule
2739790,SCD,acetaminophen 325 MG / dextromethorphan hydrobromide 20 MG / doxylamine succinate 12.5 MG Oral Capsule
1805288,SCD,acetaminophen 650 MG / dextromethorphan hydrobromide 30 MG / doxylamine succinate 12.5 MG Powder for Oral Solution
1042695,SCD,acetaminophen 21.7 MG/ML / dextromethorphan hydrobromide 0.667 MG/ML / guaifenesin 13.3 MG/ML Oral Solution
2680300,SCD,acetaminophen 32.5 MG/ML / dextromethorphan hydrobromide 1 MG/ML / guaifenesin 20 MG/ML Oral Solution
2377385,SCD,acetaminophen 325 MG / dextromethorphan hydrobromide 10 MG / guaifenesin 200 MG Oral Capsule
2684921,SCD,acetaminophen 325 MG / dextromethorphan hydrobromide 10 MG / guaifenesin 200 MG Oral Tablet
2101282,SCD,acetaminophen 325 MG / dextromethorphan hydrobromide 15 MG / guaifenesin 200 MG Oral Tablet
1113705,SCD,acetaminophen 21.7 MG/ML / dextromethorphan hydrobromide 0.667 MG/ML / phenylephrine hydrochloride 0.333 MG/ML Oral Solution
1996081,SCD,acetaminophen 32.5 MG/ML / dextromethorphan hydrobromide 1 MG/ML / phenylephrine hydrochloride 0.5 MG/ML Oral Solution
1536924,SCD,acetaminophen 250 MG / dextromethorphan hydrobromide 10 MG / phenylephrine hydrochloride 5 MG Effervescent Oral Tablet
2691101,SCD,acetaminophen 325 MG / dextromethorphan hydrobromide 10 MG / phenylephrine hydrochloride 5 MG Effervescent Oral Tablet
1086997,SCD,acetaminophen 325 MG / dextromethorphan hydrobromide 10 MG / phenylephrine hydrochloride 5 MG Oral Capsule
1094538,SCD,acetaminophen 325 MG / dextromethorphan hydrobromide 10 MG / phenylephrine hydrochloride 5 MG Oral Tablet
1312260,SCD,acetaminophen 325 MG / dextromethorphan hydrobromide 15 MG / phenylephrine hydrochloride 5 MG Oral Capsule
1367205,SCD,acetaminophen 325 MG / dextromethorphan hydrobromide 15 MG / phenylephrine hydrochloride 5 MG Oral Tablet
1189316,SCD,acetaminophen 500 MG / dextromethorphan hydrobromide 20 MG / phenylephrine hydrochloride 10 MG Granules for Oral Solution
1659967,SCD,acetaminophen 650 MG / dextromethorphan hydrobromide 20 MG / phenylephrine hydrochloride 10 MG Granules for Oral Solution
1291951,SCD,acetaminophen 21.7 MG/ML / dextromethorphan hydrobromide 0.667 MG/ML / pseudoephedrine hydrochloride 2 MG/ML Oral Solution
1369927,SCD,acetaminophen 33.3 MG/ML / dextromethorphan hydrobromide 1 MG/ML / pseudoephedrine hydrochloride 2 MG/ML Oral Solution
1236419,SCD,acetaminophen 250 MG / dextromethorphan hydrobromide 10 MG / pseudoephedrine hydrochloride 30 MG Oral Capsule
1236435,SCD,acetaminophen 325 MG / dextromethorphan hydrobromide 15 MG / pseudoephedrine hydrochloride 30 MG Oral Capsule
1250743,SCD,acetaminophen 500 MG / dextromethorphan hydrobromide 15 MG / pseudoephedrine hydrochloride 30 MG Oral Tablet
2722932,SCD,acetaminophen 500 MG / dextromethorphan hydrobromide 20 MG / pseudoephedrine hydrochloride 60 MG Powder for Oral Solution
2173667,SCD,acetaminophen 32.5 MG/ML / dextromethorphan hydrobromide 1 MG/ML / triprolidine hydrochloride 0.125 MG/ML Oral Solution
2549034,SCD,acetaminophen 325 MG / dextromethorphan hydrobromide 10 MG / triprolidine hydrochloride 1.25 MG Oral Tablet
1536498,SCD,aspirin 325 MG / dextromethorphan hydrobromide 10 MG / phenylephrine bitartrate 7.8 MG Effervescent Oral Tablet
2167737,SCD,benzocaine 50 MG/ML / dextromethorphan hydrobromide 5 MG/ACTUAT / glycerin 300 MG/ML Mucosal Spray
1045532,SCD,benzocaine 6 MG / dextromethorphan hydrobromide 5 MG / menthol 10 MG Oral Lozenge
1090463,SCD,brompheniramine maleate 0.2 MG/ML / dextromethorphan hydrobromide 1 MG/ML / phenylephrine hydrochloride 0.5 MG/ML Oral Solution
1423702,SCD,brompheniramine maleate 0.4 MG/ML / dextromethorphan hydrobromide 2 MG/ML / phenylephrine hydrochloride 1 MG/ML Oral Solution
1486964,SCD,brompheniramine maleate 0.8 MG/ML / dextromethorphan hydrobromide 3 MG/ML / phenylephrine hydrochloride 1.5 MG/ML Oral Solution
1148155,SCD,brompheniramine maleate 0.8 MG/ML / dextromethorphan hydrobromide 4 MG/ML / phenylephrine hydrochloride 2 MG/ML Oral Solution
2167730,SCD,brompheniramine maleate 0.8 MG/ML / dextromethorphan hydrobromide 6 MG/ML / phenylephrine hydrochloride 2 MG/ML Oral Solution
1304105,SCD,brompheniramine maleate 4 MG / dextromethorphan hydrobromide 20 MG / phenylephrine hydrochloride 10 MG Oral Tablet
1357422,SCD,brompheniramine maleate 0.4 MG/ML / dextromethorphan hydrobromide 2 MG/ML / phenylpropanolamine hydrochloride 2.5 MG/ML Oral Solution
1098497,SCD,brompheniramine maleate 0.2 MG/ML / dextromethorphan hydrobromide 1 MG/ML / pseudoephedrine hydrochloride 3 MG/ML Oral Solution
1245722,SCD,brompheniramine maleate 0.2 MG/ML / dextromethorphan hydrobromide 4 MG/ML / pseudoephedrine hydrochloride 6 MG/ML Oral Solution
1357010,SCD,brompheniramine maleate 0.4 MG/ML / dextromethorphan hydrobromide 2 MG/ML / pseudoephedrine hydrochloride 6 MG/ML Oral Solution
1037164,SCD,brompheniramine maleate 0.8 MG/ML / dextromethorphan hydrobromide 3 MG/ML / pseudoephedrine hydrochloride 9 MG/ML Oral Solution
1356812,SCD,brompheniramine maleate 4 MG / dextromethorphan hydrobromide 20 MG / pseudoephedrine hydrochloride 40 MG Oral Tablet
1012984,SCD,carbinoxamine maleate 0.8 MG/ML / dextromethorphan hydrobromide 2.5 MG/ML / pseudoephedrine hydrochloride 12 MG/ML Oral Solution
1010946,SCD,carbinoxamine maleate 0.8 MG/ML / dextromethorphan hydrobromide 3 MG/ML / pseudoephedrine hydrochloride 12 MG/ML Oral Solution
1010980,SCD,carbinoxamine maleate 1 MG/ML / dextromethorphan hydrobromide 4 MG/ML / pseudoephedrine hydrochloride 15 MG/ML Oral Solution
2167740,SCD,chlorpheniramine maleate 0.133 MG/ML / dextromethorphan hydrobromide 0.333 MG/ML / phenylephrine hydrochloride 0.333 MG/ML Oral Solution
1363752,SCD,chlorpheniramine maleate 0.4 MG/ML / dextromethorphan hydrobromide 2 MG/ML / phenylephrine hydrochloride 1 MG/ML Oral Solution
1190174,SCD,chlorpheniramine maleate 0.4 MG/ML / dextromethorphan hydrobromide 3 MG/ML / phenylephrine hydrochloride 1 MG/ML Oral Solution
700949,SCD,chlorpheniramine maleate 0.6 MG/ML / dextromethorphan hydrobromide 2.75 MG/ML / phenylephrine hydrochloride 1.5 MG/ML Oral Solution
1291266,SCD,chlorpheniramine maleate 0.8 MG/ML / dextromethorphan hydrobromide 2 MG/ML / phenylephrine hydrochloride 2 MG/ML Oral Solution
1086443,SCD,chlorpheniramine maleate 0.8 MG/ML / dextromethorphan hydrobromide 3 MG/ML / phenylephrine hydrochloride 2 MG/ML Oral Solution
1489310,SCD,chlorpheniramine maleate 0.8 MG/ML / dextromethorphan hydrobromide 4 MG/ML / phenylephrine hydrochloride 2 MG/ML Oral Solution
2167750,SCD,chlorpheniramine maleate 0.8 MG/ML / dextromethorphan hydrobromide 6 MG/ML / phenylephrine hydrochloride 1.5 MG/ML Oral Solution
1536862,SCD,chlorpheniramine maleate 2 MG / dextromethorphan hydrobromide 10 MG / phenylephrine hydrochloride 5 MG Effervescent Oral Tablet
2603661,SCD,chlorpheniramine maleate 3.5 MG / dextromethorphan hydrobromide 29 MG / phenylephrine hydrochloride 10 MG Oral Tablet
1593105,SCD,chlorpheniramine maleate 4 MG / dextromethorphan hydrobromide 10 MG / phenylephrine hydrochloride 10 MG Oral Tablet
2003130,SCD,chlorpheniramine maleate 4 MG / dextromethorphan hydrobromide 18 MG / phenylephrine hydrochloride 10 MG Oral Tablet
2167752,SCD,chlorpheniramine maleate 4 MG / dextromethorphan hydrobromide 20 MG / phenylephrine hydrochloride 10 MG Oral Tablet
1357894,SCD,12 HR chlorpheniramine maleate 8 MG / dextromethorphan hydrobromide 30 MG / phenylephrine hydrochloride 20 MG Extended Release Oral Tablet
2176488,SCD,chlorpheniramine maleate 0.133 MG/ML / dextromethorphan hydrobromide 0.333 MG/ML / pseudoephedrine hydrochloride 0.333 MG/ML Oral Solution
1117392,SCD,chlorpheniramine maleate 0.2 MG/ML / dextromethorphan hydrobromide 1 MG/ML / pseudoephedrine hydrochloride 3 MG/ML Oral Solution
1423711,SCD,chlorpheniramine maleate 0.4 MG/ML / dextromethorphan hydrobromide 2 MG/ML / pseudoephedrine hydrochloride 6 MG/ML Oral Solution
1359114,SCD,chlorpheniramine maleate 4 MG / dextromethorphan hydrobromide 20 MG / pseudoephedrine hydrochloride 60 MG Oral Tablet
2670541,SCD,choline salicylate 29 MG/ML / dextromethorphan hydrobromide 0.667 MG/ML / guaifenesin 6.67 MG/ML Oral Solution
1812101,SCD,dexbrompheniramine maleate 0.4 MG/ML / dextromethorphan hydrobromide 3 MG/ML / phenylephrine hydrochloride 1.5 MG/ML Oral Solution
1300195,SCD,dexbrompheniramine maleate 0.5 MG/ML / dextromethorphan hydrobromide 5 MG/ML / phenylephrine hydrochloride 2.5 MG/ML Oral Solution
1303797,SCD,dexbrompheniramine maleate 1 MG/ML / dextromethorphan hydrobromide 10 MG/ML / phenylephrine hydrochloride 5 MG/ML Oral Solution
1946979,SCD,dexbrompheniramine maleate 2 MG / dextromethorphan hydrobromide 20 MG / phenylephrine hydrochloride 10 MG Oral Tablet
1190600,SCD,dexbrompheniramine maleate 0.133 MG/ML / dextromethorphan hydrobromide 2 MG/ML / pseudoephedrine hydrochloride 4 MG/ML Oral Solution
2727430,SCD,dexbrompheniramine maleate 0.2 MG/ML / dextromethorphan hydrobromide 2 MG/ML / pseudoephedrine hydrochloride 6 MG/ML Oral Solution
1990881,SCD,dexchlorpheniramine maleate 0.2 MG/ML / dextromethorphan hydrobromide 2 MG/ML / phenylephrine hydrochloride 1 MG/ML Oral Solution
1298433,SCD,dexchlorpheniramine maleate 0.2 MG/ML / dextromethorphan hydrobromide 3 MG/ML / pseudoephedrine hydrochloride 6 MG/ML Oral Solution
2566814,SCD,dextromethorphan hydrobromide 0.667 MG/ML / doxylamine succinate 0.417 MG/ML / phenylephrine hydrochloride 0.333 MG/ML Oral Solution
1094350,SCD,dextromethorphan hydrobromide 3 MG/ML / doxylamine succinate 1.25 MG/ML / pseudoephedrine hydrochloride 6 MG/ML Oral Solution
2744506,SCD,12 HR dextromethorphan hydrobromide 30 MG / guaifenesin 600 MG / naproxen sodium 110 MG Extended Release Oral Tablet
1808192,SCD,dextromethorphan hydrobromide 0.333 MG/ML / guaifenesin 6.67 MG/ML / phenylephrine hydrochloride 0.167 MG/ML Oral Solution
2566816,SCD,dextromethorphan hydrobromide 0.667 MG/ML / guaifenesin 6.667 MG/ML / phenylephrine hydrochloride 0.333 MG/ML Oral Solution
2166123,SCD,dextromethorphan hydrobromide 0.667 MG/ML / guaifenesin 13.3 MG/ML / phenylephrine hydrochloride 0.333 MG/ML Oral Solution
2626496,SCD,dextromethorphan hydrobromide 0.667 MG/ML / guaifenesin 13.33 MG/ML / phenylephrine hydrochloride 0.333 MG/ML Oral Solution
1370205,SCD,dextromethorphan hydrobromide 1 MG/ML / guaifenesin 10 MG/ML / phenylephrine hydrochloride 0.5 MG/ML Oral Solution
1119541,SCD,dextromethorphan hydrobromide 1 MG/ML / guaifenesin 15 MG/ML / phenylephrine hydrochloride 0.5 MG/ML Oral Solution
1043543,SCD,dextromethorphan hydrobromide 1 MG/ML / guaifenesin 20 MG/ML / phenylephrine hydrochloride 0.5 MG/ML Oral Solution
1429362,SCD,dextromethorphan hydrobromide 1.2 MG/ML / guaifenesin 13.3 MG/ML / phenylephrine hydrochloride 0.667 MG/ML Oral Solution
2265849,SCD,dextromethorphan hydrobromide 1.2 MG/ML / guaifenesin 26.4 MG/ML / phenylephrine hydrochloride 0.667 MG/ML Oral Solution
1044949,SCD,dextromethorphan hydrobromide 2 MG/ML / guaifenesin 20 MG/ML / phenylephrine hydrochloride 1 MG/ML Oral Solution
1098647,SCD,dextromethorphan hydrobromide 2 MG/ML / guaifenesin 40 MG/ML / phenylephrine hydrochloride 1 MG/ML Oral Solution
1486140,SCD,dextromethorphan hydrobromide 2 MG/ML / guaifenesin 40 MG/ML / phenylephrine hydrochloride 1 MG/ML Oral Suspension
2268062,SCD,dextromethorphan hydrobromide 2.5 MG/ML / guaifenesin 25 MG/ML / phenylephrine hydrochloride 1.25 MG/ML Oral Solution
1358620,SCD,dextromethorphan hydrobromide 3 MG/ML / guaifenesin 20 MG/ML / phenylephrine hydrochloride 1 MG/ML Oral Solution
1251031,SCD,dextromethorphan hydrobromide 3 MG/ML / guaifenesin 60 MG/ML / phenylephrine hydrochloride 2 MG/ML Oral Solution
1372451,SCD,dextromethorphan hydrobromide 3 MG/ML / guaifenesin 70 MG/ML / phenylephrine hydrochloride 2 MG/ML Oral Solution
1661314,SCD,dextromethorphan hydrobromide 4 MG/ML / guaifenesin 50 MG/ML / phenylephrine hydrochloride 2.5 MG/ML Oral Solution
2728493,SCD,dextromethorphan hydrobromide 4 MG/ML / guaifenesin 77.6 MG/ML / phenylephrine hydrochloride 2 MG/ML Oral Solution
1091331,SCD,dextromethorphan hydrobromide 4 MG/ML / guaifenesin 80 MG/ML / phenylephrine hydrochloride 2 MG/ML Oral Solution
1095503,SCD,dextromethorphan hydrobromide 5 MG/ML / guaifenesin 50 MG/ML / phenylephrine hydrochloride 2.5 MG/ML Oral Solution
1372459,SCD,dextromethorphan hydrobromide 5 MG/ML / guaifenesin 100 MG/ML / phenylephrine hydrochloride 2.5 MG/ML Oral Solution
880359,SCD,dextromethorphan hydrobromide 5.6 MG/ML / guaifenesin 77.6 MG/ML / phenylephrine hydrochloride 2 MG/ML Oral Solution
1741944,SCD,dextromethorphan hydrobromide 5.8 MG/ML / guaifenesin 78 MG/ML / phenylephrine hydrochloride 2 MG/ML Oral Solution
1000502,SCD,dextromethorphan hydrobromide 6 MG/ML / guaifenesin 40 MG/ML / phenylephrine hydrochloride 1.5 MG/ML Oral Solution
1364914,SCD,dextromethorphan hydrobromide 6 MG/ML / guaifenesin 40 MG/ML / phenylephrine hydrochloride 2 MG/ML Oral Solution
1487369,SCD,dextromethorphan hydrobromide 7.5 MG/ML / guaifenesin 88 MG/ML / phenylephrine hydrochloride 2.5 MG/ML Oral Solution
1874730,SCD,dextromethorphan hydrobromide 9 MG / guaifenesin 198 MG / phenylephrine hydrochloride 5 MG Oral Tablet
1372652,SCD,dextromethorphan hydrobromide 10 MG / guaifenesin 200 MG / phenylephrine hydrochloride 5 MG Oral Tablet
1357905,SCD,12 HR dextromethorphan hydrobromide 25 MG / guaifenesin 550 MG / phenylephrine hydrochloride 20 MG Extended Release Oral Tablet
1251401,SCD,dextromethorphan hydrobromide 14 MG / guaifenesin 288 MG / phenylephrine hydrochloride 7 MG Oral Capsule
1245616,SCD,dextromethorphan hydrobromide 15 MG / guaifenesin 100 MG / phenylephrine hydrochloride 5 MG Oral Tablet
1113490,SCD,dextromethorphan hydrobromide 15 MG / guaifenesin 350 MG / phenylephrine hydrochloride 12 MG Oral Tablet
1603294,SCD,dextromethorphan hydrobromide 15 MG / guaifenesin 380 MG / phenylephrine hydrochloride 10 MG Oral Tablet
1490000,SCD,dextromethorphan hydrobromide 15 MG / guaifenesin 395 MG / phenylephrine hydrochloride 10 MG Oral Tablet
1552200,SCD,dextromethorphan hydrobromide 15 MG / guaifenesin 400 MG / phenylephrine hydrochloride 10 MG Oral Tablet
1808604,SCD,dextromethorphan hydrobromide 17.5 MG / guaifenesin 385 MG / phenylephrine hydrochloride 10 MG Oral Tablet
2172190,SCD,dextromethorphan hydrobromide 17.5 MG / guaifenesin 400 MG / phenylephrine hydrochloride 10 MG Oral Tablet
1305214,SCD,dextromethorphan hydrobromide 20 MG / guaifenesin 400 MG / phenylephrine hydrochloride 10 MG Oral Tablet
2167784,SCD,dextromethorphan hydrobromide 28 MG / guaifenesin 388 MG / phenylephrine hydrochloride 10 MG Oral Tablet
2603662,SCD,dextromethorphan hydrobromide 29 MG / guaifenesin 390 MG / phenylephrine hydrochloride 10 MG Oral Tablet
1098911,SCD,dextromethorphan hydrobromide 1 MG/ML / guaifenesin 10 MG/ML / pseudoephedrine hydrochloride 3 MG/ML Oral Solution
1099085,SCD,dextromethorphan hydrobromide 2 MG/ML / guaifenesin 20 MG/ML / pseudoephedrine hydrochloride 6 MG/ML Oral Solution
1435143,SCD,dextromethorphan hydrobromide 2 MG/ML / guaifenesin 37.4 MG/ML / pseudoephedrine hydrochloride 6 MG/ML Oral Solution
1241674,SCD,dextromethorphan hydrobromide 2.5 MG/ML / guaifenesin 25 MG/ML / pseudoephedrine hydrochloride 7.5 MG/ML Oral Solution
1424919,SCD,dextromethorphan hydrobromide 3 MG/ML / guaifenesin 35 MG/ML / pseudoephedrine hydrochloride 6 MG/ML Oral Solution
1098227,SCD,dextromethorphan hydrobromide 3 MG/ML / guaifenesin 40 MG/ML / pseudoephedrine hydrochloride 6 MG/ML Oral Solution
1358623,SCD,dextromethorphan hydrobromide 4 MG/ML / guaifenesin 20 MG/ML / pseudoephedrine hydrochloride 10 MG/ML Oral Solution
1090468,SCD,dextromethorphan hydrobromide 10 MG / guaifenesin 200 MG / pseudoephedrine hydrochloride 30 MG Oral Capsule
1114896,SCD,dextromethorphan hydrobromide 10 MG / guaifenesin 200 MG / pseudoephedrine hydrochloride 30 MG Oral Tablet
1424849,SCD,12 HR dextromethorphan hydrobromide 30 MG / guaifenesin 580 MG / pseudoephedrine hydrochloride 60 MG Extended Release Oral Tablet
2167676,SCD,12 HR dextromethorphan hydrobromide 40 MG / guaifenesin 780 MG / pseudoephedrine hydrochloride 80 MG Extended Release Oral Tablet
1430404,SCD,12 HR dextromethorphan hydrobromide 60 MG / guaifenesin 1200 MG / pseudoephedrine hydrochloride 60 MG Extended Release Oral Tablet
1094460,SCD,dextromethorphan hydrobromide 15 MG / guaifenesin 190 MG / pseudoephedrine hydrochloride 30 MG Oral Tablet
1426660,SCD,dextromethorphan hydrobromide 15 MG / guaifenesin 400 MG / pseudoephedrine hydrochloride 60 MG Oral Tablet
2368128,SCD,dextromethorphan hydrobromide 20 MG / guaifenesin 375 MG / pseudoephedrine hydrochloride 60 MG Oral Tablet
1427998,SCD,dextromethorphan hydrobromide 20 MG / guaifenesin 380 MG / pseudoephedrine hydrochloride 60 MG Oral Tablet
2167782,SCD,dextromethorphan hydrobromide 20 MG / guaifenesin 400 MG / pseudoephedrine hydrochloride 20 MG Oral Tablet
1300017,SCD,dextromethorphan hydrobromide 20 MG / guaifenesin 400 MG / pseudoephedrine hydrochloride 30 MG Oral Tablet
2167783,SCD,dextromethorphan hydrobromide 20 MG / guaifenesin 400 MG / pseudoephedrine hydrochloride 40 MG Oral Tablet
1307253,SCD,dextromethorphan hydrobromide 20 MG / guaifenesin 400 MG / pseudoephedrine hydrochloride 60 MG Oral Tablet
1251296,SCD,dextromethorphan hydrobromide 30 MG / guaifenesin 400 MG / pseudoephedrine hydrochloride 60 MG Oral Tablet
2639752,SCD,dextromethorphan hydrobromide 2 MG/ML / pheniramine maleate 2.5 MG/ML / phenylephrine hydrochloride 1 MG/ML Oral Solution
2639753,SCD,dextromethorphan hydrobromide 1.5 MG/ML / phenylephrine hydrochloride 1 MG/ML / pyrilamine maleate 2.5 MG/ML Oral Solution
1147823,SCD,dextromethorphan hydrobromide 2 MG/ML / phenylephrine hydrochloride 1 MG/ML / pyrilamine maleate 1.67 MG/ML Oral Solution
1427392,SCD,dextromethorphan hydrobromide 2 MG/ML / phenylephrine hydrochloride 1 MG/ML / thonzylamine hydrochloride 5 MG/ML Oral Solution
2268058,SCD,dextromethorphan hydrobromide 3 MG/ML / phenylephrine hydrochloride 1 MG/ML / triprolidine hydrochloride 0.25 MG/ML Oral Solution
1492052,SCD,dextromethorphan hydrobromide 4 MG/ML / phenylephrine hydrochloride 2 MG/ML / triprolidine hydrochloride 0.5 MG/ML Oral Solution
2699313,SCD,dextromethorphan hydrobromide 3 MG/ML / pseudoephedrine hydrochloride 6 MG/ML / triprolidine hydrochloride 0.25 MG/ML Oral Solution
2707699,SCD,dextromethorphan hydrobromide 4 MG/ML / pseudoephedrine hydrochloride 6 MG/ML / triprolidine hydrochloride 0.5 MG/ML Oral Solution
1113397,SCD,acetaminophen 32 MG/ML / chlorpheniramine maleate 0.2 MG/ML / dextromethorphan hydrobromide 1 MG/ML / phenylephrine hydrochloride 0.5 MG/ML Oral Suspension
1370440,SCD,acetaminophen 50 MG/ML / chlorpheniramine maleate 0.8 MG/ML / dextromethorphan hydrobromide 2 MG/ML / phenylephrine hydrochloride 2 MG/ML Oral Solution
2121065,SCD,acetaminophen 65 MG/ML / chlorpheniramine maleate 0.4 MG/ML / dextromethorphan hydrobromide 1.3 MG/ML / phenylephrine hydrochloride 1 MG/ML Oral Solution
1242747,SCD,acetaminophen 162.5 MG / chlorpheniramine maleate 2 MG / dextromethorphan hydrobromide 10 MG / phenylephrine hydrochloride 5 MG Oral Capsule
1245169,SCD,acetaminophen 163 MG / chlorpheniramine maleate 2 MG / dextromethorphan hydrobromide 10 MG / phenylephrine hydrochloride 5 MG Oral Tablet
1536477,SCD,acetaminophen 250 MG / chlorpheniramine maleate 2 MG / dextromethorphan hydrobromide 10 MG / phenylephrine hydrochloride 5 MG Effervescent Oral Tablet
1193292,SCD,acetaminophen 250 MG / chlorpheniramine maleate 2 MG / dextromethorphan hydrobromide 10 MG / phenylephrine hydrochloride 5 MG Oral Capsule
2557336,SCD,acetaminophen 325 MG / chlorpheniramine maleate 2 MG / dextromethorphan hydrobromide 10 MG / phenylephrine hydrochloride 5 MG Effervescent Oral Tablet
1042688,SCD,acetaminophen 325 MG / chlorpheniramine maleate 2 MG / dextromethorphan hydrobromide 10 MG / phenylephrine hydrochloride 5 MG Oral Capsule
1086991,SCD,acetaminophen 325 MG / chlorpheniramine maleate 2 MG / dextromethorphan hydrobromide 10 MG / phenylephrine hydrochloride 5 MG Oral Tablet
1307244,SCD,acetaminophen 325 MG / chlorpheniramine maleate 2 MG / dextromethorphan hydrobromide 15 MG / phenylephrine hydrochloride 5 MG Oral Tablet
1744049,SCD,acetaminophen 325 MG / chlorpheniramine maleate 3 MG / dextromethorphan hydrobromide 30 MG / phenylephrine hydrochloride 5 MG Oral Tablet
2709229,SCD,acetaminophen 325 MG / chlorpheniramine maleate 4 MG / dextromethorphan hydrobromide 20 MG / phenylephrine hydrochloride 10 MG Oral Tablet
1536934,SCD,acetaminophen 325 MG / chlorpheniramine maleate 2 MG / dextromethorphan hydrobromide 10 MG / phenylpropanolamine bitartrate 20 MG Effervescent Oral Tablet
2049283,SCD,acetaminophen 33.3 MG/ML / chlorpheniramine maleate 0.133 MG/ML / dextromethorphan hydrobromide 1 MG/ML / pseudoephedrine hydrochloride 2 MG/ML Oral Solution
1366825,SCD,acetaminophen 80 MG / chlorpheniramine maleate 0.5 MG / dextromethorphan hydrobromide 2.5 MG / pseudoephedrine hydrochloride 7.5 MG Chewable Tablet
1299662,SCD,acetaminophen 325 MG / chlorpheniramine maleate 2 MG / dextromethorphan hydrobromide 10 MG / pseudoephedrine hydrochloride 30 MG Oral Capsule
1147795,SCD,acetaminophen 325 MG / chlorpheniramine maleate 2 MG / dextromethorphan hydrobromide 10 MG / pseudoephedrine hydrochloride 30 MG Oral Tablet
1299646,SCD,acetaminophen 325 MG / chlorpheniramine maleate 2 MG / dextromethorphan hydrobromide 15 MG / pseudoephedrine hydrochloride 30 MG Oral Capsule
1089968,SCD,acetaminophen 500 MG / chlorpheniramine maleate 2 MG / dextromethorphan hydrobromide 15 MG / pseudoephedrine hydrochloride 30 MG Oral Tablet
1996098,SCD,acetaminophen 32.5 MG/ML / dextromethorphan hydrobromide 1 MG/ML / diphenhydramine hydrochloride 1.25 MG/ML / phenylephrine hydrochloride 0.5 MG/ML Oral Solution
1298288,SCD,acetaminophen 650 MG / dextromethorphan hydrobromide 30 MG / diphenhydramine hydrochloride 50 MG / pseudoephedrine hydrochloride 60 MG Oral Tablet
1431245,SCD,acetaminophen 21.7 MG/ML / dextromethorphan hydrobromide 0.667 MG/ML / doxylamine succinate 0.417 MG/ML / phenylephrine hydrochloride 0.333 MG/ML Oral Solution
2733907,SCD,acetaminophen 43.3 MG/ML / dextromethorphan hydrobromide 1.33 MG/ML / doxylamine succinate 0.833 MG/ML / phenylephrine hydrochloride 0.667 MG/ML Oral Solution
1536999,SCD,acetaminophen 250 MG / dextromethorphan hydrobromide 10 MG / doxylamine succinate 6.25 MG / phenylephrine hydrochloride 5 MG Effervescent Oral Tablet
1297288,SCD,acetaminophen 325 MG / dextromethorphan hydrobromide 10 MG / doxylamine succinate 6.25 MG / phenylephrine hydrochloride 5 MG Oral Capsule
1546881,SCD,acetaminophen 325 MG / dextromethorphan hydrobromide 10 MG / doxylamine succinate 6.25 MG / phenylephrine hydrochloride 5 MG Oral Tablet
2677914,SCD,acetaminophen 325 MG / dextromethorphan hydrobromide 10 MG / doxylamine succinate 6.25 MG / phenylephrine hydrochloride 5 MG Powder for Oral Solution
2734621,SCD,acetaminophen 325 MG / dextromethorphan hydrobromide 15 MG / doxylamine succinate 6.25 MG / phenylephrine hydrochloride 5 MG Oral Capsule
1534835,SCD,acetaminophen 650 MG / dextromethorphan hydrobromide 20 MG / doxylamine succinate 12.5 MG / phenylephrine hydrochloride 10 MG Powder for Oral Solution
1237110,SCD,acetaminophen 33.3 MG/ML / dextromethorphan hydrobromide 1 MG/ML / doxylamine succinate 0.417 MG/ML / pseudoephedrine hydrochloride 2 MG/ML Oral Solution
1236395,SCD,acetaminophen 250 MG / dextromethorphan hydrobromide 10 MG / doxylamine succinate 6.25 MG / pseudoephedrine hydrochloride 30 MG Oral Capsule
1089822,SCD,acetaminophen 325 MG / dextromethorphan hydrobromide 15 MG / doxylamine succinate 6.25 MG / pseudoephedrine hydrochloride 30 MG Oral Capsule
2723021,SCD,acetaminophen 500 MG / dextromethorphan hydrobromide 15 MG / doxylamine succinate 6.25 MG / pseudoephedrine hydrochloride 30 MG Oral Capsule
1369842,SCD,acetaminophen 21.7 MG/ML / dextromethorphan hydrobromide 0.667 MG/ML / guaifenesin 13.3 MG/ML / phenylephrine hydrochloride 0.333 MG/ML Oral Solution
1790651,SCD,acetaminophen 25 MG/ML / dextromethorphan hydrobromide 1.33 MG/ML / guaifenesin 20 MG/ML / phenylephrine hydrochloride 0.5 MG/ML Oral Solution
1116572,SCD,acetaminophen 32.5 MG/ML / dextromethorphan hydrobromide 1 MG/ML / guaifenesin 20 MG/ML / phenylephrine hydrochloride 0.5 MG/ML Oral Solution
1593450,SCD,acetaminophen 32.5 MG/ML / dextromethorphan hydrobromide 1 MG/ML / guaifenesin 20 MG/ML / phenylephrine hydrochloride 0.5 MG/ML Oral Suspension
2712155,SCD,acetaminophen 32.5 MG/ML / dextromethorphan hydrobromide 2 MG/ML / guaifenesin 40 MG/ML / phenylephrine hydrochloride 1 MG/ML Oral Solution
1432488,SCD,acetaminophen 250 MG / dextromethorphan hydrobromide 10 MG / guaifenesin 200 MG / phenylephrine hydrochloride 5 MG Oral Capsule
1098435,SCD,acetaminophen 325 MG / dextromethorphan hydrobromide 10 MG / guaifenesin 100 MG / phenylephrine hydrochloride 5 MG Oral Tablet
1656815,SCD,acetaminophen 325 MG / dextromethorphan hydrobromide 10 MG / guaifenesin 200 MG / phenylephrine hydrochloride 5 MG Oral Capsule
1110988,SCD,acetaminophen 325 MG / dextromethorphan hydrobromide 10 MG / guaifenesin 200 MG / phenylephrine hydrochloride 5 MG Oral Tablet
2677915,SCD,acetaminophen 325 MG / dextromethorphan hydrobromide 10 MG / guaifenesin 200 MG / phenylephrine hydrochloride 5 MG Powder for Oral Solution
1367204,SCD,acetaminophen 325 MG / dextromethorphan hydrobromide 15 MG / guaifenesin 200 MG / phenylephrine hydrochloride 5 MG Oral Tablet
1484879,SCD,acetaminophen 500 MG / dextromethorphan hydrobromide 20 MG / guaifenesin 400 MG / phenylephrine hydrochloride 10 MG Oral Tablet
1550968,SCD,acetaminophen 500 MG / dextromethorphan hydrobromide 20 MG / guaifenesin 400 MG / phenylephrine hydrochloride 10 MG Powder for Oral Solution
1090476,SCD,acetaminophen 250 MG / dextromethorphan hydrobromide 10 MG / guaifenesin 100 MG / pseudoephedrine hydrochloride 30 MG Oral Capsule
2723022,SCD,acetaminophen 325 MG / dextromethorphan hydrobromide 10 MG / guaifenesin 200 MG / pseudoephedrine hydrochloride 30 MG Oral Capsule
1673869,SCD,acetaminophen 325 MG / dextromethorphan hydrobromide 20 MG / guaifenesin 200 MG / pseudoephedrine hydrochloride 60 MG Oral Tablet
1359154,SCD,acetaminophen 500 MG / dextromethorphan hydrobromide 20 MG / guaifenesin 400 MG / pseudoephedrine hydrochloride 60 MG Oral Tablet
2173662,SCD,acetaminophen 32.5 MG/ML / dextromethorphan hydrobromide 1 MG/ML / phenylephrine hydrochloride 0.5 MG/ML / triprolidine hydrochloride 0.125 MG/ML Oral Solution
2608082,SCD,acetaminophen 325 MG / dextromethorphan hydrobromide 10 MG / phenylephrine hydrochloride 5 MG / triprolidine hydrochloride 1.25 MG Oral Capsule
2549037,SCD,acetaminophen 325 MG / dextromethorphan hydrobromide 10 MG / phenylephrine hydrochloride 5 MG / triprolidine hydrochloride 1.25 MG Oral Tablet
1537029,SCD,aspirin 325 MG / chlorpheniramine maleate 2 MG / dextromethorphan hydrobromide 10 MG / phenylephrine bitartrate 7.8 MG Effervescent Oral Tablet
2565491,SCD,aspirin 325 MG / dextromethorphan hydrobromide 10 MG / doxylamine succinate 6.25 MG / phenylephrine bitartrate 7.8 MG Effervescent Oral Tablet
1536503,SCD,aspirin 500 MG / dextromethorphan hydrobromide 10 MG / doxylamine succinate 6.25 MG / phenylephrine bitartrate 7.8 MG Effervescent Oral Tablet
1743369,SCD,acetaminophen 25 MG/ML / chlorpheniramine maleate 0.4 MG/ML / dextromethorphan hydrobromide 1.33 MG/ML / guaifenesin 20 MG/ML / phenylephrine hydrochloride 0.5 MG/ML Oral Solution
1246254,SBD,dextromethorphan hydrobromide 1 MG/ML Oral Solution [Creomulsion]
1114041,SBD,dextromethorphan hydrobromide 1 MG/ML Oral Solution [DayQuil Cough]
1246340,SBD,dextromethorphan hydrobromide 1.33 MG/ML Oral Solution [Creomulsion]
1483723,SBD,dextromethorphan hydrobromide 1.5 MG/ML Oral Solution [Babee Cof]
1483726,SBD,dextromethorphan hydrobromide 1.5 MG/ML Oral Solution [Elixsure Cough]
1422935,SBD,dextromethorphan hydrobromide 2 MG/ML Oral Solution [Scot-tussin Diabetic CF]
2122415,SBD,dextromethorphan hydrobromide 2.2 MG/ACTUAT Oral Spray [Zicam Cough]
2122389,SBD,dextromethorphan hydrobromide 2.5 MG Oral Lozenge [Scot-Tussin DM Cough Chasers]
1536157,SBD,dextromethorphan hydrobromide 2.5 MG/ML Oral Suspension [Buckley's Cough Suppressant]
1099285,SBD,dextromethorphan hydrobromide 3 MG/ML Oral Solution [Mielim Y Mas]
2122395,SBD,dextromethorphan hydrobromide 3.3 MG/ACTUAT Oral Spray [Zicam Cough]
1596947,SBD,dextromethorphan hydrobromide 6 MG/ACTUAT Oral Spray [Zicam Cough]
1111766,SBD,dextromethorphan hydrobromide 15 MG Oral Capsule [Robafen Cough]
1373128,SBD,12 HR dextromethorphan polistirex 6 MG/ML Extended Release Suspension [Delsym]
1092424,SBD,diphenhydramine hydrochloride 2.5 MG/ML Oral Solution [Banophen]
1049908,SBD,diphenhydramine hydrochloride 2.5 MG/ML Oral Solution [Benadryl]
1094188,SBD,diphenhydramine hydrochloride 2.5 MG/ML Oral Solution [Diphedryl]
1094451,SBD,diphenhydramine hydrochloride 2.5 MG/ML Oral Solution [Scot-Tussin Allergy]
1094393,SBD,diphenhydramine hydrochloride 2.5 MG/ML Oral Solution [Siladryl]
1086767,SBD,diphenhydramine hydrochloride 2.5 MG/ML Oral Solution [Wal-Dryl Childrens]
1039255,SBD,benzocaine 7.5 MG / dextromethorphan hydrobromide 5 MG Oral Lozenge [Cepacol Sore Throat Plus Cough]
2741703,SBD,bupropion hydrochloride 105 MG / dextromethorphan hydrobromide 30 MG Extended Release Oral Tablet [Auvelity]
2611266,SBD,bupropion hydrochloride 105 MG / dextromethorphan hydrobromide 45 MG Extended Release Oral Tablet [Auvelity]
1040058,SBD,dextromethorphan hydrobromide 20 MG / quinidine sulfate 10 MG Oral Capsule [Nuedexta]
1872897,SBD,benzocaine 6 MG / dextromethorphan hydrobromide 5 MG / menthol 10 MG Oral Lozenge [Cepastat Sore Throat & Cough]
1045541,SBD,benzocaine 6 MG / dextromethorphan hydrobromide 5 MG / menthol 10 MG Oral Lozenge [Chloraseptic Sore Throat + Cough]
1358993,SBD,brompheniramine maleate 0.4 MG/ML / dextromethorphan hydrobromide 2 MG/ML / pseudoephedrine hydrochloride 6 MG/ML Oral Solution [Bromfed DM]
2683422,GPCK,{1 (brompheniramine maleate 0.2 MG/ML / dextromethorphan hydrobromide 1 MG/ML Oral Solution) / 1 (diphenhydramine hydrochloride 1.25 MG/ML Oral Solution) } Pack
1360638,GPCK,{1 (dextromethorphan hydrobromide 1 MG/ML / doxylamine succinate 0.417 MG/ML Oral Solution) / 1 (dextromethorphan hydrobromide 1 MG/ML Oral Solution) } Pack
2683425,GPCK,{1 (dextromethorphan hydrobromide 10 MG / doxylamine succinate 6.25 MG Chewable Tablet) / 1 (dextromethorphan hydrobromide 10 MG Chewable Tablet) } Pack
2685490,GPCK,{1 (dextromethorphan hydrobromide 0.667 MG/ML / guaifenesin 13.3 MG/ML Oral Solution) / 1 (diphenhydramine hydrochloride 0.833 MG/ML Oral Solution) } Pack
2683226,GPCK,{1 (dextromethorphan hydrobromide 1 MG/ML / guaifenesin 20 MG/ML Oral Solution) / 1 (diphenhydramine hydrochloride 2.5 MG/ML Oral Solution) } Pack
2693776,GPCK,{1 (acetaminophen 32 MG/ML / dextromethorphan hydrobromide 0.5 MG/ML Oral Suspension) / 1 (acetaminophen 32.5 MG/ML / diphenhydramine hydrochloride 1.25 MG/ML Oral Suspension) } Pack
2679426,GPCK,{1 (acetaminophen 500 MG / dextromethorphan hydrobromide 20 MG Granules for Oral Solution) / 1 (acetaminophen 650 MG / diphenhydramine hydrochloride 25 MG Granules for Oral Solution) } Pack
2362250,GPCK,{1 (chlorpheniramine maleate 0.2 MG/ML / dextromethorphan hydrobromide 1.5 MG/ML Oral Solution) / 1 (dextromethorphan hydrobromide 1 MG/ML / guaifenesin 10 MG/ML Oral Solution) } Pack
2119625,GPCK,{1 (chlorpheniramine maleate 0.2 MG/ML / dextromethorphan hydrobromide 1.5 MG/ML Oral Solution) / 1 (dextromethorphan hydrobromide 1 MG/ML / guaifenesin 20 MG/ML Oral Solution) } Pack
2743069,GPCK,{1 (chlorpheniramine maleate 0.2 MG/ML / dextromethorphan hydrobromide 1.5 MG/ML Oral Suspension) / 1 (dextromethorphan hydrobromide 1 MG/ML / guaifenesin 20 MG/ML Oral Suspension) } Pack
2743625,GPCK,{1 (dextromethorphan hydrobromide 0.667 MG/ML / doxylamine succinate 0.417 MG/ML Oral Solution) / 1 (dextromethorphan hydrobromide 0.667 MG/ML / guaifenesin 6.67 MG/ML Oral Solution) } Pack
2722413,GPCK,{1 (dextromethorphan hydrobromide 1 MG/ML / guaifenesin 10 MG/ML Oral Solution) / 1 (dextromethorphan hydrobromide 1.5 MG/ML / doxylamine succinate 0.625 MG/ML Oral Solution) } Pack
2056073,GPCK,{1 (dextromethorphan hydrobromide 1 MG/ML / guaifenesin 20 MG/ML Oral Solution) / 1 (dextromethorphan hydrobromide 1.5 MG/ML / doxylamine succinate 0.625 MG/ML Oral Solution) } Pack
1795585,GPCK,{1 (dextromethorphan hydrobromide 2 MG/ML / guaifenesin 40 MG/ML Oral Solution) / 1 (dextromethorphan hydrobromide 3 MG/ML / doxylamine succinate 1.25 MG/ML Oral Solution) } Pack
1730190,GPCK,{1 (dextromethorphan hydrobromide 1 MG/ML / phenylephrine hydrochloride 0.5 MG/ML Oral Solution) / 1 (diphenhydramine hydrochloride 1.25 MG/ML / phenylephrine hydrochloride 0.5 MG/ML Oral Solution) } Pack
2744512,GPCK,{21 (bupropion hydrochloride 105 MG / dextromethorphan hydrobromide 30 MG Extended Release Oral Tablet) / 14 (bupropion hydrochloride 105 MG / dextromethorphan hydrobromide 45 MG Extended Release Oral Tablet) } Pack
2744514,GPCK,{21 (bupropion hydrochloride 105 MG / dextromethorphan hydrobromide 30 MG Extended Release Oral Tablet) / 30 (bupropion hydrochloride 105 MG / dextromethorphan hydrobromide 45 MG Extended Release Oral Tablet) } Pack
2604635,GPCK,{1 (acetaminophen 33.3 MG/ML / chlorpheniramine maleate 0.133 MG/ML / dextromethorphan hydrobromide 1 MG/ML Oral Solution) / 1 (acetaminophen 33.3 MG/ML / dextromethorphan hydrobromide 1 MG/ML Oral Solution) } Pack
2744508,GPCK,{1 (acetaminophen 250 MG / chlorpheniramine maleate 2 MG / dextromethorphan hydrobromide 10 MG Effervescent Oral Tablet) / 1 (acetaminophen 250 MG / dextromethorphan hydrobromide 10 MG Effervescent Oral Tablet) } Pack
1250983,GPCK,{1 (acetaminophen 500 MG / chlorpheniramine maleate 2 MG / dextromethorphan hydrobromide 15 MG Oral Tablet) / 1 (dextromethorphan hydrobromide 10 MG / guaifenesin 200 MG Oral Capsule) } Pack
2604579,GPCK,{1 (acetaminophen 500 MG / chlorpheniramine maleate 2 MG / dextromethorphan hydrobromide 15 MG Oral Tablet) / 1 (acetaminophen 500 MG / dextromethorphan hydrobromide 15 MG Oral Tablet) } Pack
2636659,GPCK,{1 (acetaminophen 1000 MG / chlorpheniramine maleate 4 MG / dextromethorphan hydrobromide 30 MG Powder for Oral Solution) / 1 (acetaminophen 1000 MG / dextromethorphan hydrobromide 30 MG Powder for Oral Solution) } Pack
2637756,GPCK,{1 (acetaminophen 21.7 MG/ML / dextromethorphan hydrobromide 0.667 MG/ML Oral Solution) / 1 (acetaminophen 21.7 MG/ML / dextromethorphan hydrobromide 1 MG/ML / doxylamine succinate 0.417 MG/ML Oral Solution) } Pack
2693777,GPCK,{1 (acetaminophen 32.5 MG/ML / dextromethorphan hydrobromide 1 MG/ML Oral Suspension) / 1 (acetaminophen 32.5 MG/ML / dextromethorphan hydrobromide 1.5 MG/ML / doxylamine succinate 0.625 MG/ML Oral Suspension) } Pack
2676954,GPCK,{1 (acetaminophen 325 MG / dextromethorphan hydrobromide 10 MG Oral Capsule) / 1 (acetaminophen 325 MG / dextromethorphan hydrobromide 15 MG / doxylamine succinate 6.25 MG Oral Capsule) } Pack
2687211,GPCK,{1 (acetaminophen 21.7 MG/ML / dextromethorphan hydrobromide 0.667 MG/ML / doxylamine succinate 0.417 MG/ML Oral Solution) / 1 (acetaminophen 21.7 MG/ML / dextromethorphan hydrobromide 0.667 MG/ML Oral Solution) } Pack
2692304,GPCK,{1 (acetaminophen 32.5 MG/ML / dextromethorphan hydrobromide 1.5 MG/ML / doxylamine succinate 0.625 MG/ML Oral Suspension) / 1 (dextromethorphan hydrobromide 1 MG/ML / guaifenesin 20 MG/ML Oral Suspension) } Pack
1242575,GPCK,{1 (acetaminophen 33.3 MG/ML / dextromethorphan hydrobromide 1 MG/ML / doxylamine succinate 0.417 MG/ML Oral Solution) / 1 (acetaminophen 33.3 MG/ML / dextromethorphan hydrobromide 1 MG/ML Oral Solution) } Pack
2663936,GPCK,{1 (acetaminophen 325 MG / dextromethorphan hydrobromide 10 MG / doxylamine succinate 6.25 MG Oral Capsule) / 1 (acetaminophen 325 MG / dextromethorphan hydrobromide 10 MG Oral Capsule) } Pack
2713313,GPCK,{1 (acetaminophen 325 MG / dextromethorphan hydrobromide 10 MG / doxylamine succinate 6.25 MG Oral Tablet) / 1 (acetaminophen 325 MG / dextromethorphan hydrobromide 10 MG Oral Tablet) } Pack
2612689,GPCK,{1 (acetaminophen 325 MG / dextromethorphan hydrobromide 10 MG / doxylamine succinate 6.25 MG Oral Capsule) / 1 (acetaminophen 325 MG / guaifenesin 200 MG Oral Capsule) } Pack
2695452,GPCK,{1 (acetaminophen 21.7 MG/ML / dextromethorphan hydrobromide 0.667 MG/ML / guaifenesin 13.3 MG/ML Oral Solution) / 1 (acetaminophen 21.7 MG/ML / diphenhydramine hydrochloride 0.833 MG/ML Oral Solution) } Pack
2287760,GPCK,{1 (acetaminophen 32.5 MG/ML / dextromethorphan hydrobromide 1 MG/ML / triprolidine hydrochloride 0.125 MG/ML Oral Solution) / 1 (dextromethorphan hydrobromide 1 MG/ML / guaifenesin 20 MG/ML Oral Solution) } Pack
2744509,GPCK,{1 (acetaminophen 32.5 MG/ML / dextromethorphan hydrobromide 1 MG/ML / triprolidine hydrochloride 0.125 MG/ML Oral Solution) / 1 (acetaminophen 32.5 MG/ML / dextromethorphan hydrobromide 1 MG/ML Oral Solution) } Pack
2717875,GPCK,{1 (acetaminophen 325 MG / dextromethorphan hydrobromide 10 MG / triprolidine hydrochloride 1.25 MG Oral Tablet) / 1 (acetaminophen 325 MG / dextromethorphan hydrobromide 10 MG Oral Tablet) } Pack
2717656,GPCK,{1 (acetaminophen 325 MG / dextromethorphan hydrobromide 10 MG / triprolidine hydrochloride 1.25 MG Oral Tablet) / 1 (acetaminophen 325 MG / guaifenesin 200 MG Oral Tablet) } Pack
2637730,GPCK,{1 (acetaminophen 32.5 MG/ML / diphenhydramine hydrochloride 1.25 MG/ML / phenylephrine hydrochloride 0.5 MG/ML Oral Solution) / 1 (dextromethorphan hydrobromide 1 MG/ML / guaifenesin 20 MG/ML Oral Solution) } Pack
1666116,GPCK,{1 (brompheniramine maleate 0.2 MG/ML / dextromethorphan hydrobromide 1 MG/ML / phenylephrine hydrochloride 0.5 MG/ML Oral Solution) / 1 (diphenhydramine hydrochloride 1.25 MG/ML / phenylephrine hydrochloride 0.5 MG/ML Oral Solution) } Pack
2644878,GPCK,{1 (chlorpheniramine maleate 0.133 MG/ML / dextromethorphan hydrobromide 1 MG/ML Oral Solution) / 1 (dextromethorphan hydrobromide 0.667 MG/ML / guaifenesin 6.667 MG/ML / phenylephrine hydrochloride 0.333 MG/ML Oral Solution) } Pack
2626497,GPCK,{1 (dextromethorphan hydrobromide 0.667 MG/ML / guaifenesin 13.33 MG/ML / phenylephrine hydrochloride 0.333 MG/ML Oral Solution) / 1 (diphenhydramine hydrochloride 0.833 MG/ML / phenylephrine hydrochloride 0.333 MG/ML Oral Solution) } Pack
1648203,GPCK,{1 (acetaminophen 325 MG / dextromethorphan hydrobromide 10 MG / doxylamine succinate 6.25 MG Oral Capsule) / 1 (acetaminophen 325 MG / dextromethorphan hydrobromide 10 MG / phenylephrine hydrochloride 5 MG Oral Capsule) } Pack
1803669,GPCK,{1 (acetaminophen 21.7 MG/ML / dextromethorphan hydrobromide 0.667 MG/ML / phenylephrine hydrochloride 0.333 MG/ML Oral Solution) / 1 (acetaminophen 21.7 MG/ML / diphenhydramine hydrochloride 0.833 MG/ML / phenylephrine hydrochloride 0.333 MG/ML Oral Solution) } Pack
2637726,GPCK,{1 (acetaminophen 21.7 MG/ML / dextromethorphan hydrobromide 0.667 MG/ML / phenylephrine hydrochloride 0.333 MG/ML Oral Solution) / 1 (acetaminophen 21.7 MG/ML / dextromethorphan hydrobromide 1 MG/ML / doxylamine succinate 0.417 MG/ML Oral Solution) } Pack
2634564,GPCK,{1 (acetaminophen 325 MG / dextromethorphan hydrobromide 10 MG / phenylephrine hydrochloride 5 MG Oral Capsule) / 1 (acetaminophen 325 MG / dextromethorphan hydrobromide 15 MG / doxylamine succinate 6.25 MG Oral Capsule) } Pack
2640034,GPCK,{1 (acetaminophen 500 MG / dextromethorphan hydrobromide 20 MG / phenylephrine hydrochloride 10 MG Granules for Oral Solution) / 1 (acetaminophen 650 MG / diphenhydramine hydrochloride 25 MG / phenylephrine hydrochloride 10 MG Granules for Oral Solution) } Pack
1428880,GPCK,{1 (acetaminophen 650 MG / dextromethorphan hydrobromide 20 MG / phenylephrine hydrochloride 10 MG Granules for Oral Solution) / 1 (acetaminophen 650 MG / diphenhydramine hydrochloride 25 MG / phenylephrine hydrochloride 10 MG Granules for Oral Solution) } Pack
2390630,GPCK,{1 (acetaminophen 32.5 MG/ML / dextromethorphan hydrobromide 1 MG/ML / triprolidine hydrochloride 0.125 MG/ML Oral Solution) / 1 (dextromethorphan hydrobromide 1 MG/ML / guaifenesin 20 MG/ML / phenylephrine hydrochloride 0.5 MG/ML Oral Solution) } Pack
2560238,GPCK,{1 (acetaminophen 325 MG / dextromethorphan hydrobromide 10 MG / triprolidine hydrochloride 1.25 MG Oral Tablet) / 1 (dextromethorphan hydrobromide 10 MG / guaifenesin 200 MG / phenylephrine hydrochloride 5 MG Oral Tablet) } Pack
2637728,GPCK,{1 (acetaminophen 32.5 MG/ML / diphenhydramine hydrochloride 1.25 MG/ML / phenylephrine hydrochloride 0.5 MG/ML Oral Solution) / 1 (dextromethorphan hydrobromide 1 MG/ML / guaifenesin 20 MG/ML / phenylephrine hydrochloride 0.5 MG/ML Oral Solution) } Pack
2634815,GPCK,{1 (acetaminophen 325 MG / diphenhydramine hydrochloride 12.5 MG / phenylephrine hydrochloride 5 MG Oral Tablet) / 1 (dextromethorphan hydrobromide 10 MG / guaifenesin 200 MG / phenylephrine hydrochloride 5 MG Oral Tablet) } Pack
2634560,GPCK,{1 (acetaminophen 325 MG / chlorpheniramine maleate 2 MG / dextromethorphan hydrobromide 10 MG / phenylephrine hydrochloride 5 MG Oral Tablet) / 1 (acetaminophen 325 MG / dextromethorphan hydrobromide 10 MG / phenylephrine hydrochloride 5 MG Oral Tablet) } Pack
2558505,GPCK,{1 (acetaminophen 500 MG / chlorpheniramine maleate 2 MG / dextromethorphan hydrobromide 15 MG / pseudoephedrine hydrochloride 30 MG Oral Tablet) / 1 (acetaminophen 500 MG / dextromethorphan hydrobromide 15 MG / pseudoephedrine hydrochloride 30 MG Oral Tablet) } Pack
2634363,GPCK,{1 (acetaminophen 325 MG / dextromethorphan hydrobromide 10 MG / doxylamine succinate 6.25 MG / phenylephrine hydrochloride 5 MG Oral Capsule) / 1 (acetaminophen 325 MG / dextromethorphan hydrobromide 10 MG / phenylephrine hydrochloride 5 MG Oral Capsule) } Pack
2637729,GPCK,{1 (acetaminophen 32.5 MG/ML / dextromethorphan hydrobromide 1 MG/ML / guaifenesin 20 MG/ML / phenylephrine hydrochloride 0.5 MG/ML Oral Solution) / 1 (acetaminophen 32.5 MG/ML / dextromethorphan hydrobromide 1 MG/ML / triprolidine hydrochloride 0.125 MG/ML Oral Solution) } Pack
1424850,GPCK,{1 (acetaminophen 32.5 MG/ML / dextromethorphan hydrobromide 1 MG/ML / guaifenesin 20 MG/ML / phenylephrine hydrochloride 0.5 MG/ML Oral Solution) / 1 (acetaminophen 32.5 MG/ML / diphenhydramine hydrochloride 1.25 MG/ML / phenylephrine hydrochloride 0.5 MG/ML Oral Solution) } Pack
2634562,GPCK,{1 (acetaminophen 325 MG / dextromethorphan hydrobromide 10 MG / guaifenesin 100 MG / phenylephrine hydrochloride 5 MG Oral Tablet) / 1 (acetaminophen 325 MG / diphenhydramine hydrochloride 25 MG / phenylephrine hydrochloride 5 MG Oral Tablet) } Pack
2634816,GPCK,{1 (acetaminophen 325 MG / dextromethorphan hydrobromide 10 MG / guaifenesin 200 MG / phenylephrine hydrochloride 5 MG Oral Tablet) / 1 (acetaminophen 325 MG / diphenhydramine hydrochloride 12.5 MG / phenylephrine hydrochloride 5 MG Oral Tablet) } Pack
2288826,GPCK,{1 (acetaminophen 32.5 MG/ML / dextromethorphan hydrobromide 1 MG/ML / phenylephrine hydrochloride 0.5 MG/ML / triprolidine hydrochloride 0.125 MG/ML Oral Solution) / 1 (dextromethorphan hydrobromide 1 MG/ML / guaifenesin 20 MG/ML / phenylephrine hydrochloride 0.5 MG/ML Oral Solution) } Pack
2397132,GPCK,{1 (acetaminophen 32.5 MG/ML / dextromethorphan hydrobromide 1 MG/ML / phenylephrine hydrochloride 0.5 MG/ML / triprolidine hydrochloride 0.125 MG/ML Oral Solution) / 1 (acetaminophen 32.5 MG/ML / guaifenesin 20 MG/ML / phenylephrine hydrochloride 0.5 MG/ML Oral Solution) } Pack
2664074,GPCK,{1 (aspirin 325 MG / chlorpheniramine maleate 2 MG / dextromethorphan hydrobromide 10 MG / phenylephrine bitartrate 7.8 MG Effervescent Oral Tablet) / 1 (aspirin 325 MG / dextromethorphan hydrobromide 10 MG / phenylephrine bitartrate 7.8 MG Effervescent Oral Tablet) } Pack
2565492,GPCK,{1 (aspirin 325 MG / dextromethorphan hydrobromide 10 MG / doxylamine succinate 6.25 MG / phenylephrine bitartrate 7.8 MG Effervescent Oral Tablet) / 1 (aspirin 325 MG / dextromethorphan hydrobromide 10 MG / phenylephrine bitartrate 7.8 MG Effervescent Oral Tablet) } Pack
1730187,GPCK,{1 (aspirin 325 MG / dextromethorphan hydrobromide 10 MG / phenylephrine bitartrate 7.8 MG Effervescent Oral Tablet) / 1 (aspirin 500 MG / dextromethorphan hydrobromide 10 MG / doxylamine succinate 6.25 MG / phenylephrine bitartrate 7.8 MG Effervescent Oral Tablet) } Pack
2634819,GPCK,{1 (acetaminophen 325 MG / chlorpheniramine maleate 2 MG / dextromethorphan hydrobromide 10 MG / phenylephrine hydrochloride 5 MG Oral Tablet) / 1 (acetaminophen 325 MG / dextromethorphan hydrobromide 10 MG / guaifenesin 200 MG / phenylephrine hydrochloride 5 MG Oral Tablet) } Pack
2637731,GPCK,{1 (acetaminophen 21.7 MG/ML / dextromethorphan hydrobromide 0.667 MG/ML / doxylamine succinate 0.417 MG/ML / phenylephrine hydrochloride 0.333 MG/ML Oral Solution) / 1 (acetaminophen 21.7 MG/ML / dextromethorphan hydrobromide 0.667 MG/ML / guaifenesin 13.3 MG/ML / phenylephrine hydrochloride 0.333 MG/ML Oral Solution) } Pack
2634364,GPCK,{1 (acetaminophen 325 MG / dextromethorphan hydrobromide 10 MG / doxylamine succinate 6.25 MG / phenylephrine hydrochloride 5 MG Oral Capsule) / 1 (acetaminophen 325 MG / dextromethorphan hydrobromide 10 MG / guaifenesin 200 MG / phenylephrine hydrochloride 5 MG Oral Capsule) } Pack
2634817,GPCK,{1 (acetaminophen 325 MG / dextromethorphan hydrobromide 10 MG / doxylamine succinate 6.25 MG / phenylephrine hydrochloride 5 MG Oral Tablet) / 1 (acetaminophen 325 MG / dextromethorphan hydrobromide 10 MG / guaifenesin 200 MG / phenylephrine hydrochloride 5 MG Oral Tablet) } Pack
2637727,GPCK,{1 (acetaminophen 32.5 MG/ML / dextromethorphan hydrobromide 1 MG/ML / guaifenesin 20 MG/ML / phenylephrine hydrochloride 0.5 MG/ML Oral Solution) / 1 (acetaminophen 32.5 MG/ML / dextromethorphan hydrobromide 1 MG/ML / phenylephrine hydrochloride 0.5 MG/ML / triprolidine hydrochloride 0.125 MG/ML Oral Solution) } Pack
1927849,GPCK,{1 (acetaminophen 250 MG / dextromethorphan hydrobromide 10 MG / guaifenesin 200 MG / phenylephrine hydrochloride 5 MG Oral Capsule) / 1 (acetaminophen 325 MG / dextromethorphan hydrobromide 10 MG / doxylamine succinate 6.25 MG / phenylephrine hydrochloride 5 MG Oral Capsule) } Pack
2560237,GPCK,{1 (acetaminophen 325 MG / dextromethorphan hydrobromide 10 MG / guaifenesin 200 MG / phenylephrine hydrochloride 5 MG Oral Tablet) / 1 (acetaminophen 325 MG / dextromethorphan hydrobromide 10 MG / phenylephrine hydrochloride 5 MG / triprolidine hydrochloride 1.25 MG Oral Tablet) } Pack
1804384,GPCK,{1 (acetaminophen 500 MG / dextromethorphan hydrobromide 20 MG / guaifenesin 400 MG / phenylephrine hydrochloride 10 MG Powder for Oral Solution) / 1 (acetaminophen 650 MG / dextromethorphan hydrobromide 20 MG / doxylamine succinate 12.5 MG / phenylephrine hydrochloride 10 MG Powder for Oral Solution) } Pack
2723023,GPCK,{1 (acetaminophen 325 MG / dextromethorphan hydrobromide 10 MG / guaifenesin 200 MG / pseudoephedrine hydrochloride 30 MG Oral Capsule) / 1 (acetaminophen 500 MG / dextromethorphan hydrobromide 15 MG / doxylamine succinate 6.25 MG / pseudoephedrine hydrochloride 30 MG Oral Capsule) } Pack
2744513,BPCK,{21 (bupropion hydrochloride 105 MG / dextromethorphan hydrobromide 30 MG Extended Release Oral Tablet [Auvelity]) / 14 (bupropion hydrochloride 105 MG / dextromethorphan hydrobromide 45 MG Extended Release Oral Tablet [Auvelity]) } Pack [Auvelity Sample Titration Pack]
2744515,BPCK,{21 (bupropion hydrochloride 105 MG / dextromethorphan hydrobromide 30 MG Extended Release Oral Tablet [Auvelity]) / 30 (bupropion hydrochloride 105 MG / dextromethorphan hydrobromide 45 MG Extended Release Oral Tablet [Auvelity]) } Pack [Auvelity Titration Pack]
377219,SCDF,dexmedetomidine Injectable Solution
1718899,SCDF,dexmedetomidine Injection
1732667,SCDF,dexmedetomidine Oral Gel
2601118,SCDF,dexmedetomidine Sublingual Film
2535254,SBDF,dexmedetomidine Injectable Solution [Dexased]
897076,SBDF,dexmedetomidine Injectable Solution [Dexdomitor]
2268608,SBDF,dexmedetomidine Injectable Solution [Dexmedesed]
2665896,SBDF,dexmedetomidine Injectable Solution [Dexmedvet]
2532530,SBDF,dexmedetomidine Injectable Solution [Sedexodine]
1718901,SBDF,dexmedetomidine Injection [Precedex]
1732671,SBDF,dexmedetomidine Oral Gel [Sileo]
2601125,SBDF,dexmedetomidine Sublingual Film [Igalmi]
2649387,SCDFP,dexmedetomidine hydrochloride Injectable Solution
2655893,SBDFP,dexmedetomidine hydrochloride Injectable Solution [Dexased]
2657700,SBDFP,dexmedetomidine hydrochloride Injectable Solution [Dexdomitor]
2656022,SBDFP,dexmedetomidine hydrochloride Injectable Solution [Dexmedesed]
2665897,SBDFP,dexmedetomidine hydrochloride Injectable Solution [Dexmedvet]
2658053,SBDFP,dexmedetomidine hydrochloride Injectable Solution [Sedexodine]
1154546,SCDG,dexmedetomidine Injectable Product
2601117,SCDG,dexmedetomidine Oral Film Product
1732665,SCDG,dexmedetomidine Oral Gel Product
1732666,SCDG,dexmedetomidine Oral Product
2601116,SCDG,dexmedetomidine Sublingual Product
2535255,SBDG,Dexased Injectable Product
1175262,SBDG,Dexdomitor Injectable Product
2268609,SBDG,Dexmedesed Injectable Product
2665895,SBDG,Dexmedvet Injectable Product
2601124,SBDG,Igalmi Oral Film Product
2601122,SBDG,Igalmi Oral Product
2601123,SBDG,Igalmi Sublingual Product
1185233,SBDG,Precedex Injectable Product
2532531,SBDG,Sedexodine Injectable Product
1732672,SBDG,Sileo Oral Gel Product
1732673,SBDG,Sileo Oral Product
2660968,SCDGP,dexmedetomidine hydrochloride Injectable Product
1732668,SCD,dexmedetomidine 0.00009 MG/MG Oral Gel
1788947,SCD,dexmedetomidine 0.1 MG/ML Injectable Solution
2601119,SCD,dexmedetomidine 0.12 MG Sublingual Film
2601129,SCD,dexmedetomidine 0.18 MG Sublingual Film
309710,SCD,2 ML dexmedetomidine 0.1 MG/ML Injection
1718900,SCD,20 ML dexmedetomidine 0.004 MG/ML Injection
1718906,SCD,50 ML dexmedetomidine 0.004 MG/ML Injection
1718909,SCD,100 ML dexmedetomidine 0.004 MG/ML Injection
2396891,SCD,250 ML dexmedetomidine 0.004 MG/ML Injection
1535224,SCD,dexmedetomidine hydrochloride 0.1 MG/ML Injectable Solution
1535228,SCD,dexmedetomidine hydrochloride 0.5 MG/ML Injectable Solution
1732674,SBD,dexmedetomidine 0.00009 MG/MG Oral Gel [Sileo]
2601126,SBD,dexmedetomidine 0.12 MG Sublingual Film [Igalmi]
2601131,SBD,dexmedetomidine 0.18 MG Sublingual Film [Igalmi]
284397,SBD,2 ML dexmedetomidine 0.1 MG/ML Injection [Precedex]
1718902,SBD,20 ML dexmedetomidine 0.004 MG/ML Injection [Precedex]
1718907,SBD,50 ML dexmedetomidine 0.004 MG/ML Injection [Precedex]
1718910,SBD,100 ML dexmedetomidine 0.004 MG/ML Injection [Precedex]
2396892,SBD,250 ML dexmedetomidine 0.004 MG/ML Injection [Precedex]
1535226,SBD,dexmedetomidine hydrochloride 0.1 MG/ML Injectable Solution [Dexdomitor]
2535256,SBD,dexmedetomidine hydrochloride 0.5 MG/ML Injectable Solution [Dexased]
1535230,SBD,dexmedetomidine hydrochloride 0.5 MG/ML Injectable Solution [Dexdomitor]
2268610,SBD,dexmedetomidine hydrochloride 0.5 MG/ML Injectable Solution [Dexmedesed]
2665898,SBD,dexmedetomidine hydrochloride 0.5 MG/ML Injectable Solution [Dexmedvet]
2532532,SBD,dexmedetomidine hydrochloride 0.5 MG/ML Injectable Solution [Sedexodine]
371719,SCDF,desoxycorticosterone Injectable Suspension
377416,SCDF,penicillin V Ophthalmic Solution
373265,SCDF,penicillin V Oral Solution
373267,SCDF,penicillin V Oral Suspension
373266,SCDF,penicillin V Oral Tablet
584595,SBDF,desoxycorticosterone Injectable Suspension [Percorten V]
2646344,SCDFP,penicillin V potassium Ophthalmic Solution
2645882,SCDFP,penicillin V potassium Oral Solution
2648135,SCDFP,penicillin V potassium Oral Tablet
1152180,SCDG,desoxycorticosterone Injectable Product
1164771,SCDG,penicillin V Ophthalmic Product
1164772,SCDG,penicillin V Oral Liquid Product
1164773,SCDG,penicillin V Oral Product
1164774,SCDG,penicillin V Pill
1185801,SBDG,Percorten V Injectable Product
2662565,SCDGP,penicillin V potassium Ophthalmic Product
2660680,SCDGP,penicillin V potassium Oral Liquid Product
2659567,SCDGP,penicillin V potassium Oral Product
2661744,SCDGP,penicillin V potassium Pill
309675,SCD,desoxycorticosterone 25 MG/ML Injectable Suspension
1789684,SCD,desoxycorticosterone pivalate 25 MG/ML Injectable Suspension
834182,SCD,penicillin V potassium 3 MG/ML Ophthalmic Solution
834046,SCD,penicillin V potassium 25 MG/ML Oral Solution
834040,SCD,penicillin V potassium 50 MG/ML Oral Solution
834061,SCD,penicillin V potassium 250 MG Oral Tablet
834102,SCD,penicillin V potassium 500 MG Oral Tablet
584596,SBD,desoxycorticosterone 25 MG/ML Injectable Suspension [Percorten V]
1789689,SBD,desoxycorticosterone pivalate 25 MG/ML Injectable Suspension [Zycortal]
1727280,SCDF,voriconazole Injection
477141,SCDF,voriconazole Oral Suspension
378691,SCDF,voriconazole Oral Tablet
1727282,SBDF,voriconazole Injection [Vfend]
546623,SBDF,voriconazole Oral Suspension [Vfend]
368579,SBDF,voriconazole Oral Tablet [Vfend]
1164590,SCDG,voriconazole Injectable Product
1164591,SCDG,voriconazole Oral Liquid Product
1164592,SCDG,voriconazole Oral Product
1164593,SCDG,voriconazole Pill
1188084,SBDG,Vfend Injectable Product
1188085,SBDG,Vfend Oral Liquid Product
1188086,SBDG,Vfend Oral Product
1188087,SBDG,Vfend Pill
2727399,SCD,20 ML voriconazole 10 MG/ML Injection
465355,SCD,voriconazole 40 MG/ML Oral Suspension
349435,SCD,voriconazole 50 MG Oral Tablet
351209,SCD,voriconazole 200 MG Injection
349434,SCD,voriconazole 200 MG Oral Tablet
546624,SBD,voriconazole 40 MG/ML Oral Suspension [Vfend]
352218,SBD,voriconazole 50 MG Oral Tablet [Vfend]
352220,SBD,voriconazole 200 MG Injection [Vfend]
352219,SBD,voriconazole 200 MG Oral Tablet [Vfend]
371648,SCDF,vitamin B12 Chewable Tablet
1291287,SCDF,vitamin B12 Disintegrating Oral Tablet
371651,SCDF,vitamin B12 Extended Release Oral Tablet
371649,SCDF,vitamin B12 Injectable Solution
376662,SCDF,vitamin B12 Nasal Gel
378708,SCDF,vitamin B12 Nasal Spray
371646,SCDF,vitamin B12 Oral Capsule
2745599,SCDF,vitamin B12 Oral Film
375346,SCDF,vitamin B12 Oral Lozenge
348170,SCDF,vitamin B12 Oral Solution
371650,SCDF,vitamin B12 Oral Tablet
371652,SCDF,vitamin B12 Sublingual Tablet
797237,SCDF,cobamamide / vitamin B12 Sublingual Tablet
375025,SCDF,dicalcium phosphate / vitamin B12 Oral Tablet
763596,SCDF,folic acid / vitamin B12 Disintegrating Oral Tablet
730919,SCDF,folic acid / vitamin B12 Oral Lozenge
619046,SCDF,folic acid / vitamin B12 Oral Tablet
619074,SCDF,folic acid / vitamin B12 Sublingual Tablet
377051,SCDF,mecobalamin / vitamin B12 Sublingual Tablet
749177,SCDF,folic acid / intrinsic factor / vitamin B12 Oral Tablet
619082,SCDF,folic acid / polysaccharide iron complex / vitamin B12 Oral Capsule
748671,SCDF,folic acid / pyridoxine / vitamin B12 Oral Tablet
619051,SCDF,folic acid / vitamin B12 / vitamin B6 Oral Tablet
1244145,SCDF,pyridoxine / thiamine / vitamin B12 Oral Tablet
1087257,SCDF,calcium carbonate / folic acid / pyridoxine / vitamin B12 Extended Release Oral Tablet
802758,SCDF,calcium ascorbate / calcium threonate / ferrous asparto glycinate / liver stomach concentrate / succinic acid / vitamin B12 Oral Tablet
1193035,SCDF,cholecalciferol / folic acid / omega-3 acid ethyl esters (USP) / phytosterols / pyridoxine / vitamin B12 Oral Capsule
1314397,SCDF,dexpanthenol / niacinamide / pyridoxine / riboflavin / thiamine / vitamin B12 Injectable Solution
808554,SCDF,docosahexaenoate / eicosapentaenoate / folic acid / phytosterols / vitamin B12 / vitamin B6 Oral Capsule
1241894,SCDF,niacin / pantothenic acid / riboflavin / thiamine / vitamin B12 / vitamin B6 Oral Tablet
1087279,SCDF,boron / calcium carbonate / cholecalciferol / folic acid / magnesium oxide / pyridoxine / vitamin B12 Oral Tablet
802502,SCDF,calcium ascorbate / calcium threonate / ferrous asparto glycinate / ferrous fumarate / folic acid / succinic acid / vitamin B12 Oral Tablet
1087243,SCDF,calcium ascorbate / calcium threonate / ferrous asparto glycinate / folic acid / polysaccharide iron complex / succinic acid / vitamin B12 Oral Capsule
877476,SCDF,dexpanthenol / magnesium sulfate / manganese sulfate / niacinamide / pyridoxine / riboflavin / thiamine / vitamin B12 / zinc sulfate Oral Solution
802692,SCDF,copper sulfate / ferrous fumarate / folic acid / magnesium sulfate / manganese sulfate / niacinamide / pantothenic acid / pyridoxine / riboflavin / sodium ascorbate / thiamine / vitamin B12 / zinc sulfate Oral Capsule
1314677,SCDF,copper sulfate / ferrous fumarate / folic acid / manganese sulfate / niacinamide / pantothenate / polysaccharide iron complex / pyridoxine / riboflavin / sodium ascorbate / thiamine / vitamin B12 / zinc sulfate Oral Capsule
2598452,SBDF,vitamin B12 Injectable Solution [Dodex]
603782,SBDF,vitamin B12 Nasal Spray [Nascobal]
619323,SBDF,folic acid / vitamin B12 Oral Tablet [Foltrate]
1150290,SBDF,folic acid / vitamin B12 Oral Tablet [MTX Support]
861082,SBDF,folic acid / polysaccharide iron complex / vitamin B12 Oral Capsule [Ferrex 150 Forte]
1087437,SBDF,folic acid / polysaccharide iron complex / vitamin B12 Oral Capsule [Iferex 150 Forte]
979337,SBDF,folic acid / polysaccharide iron complex / vitamin B12 Oral Capsule [Poly Iron 150 Forte]
808533,SBDF,folic acid / pyridoxine / vitamin B12 Oral Tablet [Vita-Respa]
644789,SBDF,folic acid / vitamin B12 / vitamin B6 Oral Tablet [Folbee]
644793,SBDF,folic acid / vitamin B12 / vitamin B6 Oral Tablet [Folbic]
1098703,SBDF,folic acid / vitamin B12 / vitamin B6 Oral Tablet [Folgard]
707573,SBDF,folic acid / vitamin B12 / vitamin B6 Oral Tablet [Foltabs]
1809028,SBDF,folic acid / vitamin B12 / vitamin B6 Oral Tablet [Niva-Fol]
1087261,SBDF,calcium carbonate / folic acid / pyridoxine / vitamin B12 Extended Release Oral Tablet [Folbecal]
802761,SBDF,calcium ascorbate / calcium threonate / ferrous asparto glycinate / liver stomach concentrate / succinic acid / vitamin B12 Oral Tablet [Multigen]
1193043,SBDF,cholecalciferol / folic acid / omega-3 acid ethyl esters (USP) / phytosterols / pyridoxine / vitamin B12 Oral Capsule [Animi-3 with Vitamin D]
1087284,SBDF,boron / calcium carbonate / cholecalciferol / folic acid / magnesium oxide / pyridoxine / vitamin B12 Oral Tablet [Folgard OS]
802747,SBDF,calcium ascorbate / calcium threonate / ferrous asparto glycinate / ferrous fumarate / folic acid / succinic acid / vitamin B12 Oral Tablet [Multigen Plus]
1087248,SBDF,calcium ascorbate / calcium threonate / ferrous asparto glycinate / folic acid / polysaccharide iron complex / succinic acid / vitamin B12 Oral Capsule [Ferrex 150 Forte Plus]
877522,SBDF,dexpanthenol / magnesium sulfate / manganese sulfate / niacinamide / pyridoxine / riboflavin / thiamine / vitamin B12 / zinc sulfate Oral Solution [Eldertonic]
877480,SBDF,dexpanthenol / magnesium sulfate / manganese sulfate / niacinamide / pyridoxine / riboflavin / thiamine / vitamin B12 / zinc sulfate Oral Solution [Ellis Tonic]
1087398,SBDF,copper sulfate / ferrous fumarate / folic acid / magnesium sulfate / manganese sulfate / niacinamide / pantothenic acid / pyridoxine / riboflavin / sodium ascorbate / thiamine / vitamin B12 / zinc sulfate Oral Capsule [Hemocyte Plus]
1314682,SBDF,copper sulfate / ferrous fumarate / folic acid / manganese sulfate / niacinamide / pantothenate / polysaccharide iron complex / pyridoxine / riboflavin / sodium ascorbate / thiamine / vitamin B12 / zinc sulfate Oral Capsule [Tandem Plus]
2648970,SCDFP,pyridoxine hydrochloride / thiamine hydrochloride / vitamin B12 Oral Tablet
2645803,SCDFP,cholecalciferol / folic acid / omega-3 acid ethyl esters (USP) / phytosterols / pyridoxine hydrochloride / vitamin B12 Oral Capsule
2648405,SCDFP,dexpanthenol / niacinamide / pyridoxine hydrochloride / riboflavin / thiamine hydrochloride / vitamin B12 Injectable Solution
2646677,SCDFP,docosahexaenoic acid / eicosapentaenoic acid / folic acid / phytosterols / vitamin B12 / vitamin B6 Oral Capsule
2645530,SCDFP,calcium pantothenate / copper sulfate / ferrous fumarate / folic acid / manganese sulfate / niacinamide / polysaccharide iron complex / pyridoxine hydrochloride / riboflavin / sodium ascorbate / thiamine mononitrate / vitamin B12 / zinc sulfate Oral Capsule
2658209,SBDFP,cholecalciferol / folic acid / omega-3 acid ethyl esters (USP) / phytosterols / pyridoxine hydrochloride / vitamin B12 Oral Capsule [Animi-3 with Vitamin D]
2658908,SBDFP,calcium pantothenate / copper sulfate / ferrous fumarate / folic acid / manganese sulfate / niacinamide / polysaccharide iron complex / pyridoxine hydrochloride / riboflavin / sodium ascorbate / thiamine mononitrate / vitamin B12 / zinc sulfate Oral Capsule [Tandem Plus]
1295545,SCDG,vitamin B12 Chewable Product
1294960,SCDG,vitamin B12 Disintegrating Oral Product
1161153,SCDG,vitamin B12 Injectable Product
1295023,SCDG,vitamin B12 Lozenge Product
1161155,SCDG,vitamin B12 Nasal Product
2745598,SCDG,vitamin B12 Oral Film Product
1161157,SCDG,vitamin B12 Oral Liquid Product
1161158,SCDG,vitamin B12 Oral Product
1295360,SCDG,vitamin B12 Sublingual Product
1161152,SCDG,vitamin B12 Inhalant Product
1161159,SCDG,vitamin B12 Pill
1164351,SCDG,cobamamide / vitamin B12 Oral Product
1295660,SCDG,cobamamide / vitamin B12 Sublingual Product
1164352,SCDG,cobamamide / vitamin B12 Pill
1162910,SCDG,dicalcium phosphate / vitamin B12 Oral Product
1162911,SCDG,dicalcium phosphate / vitamin B12 Pill
1295736,SCDG,folic acid / vitamin B12 Disintegrating Oral Product
1295514,SCDG,folic acid / vitamin B12 Lozenge Product
1162046,SCDG,folic acid / vitamin B12 Oral Product
1294872,SCDG,folic acid / vitamin B12 Sublingual Product
1162047,SCDG,folic acid / vitamin B12 Pill
1165090,SCDG,mecobalamin / vitamin B12 Oral Product
1294931,SCDG,mecobalamin / vitamin B12 Sublingual Product
1165091,SCDG,mecobalamin / vitamin B12 Pill
1161462,SCDG,folic acid / intrinsic factor / vitamin B12 Oral Product
1161463,SCDG,folic acid / intrinsic factor / vitamin B12 Pill
1162035,SCDG,folic acid / polysaccharide iron complex / vitamin B12 Oral Product
1162036,SCDG,folic acid / polysaccharide iron complex / vitamin B12 Pill
1162050,SCDG,folic acid / pyridoxine / vitamin B12 Oral Product
1162051,SCDG,folic acid / pyridoxine / vitamin B12 Pill
1162042,SCDG,folic acid / vitamin B12 / vitamin B6 Oral Product
1162043,SCDG,folic acid / vitamin B12 / vitamin B6 Pill
1244143,SCDG,pyridoxine / thiamine / vitamin B12 Oral Product
1244144,SCDG,pyridoxine / thiamine / vitamin B12 Pill
1153299,SCDG,calcium carbonate / folic acid / pyridoxine / vitamin B12 Oral Product
1153300,SCDG,calcium carbonate / folic acid / pyridoxine / vitamin B12 Pill
1154768,SCDG,calcium ascorbate / calcium threonate / ferrous asparto glycinate / liver stomach concentrate / succinic acid / vitamin B12 Oral Product
1155065,SCDG,calcium ascorbate / calcium threonate / ferrous asparto glycinate / liver stomach concentrate / succinic acid / vitamin B12 Pill
1193033,SCDG,cholecalciferol / folic acid / omega-3 acid ethyl esters (USP) / phytosterols / pyridoxine / vitamin B12 Oral Product
1193034,SCDG,cholecalciferol / folic acid / omega-3 acid ethyl esters (USP) / phytosterols / pyridoxine / vitamin B12 Pill
1314396,SCDG,dexpanthenol / niacinamide / pyridoxine / riboflavin / thiamine / vitamin B12 Injectable Product
1159605,SCDG,docosahexaenoate / eicosapentaenoate / folic acid / phytosterols / vitamin B12 / vitamin B6 Oral Product
1159606,SCDG,docosahexaenoate / eicosapentaenoate / folic acid / phytosterols / vitamin B12 / vitamin B6 Pill
1241892,SCDG,niacin / pantothenic acid / riboflavin / thiamine / vitamin B12 / vitamin B6 Oral Product
1241893,SCDG,niacin / pantothenic acid / riboflavin / thiamine / vitamin B12 / vitamin B6 Pill
1154726,SCDG,boron / calcium carbonate / cholecalciferol / folic acid / magnesium oxide / pyridoxine / vitamin B12 Oral Product
1154727,SCDG,boron / calcium carbonate / cholecalciferol / folic acid / magnesium oxide / pyridoxine / vitamin B12 Pill
1154764,SCDG,calcium ascorbate / calcium threonate / ferrous asparto glycinate / ferrous fumarate / folic acid / succinic acid / vitamin B12 Oral Product
1154765,SCDG,calcium ascorbate / calcium threonate / ferrous asparto glycinate / ferrous fumarate / folic acid / succinic acid / vitamin B12 Pill
1154766,SCDG,calcium ascorbate / calcium threonate / ferrous asparto glycinate / folic acid / polysaccharide iron complex / succinic acid / vitamin B12 Oral Product
1154767,SCDG,calcium ascorbate / calcium threonate / ferrous asparto glycinate / folic acid / polysaccharide iron complex / succinic acid / vitamin B12 Pill
1158301,SCDG,dexpanthenol / magnesium sulfate / manganese sulfate / niacinamide / pyridoxine / riboflavin / thiamine / vitamin B12 / zinc sulfate Oral Liquid Product
1158302,SCDG,dexpanthenol / magnesium sulfate / manganese sulfate / niacinamide / pyridoxine / riboflavin / thiamine / vitamin B12 / zinc sulfate Oral Product
1155506,SCDG,copper sulfate / ferrous fumarate / folic acid / magnesium sulfate / manganese sulfate / niacinamide / pantothenic acid / pyridoxine / riboflavin / sodium ascorbate / thiamine / vitamin B12 / zinc sulfate Oral Product
1155507,SCDG,copper sulfate / ferrous fumarate / folic acid / magnesium sulfate / manganese sulfate / niacinamide / pantothenic acid / pyridoxine / riboflavin / sodium ascorbate / thiamine / vitamin B12 / zinc sulfate Pill
1314675,SCDG,copper sulfate / ferrous fumarate / folic acid / manganese sulfate / niacinamide / pantothenate / polysaccharide iron complex / pyridoxine / riboflavin / sodium ascorbate / thiamine / vitamin B12 / zinc sulfate Oral Product
1314676,SCDG,copper sulfate / ferrous fumarate / folic acid / manganese sulfate / niacinamide / pantothenate / polysaccharide iron complex / pyridoxine / riboflavin / sodium ascorbate / thiamine / vitamin B12 / zinc sulfate Pill
1193044,SBDG,Animi-3 with Vitamin D Oral Product
1193045,SBDG,Animi-3 with Vitamin D Pill
2598451,SBDG,Dodex Injectable Product
1173863,SBDG,Eldertonic Oral Liquid Product
1173864,SBDG,Eldertonic Oral Product
1174620,SBDG,Ellis Tonic Oral Liquid Product
1174621,SBDG,Ellis Tonic Oral Product
1167658,SBDG,Ferrex 150 Forte Oral Product
1167659,SBDG,Ferrex 150 Forte Pill
1167660,SBDG,Ferrex 150 Forte Plus Oral Product
1167661,SBDG,Ferrex 150 Forte Plus Pill
1171890,SBDG,Folbecal Oral Product
1171891,SBDG,Folbecal Pill
1171892,SBDG,Folbee Oral Product
1171893,SBDG,Folbee Pill
1171894,SBDG,Folbic Oral Product
1171895,SBDG,Folbic Pill
1171903,SBDG,Folgard Oral Product
1171901,SBDG,Folgard OS Oral Product
1171902,SBDG,Folgard OS Pill
1171904,SBDG,Folgard Pill
1172609,SBDG,Foltabs Oral Product
1172610,SBDG,Foltabs Pill
1172611,SBDG,Foltrate Oral Product
1172612,SBDG,Foltrate Pill
1167743,SBDG,Hemocyte Plus Oral Product
1167744,SBDG,Hemocyte Plus Pill
1167132,SBDG,Iferex 150 Forte Oral Product
1167133,SBDG,Iferex 150 Forte Pill
1184955,SBDG,MTX Support Oral Product
1184956,SBDG,MTX Support Pill
1183864,SBDG,Multigen Oral Product
1183865,SBDG,Multigen Pill
1183866,SBDG,Multigen Plus Oral Product
1183867,SBDG,Multigen Plus Pill
1179810,SBDG,Nascobal Nasal Product
1179809,SBDG,Nascobal Inhalant Product
1607004,SBDG,Niva-Fol Oral Product
1607005,SBDG,Niva-Fol Pill
1182969,SBDG,Poly Iron 150 Forte Oral Product
1182970,SBDG,Poly Iron 150 Forte Pill
1314683,SBDG,Tandem Plus Oral Product
1314684,SBDG,Tandem Plus Pill
1187203,SBDG,Vita-Respa Oral Product
1187204,SBDG,Vita-Respa Pill
2661209,SCDGP,pyridoxine hydrochloride / thiamine hydrochloride / vitamin B12 Oral Product
2661079,SCDGP,pyridoxine hydrochloride / thiamine hydrochloride / vitamin B12 Pill
2662118,SCDGP,cholecalciferol / folic acid / omega-3 acid ethyl esters (USP) / phytosterols / pyridoxine hydrochloride / vitamin B12 Oral Product
2662410,SCDGP,cholecalciferol / folic acid / omega-3 acid ethyl esters (USP) / phytosterols / pyridoxine hydrochloride / vitamin B12 Pill
2662981,SCDGP,dexpanthenol / niacinamide / pyridoxine hydrochloride / riboflavin / thiamine hydrochloride / vitamin B12 Injectable Product
2661941,SCDGP,docosahexaenoic acid / eicosapentaenoic acid / folic acid / phytosterols / vitamin B12 / vitamin B6 Oral Product
2663214,SCDGP,docosahexaenoic acid / eicosapentaenoic acid / folic acid / phytosterols / vitamin B12 / vitamin B6 Pill
2662560,SCDGP,calcium pantothenate / copper sulfate / ferrous fumarate / folic acid / manganese sulfate / niacinamide / polysaccharide iron complex / pyridoxine hydrochloride / riboflavin / sodium ascorbate / thiamine mononitrate / vitamin B12 / zinc sulfate Oral Product
2660932,SCDGP,calcium pantothenate / copper sulfate / ferrous fumarate / folic acid / manganese sulfate / niacinamide / polysaccharide iron complex / pyridoxine hydrochloride / riboflavin / sodium ascorbate / thiamine mononitrate / vitamin B12 / zinc sulfate Pill
309611,SCD,vitamin B12 0.005 MG/MG Nasal Gel
105687,SCD,vitamin B12 0.007 MG/ML Oral Solution
242347,SCD,vitamin B12 0.05 MG Oral Lozenge
105686,SCD,vitamin B12 0.05 MG Oral Tablet
1112803,SCD,vitamin B12 0.0667 MG/ML Oral Solution
199364,SCD,vitamin B12 0.1 MG Oral Lozenge
309595,SCD,vitamin B12 0.1 MG Oral Tablet
199374,SCD,vitamin B12 0.25 MG Oral Lozenge
309604,SCD,vitamin B12 0.25 MG Oral Tablet
2185309,SCD,vitamin B12 0.5 MG Chewable Tablet
2745600,SCD,vitamin B12 0.5 MG Oral Film
199365,SCD,vitamin B12 0.5 MG Oral Lozenge
313896,SCD,vitamin B12 0.5 MG Oral Tablet
636371,SCD,vitamin B12 0.5 MG Sublingual Tablet
861113,SCD,vitamin B12 0.5 MG/ACTUAT Nasal Spray
198890,SCD,vitamin B12 1 MG Chewable Tablet
1374869,SCD,vitamin B12 1 MG Disintegrating Oral Tablet
237776,SCD,vitamin B12 1 MG Extended Release Oral Tablet
245557,SCD,vitamin B12 1 MG Oral Capsule
242698,SCD,vitamin B12 1 MG Oral Lozenge
309593,SCD,vitamin B12 1 MG Oral Tablet
237779,SCD,vitamin B12 1 MG Sublingual Tablet
309594,SCD,vitamin B12 1 MG/ML Injectable Solution
1423423,SCD,vitamin B12 1 MG/ML Oral Solution
2682744,SCD,vitamin B12 1.5 MG Chewable Tablet
240516,SCD,vitamin B12 1.5 MG Extended Release Oral Tablet
2714170,SCD,vitamin B12 2 MG Disintegrating Oral Tablet
237777,SCD,vitamin B12 2 MG Extended Release Oral Tablet
2171138,SCD,vitamin B12 2 MG Oral Capsule
200165,SCD,vitamin B12 2 MG Oral Lozenge
244190,SCD,vitamin B12 2 MG Oral Tablet
1486245,SCD,vitamin B12 2.5 MG Chewable Tablet
2735126,SCD,vitamin B12 2.5 MG Disintegrating Oral Tablet
1437717,SCD,vitamin B12 2.5 MG Oral Lozenge
1245015,SCD,vitamin B12 2.5 MG Oral Tablet
198891,SCD,vitamin B12 2.5 MG Sublingual Tablet
1245012,SCD,vitamin B12 3 MG Oral Capsule
1246063,SCD,vitamin B12 3 MG Oral Lozenge
855213,SCD,vitamin B12 3 MG Sublingual Tablet
1006047,SCD,vitamin B12 3 MG/ML Injectable Solution
1488563,SCD,vitamin B12 3 MG/ML Oral Solution
1804852,SCD,vitamin B12 5 MG Chewable Tablet
1291288,SCD,vitamin B12 5 MG Disintegrating Oral Tablet
1606305,SCD,vitamin B12 5 MG Extended Release Oral Tablet
1653780,SCD,vitamin B12 5 MG Oral Capsule
199184,SCD,vitamin B12 5 MG Sublingual Tablet
2001499,SCD,vitamin B12 5 MG/ML Injectable Solution
1248737,SCD,vitamin B12 5 MG/ML Oral Solution
835519,SCD,vitamin B12 6 MG Sublingual Tablet
797238,SCD,cobamamide 0.1 MG / vitamin B12 5 MG Sublingual Tablet
1243888,SCD,cobamamide 0.1 MG / vitamin B12 6 MG Sublingual Tablet
283009,SCD,dicalcium phosphate 68 MG / vitamin B12 2 MG Oral Tablet
858334,SCD,folic acid 0.2 MG / vitamin B12 1 MG Sublingual Tablet
199240,SCD,folic acid 0.4 MG / vitamin B12 0.5 MG Oral Tablet
730920,SCD,folic acid 0.4 MG / vitamin B12 1 MG Oral Lozenge
808611,SCD,folic acid 0.4 MG / vitamin B12 1 MG Sublingual Tablet
2563680,SCD,folic acid 0.4 MG / vitamin B12 2.5 MG Disintegrating Oral Tablet
808513,SCD,folic acid 0.4 MG / vitamin B12 5 MG Sublingual Tablet
763597,SCD,folic acid 0.8 MG / vitamin B12 1 MG Disintegrating Oral Tablet
476628,SCD,folic acid 1 MG / vitamin B12 0.5 MG Oral Tablet
259711,SCD,mecobalamin 0.6 MG / vitamin B12 0.6 MG Sublingual Tablet
896789,SCD,folic acid 0.8 MG / intrinsic factor 20 MG / vitamin B12 0.5 MG Oral Tablet
309606,SCD,folic acid 1 MG / polysaccharide iron complex 150 MG / vitamin B12 0.025 MG Oral Capsule
748672,SCD,folic acid 0.8 MG / pyridoxine 25 MG / vitamin B12 0.25 MG Oral Tablet
1145988,SCD,folic acid 2.2 MG / pyridoxine 25 MG / vitamin B12 1 MG Oral Tablet
794976,SCD,folic acid 2.2 MG / pyridoxine 25 MG / vitamin B12 1.3 MG Oral Tablet
1145991,SCD,folic acid 2.5 MG / pyridoxine 25 MG / vitamin B12 1 MG Oral Tablet
1146002,SCD,folic acid 2.5 MG / pyridoxine 25 MG / vitamin B12 2 MG Oral Tablet
808900,SCD,folic acid 0.4 MG / vitamin B12 0.1 MG / vitamin B6 50 MG Oral Tablet
359541,SCD,folic acid 0.5 MG / vitamin B12 0.2 MG / vitamin B6 5 MG Oral Tablet
259191,SCD,folic acid 0.8 MG / vitamin B12 0.1 MG / vitamin B6 50 MG Oral Tablet
200353,SCD,folic acid 0.8 MG / vitamin B12 0.115 MG / vitamin B6 10 MG Oral Tablet
830162,SCD,folic acid 0.8 MG / vitamin B12 0.4 MG / vitamin B6 25 MG Oral Tablet
2711570,SCD,folic acid 1 MG / vitamin B12 0.4 MG / vitamin B6 10 MG Oral Tablet
359542,SCD,folic acid 2.2 MG / vitamin B12 0.5 MG / vitamin B6 25 MG Oral Tablet
636528,SCD,folic acid 2.2 MG / vitamin B12 1 MG / vitamin B6 25 MG Oral Tablet
644787,SCD,folic acid 2.5 MG / vitamin B12 1 MG / vitamin B6 25 MG Oral Tablet
484925,SCD,folic acid 2.5 MG / vitamin B12 2 MG / vitamin B6 25 MG Oral Tablet
1244146,SCD,pyridoxine hydrochloride 100 MG / thiamine hydrochloride 100 MG / vitamin B12 0.2 MG Oral Tablet
1087258,SCD,24 HR calcium carbonate 200 MG / folic acid 1 MG / pyridoxine 75 MG / vitamin B12 0.012 MG Extended Release Oral Tablet
802759,SCD,calcium ascorbate 150 MG / calcium threonate 2 MG / ferrous asparto glycinate 70 MG / liver stomach concentrate 50 MG / succinic acid 75 MG / vitamin B12 0.01 MG Oral Tablet
1193037,SCD,cholecalciferol 1000 UNT / folic acid 1 MG / omega-3 acid ethyl esters (USP) 500 MG / phytosterols 200 MG / pyridoxine hydrochloride 12.5 MG / vitamin B12 0.5 MG Oral Capsule
1314636,SCD,dexpanthenol 5 MG/ML / niacinamide 12.5 MG/ML / pyridoxine hydrochloride 5 MG/ML / riboflavin 2 MG/ML / thiamine hydrochloride 1.25 MG/ML / vitamin B12 1 MG/ML Injectable Solution
1314626,SCD,dexpanthenol 10 MG/ML / niacinamide 100 MG/ML / pyridoxine hydrochloride 10 MG/ML / riboflavin 5 MG/ML / thiamine hydrochloride 100 MG/ML / vitamin B12 0.1 MG/ML Injectable Solution
830736,SCD,docosahexaenoic acid 350 MG / eicosapentaenoic acid 35 MG / folic acid 1 MG / phytosterols 200 MG / vitamin B12 0.5 MG / vitamin B6 12.5 MG Oral Capsule
1241896,SCD,niacin 15 MG / pantothenic acid 5 MG / riboflavin 2 MG / thiamine 2 MG / vitamin B12 0.002 MG / vitamin B6 2 MG Oral Tablet
1087281,SCD,boron 1.5 MG / calcium carbonate 500 MG / cholecalciferol 300 UNT / folic acid 1.1 MG / magnesium oxide 100 MG / pyridoxine 12.5 MG / vitamin B12 0.25 MG Oral Tablet
802503,SCD,calcium ascorbate 60 MG / calcium threonate 0.8 MG / ferrous asparto glycinate 50 MG / ferrous fumarate 101 MG / folic acid 1 MG / succinic acid 50 MG / vitamin B12 0.01 MG Oral Tablet
1087245,SCD,calcium ascorbate 60 MG / calcium threonate 0.8 MG / ferrous asparto glycinate 50 MG / folic acid 1 MG / polysaccharide iron complex 100 MG / succinic acid 50 MG / vitamin B12 0.025 MG Oral Capsule
1111748,SCD,dexpanthenol 0.2 MG/ML / magnesium sulfate 0.0467 MG/ML / manganese sulfate 0.0467 MG/ML / niacinamide 0.467 MG/ML / pyridoxine 0.0467 MG/ML / riboflavin 0.04 MG/ML / thiamine 0.0333 MG/ML / vitamin B12 0.000133 MG/ML / zinc sulfate 0.333 MG/ML Oral Solution
1314679,SCD,calcium pantothenate 10 MG / copper sulfate 0.8 MG / ferrous fumarate 162 MG / folic acid 1 MG / manganese sulfate 1.3 MG / niacinamide 30 MG / polysaccharide iron complex 115 MG / pyridoxine hydrochloride 5 MG / riboflavin 6 MG / sodium ascorbate 200 MG / thiamine mononitrate 10 MG / vitamin B12 0.015 MG / zinc sulfate 18.2 MG Oral Capsule
802693,SCD,copper sulfate 0.8 MG / ferrous fumarate 324 MG / folic acid 1 MG / magnesium sulfate 6.9 MG / manganese sulfate 1.3 MG / niacinamide 30 MG / pantothenic acid 10 MG / pyridoxine 5 MG / riboflavin 6 MG / sodium ascorbate 200 MG / thiamine 10 MG / vitamin B12 0.015 MG / zinc sulfate 18.2 MG Oral Capsule
861115,SBD,vitamin B12 0.5 MG/ACTUAT Nasal Spray [Nascobal]
2598453,SBD,vitamin B12 1 MG/ML Injectable Solution [Dodex]
542045,SBD,folic acid 1 MG / vitamin B12 0.5 MG Oral Tablet [Foltrate]
1150291,SBD,folic acid 1 MG / vitamin B12 0.5 MG Oral Tablet [MTX Support]
861083,SBD,folic acid 1 MG / polysaccharide iron complex 150 MG / vitamin B12 0.025 MG Oral Capsule [Ferrex 150 Forte]
1087438,SBD,folic acid 1 MG / polysaccharide iron complex 150 MG / vitamin B12 0.025 MG Oral Capsule [Iferex 150 Forte]
979338,SBD,folic acid 1 MG / polysaccharide iron complex 150 MG / vitamin B12 0.025 MG Oral Capsule [Poly Iron 150 Forte]
808534,SBD,folic acid 2.2 MG / pyridoxine 25 MG / vitamin B12 1.3 MG Oral Tablet [Vita-Respa]
997951,SBD,folic acid 0.8 MG / vitamin B12 0.115 MG / vitamin B6 10 MG Oral Tablet [Foltabs]
1145348,SBD,folic acid 2.2 MG / vitamin B12 1 MG / vitamin B6 25 MG Oral Tablet [Folgard]
644790,SBD,folic acid 2.5 MG / vitamin B12 1 MG / vitamin B6 25 MG Oral Tablet [Folbee]
644794,SBD,folic acid 2.5 MG / vitamin B12 2 MG / vitamin B6 25 MG Oral Tablet [Folbic]
1809029,SBD,folic acid 2.5 MG / vitamin B12 2 MG / vitamin B6 25 MG Oral Tablet [Niva-Fol]
1087262,SBD,24 HR calcium carbonate 200 MG / folic acid 1 MG / pyridoxine 75 MG / vitamin B12 0.012 MG Extended Release Oral Tablet [Folbecal]
802762,SBD,calcium ascorbate 150 MG / calcium threonate 2 MG / ferrous asparto glycinate 70 MG / liver stomach concentrate 50 MG / succinic acid 75 MG / vitamin B12 0.01 MG Oral Tablet [Multigen]
1193046,SBD,cholecalciferol 1000 UNT / folic acid 1 MG / omega-3 acid ethyl esters (USP) 500 MG / phytosterols 200 MG / pyridoxine hydrochloride 12.5 MG / vitamin B12 0.5 MG Oral Capsule [Animi-3 with Vitamin D]
1087285,SBD,boron 1.5 MG / calcium carbonate 500 MG / cholecalciferol 300 UNT / folic acid 1.1 MG / magnesium oxide 100 MG / pyridoxine 12.5 MG / vitamin B12 0.25 MG Oral Tablet [Folgard OS]
802748,SBD,calcium ascorbate 60 MG / calcium threonate 0.8 MG / ferrous asparto glycinate 50 MG / ferrous fumarate 101 MG / folic acid 1 MG / succinic acid 50 MG / vitamin B12 0.01 MG Oral Tablet [Multigen Plus]
1087249,SBD,calcium ascorbate 60 MG / calcium threonate 0.8 MG / ferrous asparto glycinate 50 MG / folic acid 1 MG / polysaccharide iron complex 100 MG / succinic acid 50 MG / vitamin B12 0.025 MG Oral Capsule [Ferrex 150 Forte Plus]
1111752,SBD,dexpanthenol 0.2 MG/ML / magnesium sulfate 0.0467 MG/ML / manganese sulfate 0.0467 MG/ML / niacinamide 0.467 MG/ML / pyridoxine 0.0467 MG/ML / riboflavin 0.04 MG/ML / thiamine 0.0333 MG/ML / vitamin B12 0.000133 MG/ML / zinc sulfate 0.333 MG/ML Oral Solution [Eldertonic]
1111750,SBD,dexpanthenol 0.2 MG/ML / magnesium sulfate 0.0467 MG/ML / manganese sulfate 0.0467 MG/ML / niacinamide 0.467 MG/ML / pyridoxine 0.0467 MG/ML / riboflavin 0.04 MG/ML / thiamine 0.0333 MG/ML / vitamin B12 0.000133 MG/ML / zinc sulfate 0.333 MG/ML Oral Solution [Ellis Tonic]
1314685,SBD,calcium pantothenate 10 MG / copper sulfate 0.8 MG / ferrous fumarate 162 MG / folic acid 1 MG / manganese sulfate 1.3 MG / niacinamide 30 MG / polysaccharide iron complex 115 MG / pyridoxine hydrochloride 5 MG / riboflavin 6 MG / sodium ascorbate 200 MG / thiamine mononitrate 10 MG / vitamin B12 0.015 MG / zinc sulfate 18.2 MG Oral Capsule [Tandem Plus]
1087399,SBD,copper sulfate 0.8 MG / ferrous fumarate 324 MG / folic acid 1 MG / magnesium sulfate 6.9 MG / manganese sulfate 1.3 MG / niacinamide 30 MG / pantothenic acid 10 MG / pyridoxine 5 MG / riboflavin 6 MG / sodium ascorbate 200 MG / thiamine 10 MG / vitamin B12 0.015 MG / zinc sulfate 18.2 MG Oral Capsule [Hemocyte Plus]
378354,SCDF,bupropion Extended Release Oral Tablet
378233,SCDF,bupropion Oral Tablet
1551466,SCDF,bupropion / naltrexone Extended Release Oral Tablet
835488,SBDF,bupropion Extended Release Oral Tablet [Aplenzin]
1232588,SBDF,bupropion Extended Release Oral Tablet [Forfivo]
491056,SBDF,bupropion Extended Release Oral Tablet [Wellbutrin]
1551471,SBDF,bupropion / naltrexone Extended Release Oral Tablet [Contrave]
2645852,SCDFP,bupropion hydrobromide Extended Release Oral Tablet
2648043,SCDFP,bupropion hydrochloride Extended Release Oral Tablet
2646741,SCDFP,bupropion hydrochloride Oral Tablet
2649250,SCDFP,bupropion hydrochloride / naltrexone hydrochloride Extended Release Oral Tablet
2655096,SBDFP,bupropion hydrobromide Extended Release Oral Tablet [Aplenzin]
2658826,SBDFP,bupropion hydrochloride Extended Release Oral Tablet [Forfivo]
2656792,SBDFP,bupropion hydrochloride Extended Release Oral Tablet [Wellbutrin]
2654526,SBDFP,bupropion hydrochloride / naltrexone hydrochloride Extended Release Oral Tablet [Contrave]
1151365,SCDG,bupropion Oral Product
1151366,SCDG,bupropion Pill
1551464,SCDG,bupropion / naltrexone Oral Product
1551465,SCDG,bupropion / naltrexone Pill
1168564,SBDG,Aplenzin Oral Product
1168565,SBDG,Aplenzin Pill
1551472,SBDG,Contrave Oral Product
1551473,SBDG,Contrave Pill
1232589,SBDG,Forfivo Oral Product
1232590,SBDG,Forfivo Pill
1187946,SBDG,Wellbutrin Oral Product
1187947,SBDG,Wellbutrin Pill
2662509,SCDGP,bupropion hydrobromide Oral Product
2663677,SCDGP,bupropion hydrobromide Pill
2659331,SCDGP,bupropion hydrochloride Oral Product
2661650,SCDGP,bupropion hydrochloride Pill
2660229,SCDGP,bupropion hydrochloride / naltrexone hydrochloride Oral Product
2660303,SCDGP,bupropion hydrochloride / naltrexone hydrochloride Pill
993550,SCD,24 HR bupropion hydrobromide 174 MG Extended Release Oral Tablet
993567,SCD,24 HR bupropion hydrobromide 348 MG Extended Release Oral Tablet
993681,SCD,24 HR bupropion hydrobromide 522 MG Extended Release Oral Tablet
993503,SCD,12 HR bupropion hydrochloride 100 MG Extended Release Oral Tablet
993518,SCD,12 HR bupropion hydrochloride 150 MG Extended Release Oral Tablet
993536,SCD,12 HR bupropion hydrochloride 200 MG Extended Release Oral Tablet
993541,SCD,24 HR bupropion hydrochloride 150 MG Extended Release Oral Tablet
993557,SCD,24 HR bupropion hydrochloride 300 MG Extended Release Oral Tablet
1232585,SCD,24 HR bupropion hydrochloride 450 MG Extended Release Oral Tablet
993691,SCD,bupropion hydrochloride 75 MG Oral Tablet
993687,SCD,bupropion hydrochloride 100 MG Oral Tablet
1801289,SCD,Smoking Cessation 12 HR bupropion hydrochloride 150 MG Extended Release Oral Tablet
1551468,SCD,12 HR bupropion hydrochloride 90 MG / naltrexone hydrochloride 8 MG Extended Release Oral Tablet
993552,SBD,24 HR bupropion hydrobromide 174 MG Extended Release Oral Tablet [Aplenzin]
993569,SBD,24 HR bupropion hydrobromide 348 MG Extended Release Oral Tablet [Aplenzin]
993683,SBD,24 HR bupropion hydrobromide 522 MG Extended Release Oral Tablet [Aplenzin]
993511,SBD,12 HR bupropion hydrochloride 100 MG Extended Release Oral Tablet [Wellbutrin]
993528,SBD,12 HR bupropion hydrochloride 150 MG Extended Release Oral Tablet [Wellbutrin]
993537,SBD,12 HR bupropion hydrochloride 200 MG Extended Release Oral Tablet [Wellbutrin]
993545,SBD,24 HR bupropion hydrochloride 150 MG Extended Release Oral Tablet [Wellbutrin]
993564,SBD,24 HR bupropion hydrochloride 300 MG Extended Release Oral Tablet [Wellbutrin]
1232591,SBD,24 HR bupropion hydrochloride 450 MG Extended Release Oral Tablet [Forfivo]
1551474,SBD,12 HR bupropion hydrochloride 90 MG / naltrexone hydrochloride 8 MG Extended Release Oral Tablet [Contrave]
376888,SCDF,docetaxel Injectable Solution
1860479,SCDF,docetaxel Injection
2697043,SBDF,docetaxel Injection [Beizray]
2679783,SBDF,docetaxel Injection [Docivyx]
1160617,SCDG,docetaxel Injectable Product
2697042,SBDG,Beizray Injectable Product
2679782,SBDG,Docivyx Injectable Product
2054168,SCD,50 ML albumin human-kjda 250 MG/ML Injection
1860480,SCD,1 ML docetaxel 20 MG/ML Injection
1860619,SCD,2 ML docetaxel 10 MG/ML Injection
1860485,SCD,4 ML docetaxel 20 MG/ML Injection
2679787,SCD,8 ML docetaxel 10 MG/ML Injection
1861411,SCD,8 ML docetaxel 20 MG/ML Injection
1093280,SCD,docetaxel 10 MG/ML Injectable Solution
2679779,SCD,16 ML docetaxel 10 MG/ML Injection
1001405,SCD,docetaxel 20 MG/ML Injectable Solution
2054170,SBD,50 ML albumin human-kjda 250 MG/ML Injection [Albuminex]
2728902,SBD,1 ML docetaxel 20 MG/ML Injection [Beizray]
2679786,SBD,2 ML docetaxel 10 MG/ML Injection [Docivyx]
2697044,SBD,4 ML docetaxel 20 MG/ML Injection [Beizray]
2679788,SBD,8 ML docetaxel 10 MG/ML Injection [Docivyx]
2679784,SBD,16 ML docetaxel 10 MG/ML Injection [Docivyx]
2723663,GPCK,{1 (4 ML docetaxel 20 MG/ML Injection) / 1 (50 ML albumin human-kjda 250 MG/ML Injection) } Pack
2723665,GPCK,{2 (4 ML docetaxel 20 MG/ML Injection) / 1 (50 ML albumin human-kjda 250 MG/ML Injection) } Pack
2723664,BPCK,{1 (4 ML docetaxel 20 MG/ML Injection [Beizray]) / 1 (50 ML albumin human-kjda 250 MG/ML Injection [Albuminex]) } Pack [Beizray 80 MG Kit]
2723666,BPCK,{2 (4 ML docetaxel 20 MG/ML Injection [Beizray]) / 1 (50 ML albumin human-kjda 250 MG/ML Injection [Albuminex]) } Pack [Beizray 160 MG Kit]
1741289,SCDF,"albumin human, USP Injection"
2054162,SBDF,"albumin human, USP Injection [Albuminex]"
2645873,SCDFP,albumin human-kjda Injection
2657914,SBDFP,albumin human-kjda Injection [Albuminex]
1154314,SCDG,"albumin human, USP Injectable Product"
2054163,SBDG,Albuminex Injectable Product
2660622,SCDGP,albumin human-kjda Injectable Product
2054173,SCD,100 ML albumin human-kjda 250 MG/ML Injection
2054221,SCD,250 ML albumin human-kjda 50 MG/ML Injection
2054226,SCD,500 ML albumin human-kjda 50 MG/ML Injection
1741570,SCD,"20 ML albumin human, USP 250 MG/ML Injection"
1741403,SCD,"50 ML albumin human, USP 50 MG/ML Injection"
1741290,SCD,"50 ML albumin human, USP 200 MG/ML Injection"
1741375,SCD,"50 ML albumin human, USP 250 MG/ML Injection"
1741410,SCD,"100 ML albumin human, USP 50 MG/ML Injection"
1741295,SCD,"100 ML albumin human, USP 200 MG/ML Injection"
1741380,SCD,"100 ML albumin human, USP 250 MG/ML Injection"
1741420,SCD,"250 ML albumin human, USP 50 MG/ML Injection"
1741423,SCD,"500 ML albumin human, USP 50 MG/ML Injection"
2054174,SBD,100 ML albumin human-kjda 250 MG/ML Injection [Albuminex]
2054223,SBD,250 ML albumin human-kjda 50 MG/ML Injection [Albuminex]
2054227,SBD,500 ML albumin human-kjda 50 MG/ML Injection [Albuminex]
1742331,SBD,"20 ML albumin human, USP 250 MG/ML Injection [Albuked]"
1798549,SBD,"20 ML albumin human, USP 250 MG/ML Injection [Albutein]"
1742400,SBD,"20 ML albumin human, USP 250 MG/ML Injection [Plasbumin]"
1742038,SBD,"50 ML albumin human, USP 50 MG/ML Injection [Albuked]"
1799326,SBD,"50 ML albumin human, USP 50 MG/ML Injection [Albutein]"
1742329,SBD,"50 ML albumin human, USP 50 MG/ML Injection [Plasbumin]"
1741292,SBD,"50 ML albumin human, USP 200 MG/ML Injection [Albuked]"
1742217,SBD,"50 ML albumin human, USP 200 MG/ML Injection [Albutein]"
1741301,SBD,"50 ML albumin human, USP 200 MG/ML Injection [Human Albumin Grifols]"
1741311,SBD,"50 ML albumin human, USP 200 MG/ML Injection [Plasbumin]"
1742029,SBD,"50 ML albumin human, USP 250 MG/ML Injection [Albuked]"
1742404,SBD,"50 ML albumin human, USP 250 MG/ML Injection [Alburx]"
1741377,SBD,"50 ML albumin human, USP 250 MG/ML Injection [Albutein]"
1742401,SBD,"50 ML albumin human, USP 250 MG/ML Injection [Flexbumin]"
1742225,SBD,"50 ML albumin human, USP 250 MG/ML Injection [Human Albumin Grifols]"
1742222,SBD,"50 ML albumin human, USP 250 MG/ML Injection [Kedbumin]"
1742395,SBD,"50 ML albumin human, USP 250 MG/ML Injection [Plasbumin]"
1741296,SBD,"100 ML albumin human, USP 200 MG/ML Injection [Albuked]"
1742220,SBD,"100 ML albumin human, USP 200 MG/ML Injection [Albutein]"
1741304,SBD,"100 ML albumin human, USP 200 MG/ML Injection [Human Albumin Grifols]"
1741313,SBD,"100 ML albumin human, USP 200 MG/ML Injection [Plasbumin]"
1742031,SBD,"100 ML albumin human, USP 250 MG/ML Injection [Albuked]"
1742406,SBD,"100 ML albumin human, USP 250 MG/ML Injection [Alburx]"
1741381,SBD,"100 ML albumin human, USP 250 MG/ML Injection [Albutein]"
1742403,SBD,"100 ML albumin human, USP 250 MG/ML Injection [Flexbumin]"
1742227,SBD,"100 ML albumin human, USP 250 MG/ML Injection [Human Albumin Grifols]"
1742224,SBD,"100 ML albumin human, USP 250 MG/ML Injection [Kedbumin]"
1742399,SBD,"100 ML albumin human, USP 250 MG/ML Injection [Plasbumin]"
1741974,SBD,"250 ML albumin human, USP 50 MG/ML Injection [Albuked]"
1741899,SBD,"250 ML albumin human, USP 50 MG/ML Injection [Alburx]"
1741421,SBD,"250 ML albumin human, USP 50 MG/ML Injection [Albutein]"
1741986,SBD,"250 ML albumin human, USP 50 MG/ML Injection [Flexbumin]"
1742228,SBD,"250 ML albumin human, USP 50 MG/ML Injection [Plasbumin]"
1741903,SBD,"500 ML albumin human, USP 50 MG/ML Injection [Alburx]"
1741424,SBD,"500 ML albumin human, USP 50 MG/ML Injection [Albutein]"
1742330,SBD,"500 ML albumin human, USP 50 MG/ML Injection [Plasbumin]"
1872465,SCDF,vitamin A Injection
374301,SCDF,vitamin A Oral Capsule
374307,SCDF,vitamin A Oral Tablet
1987012,SCDF,vitamin A Sublingual Tablet
375961,SCDF,vitamin A Topical Lotion
999792,SCDF,cholecalciferol / vitamin A Injectable Solution
485688,SCDF,cholecalciferol / vitamin A Oral Capsule
1302679,SCDF,cholecalciferol / vitamin A Oral Solution
376984,SCDF,ergocalciferol / vitamin A Oral Capsule
991455,SCDF,ergocalciferol / vitamin A Oral Tablet
372997,SCDF,naphazoline / pheniramine Ophthalmic Solution
581317,SCDF,vitamin A / vitamin E Oral Capsule
1716010,SCDF,alpha tocopherol / cholecalciferol / vitamin A Injectable Solution
1872467,SBDF,vitamin A Injection [Aquasol A]
93415,SBDF,naphazoline / pheniramine Ophthalmic Solution [Naphcon A]
1716029,SBDF,alpha tocopherol / cholecalciferol / vitamin A Injectable Solution [Vital E- A + D3]
1716040,SBDF,alpha tocopherol / cholecalciferol / vitamin A Injectable Solution [Vital E- Newborn]
1716034,SBDF,alpha tocopherol / cholecalciferol / vitamin A Injectable Solution [Vital E- Repro]
2646983,SCDFP,retinol acetate Sublingual Tablet
2647788,SCDFP,naphazoline hydrochloride / pheniramine maleate Ophthalmic Solution
2657242,SBDFP,naphazoline hydrochloride / pheniramine maleate Ophthalmic Solution [Naphcon A]
1161144,SCDG,vitamin A Injectable Product
1161145,SCDG,vitamin A Ophthalmic Product
1161147,SCDG,vitamin A Oral Product
1987011,SCDG,vitamin A Sublingual Product
1161149,SCDG,vitamin A Topical Product
1161148,SCDG,vitamin A Pill
1156123,SCDG,cholecalciferol / vitamin A Injectable Product
1302678,SCDG,cholecalciferol / vitamin A Oral Liquid Product
1156124,SCDG,cholecalciferol / vitamin A Oral Product
1156125,SCDG,cholecalciferol / vitamin A Pill
1163901,SCDG,ergocalciferol / vitamin A Oral Product
1163902,SCDG,ergocalciferol / vitamin A Pill
1156987,SCDG,naphazoline / pheniramine Ophthalmic Product
1161141,SCDG,vitamin A / vitamin E Oral Product
1161142,SCDG,vitamin A / vitamin E Pill
1716009,SCDG,alpha tocopherol / cholecalciferol / vitamin A Injectable Product
1169333,SBDG,Aquasol A Injectable Product
1178758,SBDG,Naphcon A Ophthalmic Product
1716030,SBDG,Vital E- A + D3 Injectable Product
1716041,SBDG,Vital E- Newborn Injectable Product
1716035,SBDG,Vital E- Repro Injectable Product
2660579,SCDGP,retinol acetate Oral Product
2662362,SCDGP,retinol acetate Sublingual Product
2659326,SCDGP,retinol acetate Pill
2660003,SCDGP,naphazoline hydrochloride / pheniramine maleate Ophthalmic Product
1987013,SCD,retinol acetate 10000 UNT Sublingual Tablet
313650,SCD,2 ML vitamin A 50000 UNT/ML Injection
313652,SCD,vitamin A 2.4 MG Oral Capsule
313646,SCD,vitamin A 3330 UNT/ML Topical Lotion
313638,SCD,vitamin A 10000 UNT Oral Capsule
243795,SCD,vitamin A 10000 UNT Oral Tablet
313641,SCD,vitamin A 15000 UNT Oral Capsule
313653,SCD,vitamin A 15000 UNT Oral Tablet
313654,SCD,vitamin A 25000 UNT Oral Capsule
313643,SCD,vitamin A 25000 UNT Oral Tablet
313656,SCD,vitamin A 50000 UNT Oral Capsule
701627,SCD,cholecalciferol 0.01 MG / vitamin A 0.24 MG Oral Capsule
705726,SCD,cholecalciferol 0.01 MG / vitamin A 5000 UNT Oral Capsule
1302680,SCD,cholecalciferol 80 UNT/ML / vitamin A 800 UNT/ML Oral Solution
259287,SCD,cholecalciferol 135 UNT / vitamin A 0.375 MG Oral Capsule
581296,SCD,cholecalciferol 270 UNT / vitamin A 0.75 MG Oral Capsule
999793,SCD,cholecalciferol 75000 UNT/ML / vitamin A 500000 UNT/ML Injectable Solution
259870,SCD,ergocalciferol 135 UNT / vitamin A 1250 UNT Oral Capsule
991456,SCD,ergocalciferol 400 UNT / vitamin A 10000 UNT Oral Tablet
1043658,SCD,naphazoline hydrochloride 0.25 MG/ML / pheniramine maleate 3 MG/ML Ophthalmic Solution
1043704,SCD,naphazoline hydrochloride 0.27 MG/ML / pheniramine maleate 3.15 MG/ML Ophthalmic Solution
581318,SCD,vitamin A 25000 UNT / vitamin E 1 UNT Oral Capsule
1716012,SCD,alpha tocopherol 300 UNT/ML / cholecalciferol 10000 UNT/ML / vitamin A 100000 UNT/ML Injectable Solution
1716020,SCD,alpha tocopherol 300 UNT/ML / cholecalciferol 100000 UNT/ML / vitamin A 200000 UNT/ML Injectable Solution
1716024,SCD,alpha tocopherol 500 UNT/ML / cholecalciferol 50000 UNT/ML / vitamin A 50000 UNT/ML Injectable Solution
210972,SBD,2 ML vitamin A 50000 UNT/ML Injection [Aquasol A]
1046266,SBD,naphazoline hydrochloride 0.25 MG/ML / pheniramine maleate 3 MG/ML Ophthalmic Solution [Naphcon A]
1043708,SBD,naphazoline hydrochloride 0.27 MG/ML / pheniramine maleate 3.15 MG/ML Ophthalmic Solution [Opcon-A]
1716031,SBD,alpha tocopherol 300 UNT/ML / cholecalciferol 10000 UNT/ML / vitamin A 100000 UNT/ML Injectable Solution [Vital E- A + D3]
1716036,SBD,alpha tocopherol 300 UNT/ML / cholecalciferol 100000 UNT/ML / vitamin A 200000 UNT/ML Injectable Solution [Vital E- Repro]
1716042,SBD,alpha tocopherol 500 UNT/ML / cholecalciferol 50000 UNT/ML / vitamin A 50000 UNT/ML Injectable Solution [Vital E- Newborn]
2285811,SCDF,amphotericin B Injectable Solution
1737431,SCDF,amphotericin B Injection
374833,SCDF,amphotericin B Oral Lozenge
370583,SCDF,amphotericin B Oral Suspension
370894,SCDF,amphotericin B Oral Tablet
378973,SCDF,amphotericin B Topical Cream
377580,SCDF,amphotericin B Topical Lotion
376438,SCDF,amphotericin B Topical Ointment
2285802,SBDF,amphotericin B Injection [Abelcet]
2285809,SBDF,amphotericin B Injection [AmBisome]
2647124,SCDFP,amphotericin B lipid complex Injection
2645439,SCDFP,amphotericin B liposomal Injectable Solution
2645777,SCDFP,amphotericin B liposomal Injection
2657514,SBDFP,amphotericin B lipid complex Injection [Abelcet]
2658188,SBDFP,amphotericin B liposomal Injection [AmBisome]
1152913,SCDG,amphotericin B Injectable Product
1295165,SCDG,amphotericin B Lozenge Product
1152914,SCDG,amphotericin B Oral Liquid Product
1152915,SCDG,amphotericin B Oral Product
1152917,SCDG,amphotericin B Topical Product
1152916,SCDG,amphotericin B Pill
1165946,SBDG,Abelcet Injectable Product
1170661,SBDG,AmBisome Injectable Product
2662257,SCDGP,amphotericin B lipid complex Injectable Product
2663632,SCDGP,amphotericin B liposomal Injectable Product
199417,SCD,amphotericin B 10 MG Oral Lozenge
197367,SCD,amphotericin B 30 MG/ML Topical Cream
197368,SCD,amphotericin B 30 MG/ML Topical Lotion
239240,SCD,amphotericin B 50 MG Injection
251350,SCD,amphotericin B 100 MG Oral Tablet
199264,SCD,amphotericin B 100 MG/ML Oral Suspension
984078,SCD,20 ML amphotericin B lipid complex 5 MG/ML Injection
834789,SCD,amphotericin B liposomal 5 MG/ML Injectable Solution
967385,SCD,amphotericin B liposomal 50 MG Injection
984082,SBD,20 ML amphotericin B lipid complex 5 MG/ML Injection [Abelcet]
967388,SBD,amphotericin B liposomal 50 MG Injection [AmBisome]
374376,SCDF,doxorubicin Injectable Solution
1790094,SCDF,doxorubicin Injection
1799303,SBDF,doxorubicin Injection [Adriamycin]
2675324,SBDF,doxorubicin Injection [Caelyx]
2284506,SBDF,doxorubicin Injection [Doxil]
2645510,SCDFP,doxorubicin hydrochloride Injectable Solution
2645409,SCDFP,doxorubicin hydrochloride Injection
2645949,SCDFP,doxorubicin hydrochloride liposome Injection
2657399,SBDFP,doxorubicin hydrochloride Injection [Adriamycin]
2675325,SBDFP,doxorubicin hydrochloride liposome Injection [Caelyx]
2655548,SBDFP,doxorubicin hydrochloride liposome Injection [Doxil]
1160774,SCDG,doxorubicin Injectable Product
1799304,SBDG,Adriamycin Injectable Product
2675323,SBDG,Caelyx Injectable Product
1175913,SBDG,Doxil Injectable Product
2662060,SCDGP,doxorubicin hydrochloride Injectable Product
2660771,SCDGP,doxorubicin hydrochloride liposome Injectable Product
1191138,SCD,doxorubicin hydrochloride 2 MG/ML Injectable Solution
1790097,SCD,5 ML doxorubicin hydrochloride 2 MG/ML Injection
1790103,SCD,doxorubicin hydrochloride 10 MG Injection
1790099,SCD,10 ML doxorubicin hydrochloride 2 MG/ML Injection
1872062,SCD,doxorubicin hydrochloride 20 MG Injection
1790100,SCD,25 ML doxorubicin hydrochloride 2 MG/ML Injection
1790095,SCD,doxorubicin hydrochloride 50 MG Injection
1790115,SCD,10 ML doxorubicin hydrochloride liposome 2 MG/ML Injection
1790127,SCD,25 ML doxorubicin hydrochloride liposome 2 MG/ML Injection
2001100,SBD,doxorubicin hydrochloride 50 MG Injection [Adriamycin]
2675326,SBD,10 ML doxorubicin hydrochloride liposome 2 MG/ML Injection [Caelyx]
1790131,SBD,10 ML doxorubicin hydrochloride liposome 2 MG/ML Injection [Doxil]
1790128,SBD,25 ML doxorubicin hydrochloride liposome 2 MG/ML Injection [Doxil]
371324,SCDF,cefazolin Injectable Solution
1665049,SCDF,cefazolin Injection
1152094,SCDG,cefazolin Injectable Product
313920,SCD,cefazolin 200 MG/ML Injectable Solution
1665052,SCD,cefazolin 500 MG Injection
1665050,SCD,cefazolin 1000 MG Injection
1665060,SCD,cefazolin 2000 MG Injection
2630753,SCD,cefazolin 3000 MG Injection
562000,SCDF,cephalexin Chewable Tablet
371345,SCDF,cephalexin Oral Capsule
756406,SCDF,cephalexin Oral Solution
371346,SCDF,cephalexin Oral Suspension
371347,SCDF,cephalexin Oral Tablet
1312434,SBDF,cephalexin Chewable Tablet [Rilexine]
366599,SBDF,cephalexin Oral Capsule [Keflex]
1295657,SCDG,cephalexin Chewable Product
1152429,SCDG,cephalexin Oral Liquid Product
1152430,SCDG,cephalexin Oral Product
1152431,SCDG,cephalexin Pill
1170018,SBDG,Keflex Oral Product
1170019,SBDG,Keflex Pill
1312435,SBDG,Rilexine Chewable Product
1312436,SBDG,Rilexine Oral Product
1312437,SBDG,Rilexine Pill
755616,SCD,cephalexin 25 MG/ML Oral Solution
309110,SCD,cephalexin 25 MG/ML Oral Suspension
755617,SCD,cephalexin 50 MG/ML Oral Solution
309113,SCD,cephalexin 50 MG/ML Oral Suspension
250582,SCD,cephalexin 100 MG/ML Oral Suspension
1312431,SCD,cephalexin 150 MG Chewable Tablet
309112,SCD,cephalexin 250 MG Oral Capsule
309115,SCD,cephalexin 250 MG Oral Tablet
1312440,SCD,cephalexin 300 MG Chewable Tablet
645617,SCD,cephalexin 333 MG Oral Capsule
309114,SCD,cephalexin 500 MG Oral Capsule
197454,SCD,cephalexin 500 MG Oral Tablet
1312444,SCD,cephalexin 600 MG Chewable Tablet
637173,SCD,cephalexin 750 MG Oral Capsule
1312438,SBD,cephalexin 150 MG Chewable Tablet [Rilexine]
1312442,SBD,cephalexin 300 MG Chewable Tablet [Rilexine]
212339,SBD,cephalexin 500 MG Oral Capsule [Keflex]
1312446,SBD,cephalexin 600 MG Chewable Tablet [Rilexine]
376593,SCDF,ceftriaxone Injectable Solution
1664992,SCDF,ceftriaxone Injection
1152108,SCDG,ceftriaxone Injectable Product
309090,SCD,ceftriaxone 100 MG/ML Injectable Solution
309092,SCD,ceftriaxone 250 MG Injection
1665005,SCD,ceftriaxone 500 MG Injection
1665021,SCD,ceftriaxone 1000 MG Injection
1665046,SCD,ceftriaxone 2000 MG Injection
2058952,SCDF,cefepime Injectable Solution
1665087,SCDF,cefepime Injection
1356510,SCDF,ceftiofur Injectable Suspension
2675989,SCDF,cefepime / enmetazobactam Injection
2744818,SCDF,cefepime / zidebactam Injection
2282004,SBDF,ceftiofur Injectable Suspension [Cefenil]
2675994,SBDF,cefepime / enmetazobactam Injection [Exblifep]
2744823,SBDF,cefepime / zidebactam Injection [Zaynich]
1160606,SCDG,cefepime Injectable Product
1356509,SCDG,ceftiofur Injectable Product
2675988,SCDG,cefepime / enmetazobactam Injectable Product
2744817,SCDG,cefepime / zidebactam Injectable Product
2282005,SBDG,Cefenil Injectable Product
2675993,SBDG,Exblifep Injectable Product
2744822,SBDG,Zaynich Injectable Product
2058953,SCD,cefepime 100 MG/ML Injectable Solution
1665097,SCD,cefepime 500 MG Injection
1665093,SCD,cefepime 1000 MG Injection
1665088,SCD,cefepime 2000 MG Injection
1356511,SCD,ceftiofur 50 MG/ML Injectable Suspension
1552095,SCD,ceftiofur 100 MG/ML Injectable Suspension
1421018,SCD,ceftiofur 200 MG/ML Injectable Suspension
2675990,SCD,cefepime 2000 MG / enmetazobactam 500 MG Injection
2744819,SCD,cefepime 2000 MG / zidebactam 1000 MG Injection
2282006,SBD,ceftiofur 50 MG/ML Injectable Suspension [Cefenil]
1356516,SBD,ceftiofur 50 MG/ML Injectable Suspension [Excenel]
1552097,SBD,ceftiofur 100 MG/ML Injectable Suspension [Excede]
1421023,SBD,ceftiofur 200 MG/ML Injectable Suspension [Excede]
2675995,SBD,cefepime 2000 MG / enmetazobactam 500 MG Injection [Exblifep]
2744824,SBD,cefepime 2000 MG / zidebactam 1000 MG Injection [Zaynich]
378928,SCDF,insulin isophane Injectable Suspension
1654861,SCDF,insulin isophane Pen Injector
615135,SCDF,interferon alfa-n3 Injectable Solution
374544,SCDF,menthol Oral Lozenge
365677,SBDF,insulin isophane Injectable Suspension [Humulin N]
365573,SBDF,insulin isophane Injectable Suspension [Novolin N]
1654863,SBDF,insulin isophane Pen Injector [Humulin N]
2206098,SBDF,insulin isophane Pen Injector [Novolin N]
598013,SBDF,interferon alfa-n3 Injectable Solution [Alferon N]
1039797,SBDF,menthol Oral Lozenge [N'ICE]
2647860,SCDFP,"insulin isophane, human Injectable Suspension"
2645483,SCDFP,"insulin isophane, human Pen Injector"
2656578,SBDFP,"insulin isophane, human Injectable Suspension [Humulin N]"
2657264,SBDFP,"insulin isophane, human Injectable Suspension [Novolin N]"
2658191,SBDFP,"insulin isophane, human Pen Injector [Humulin N]"
2658335,SBDFP,"insulin isophane, human Pen Injector [Novolin N]"
1653897,SCDG,insulin isophane Injectable Product
1158022,SCDG,interferon alfa-n3 Injectable Product
1295113,SCDG,menthol Lozenge Product
1159821,SCDG,menthol Oral Product
1175509,SBDG,Alferon N Injectable Product
1172691,SBDG,Humulin N Injectable Product
1295784,SBDG,N'ICE Lozenge Product
1177003,SBDG,N'ICE Oral Product
1178127,SBDG,Novolin N Injectable Product
2662172,SCDGP,"insulin isophane, human Injectable Product"
1654862,SCD,"3 ML insulin isophane, human 100 UNT/ML Pen Injector"
311028,SCD,"insulin isophane, human 100 UNT/ML Injectable Suspension"
311052,SCD,"insulin isophane, pork 100 UNT/ML Injectable Suspension"
615136,SCD,interferon alfa-n3 5000000 UNT/ML Injectable Solution
637115,SCD,menthol 1 MG Oral Lozenge
701201,SCD,menthol 1.1 MG Oral Lozenge
2634992,SCD,menthol 1.3 MG Oral Lozenge
2634994,SCD,menthol 1.4 MG Oral Lozenge
1043731,SCD,menthol 1.5 MG Oral Lozenge
637116,SCD,menthol 1.6 MG Oral Lozenge
665080,SCD,menthol 1.7 MG Oral Lozenge
1429019,SCD,menthol 1.8 MG Oral Lozenge
2264360,SCD,menthol 1.9 MG Oral Lozenge
644109,SCD,menthol 2 MG Oral Lozenge
2590178,SCD,menthol 2.1 MG Oral Lozenge
1305130,SCD,menthol 2.2 MG Oral Lozenge
616344,SCD,menthol 2.5 MG Oral Lozenge
1045010,SCD,menthol 2.6 MG Oral Lozenge
433196,SCD,menthol 2.7 MG Oral Lozenge
2264912,SCD,menthol 2.9 MG Oral Lozenge
700887,SCD,menthol 3.1 MG Oral Lozenge
1192748,SCD,menthol 3.2 MG Oral Lozenge
665082,SCD,menthol 3.3 MG Oral Lozenge
2739244,SCD,menthol 3.4 MG Oral Lozenge
433195,SCD,menthol 3.5 MG Oral Lozenge
311507,SCD,menthol 3.6 MG Oral Lozenge
1044602,SCD,menthol 4.1 MG Oral Lozenge
701207,SCD,menthol 4.5 MG Oral Lozenge
637119,SCD,menthol 4.8 MG Oral Lozenge
311508,SCD,menthol 5 MG Oral Lozenge
1426844,SCD,menthol 5.3 MG Oral Lozenge
485287,SCD,menthol 5.4 MG Oral Lozenge
749548,SCD,menthol 5.5 MG Oral Lozenge
476973,SCD,menthol 5.8 MG Oral Lozenge
200107,SCD,menthol 6 MG Oral Lozenge
315140,SCD,menthol 6.1 MG Oral Lozenge
1857613,SCD,menthol 6.4 MG Oral Lozenge
637121,SCD,menthol 6.5 MG Oral Lozenge
1858826,SCD,menthol 6.8 MG Oral Lozenge
1052744,SCD,menthol 6.9 MG Oral Lozenge
253015,SCD,menthol 7 MG Oral Lozenge
1250189,SCD,menthol 7.5 MG Oral Lozenge
359751,SCD,menthol 7.6 MG Oral Lozenge
1039799,SCD,menthol 8 MG Oral Lozenge
1424614,SCD,menthol 8.3 MG Oral Lozenge
311512,SCD,menthol 8.4 MG Oral Lozenge
1232117,SCD,menthol 8.5 MG Oral Lozenge
433194,SCD,menthol 8.6 MG Oral Lozenge
1811174,SCD,menthol 8.8 MG Oral Lozenge
2569961,SCD,menthol 9 MG Oral Lozenge
836284,SCD,menthol 9.1 MG Oral Lozenge
199393,SCD,menthol 10 MG Oral Lozenge
2277805,SCD,menthol 13.2 MG Oral Lozenge
2599614,SCD,menthol 15.3 MG Oral Lozenge
2122215,SCD,menthol 16 MG Oral Lozenge
1422187,SCD,menthol 18 MG Oral Lozenge
1995300,SCD,menthol 20 MG Oral Lozenge
847199,SBD,"3 ML insulin isophane, human 100 UNT/ML Pen Injector [Humulin N]"
2206099,SBD,"3 ML insulin isophane, human 100 UNT/ML Pen Injector [Novolin N]"
311026,SBD,"insulin isophane, human 100 UNT/ML Injectable Suspension [Humulin N]"
311027,SBD,"insulin isophane, human 100 UNT/ML Injectable Suspension [Novolin N]"
598014,SBD,interferon alfa-n3 5000000 UNT/ML Injectable Solution [Alferon N]
753520,SBD,menthol 1 MG Oral Lozenge [Luden's]
701203,SBD,menthol 1.1 MG Oral Lozenge [Ricola]
1146963,SBD,menthol 1.6 MG Oral Lozenge [Luden's]
2684627,SBD,menthol 1.7 MG Oral Lozenge [Ricola]
2109514,SBD,menthol 1.8 MG Oral Lozenge [Halls]
2677464,SBD,menthol 2 MG Oral Lozenge [Ricola]
896992,SBD,menthol 2.5 MG Oral Lozenge [Halls]
1044433,SBD,menthol 2.5 MG Oral Lozenge [Luden's]
1250183,SBD,menthol 2.7 MG Oral Lozenge [Halls]
2264914,SBD,menthol 2.9 MG Oral Lozenge [Halls]
1439976,SBD,menthol 3.2 MG Oral Lozenge [Halls]
802713,SBD,menthol 5 MG Oral Lozenge [Halls]
802773,SBD,menthol 5 MG Oral Lozenge [N'ICE]
804626,SBD,menthol 5.4 MG Oral Lozenge [Cepacol Sore Throat from Post Nasal Drip]
1250187,SBD,menthol 5.4 MG Oral Lozenge [Halls]
896994,SBD,menthol 5.8 MG Oral Lozenge [Halls]
2548889,SBD,menthol 5.8 MG Oral Lozenge [Therastat]
1146111,SBD,menthol 6.1 MG Oral Lozenge [Koldets Cough Drop]
1857615,SBD,menthol 6.4 MG Oral Lozenge [Halls]
807004,SBD,menthol 6.5 MG Oral Lozenge [Halls]
1237023,SBD,menthol 6.5 MG Oral Lozenge [Therastat]
1858828,SBD,menthol 6.8 MG Oral Lozenge [Halls]
1052746,SBD,menthol 6.9 MG Oral Lozenge [Fisherman's Friend]
1112209,SBD,menthol 7 MG Oral Lozenge [Counteract Cough Drops]
1237025,SBD,menthol 7 MG Oral Lozenge [Therastat]
1250191,SBD,menthol 7.5 MG Oral Lozenge [Halls]
897006,SBD,menthol 7.6 MG Oral Lozenge [Halls]
2699082,SBD,menthol 7.6 MG Oral Lozenge [Therastat]
2599618,SBD,menthol 8.3 MG Oral Lozenge [Ricola]
1146113,SBD,menthol 8.4 MG Oral Lozenge [Koldets Cough Drop]
2699389,SBD,menthol 8.6 MG Oral Lozenge [Thoracol]
1811176,SBD,menthol 8.8 MG Oral Lozenge [Halls]
896998,SBD,menthol 9.1 MG Oral Lozenge [Halls]
1237030,SBD,menthol 9.1 MG Oral Lozenge [Thoracol]
1014609,SBD,menthol 10 MG Oral Lozenge [Fisherman's Friend]
807006,SBD,menthol 10 MG Oral Lozenge [Halls]
2599616,SBD,menthol 15.3 MG Oral Lozenge [Ricola]
1422189,SBD,menthol 18 MG Oral Lozenge [Halls]
371307,SCDF,castor oil Oral Capsule
378763,SCDF,castor oil Oral Solution
371308,SCDF,castor oil Oral Suspension
798531,SCDF,isopropyl alcohol Medicated Pad
992577,SCDF,castor oil / Peruvian balsam Topical Ointment
309038,SCDF,castor oil / Peruvian balsam Topical Spray
636105,SCDF,castor oil / Peruvian balsam / trypsin Topical Gel
581752,SCDF,castor oil / Peruvian balsam / trypsin Topical Ointment
992581,SBDF,castor oil / Peruvian balsam Topical Ointment [Venelex]
636108,SBDF,castor oil / Peruvian balsam / trypsin Topical Gel [Optase]
1151757,SCDG,castor oil Oral Liquid Product
1151758,SCDG,castor oil Oral Product
1159742,SCDG,isopropyl alcohol Medicated Pad or Tape
1159744,SCDG,isopropyl alcohol Topical Product
1151756,SCDG,castor oil / Peruvian balsam Topical Product
1151755,SCDG,castor oil / Peruvian balsam / trypsin Topical Product
1182313,SBDG,Optase Topical Product
1187770,SBDG,Venelex Topical Product
309034,SCD,castor oil 600 MG/ML Oral Suspension
204691,SCD,castor oil 1000 MG/ML Oral Solution
797544,SCD,isopropyl alcohol 0.7 ML/ML Medicated Pad
1193047,SCD,isopropyl alcohol 0.715 ML/ML Medicated Pad
2287160,SCD,isopropyl alcohol 0.75 ML/ML Medicated Pad
992578,SCD,castor oil 0.788 MG/MG / Peruvian balsam 0.087 MG/MG Topical Ointment
260239,SCD,castor oil 793 MG/ML / Peruvian balsam 88.4 MG/ML Topical Spray
636106,SCD,castor oil 0.788 MG/MG / Peruvian balsam 0.087 MG/MG / trypsin 0.00012 MG/MG Topical Gel
581753,SCD,castor oil 0.788 MG/MG / Peruvian balsam 0.087 MG/MG / trypsin 0.09 UNT/MG Topical Ointment
992582,SBD,castor oil 0.788 MG/MG / Peruvian balsam 0.087 MG/MG Topical Ointment [Venelex]
636109,SBD,castor oil 0.788 MG/MG / Peruvian balsam 0.087 MG/MG / trypsin 0.00012 MG/MG Topical Gel [Optase]
373009,SCDF,naproxen Delayed Release Oral Tablet
373006,SCDF,naproxen Extended Release Oral Tablet
373002,SCDF,naproxen Oral Capsule
373004,SCDF,naproxen Oral Suspension
373005,SCDF,naproxen Oral Tablet
373003,SCDF,naproxen Rectal Suppository
1550955,SCDF,diphenhydramine / naproxen Oral Tablet
977953,SCDF,esomeprazole / naproxen Delayed Release Oral Tablet
374618,SCDF,naproxen / pseudoephedrine Extended Release Oral Tablet
794763,SCDF,naproxen / sumatriptan Oral Tablet
608792,SBDF,naproxen Delayed Release Oral Tablet [Naprosyn]
369974,SBDF,naproxen Extended Release Oral Tablet [Naprelan]
1112232,SBDF,naproxen Oral Capsule [Aleve]
93416,SBDF,naproxen Oral Suspension [Naprosyn]
368447,SBDF,naproxen Oral Tablet [Aleve]
91796,SBDF,naproxen Oral Tablet [Anaprox]
93417,SBDF,naproxen Oral Tablet [Naprosyn]
643132,SBDF,naproxen Oral Tablet [Wal-Proxen]
1550960,SBDF,diphenhydramine / naproxen Oral Tablet [Aleve PM]
977957,SBDF,esomeprazole / naproxen Delayed Release Oral Tablet [Vimovo]
794767,SBDF,naproxen / sumatriptan Oral Tablet [Treximet]
2648502,SCDFP,naproxen sodium Oral Capsule
2648045,SCDFP,naproxen sodium Oral Tablet
2648267,SCDFP,diphenhydramine hydrochloride / naproxen sodium Oral Tablet
2648872,SCDFP,naproxen sodium / pseudoephedrine hydrochloride Extended Release Oral Tablet
2647518,SCDFP,naproxen sodium / sumatriptan Oral Tablet
2654714,SBDFP,naproxen sodium Oral Capsule [Aleve]
2659037,SBDFP,naproxen sodium Oral Tablet [Aleve]
2654566,SBDFP,naproxen sodium Oral Tablet [Anaprox]
2654513,SBDFP,naproxen sodium Oral Tablet [Wal-Proxen]
2657846,SBDFP,diphenhydramine hydrochloride / naproxen sodium Oral Tablet [Aleve PM]
2654512,SBDFP,naproxen sodium / sumatriptan Oral Tablet [Treximet]
1157516,SCDG,naproxen Oral Liquid Product
1157517,SCDG,naproxen Oral Product
1157519,SCDG,naproxen Rectal Product
1157518,SCDG,naproxen Pill
1550953,SCDG,diphenhydramine / naproxen Oral Product
1550954,SCDG,diphenhydramine / naproxen Pill
1164523,SCDG,esomeprazole / naproxen Oral Product
1164524,SCDG,esomeprazole / naproxen Pill
1157003,SCDG,naproxen / pseudoephedrine Oral Product
1157004,SCDG,naproxen / pseudoephedrine Pill
1157005,SCDG,naproxen / sumatriptan Oral Product
1157512,SCDG,naproxen / sumatriptan Pill
1175502,SBDG,Aleve Oral Product
1175503,SBDG,Aleve Pill
1550961,SBDG,Aleve PM Oral Product
1550962,SBDG,Aleve PM Pill
1174929,SBDG,Anaprox Oral Product
1174930,SBDG,Anaprox Pill
1178761,SBDG,Naprelan Oral Product
1178762,SBDG,Naprelan Pill
1179303,SBDG,Naprosyn Oral Liquid Product
1179304,SBDG,Naprosyn Oral Product
1179305,SBDG,Naprosyn Pill
1179685,SBDG,Treximet Oral Product
1179686,SBDG,Treximet Pill
1186604,SBDG,Vimovo Oral Product
1186607,SBDG,Vimovo Pill
1187796,SBDG,Wal-Proxen Oral Product
1187797,SBDG,Wal-Proxen Pill
2659458,SCDGP,naproxen sodium Oral Product
2661667,SCDGP,naproxen sodium Pill
2661440,SCDGP,diphenhydramine hydrochloride / naproxen sodium Oral Product
2662621,SCDGP,diphenhydramine hydrochloride / naproxen sodium Pill
2659977,SCDGP,naproxen sodium / pseudoephedrine hydrochloride Oral Product
2661035,SCDGP,naproxen sodium / pseudoephedrine hydrochloride Pill
2661109,SCDGP,naproxen sodium / sumatriptan Oral Product
2661991,SCDGP,naproxen sodium / sumatriptan Pill
1116320,SCD,24 HR naproxen 375 MG Extended Release Oral Tablet
1116339,SCD,24 HR naproxen 500 MG Extended Release Oral Tablet
1116349,SCD,24 HR naproxen 750 MG Extended Release Oral Tablet
311913,SCD,naproxen 25 MG/ML Oral Suspension
1608797,SCD,naproxen 200 MG Oral Tablet
105918,SCD,naproxen 250 MG Delayed Release Oral Tablet
198013,SCD,naproxen 250 MG Oral Tablet
603103,SCD,naproxen 375 MG Delayed Release Oral Tablet
198012,SCD,naproxen 375 MG Oral Tablet
311915,SCD,naproxen 500 MG Delayed Release Oral Tablet
198014,SCD,naproxen 500 MG Oral Tablet
199490,SCD,naproxen 500 MG Rectal Suppository
1112231,SCD,naproxen sodium 220 MG Oral Capsule
849574,SCD,naproxen sodium 220 MG Oral Tablet
849398,SCD,naproxen sodium 275 MG Oral Tablet
849431,SCD,naproxen sodium 550 MG Oral Tablet
1550957,SCD,diphenhydramine hydrochloride 25 MG / naproxen sodium 220 MG Oral Tablet
994005,SCD,esomeprazole 20 MG / naproxen 375 MG Delayed Release Oral Tablet
994008,SCD,esomeprazole 20 MG / naproxen 500 MG Delayed Release Oral Tablet
1367426,SCD,12 HR naproxen sodium 220 MG / pseudoephedrine hydrochloride 120 MG Extended Release Oral Tablet
849450,SCD,naproxen sodium 500 MG / sumatriptan 85 MG Oral Tablet
1116331,SBD,24 HR naproxen 375 MG Extended Release Oral Tablet [Naprelan]
1116341,SBD,24 HR naproxen 500 MG Extended Release Oral Tablet [Naprelan]
1116351,SBD,24 HR naproxen 750 MG Extended Release Oral Tablet [Naprelan]
207093,SBD,naproxen 25 MG/ML Oral Suspension [Naprosyn]
608793,SBD,naproxen 375 MG Delayed Release Oral Tablet [Naprosyn]
835560,SBD,naproxen 500 MG Delayed Release Oral Tablet [Naprosyn]
105899,SBD,naproxen 500 MG Oral Tablet [Naprosyn]
1112233,SBD,naproxen sodium 220 MG Oral Capsule [Aleve]
849728,SBD,naproxen sodium 220 MG Oral Tablet [Aleve]
849737,SBD,naproxen sodium 220 MG Oral Tablet [Wal-Proxen]
849438,SBD,naproxen sodium 550 MG Oral Tablet [Anaprox]
1550963,SBD,diphenhydramine hydrochloride 25 MG / naproxen sodium 220 MG Oral Tablet [Aleve PM]
994007,SBD,esomeprazole 20 MG / naproxen 375 MG Delayed Release Oral Tablet [Vimovo]
994010,SBD,esomeprazole 20 MG / naproxen 500 MG Delayed Release Oral Tablet [Vimovo]
849452,SBD,naproxen sodium 500 MG / sumatriptan 85 MG Oral Tablet [Treximet]
372032,SCDF,epoetin alfa Injectable Solution
1721637,SCDF,epoetin alfa Injection
372033,SCDF,epoetin beta Injectable Solution
92613,SBDF,epoetin alfa Injectable Solution [Epogen]
93868,SBDF,epoetin alfa Injectable Solution [Procrit]
2463732,SBDF,epoetin alfa Injectable Solution [Retacrit]
1721643,SBDF,epoetin alfa Injection [Epogen]
1721640,SBDF,epoetin alfa Injection [Procrit]
2047594,SBDF,epoetin alfa Injection [Retacrit]
2645388,SCDFP,epoetin alfa-epbx Injectable Solution
2646640,SCDFP,epoetin alfa-epbx Injection
2658685,SBDFP,epoetin alfa-epbx Injectable Solution [Retacrit]
2657314,SBDFP,epoetin alfa-epbx Injection [Retacrit]
1163895,SCDG,epoetin alfa Injectable Product
1161911,SCDG,epoetin beta Injectable Product
1167637,SBDG,Epogen Injectable Product
1180022,SBDG,Procrit Injectable Product
2047595,SBDG,Retacrit Injectable Product
2660947,SCDGP,epoetin alfa-epbx Injectable Product
239998,SCD,1 ML epoetin alfa 2000 UNT/ML Injection
240377,SCD,1 ML epoetin alfa 3000 UNT/ML Injection
239999,SCD,1 ML epoetin alfa 4000 UNT/ML Injection
1721684,SCD,1 ML epoetin alfa 10000 UNT/ML Injection
242706,SCD,1 ML epoetin alfa 40000 UNT/ML Injection
240000,SCD,epoetin alfa 10000 UNT/ML Injectable Solution
241999,SCD,epoetin alfa 20000 UNT/ML Injectable Solution
2047600,SCD,1 ML epoetin alfa-epbx 2000 UNT/ML Injection
2047606,SCD,1 ML epoetin alfa-epbx 3000 UNT/ML Injection
2047612,SCD,1 ML epoetin alfa-epbx 4000 UNT/ML Injection
2047591,SCD,1 ML epoetin alfa-epbx 10000 UNT/ML Injection
2047621,SCD,1 ML epoetin alfa-epbx 40000 UNT/ML Injection
2463731,SCD,epoetin alfa-epbx 10000 UNT/ML Injectable Solution
2463735,SCD,epoetin alfa-epbx 20000 UNT/ML Injectable Solution
153633,SCD,epoetin beta 10000 UNT/ML Injectable Solution
153630,SCD,epoetin beta 20000 UNT/ML Injectable Solution
205917,SBD,1 ML epoetin alfa 2000 UNT/ML Injection [Epogen]
205918,SBD,1 ML epoetin alfa 2000 UNT/ML Injection [Procrit]
205921,SBD,1 ML epoetin alfa 3000 UNT/ML Injection [Epogen]
205922,SBD,1 ML epoetin alfa 3000 UNT/ML Injection [Procrit]
205923,SBD,1 ML epoetin alfa 4000 UNT/ML Injection [Epogen]
205924,SBD,1 ML epoetin alfa 4000 UNT/ML Injection [Procrit]
1721685,SBD,1 ML epoetin alfa 10000 UNT/ML Injection [Epogen]
1721690,SBD,1 ML epoetin alfa 10000 UNT/ML Injection [Procrit]
213475,SBD,1 ML epoetin alfa 40000 UNT/ML Injection [Procrit]
205912,SBD,epoetin alfa 10000 UNT/ML Injectable Solution [Epogen]
205913,SBD,epoetin alfa 10000 UNT/ML Injectable Solution [Procrit]
212218,SBD,epoetin alfa 20000 UNT/ML Injectable Solution [Epogen]
212219,SBD,epoetin alfa 20000 UNT/ML Injectable Solution [Procrit]
2047602,SBD,1 ML epoetin alfa-epbx 2000 UNT/ML Injection [Retacrit]
2047608,SBD,1 ML epoetin alfa-epbx 3000 UNT/ML Injection [Retacrit]
2047614,SBD,1 ML epoetin alfa-epbx 4000 UNT/ML Injection [Retacrit]
2047596,SBD,1 ML epoetin alfa-epbx 10000 UNT/ML Injection [Retacrit]
2047623,SBD,1 ML epoetin alfa-epbx 40000 UNT/ML Injection [Retacrit]
2463733,SBD,epoetin alfa-epbx 10000 UNT/ML Injectable Solution [Retacrit]
2463737,SBD,epoetin alfa-epbx 20000 UNT/ML Injectable Solution [Retacrit]
378004,SCDF,ethanol Topical Gel
1368962,SCDF,chlophedianol / chlorpheniramine / phenylephrine Oral Tablet
2645337,SCDFP,chlophedianol hydrochloride / chlorpheniramine maleate / phenylephrine hydrochloride Oral Tablet
2655573,SBDFP,chlorcyclizine hydrochloride / phenylephrine hydrochloride Chewable Tablet [Nasopen-CH]
1156841,SCDG,ethanol Topical Product
1245703,SCDG,chlophedianol / chlorpheniramine / phenylephrine Oral Product
1368961,SCDG,chlophedianol / chlorpheniramine / phenylephrine Pill
2659345,SCDGP,chlophedianol hydrochloride / chlorpheniramine maleate / phenylephrine hydrochloride Oral Product
2662113,SCDGP,chlophedianol hydrochloride / chlorpheniramine maleate / phenylephrine hydrochloride Pill
581658,SCD,ethanol 0.6 ML/ML Topical Gel
2289402,SCD,ethanol 0.61 ML/ML Topical Gel
581660,SCD,ethanol 0.62 ML/ML Topical Gel
1860080,SCD,ethanol 0.625 ML/ML Topical Gel
1094724,SCD,ethanol 0.63 ML/ML Topical Gel
2003712,SCD,ethanol 0.635 ML/ML Topical Gel
1052526,SCD,ethanol 0.64 ML/ML Topical Gel
1145610,SCD,ethanol 0.645 ML/ML Topical Gel
2367439,SCD,ethanol 0.648 ML/ML Topical Gel
902574,SCD,ethanol 0.65 ML/ML Topical Gel
2284346,SCD,ethanol 0.656 ML/ML Topical Gel
1039811,SCD,ethanol 0.66 ML/ML Topical Gel
616762,SCD,ethanol 0.665 ML/ML Topical Gel
1039708,SCD,ethanol 0.67 ML/ML Topical Gel
1037039,SCD,ethanol 0.68 ML/ML Topical Gel
2287763,SCD,ethanol 0.69 ML/ML Topical Gel
581662,SCD,ethanol 0.7 ML/ML Topical Gel
2282911,SCD,ethanol 0.71 ML/ML Topical Gel
2277550,SCD,ethanol 0.72 ML/ML Topical Gel
1305100,SCD,ethanol 0.75 ML/ML Topical Gel
1535597,SCD,ethanol 0.76 ML/ML Topical Gel
1788839,SCD,ethanol 0.77 ML/ML Topical Gel
1041498,SCD,ethanol 0.8 ML/ML Topical Gel
1041851,SCD,ethanol 0.85 ML/ML Topical Gel
1424872,SCD,chlophedianol hydrochloride 24 MG / chlorpheniramine maleate 3.5 MG / phenylephrine hydrochloride 10 MG Oral Tablet
311255,SCDF,lactate Topical Cream
377737,SCDF,lactate Topical Lotion
632127,SCDF,lactate Topical Solution
1094062,SCDF,dodecylbenzenesulfonic acid / lactate Topical Solution
377895,SCDF,glycolate / lactate Topical Cream
1423472,SCDF,heptanoic acid / lactate Topical Solution
991276,SCDF,hydrogen peroxide / lactate Topical Solution
1546201,SCDF,hydrogen peroxide / lactate Topical Spray
1371987,SCDF,iodine / lactate Topical Solution
632162,SCDF,lactate / pramoxine Topical Cream
378025,SCDF,lactate / salicylic acid Topical Gel
379425,SCDF,lactate / salicylic acid Topical Ointment
373813,SCDF,lactate / salicylic acid Topical Solution
379327,SCDF,lactate / urea Topical Cream
876073,SCDF,lactate / urea Topical Lotion
993252,SCDF,benzenesulfonic acid / hydrogen peroxide / lactate Topical Solution
2385346,SCDF,citric acid / lactate / potassium bitartrate Vaginal Gel
1252019,SCDF,dodecylbenzenesulfonic acid / hydrogen peroxide / lactate Topical Solution
375453,SCDF,lactate / resorcinol / salicylic acid Topical Solution
876077,SCDF,calcium chloride / lactate / potassium chloride / sodium chloride Injectable Solution
876075,SCDF,calcium chloride / lactate / potassium chloride / sodium chloride Irrigation Solution
875807,SCDF,calcium chloride / glucose / lactate / magnesium chloride / sodium chloride Intraperitoneal Solution
876076,SCDF,calcium chloride / glucose / lactate / potassium chloride / sodium chloride Injectable Solution
1100740,SCDF,calcium chloride / icodextrin / lactate / magnesium chloride / sodium chloride Injectable Solution
875826,SCDF,glucose / lactate / magnesium chloride / potassium chloride / potassium phosphate / sodium chloride Injectable Solution
875816,SCDF,"glucose / lactate / magnesium chloride / potassium chloride / potassium phosphate / sodium phosphate, monobasic Injectable Solution"
1428024,SBDF,lactate Topical Cream [Geri-Hydrolac]
904428,SBDF,lactate Topical Cream [Lactinol]
402717,SBDF,lactate Topical Lotion [Amlactin]
864009,SBDF,lactate Topical Lotion [Geri-Hydrolac]
402716,SBDF,lactate Topical Lotion [Lac-Hydrin]
365754,SBDF,lactate Topical Lotion [Lacticare]
1536547,SBDF,lactate Topical Solution [4XLA Activator]
1293601,SBDF,lactate Topical Solution [Dermaplex]
1293121,SBDF,lactate Topical Solution [Encore]
1094067,SBDF,dodecylbenzenesulfonic acid / lactate Topical Solution [Valiant Barrier]
1423477,SBDF,heptanoic acid / lactate Topical Solution [Valiant Shield]
991325,SBDF,hydrogen peroxide / lactate Topical Solution [Pur-Oxy]
1546203,SBDF,hydrogen peroxide / lactate Topical Spray [Astri-UC]
632465,SBDF,lactate / pramoxine Topical Cream [AmLactin AP]
807015,SBDF,lactate / urea Topical Cream [Atrac-Tain]
807011,SBDF,lactate / urea Topical Lotion [Atrac-Tain]
365742,SBDF,lactate / urea Topical Lotion [U-Lactin]
993260,SBDF,benzenesulfonic acid / hydrogen peroxide / lactate Topical Solution [Oxy Gard]
2700384,SBDF,citric acid / lactate / potassium bitartrate Vaginal Gel [Phexx]
2385351,SBDF,citric acid / lactate / potassium bitartrate Vaginal Gel [Phexxi]
875813,SBDF,calcium chloride / glucose / lactate / magnesium chloride / sodium chloride Intraperitoneal Solution [Dianeal Low Calcium 1.5]
875812,SBDF,calcium chloride / glucose / lactate / magnesium chloride / sodium chloride Intraperitoneal Solution [Dianeal Low Calcium 2.5]
875811,SBDF,calcium chloride / glucose / lactate / magnesium chloride / sodium chloride Intraperitoneal Solution [Dianeal Low Calcium 4.25]
875809,SBDF,calcium chloride / glucose / lactate / magnesium chloride / sodium chloride Intraperitoneal Solution [Dianeal PD-2/1.5]
875810,SBDF,calcium chloride / glucose / lactate / magnesium chloride / sodium chloride Intraperitoneal Solution [Dianeal PD-2/2.5]
875808,SBDF,calcium chloride / glucose / lactate / magnesium chloride / sodium chloride Intraperitoneal Solution [Dianeal PD-2/4.25]
1100745,SBDF,calcium chloride / icodextrin / lactate / magnesium chloride / sodium chloride Injectable Solution [Extraneal]
875817,SBDF,"glucose / lactate / magnesium chloride / potassium chloride / potassium phosphate / sodium phosphate, monobasic Injectable Solution [Ionosol-MB]"
2648105,SCDFP,ammonium lactate Topical Cream
2648061,SCDFP,ammonium lactate Topical Lotion
2648582,SCDFP,lactic acid Topical Cream
2647644,SCDFP,lactic acid Topical Lotion
2648625,SCDFP,lactic acid Topical Solution
2647226,SCDFP,ammonium lactate / pramoxine hydrochloride Topical Cream
2645773,SCDFP,dodecylbenzenesulfonic acid / lactic acid Topical Solution
2649011,SCDFP,glycolate / lactic acid Topical Cream
2648832,SCDFP,heptanoic acid / lactic acid Topical Solution
2646128,SCDFP,hydrogen peroxide / lactic acid Topical Solution
2647454,SCDFP,hydrogen peroxide / lactic acid Topical Spray
2648463,SCDFP,iodine / lactic acid Topical Solution
2649101,SCDFP,lactic acid / salicylic acid Topical Gel
2645641,SCDFP,lactic acid / salicylic acid Topical Ointment
2648186,SCDFP,lactic acid / salicylic acid Topical Solution
2648472,SCDFP,lactic acid / urea Topical Cream
2646025,SCDFP,lactic acid / urea Topical Lotion
2645422,SCDFP,sodium lactate / urea Topical Lotion
2649546,SCDFP,benzenesulfonic acid / hydrogen peroxide / lactic acid Topical Solution
2646886,SCDFP,citric acid / lactic acid / potassium bitartrate Vaginal Gel
2645783,SCDFP,dodecylbenzenesulfonic acid / hydrogen peroxide / lactic acid Topical Solution
2648399,SCDFP,lactic acid / resorcinol / salicylic acid Topical Solution
2646618,SCDFP,calcium chloride / potassium chloride / sodium chloride / sodium lactate Injectable Solution
2646543,SCDFP,calcium chloride / potassium chloride / sodium chloride / sodium lactate Irrigation Solution
2646490,SCDFP,calcium chloride / glucose / magnesium chloride / sodium chloride / sodium lactate Intraperitoneal Solution
2647567,SCDFP,calcium chloride / glucose / potassium chloride / sodium chloride / sodium lactate Injectable Solution
2645778,SCDFP,calcium chloride / icodextrin / magnesium chloride / sodium chloride / sodium lactate Injectable Solution
2646535,SCDFP,glucose / magnesium chloride / monobasic potassium phosphate / potassium chloride / sodium chloride / sodium lactate Injectable Solution
2647956,SCDFP,"glucose / magnesium chloride / monobasic potassium phosphate / potassium chloride / sodium lactate / sodium phosphate, monobasic Injectable Solution"
2656911,SBDFP,ammonium lactate Topical Cream [Geri-Hydrolac]
2657412,SBDFP,ammonium lactate Topical Lotion [Amlactin]
2658900,SBDFP,ammonium lactate Topical Lotion [Geri-Hydrolac]
2655318,SBDFP,ammonium lactate Topical Lotion [Lac-Hydrin]
2654418,SBDFP,lactic acid Topical Cream [Lactinol]
2655590,SBDFP,lactic acid Topical Lotion [Lac-Hydrin]
2655139,SBDFP,lactic acid Topical Lotion [Lacticare]
2658979,SBDFP,lactic acid Topical Solution [4XLA Activator]
2657132,SBDFP,lactic acid Topical Solution [Dermaplex]
2658370,SBDFP,ammonium lactate / pramoxine hydrochloride Topical Cream [AmLactin AP]
2654809,SBDFP,dodecylbenzenesulfonic acid / lactic acid Topical Solution [Valiant Barrier]
2656896,SBDFP,heptanoic acid / lactic acid Topical Solution [Valiant Shield]
2656604,SBDFP,hydrogen peroxide / lactic acid Topical Solution [Pur-Oxy]
2655148,SBDFP,hydrogen peroxide / lactic acid Topical Spray [Astri-UC]
2656433,SBDFP,lactic acid / urea Topical Cream [Atrac-Tain]
2654839,SBDFP,lactic acid / urea Topical Lotion [Atrac-Tain]
2655330,SBDFP,lactic acid / urea Topical Lotion [U-Lactin]
2656538,SBDFP,benzenesulfonic acid / hydrogen peroxide / lactic acid Topical Solution [Oxy Gard]
2700385,SBDFP,citric acid / lactic acid / potassium bitartrate Vaginal Gel [Phexx]
2657403,SBDFP,citric acid / lactic acid / potassium bitartrate Vaginal Gel [Phexxi]
2656513,SBDFP,calcium chloride / glucose / magnesium chloride / sodium chloride / sodium lactate Intraperitoneal Solution [Dianeal Low Calcium 1.5]
2654770,SBDFP,calcium chloride / glucose / magnesium chloride / sodium chloride / sodium lactate Intraperitoneal Solution [Dianeal Low Calcium 2.5]
2658278,SBDFP,calcium chloride / glucose / magnesium chloride / sodium chloride / sodium lactate Intraperitoneal Solution [Dianeal Low Calcium 4.25]
2657153,SBDFP,calcium chloride / glucose / magnesium chloride / sodium chloride / sodium lactate Intraperitoneal Solution [Dianeal PD-2/1.5]
2658704,SBDFP,calcium chloride / glucose / magnesium chloride / sodium chloride / sodium lactate Intraperitoneal Solution [Dianeal PD-2/2.5]
2658399,SBDFP,calcium chloride / glucose / magnesium chloride / sodium chloride / sodium lactate Intraperitoneal Solution [Dianeal PD-2/4.25]
2655344,SBDFP,calcium chloride / icodextrin / magnesium chloride / sodium chloride / sodium lactate Injectable Solution [Extraneal]
2655818,SBDFP,"glucose / magnesium chloride / monobasic potassium phosphate / potassium chloride / sodium lactate / sodium phosphate, monobasic Injectable Solution [Ionosol-MB]"
1162173,SCDG,lactate Topical Product
1160619,SCDG,dodecylbenzenesulfonic acid / lactate Topical Product
1157261,SCDG,glycolate / lactate Topical Product
1423471,SCDG,heptanoic acid / lactate Topical Product
1164030,SCDG,hydrogen peroxide / lactate Topical Product
1371986,SCDG,iodine / lactate Topical Product
1162168,SCDG,lactate / pramoxine Topical Product
1162164,SCDG,lactate / salicylic acid Topical Product
1162165,SCDG,lactate / urea Topical Product
1160027,SCDG,benzenesulfonic acid / hydrogen peroxide / lactate Topical Product
2385345,SCDG,citric acid / lactate / potassium bitartrate Vaginal Product
1252018,SCDG,dodecylbenzenesulfonic acid / hydrogen peroxide / lactate Topical Product
1162169,SCDG,lactate / resorcinol / salicylic acid Topical Product
1154438,SCDG,calcium chloride / lactate / potassium chloride / sodium chloride Injectable Product
1154439,SCDG,calcium chloride / lactate / potassium chloride / sodium chloride Irrigation Product
1154149,SCDG,calcium chloride / glucose / lactate / magnesium chloride / sodium chloride Intraperitoneal Product
1154150,SCDG,calcium chloride / glucose / lactate / potassium chloride / sodium chloride Injectable Product
1154444,SCDG,calcium chloride / icodextrin / lactate / magnesium chloride / sodium chloride Injectable Product
1165804,SCDG,glucose / lactate / magnesium chloride / potassium chloride / potassium phosphate / sodium chloride Injectable Product
1165805,SCDG,"glucose / lactate / magnesium chloride / potassium chloride / potassium phosphate / sodium phosphate, monobasic Injectable Product"
1536548,SBDG,4XLA Activator Topical Product
1172843,SBDG,Amlactin Topical Product
1170662,SBDG,AmLactin AP Topical Product
1172177,SBDG,Astri-UC Topical Product
1172884,SBDG,Atrac-Tain Topical Product
1293602,SBDG,Dermaplex Topical Product
1166323,SBDG,Dianeal Low Calcium 1.5 Intraperitoneal Product
1166324,SBDG,Dianeal Low Calcium 2.5 Intraperitoneal Product
1166326,SBDG,Dianeal Low Calcium 4.25 Intraperitoneal Product
1166327,SBDG,Dianeal PD-2/1.5 Intraperitoneal Product
1166328,SBDG,Dianeal PD-2/2.5 Intraperitoneal Product
1166330,SBDG,Dianeal PD-2/4.25 Intraperitoneal Product
1293122,SBDG,Encore Topical Product
1173937,SBDG,Extraneal Injectable Product
1170512,SBDG,Geri-Hydrolac Topical Product
1174134,SBDG,Ionosol-MB Injectable Product
1174960,SBDG,Lac-Hydrin Topical Product
1174972,SBDG,Lacticare Topical Product
1174974,SBDG,Lactinol Topical Product
1185776,SBDG,Oxy Gard Topical Product
2700383,SBDG,Phexx Vaginal Product
2385352,SBDG,Phexxi Vaginal Product
1183569,SBDG,Pur-Oxy Topical Product
1187523,SBDG,U-Lactin Topical Product
1187145,SBDG,Valiant Barrier Topical Product
1423478,SBDG,Valiant Shield Topical Product
2660231,SCDGP,ammonium lactate Topical Product
2660366,SCDGP,lactic acid Topical Product
2660221,SCDGP,ammonium lactate / pramoxine hydrochloride Topical Product
2659656,SCDGP,dodecylbenzenesulfonic acid / lactic acid Topical Product
2659474,SCDGP,glycolate / lactic acid Topical Product
2661144,SCDGP,heptanoic acid / lactic acid Topical Product
2660127,SCDGP,hydrogen peroxide / lactic acid Topical Product
2660218,SCDGP,iodine / lactic acid Topical Product
2662888,SCDGP,lactic acid / salicylic acid Topical Product
2662091,SCDGP,lactic acid / urea Topical Product
2660098,SCDGP,sodium lactate / urea Topical Product
2662599,SCDGP,benzenesulfonic acid / hydrogen peroxide / lactic acid Topical Product
2661447,SCDGP,citric acid / lactic acid / potassium bitartrate Vaginal Product
2662833,SCDGP,dodecylbenzenesulfonic acid / hydrogen peroxide / lactic acid Topical Product
2660977,SCDGP,lactic acid / resorcinol / salicylic acid Topical Product
2662655,SCDGP,calcium chloride / potassium chloride / sodium chloride / sodium lactate Injectable Product
2661887,SCDGP,calcium chloride / potassium chloride / sodium chloride / sodium lactate Irrigation Product
2662106,SCDGP,calcium chloride / glucose / magnesium chloride / sodium chloride / sodium lactate Intraperitoneal Product
2661892,SCDGP,calcium chloride / glucose / potassium chloride / sodium chloride / sodium lactate Injectable Product
2661562,SCDGP,calcium chloride / icodextrin / magnesium chloride / sodium chloride / sodium lactate Injectable Product
2663297,SCDGP,glucose / magnesium chloride / monobasic potassium phosphate / potassium chloride / sodium chloride / sodium lactate Injectable Product
2660499,SCDGP,"glucose / magnesium chloride / monobasic potassium phosphate / potassium chloride / sodium lactate / sodium phosphate, monobasic Injectable Product"
1311660,SCD,ammonium lactate 50 MG/ML Topical Lotion
1041718,SCD,ammonium lactate 100 MG/ML Topical Cream
543460,SCD,ammonium lactate 120 MG/ML Topical Cream
197362,SCD,ammonium lactate 120 MG/ML Topical Lotion
977978,SCD,halobetasol propionate 0.0005 MG/MG Topical Ointment
1293118,SCD,lactate 26.4 MG/ML Topical Solution
1536544,SCD,lactic acid 25 MG/ML Topical Solution
311254,SCD,lactic acid 50 MG/ML Topical Lotion
1293598,SCD,lactic acid 50 MG/ML Topical Solution
248332,SCD,lactic acid 100 MG/ML Topical Cream
311249,SCD,lactic acid 100 MG/ML Topical Lotion
607229,SCD,lactic acid 120 MG/ML Topical Lotion
1293859,SCD,ammonium lactate 120 MG/ML / pramoxine hydrochloride 10 MG/ML Topical Cream
1094064,SCD,dodecylbenzenesulfonic acid 16 MG/ML / lactic acid 25 MG/ML Topical Solution
1421080,SCD,dodecylbenzenesulfonic acid 16 MG/ML / lactic acid 95 MG/ML Topical Solution
259021,SCD,glycolate 120 MG/ML / lactic acid 60 MG/ML Topical Cream
1423474,SCD,heptanoic acid 3 MG/ML / lactic acid 14 MG/ML Topical Solution
991277,SCD,hydrogen peroxide 5 MG/ML / lactic acid 17 MG/ML Topical Solution
1546202,SCD,hydrogen peroxide 5 MG/ML / lactic acid 17 MG/ML Topical Spray
1747301,SCD,hydrogen peroxide 100 MG/ML / lactic acid 50 MG/ML Topical Solution
1371989,SCD,iodine 2.5 MG/ML / lactic acid 20 MG/ML Topical Solution
250816,SCD,lactic acid 0.04 MG/MG / salicylic acid 0.12 MG/MG Topical Gel
244534,SCD,lactic acid 0.167 MG/MG / salicylic acid 0.167 MG/MG Topical Gel
108926,SCD,lactic acid 0.25 MG/MG / salicylic acid 0.25 MG/MG Topical Ointment
1653440,SCD,lactic acid 22 MG/ML / salicylic acid 1 MG/ML Topical Solution
311250,SCD,lactic acid 167 MG/ML / salicylic acid 167 MG/ML Topical Solution
205248,SCD,lactic acid 20 MG/ML / urea 100 MG/ML Topical Lotion
807008,SCD,lactic acid 25 MG/ML / urea 50 MG/ML Topical Lotion
807013,SCD,lactic acid 40 MG/ML / urea 100 MG/ML Topical Cream
106200,SCD,lactic acid 50 MG/ML / urea 100 MG/ML Topical Cream
313061,SCD,sodium lactate 50 MG/ML / urea 50 MG/ML Topical Lotion
993253,SCD,benzenesulfonic acid 5 MG/ML / hydrogen peroxide 5 MG/ML / lactic acid 17 MG/ML Topical Solution
2385348,SCD,citric acid 0.01 MG/MG / lactic acid 0.018 MG/MG / potassium bitartrate 0.004 MG/MG Vaginal Gel
1252021,SCD,dodecylbenzenesulfonic acid 5 MG/ML / hydrogen peroxide 5 MG/ML / lactic acid 17 MG/ML Topical Solution
283279,SCD,lactic acid 140 MG/ML / resorcinol 140 MG/ML / salicylic acid 140 MG/ML Topical Solution
847630,SCD,calcium chloride 0.2 MG/ML / potassium chloride 0.3 MG/ML / sodium chloride 6 MG/ML / sodium lactate 3.1 MG/ML Injectable Solution
847628,SCD,calcium chloride 0.2 MG/ML / potassium chloride 0.3 MG/ML / sodium chloride 6 MG/ML / sodium lactate 3.1 MG/ML Irrigation Solution
800057,SCD,calcium chloride 0.00014 MEQ/ML / glucose 0.6 MG/ML / magnesium chloride 0.0000245 MEQ/ML / sodium chloride 0.00368 MEQ/ML / sodium lactate 0.0016 MEQ/ML Intraperitoneal Solution
800062,SCD,calcium chloride 0.00014 MEQ/ML / glucose 1 MG/ML / magnesium chloride 0.0000245 MEQ/ML / sodium chloride 0.00368 MEQ/ML / sodium lactate 0.0016 MEQ/ML Intraperitoneal Solution
799999,SCD,calcium chloride 0.00014 MEQ/ML / glucose 1.7 MG/ML / magnesium chloride 0.0000245 MEQ/ML / sodium chloride 0.00368 MEQ/ML / sodium lactate 0.0016 MEQ/ML Intraperitoneal Solution
800472,SCD,calcium chloride 0.000996 MEQ/ML / glucose 0.6 MG/ML / magnesium chloride 0.0000245 MEQ/ML / sodium chloride 0.00368 MEQ/ML / sodium lactate 0.0016 MEQ/ML Intraperitoneal Solution
800111,SCD,calcium chloride 0.000996 MEQ/ML / glucose 1 MG/ML / magnesium chloride 0.0000245 MEQ/ML / sodium chloride 0.00368 MEQ/ML / sodium lactate 0.0016 MEQ/ML Intraperitoneal Solution
800066,SCD,calcium chloride 0.000996 MEQ/ML / glucose 1.7 MG/ML / magnesium chloride 0.0000245 MEQ/ML / sodium chloride 0.00368 MEQ/ML / sodium lactate 0.0016 MEQ/ML Intraperitoneal Solution
847627,SCD,calcium chloride 0.2 MG/ML / glucose 50 MG/ML / potassium chloride 0.3 MG/ML / sodium chloride 6 MG/ML / sodium lactate 3.1 MG/ML Injectable Solution
847626,SCD,calcium chloride 0.2 MG/ML / glucose 50 MG/ML / potassium chloride 1.79 MG/ML / sodium chloride 6 MG/ML / sodium lactate 3.1 MG/ML Injectable Solution
1866559,SCD,calcium chloride 0.2 MG/ML / glucose 50 MG/ML / potassium chloride 3.28 MG/ML / sodium chloride 6 MG/ML / sodium lactate 3.1 MG/ML Injectable Solution
1100742,SCD,calcium chloride 0.00232 MEQ/ML / icodextrin 75 MG/ML / magnesium chloride 0.000533 MEQ/ML / sodium chloride 0.0915 MEQ/ML / sodium lactate 0.04 MEQ/ML Injectable Solution
807396,SCD,glucose 50 MG/ML / magnesium chloride 0.003 MEQ/ML / monobasic potassium phosphate 0.00147 MEQ/ML / potassium chloride 0.0189 MEQ/ML / sodium chloride 0.002 MEQ/ML / sodium lactate 0.0232 MEQ/ML Injectable Solution
800644,SCD,"glucose 50 MG/ML / magnesium chloride 0.00361 MEQ/ML / monobasic potassium phosphate 0.15 MG/ML / potassium chloride 0.0189 MEQ/ML / sodium lactate 0.0232 MEQ/ML / sodium phosphate, monobasic 0.25 MG/ML Injectable Solution"
1311662,SBD,ammonium lactate 50 MG/ML Topical Lotion [Geri-Hydrolac]
1428025,SBD,ammonium lactate 120 MG/ML Topical Cream [Geri-Hydrolac]
205643,SBD,ammonium lactate 120 MG/ML Topical Lotion [Amlactin]
864010,SBD,ammonium lactate 120 MG/ML Topical Lotion [Geri-Hydrolac]
543812,SBD,ammonium lactate 120 MG/ML Topical Lotion [Lac-Hydrin]
977980,SBD,halobetasol propionate 0.0005 MG/MG Topical Ointment [Ultravate]
1293123,SBD,lactate 26.4 MG/ML Topical Solution [Encore]
1536549,SBD,lactic acid 25 MG/ML Topical Solution [4XLA Activator]
885109,SBD,lactic acid 50 MG/ML Topical Lotion [Lac-Hydrin]
212645,SBD,lactic acid 50 MG/ML Topical Lotion [Lacticare]
1293603,SBD,lactic acid 50 MG/ML Topical Solution [Dermaplex]
904429,SBD,lactic acid 100 MG/ML Topical Cream [Lactinol]
1293861,SBD,ammonium lactate 120 MG/ML / pramoxine hydrochloride 10 MG/ML Topical Cream [AmLactin AP]
1094068,SBD,dodecylbenzenesulfonic acid 16 MG/ML / lactic acid 25 MG/ML Topical Solution [Valiant Barrier]
1423479,SBD,heptanoic acid 3 MG/ML / lactic acid 14 MG/ML Topical Solution [Valiant Shield]
991326,SBD,hydrogen peroxide 5 MG/ML / lactic acid 17 MG/ML Topical Solution [Pur-Oxy]
1546204,SBD,hydrogen peroxide 5 MG/ML / lactic acid 17 MG/ML Topical Spray [Astri-UC]
213279,SBD,lactic acid 20 MG/ML / urea 100 MG/ML Topical Lotion [U-Lactin]
807012,SBD,lactic acid 25 MG/ML / urea 50 MG/ML Topical Lotion [Atrac-Tain]
807016,SBD,lactic acid 40 MG/ML / urea 100 MG/ML Topical Cream [Atrac-Tain]
993261,SBD,benzenesulfonic acid 5 MG/ML / hydrogen peroxide 5 MG/ML / lactic acid 17 MG/ML Topical Solution [Oxy Gard]
2700386,SBD,citric acid 0.01 MG/MG / lactic acid 0.018 MG/MG / potassium bitartrate 0.004 MG/MG Vaginal Gel [Phexx]
2385353,SBD,citric acid 0.01 MG/MG / lactic acid 0.018 MG/MG / potassium bitartrate 0.004 MG/MG Vaginal Gel [Phexxi]
800061,SBD,calcium chloride 0.00014 MEQ/ML / glucose 0.6 MG/ML / magnesium chloride 0.0000245 MEQ/ML / sodium chloride 0.00368 MEQ/ML / sodium lactate 0.0016 MEQ/ML Intraperitoneal Solution [Dianeal PD-2/1.5]
800064,SBD,calcium chloride 0.00014 MEQ/ML / glucose 1 MG/ML / magnesium chloride 0.0000245 MEQ/ML / sodium chloride 0.00368 MEQ/ML / sodium lactate 0.0016 MEQ/ML Intraperitoneal Solution [Dianeal PD-2/2.5]
800003,SBD,calcium chloride 0.00014 MEQ/ML / glucose 1.7 MG/ML / magnesium chloride 0.0000245 MEQ/ML / sodium chloride 0.00368 MEQ/ML / sodium lactate 0.0016 MEQ/ML Intraperitoneal Solution [Dianeal PD-2/4.25]
800474,SBD,calcium chloride 0.000996 MEQ/ML / glucose 0.6 MG/ML / magnesium chloride 0.0000245 MEQ/ML / sodium chloride 0.00368 MEQ/ML / sodium lactate 0.0016 MEQ/ML Intraperitoneal Solution [Dianeal Low Calcium 1.5]
800115,SBD,calcium chloride 0.000996 MEQ/ML / glucose 1 MG/ML / magnesium chloride 0.0000245 MEQ/ML / sodium chloride 0.00368 MEQ/ML / sodium lactate 0.0016 MEQ/ML Intraperitoneal Solution [Dianeal Low Calcium 2.5]
800074,SBD,calcium chloride 0.000996 MEQ/ML / glucose 1.7 MG/ML / magnesium chloride 0.0000245 MEQ/ML / sodium chloride 0.00368 MEQ/ML / sodium lactate 0.0016 MEQ/ML Intraperitoneal Solution [Dianeal Low Calcium 4.25]
1100746,SBD,calcium chloride 0.00232 MEQ/ML / icodextrin 75 MG/ML / magnesium chloride 0.000533 MEQ/ML / sodium chloride 0.0915 MEQ/ML / sodium lactate 0.04 MEQ/ML Injectable Solution [Extraneal]
800648,SBD,"glucose 50 MG/ML / magnesium chloride 0.00361 MEQ/ML / monobasic potassium phosphate 0.15 MG/ML / potassium chloride 0.0189 MEQ/ML / sodium lactate 0.0232 MEQ/ML / sodium phosphate, monobasic 0.25 MG/ML Injectable Solution [Ionosol-MB]"
978054,GPCK,{1 (225 ML) (ammonium lactate 120 MG/ML Topical Lotion) / 1 (50 ML) (halobetasol propionate 0.0005 MG/MG Topical Ointment) } Pack
1301695,GPCK,{1 (50000 MG) (halobetasol propionate 0.0005 MG/MG Topical Ointment) / 1 (225000 MG) (lactic acid 100 MG/ML Topical Cream) } Pack
978056,BPCK,{1 (225 ML) (ammonium lactate 120 MG/ML Topical Lotion [Lac-Hydrin]) / 1 (50 ML) (halobetasol propionate 0.0005 MG/MG Topical Ointment [Ultravate]) } Pack [Ultravate Pac]
1301696,BPCK,{1 (50000 MG) (halobetasol propionate 0.0005 MG/MG Topical Ointment) / 1 (225000 MG) (lactic acid 100 MG/ML Topical Cream) } Pack [Ultravate X Ointment]
1870402,SCDF,polyethylene glycol 3350 / potassium chloride / sodium bicarbonate / sodium chloride / sodium sulfate Powder for Oral Solution
1870409,SBDF,polyethylene glycol 3350 / potassium chloride / sodium bicarbonate / sodium chloride / sodium sulfate Powder for Oral Solution [Golytely]
1870401,SCDG,polyethylene glycol 3350 / potassium chloride / sodium bicarbonate / sodium chloride / sodium sulfate Oral Powder Product
1162918,SCDG,polyethylene glycol 3350 / potassium chloride / sodium bicarbonate / sodium chloride / sodium sulfate Oral Product
1870410,SBDG,Golytely Oral Powder Product
1171958,SBDG,Golytely Oral Product
966920,SCD,polyethylene glycol 3350 236000 MG / potassium chloride 2970 MG / sodium bicarbonate 6740 MG / sodium chloride 5860 MG / sodium sulfate 22740 MG Powder for Oral Solution
966914,SCD,polyethylene glycol 3350 240000 MG / potassium chloride 2980 MG / sodium bicarbonate 6720 MG / sodium chloride 5840 MG / sodium sulfate 22720 MG Powder for Oral Solution
967012,SBD,polyethylene glycol 3350 236000 MG / potassium chloride 2970 MG / sodium bicarbonate 6740 MG / sodium chloride 5860 MG / sodium sulfate 22740 MG Powder for Oral Solution [Gavilyte-G]
966922,SBD,polyethylene glycol 3350 236000 MG / potassium chloride 2970 MG / sodium bicarbonate 6740 MG / sodium chloride 5860 MG / sodium sulfate 22740 MG Powder for Oral Solution [Golytely]
967023,SBD,polyethylene glycol 3350 240000 MG / potassium chloride 2980 MG / sodium bicarbonate 6720 MG / sodium chloride 5840 MG / sodium sulfate 22720 MG Powder for Oral Solution [GaviLyte-C]
1870423,SBDF,polyethylene glycol 3350 / potassium chloride / sodium bicarbonate / sodium chloride / sodium sulfate Powder for Oral Solution [GaviLyte-C]
1870405,SBDF,polyethylene glycol 3350 / potassium chloride / sodium bicarbonate / sodium chloride / sodium sulfate Powder for Oral Solution [Gavilyte-G]
1870424,SBDG,GaviLyte-C Oral Powder Product
1176670,SBDG,GaviLyte-C Oral Product
1870406,SBDG,Gavilyte-G Oral Powder Product
1738332,SBDG,Gavilyte-G Oral Product
1722933,SCDF,meropenem Injection
1945216,SCDF,meropenem / vaborbactam Injection
1946649,SBDF,meropenem / vaborbactam Injection [Vabomere]
1165713,SCDG,meropenem Injectable Product
1945215,SCDG,meropenem / vaborbactam Injectable Product
1946650,SBDG,Vabomere Injectable Product
1722934,SCD,meropenem 500 MG Injection
1722939,SCD,meropenem 1000 MG Injection
2664894,SCD,meropenem 2000 MG Injection
1945218,SCD,meropenem 1000 MG / vaborbactam 1000 MG Injection
1946651,SBD,meropenem 1000 MG / vaborbactam 1000 MG Injection [Vabomere]
800268,SCDF,alanine / arginine / glycine / histidine / isoleucine / leucine / lysine / methionine / phenylalanine / proline / serine / threonine / tryptophan / tyrosine / valine Injectable Solution
800293,SCDF,alanine / arginine / cysteine / glycine / histidine / isoleucine / leucine / lysine / methionine / phenylalanine / phosphoric acid / proline / serine / threonine / tryptophan / valine Injectable Solution
800395,SCDF,alanine / arginine / glucose / glycine / histidine / isoleucine / leucine / lysine / methionine / phenylalanine / proline / serine / threonine / tryptophan / tyrosine / valine Injectable Solution
800187,SCDF,alanine / arginine / aspartate / glutamate / glycine / histidine / isoleucine / leucine / lysine / methionine / phenylalanine / proline / serine / threonine / tryptophan / tyrosine / valine Injectable Solution
1014425,SCDF,alanine / arginine / cysteine / glycine / histidine / isoleucine / leucine / lysine / methionine / phenylalanine / phosphoric acid / proline / serine / sodium bisulfite / threonine / tryptophan / valine Injectable Solution
800340,SCDF,alanine / arginine / aspartate / glutamate / glycine / histidine / isoleucine / leucine / lysine / methionine / phenylalanine / proline / serine / taurine / threonine / tryptophan / tyrosine / valine Injectable Solution
801394,SCDF,alanine / arginine / aspartate / cysteine / glutamate / glycine / histidine / isoleucine / leucine / lysine / methionine / phenylalanine / proline / serine / taurine / threonine / tryptophan / tyrosine / valine Injectable Solution
800247,SCDF,alanine / arginine / glycine / histidine / isoleucine / leucine / lysine / magnesium acetate / methionine / phenylalanine / phosphoric acid / potassium acetate / proline / serine / sodium chloride / threonine / tryptophan / tyrosine / valine Injectable Solution
830724,SCDF,alanine / arginine / glycine / histidine / isoleucine / leucine / lysine / magnesium chloride / methionine / phenylalanine / potassium chloride / proline / serine / sodium chloride / sodium phosphate / threonine / tryptophan / tyrosine / valine Injectable Solution
831289,SCDF,"alanine / arginine / aspartate / glutamate / glycine / histidine / isoleucine / leucine / lysine / magnesium chloride / methionine / phenylalanine / potassium chloride / proline / serine / sodium chloride / sodium phosphate, dibasic / threonine / tryptophan / tyrosine / valine Injectable Solution"
800363,SCDF,alanine / arginine / calcium chloride / dibasic potassium phosphate / glucose / glycine / histidine / isoleucine / leucine / lysine / magnesium chloride / methionine / phenylalanine / proline / serine / sodium acetate / sodium chloride / threonine / tryptophan / tyrosine / valine Injectable Solution
800562,SCDF,alanine / arginine / aspartate / cysteine / glutamate / glycine / histidine / isoleucine / leucine / lysine / methionine / phenylalanine / proline / serine / sodium acetate / sodium chloride / sodium metabisulfite / taurine / threonine / tryptophan / tyrosine / valine Injectable Solution
801412,SCDF,alanine / arginine / calcium acetate / cysteine / glycerin / glycine / histidine / isoleucine / leucine / lysine / magnesium acetate / methionine / phenylalanine / phosphoric acid / potassium chloride / proline / serine / sodium acetate / sodium chloride / threonine / tryptophan / valine Injectable Solution
830683,SBDF,"alanine / arginine / glycine / histidine / isoleucine / leucine / lysine / methionine / phenylalanine / proline / serine / threonine / tryptophan / tyrosine / valine Injectable Solution [Aminosyn 8.5%, Sulfite-Free]"
830654,SBDF,"alanine / arginine / glycine / histidine / isoleucine / leucine / lysine / methionine / phenylalanine / proline / serine / threonine / tryptophan / tyrosine / valine Injectable Solution [Aminosyn 10%, Sulfite-Free]"
800272,SBDF,"alanine / arginine / glycine / histidine / isoleucine / leucine / lysine / methionine / phenylalanine / proline / serine / threonine / tryptophan / tyrosine / valine Injectable Solution [Aminosyn-HBC 7 %, Sulfite-Free]"
801647,SBDF,alanine / arginine / glycine / histidine / isoleucine / leucine / lysine / methionine / phenylalanine / proline / serine / threonine / tryptophan / tyrosine / valine Injectable Solution [Travasol 10]
800932,SBDF,alanine / arginine / cysteine / glycine / histidine / isoleucine / leucine / lysine / methionine / phenylalanine / phosphoric acid / proline / serine / threonine / tryptophan / valine Injectable Solution [Hepatamine 8]
800419,SBDF,alanine / arginine / glucose / glycine / histidine / isoleucine / leucine / lysine / methionine / phenylalanine / proline / serine / threonine / tryptophan / tyrosine / valine Injectable Solution [Clinimix 4.25/5]
800404,SBDF,alanine / arginine / glucose / glycine / histidine / isoleucine / leucine / lysine / methionine / phenylalanine / proline / serine / threonine / tryptophan / tyrosine / valine Injectable Solution [Clinimix 4.25/10]
800414,SBDF,alanine / arginine / glucose / glycine / histidine / isoleucine / leucine / lysine / methionine / phenylalanine / proline / serine / threonine / tryptophan / tyrosine / valine Injectable Solution [Clinimix 4.25/25]
800437,SBDF,alanine / arginine / glucose / glycine / histidine / isoleucine / leucine / lysine / methionine / phenylalanine / proline / serine / threonine / tryptophan / tyrosine / valine Injectable Solution [Clinimix 5/15]
800443,SBDF,alanine / arginine / glucose / glycine / histidine / isoleucine / leucine / lysine / methionine / phenylalanine / proline / serine / threonine / tryptophan / tyrosine / valine Injectable Solution [Clinimix 5/20]
800448,SBDF,alanine / arginine / glucose / glycine / histidine / isoleucine / leucine / lysine / methionine / phenylalanine / proline / serine / threonine / tryptophan / tyrosine / valine Injectable Solution [Clinimix 5/25]
800219,SBDF,"alanine / arginine / aspartate / glutamate / glycine / histidine / isoleucine / leucine / lysine / methionine / phenylalanine / proline / serine / threonine / tryptophan / tyrosine / valine Injectable Solution [Aminosyn II 8.5 %, Sulfite-Free]"
800240,SBDF,alanine / arginine / aspartate / glutamate / glycine / histidine / isoleucine / leucine / lysine / methionine / phenylalanine / proline / serine / threonine / tryptophan / tyrosine / valine Injectable Solution [Aminosyn II 10 %]
800191,SBDF,alanine / arginine / aspartate / glutamate / glycine / histidine / isoleucine / leucine / lysine / methionine / phenylalanine / proline / serine / threonine / tryptophan / tyrosine / valine Injectable Solution [Aminosyn II 15%]
800587,SBDF,alanine / arginine / aspartate / glutamate / glycine / histidine / isoleucine / leucine / lysine / methionine / phenylalanine / proline / serine / threonine / tryptophan / tyrosine / valine Injectable Solution [Clinisol 15]
1601980,SBDF,alanine / arginine / aspartate / glutamate / glycine / histidine / isoleucine / leucine / lysine / methionine / phenylalanine / proline / serine / threonine / tryptophan / tyrosine / valine Injectable Solution [Plenamine]
801135,SBDF,alanine / arginine / aspartate / glutamate / glycine / histidine / isoleucine / leucine / lysine / methionine / phenylalanine / proline / serine / threonine / tryptophan / tyrosine / valine Injectable Solution [Prosol]
1014430,SBDF,alanine / arginine / cysteine / glycine / histidine / isoleucine / leucine / lysine / methionine / phenylalanine / phosphoric acid / proline / serine / sodium bisulfite / threonine / tryptophan / valine Injectable Solution [Freamine III 10]
831429,SBDF,alanine / arginine / aspartate / glutamate / glycine / histidine / isoleucine / leucine / lysine / methionine / phenylalanine / proline / serine / taurine / threonine / tryptophan / tyrosine / valine Injectable Solution [Aminosyn-PF 7%]
800344,SBDF,"alanine / arginine / aspartate / glutamate / glycine / histidine / isoleucine / leucine / lysine / methionine / phenylalanine / proline / serine / taurine / threonine / tryptophan / tyrosine / valine Injectable Solution [Aminosyn-PF 10 %, Sulfite-Free]"
801397,SBDF,alanine / arginine / aspartate / cysteine / glutamate / glycine / histidine / isoleucine / leucine / lysine / methionine / phenylalanine / proline / serine / taurine / threonine / tryptophan / tyrosine / valine Injectable Solution [PremaSol]
847784,SBDF,"alanine / arginine / glycine / histidine / isoleucine / leucine / lysine / magnesium acetate / methionine / phenylalanine / phosphoric acid / potassium acetate / proline / serine / sodium chloride / threonine / tryptophan / tyrosine / valine Injectable Solution [Aminosyn 3.5 % M, Sulfite Free]"
1189609,SBDF,"alanine / arginine / glycine / histidine / isoleucine / leucine / lysine / magnesium chloride / methionine / phenylalanine / potassium chloride / proline / serine / sodium chloride / sodium phosphate / threonine / tryptophan / tyrosine / valine Injectable Solution [Aminosyn 8.5 % with Electrolytes, Sulfite-Free]"
1189307,SBDF,"alanine / arginine / aspartate / glutamate / glycine / histidine / isoleucine / leucine / lysine / magnesium chloride / methionine / phenylalanine / potassium chloride / proline / serine / sodium chloride / sodium phosphate, dibasic / threonine / tryptophan / tyrosine / valine Injectable Solution [Aminosyn II 8.5 % with Electrolytes, Sulfite-Free]"
800461,SBDF,alanine / arginine / calcium chloride / dibasic potassium phosphate / glucose / glycine / histidine / isoleucine / leucine / lysine / magnesium chloride / methionine / phenylalanine / proline / serine / sodium acetate / sodium chloride / threonine / tryptophan / tyrosine / valine Injectable Solution [Clinimix E 2.75/5]
800379,SBDF,alanine / arginine / calcium chloride / dibasic potassium phosphate / glucose / glycine / histidine / isoleucine / leucine / lysine / magnesium chloride / methionine / phenylalanine / proline / serine / sodium acetate / sodium chloride / threonine / tryptophan / tyrosine / valine Injectable Solution [Clinimix E 4.25/5]
1090638,SBDF,alanine / arginine / calcium chloride / dibasic potassium phosphate / glucose / glycine / histidine / isoleucine / leucine / lysine / magnesium chloride / methionine / phenylalanine / proline / serine / sodium acetate / sodium chloride / threonine / tryptophan / tyrosine / valine Injectable Solution [Clinimix E 4.25/10]
800490,SBDF,alanine / arginine / calcium chloride / dibasic potassium phosphate / glucose / glycine / histidine / isoleucine / leucine / lysine / magnesium chloride / methionine / phenylalanine / proline / serine / sodium acetate / sodium chloride / threonine / tryptophan / tyrosine / valine Injectable Solution [Clinimix E 5/15]
800503,SBDF,alanine / arginine / calcium chloride / dibasic potassium phosphate / glucose / glycine / histidine / isoleucine / leucine / lysine / magnesium chloride / methionine / phenylalanine / proline / serine / sodium acetate / sodium chloride / threonine / tryptophan / tyrosine / valine Injectable Solution [Clinimix E 5/20]
800508,SBDF,alanine / arginine / calcium chloride / dibasic potassium phosphate / glucose / glycine / histidine / isoleucine / leucine / lysine / magnesium chloride / methionine / phenylalanine / proline / serine / sodium acetate / sodium chloride / threonine / tryptophan / tyrosine / valine Injectable Solution [Clinimix E 5/25]
1189643,SBDF,alanine / arginine / aspartate / cysteine / glutamate / glycine / histidine / isoleucine / leucine / lysine / methionine / phenylalanine / proline / serine / sodium acetate / sodium chloride / sodium metabisulfite / taurine / threonine / tryptophan / tyrosine / valine Injectable Solution [Trophamine 6 %]
1189638,SBDF,alanine / arginine / aspartate / cysteine / glutamate / glycine / histidine / isoleucine / leucine / lysine / methionine / phenylalanine / proline / serine / sodium acetate / sodium chloride / sodium metabisulfite / taurine / threonine / tryptophan / tyrosine / valine Injectable Solution [Trophamine 10 %]
801416,SBDF,alanine / arginine / calcium acetate / cysteine / glycerin / glycine / histidine / isoleucine / leucine / lysine / magnesium acetate / methionine / phenylalanine / phosphoric acid / potassium chloride / proline / serine / sodium acetate / sodium chloride / threonine / tryptophan / valine Injectable Solution [ProcalAmine 3]
2645885,SCDFP,alanine / arginine / calcium chloride / dibasic potassium phosphate / glucose / glycine / histidine / isoleucine / leucine / lysine / magnesium chloride / methionine / phenylalanine / proline / serine / sodium acetate trihydrate / sodium chloride / threonine / tryptophan / tyrosine / valine Injectable Solution
2656536,SBDFP,alanine / arginine / calcium chloride / dibasic potassium phosphate / glucose / glycine / histidine / isoleucine / leucine / lysine / magnesium chloride / methionine / phenylalanine / proline / serine / sodium acetate trihydrate / sodium chloride / threonine / tryptophan / tyrosine / valine Injectable Solution [Clinimix E 2.75/5]
2657325,SBDFP,alanine / arginine / calcium chloride / dibasic potassium phosphate / glucose / glycine / histidine / isoleucine / leucine / lysine / magnesium chloride / methionine / phenylalanine / proline / serine / sodium acetate trihydrate / sodium chloride / threonine / tryptophan / tyrosine / valine Injectable Solution [Clinimix E 4.25/5]
2658367,SBDFP,alanine / arginine / calcium chloride / dibasic potassium phosphate / glucose / glycine / histidine / isoleucine / leucine / lysine / magnesium chloride / methionine / phenylalanine / proline / serine / sodium acetate trihydrate / sodium chloride / threonine / tryptophan / tyrosine / valine Injectable Solution [Clinimix E 4.25/10]
2655400,SBDFP,alanine / arginine / calcium chloride / dibasic potassium phosphate / glucose / glycine / histidine / isoleucine / leucine / lysine / magnesium chloride / methionine / phenylalanine / proline / serine / sodium acetate trihydrate / sodium chloride / threonine / tryptophan / tyrosine / valine Injectable Solution [Clinimix E 5/15]
2655668,SBDFP,alanine / arginine / calcium chloride / dibasic potassium phosphate / glucose / glycine / histidine / isoleucine / leucine / lysine / magnesium chloride / methionine / phenylalanine / proline / serine / sodium acetate trihydrate / sodium chloride / threonine / tryptophan / tyrosine / valine Injectable Solution [Clinimix E 5/20]
2657869,SBDFP,alanine / arginine / calcium chloride / dibasic potassium phosphate / glucose / glycine / histidine / isoleucine / leucine / lysine / magnesium chloride / methionine / phenylalanine / proline / serine / sodium acetate trihydrate / sodium chloride / threonine / tryptophan / tyrosine / valine Injectable Solution [Clinimix E 5/25]
1154301,SCDG,alanine / arginine / glycine / histidine / isoleucine / leucine / lysine / methionine / phenylalanine / proline / serine / threonine / tryptophan / tyrosine / valine Injectable Product
1153997,SCDG,alanine / arginine / cysteine / glycine / histidine / isoleucine / leucine / lysine / methionine / phenylalanine / phosphoric acid / proline / serine / threonine / tryptophan / valine Injectable Product
1154296,SCDG,alanine / arginine / glucose / glycine / histidine / isoleucine / leucine / lysine / methionine / phenylalanine / proline / serine / threonine / tryptophan / tyrosine / valine Injectable Product
1153993,SCDG,alanine / arginine / aspartate / glutamate / glycine / histidine / isoleucine / leucine / lysine / methionine / phenylalanine / proline / serine / threonine / tryptophan / tyrosine / valine Injectable Product
1153998,SCDG,alanine / arginine / cysteine / glycine / histidine / isoleucine / leucine / lysine / methionine / phenylalanine / phosphoric acid / proline / serine / sodium bisulfite / threonine / tryptophan / valine Injectable Product
1153992,SCDG,alanine / arginine / aspartate / glutamate / glycine / histidine / isoleucine / leucine / lysine / methionine / phenylalanine / proline / serine / taurine / threonine / tryptophan / tyrosine / valine Injectable Product
1153680,SCDG,alanine / arginine / aspartate / cysteine / glutamate / glycine / histidine / isoleucine / leucine / lysine / methionine / phenylalanine / proline / serine / taurine / threonine / tryptophan / tyrosine / valine Injectable Product
1154302,SCDG,alanine / arginine / glycine / histidine / isoleucine / leucine / lysine / magnesium acetate / methionine / phenylalanine / phosphoric acid / potassium acetate / proline / serine / sodium chloride / threonine / tryptophan / tyrosine / valine Injectable Product
1154299,SCDG,alanine / arginine / glycine / histidine / isoleucine / leucine / lysine / magnesium chloride / methionine / phenylalanine / potassium chloride / proline / serine / sodium chloride / sodium phosphate / threonine / tryptophan / tyrosine / valine Injectable Product
1153991,SCDG,"alanine / arginine / aspartate / glutamate / glycine / histidine / isoleucine / leucine / lysine / magnesium chloride / methionine / phenylalanine / potassium chloride / proline / serine / sodium chloride / sodium phosphate, dibasic / threonine / tryptophan / tyrosine / valine Injectable Product"
2205191,SCDG,alanine / arginine / calcium chloride / dibasic potassium phosphate / glucose / glycine / histidine / isoleucine / leucine / lysine / magnesium chloride / methionine / phenylalanine / proline / serine / sodium acetate / sodium chloride / threonine / tryptophan / tyrosine / valine Injectable Product
1153679,SCDG,alanine / arginine / aspartate / cysteine / glutamate / glycine / histidine / isoleucine / leucine / lysine / methionine / phenylalanine / proline / serine / sodium acetate / sodium chloride / sodium metabisulfite / taurine / threonine / tryptophan / tyrosine / valine Injectable Product
1154303,SCDG,alanine / arginine / calcium acetate / cysteine / glycerin / glycine / histidine / isoleucine / leucine / lysine / magnesium acetate / methionine / phenylalanine / phosphoric acid / potassium chloride / proline / serine / sodium acetate / sodium chloride / threonine / tryptophan / valine Injectable Product
1172104,SBDG,"Aminosyn 8.5%, Sulfite-Free Injectable Product"
1172097,SBDG,"Aminosyn 10%, Sulfite-Free Injectable Product"
1172105,SBDG,Aminosyn II 10 % Injectable Product
1172106,SBDG,Aminosyn II 15% Injectable Product
1172118,SBDG,"Aminosyn II 8.5 %, Sulfite-Free Injectable Product"
1189308,SBDG,"Aminosyn II 8.5 % with Electrolytes, Sulfite-Free Injectable Product"
1172098,SBDG,"Aminosyn 3.5 % M, Sulfite Free Injectable Product"
1189610,SBDG,"Aminosyn 8.5 % with Electrolytes, Sulfite-Free Injectable Product"
1172829,SBDG,"Aminosyn-HBC 7 %, Sulfite-Free Injectable Product"
1172832,SBDG,Aminosyn-PF 7% Injectable Product
1172831,SBDG,"Aminosyn-PF 10 %, Sulfite-Free Injectable Product"
1172984,SBDG,Clinimix 4.25/10 Injectable Product
1172986,SBDG,Clinimix 4.25/25 Injectable Product
1172987,SBDG,Clinimix 4.25/5 Injectable Product
1172988,SBDG,Clinimix 5/15 Injectable Product
1172989,SBDG,Clinimix 5/20 Injectable Product
1172990,SBDG,Clinimix 5/25 Injectable Product
1172992,SBDG,Clinimix E 2.75/5 Injectable Product
1172993,SBDG,Clinimix E 4.25/10 Injectable Product
1172995,SBDG,Clinimix E 4.25/5 Injectable Product
1172996,SBDG,Clinimix E 5/15 Injectable Product
1172997,SBDG,Clinimix E 5/20 Injectable Product
1172999,SBDG,Clinimix E 5/25 Injectable Product
1173001,SBDG,Clinisol 15 Injectable Product
1173304,SBDG,Freamine III 10 Injectable Product
1168388,SBDG,Hepatamine 8 Injectable Product
1601981,SBDG,Plenamine Injectable Product
1185835,SBDG,PremaSol Injectable Product
1179545,SBDG,ProcalAmine 3 Injectable Product
1181851,SBDG,Prosol Injectable Product
1179195,SBDG,Travasol 10 Injectable Product
1189644,SBDG,Trophamine 6 % Injectable Product
1189639,SBDG,Trophamine 10 % Injectable Product
2662269,SCDGP,alanine / arginine / calcium chloride / dibasic potassium phosphate / glucose / glycine / histidine / isoleucine / leucine / lysine / magnesium chloride / methionine / phenylalanine / proline / serine / sodium acetate trihydrate / sodium chloride / threonine / tryptophan / tyrosine / valine Injectable Product
800269,SCD,alanine 6.6 MG/ML / arginine 5.07 MG/ML / glycine 6.6 MG/ML / histidine 1.54 MG/ML / isoleucine 7.89 MG/ML / leucine 15.8 MG/ML / lysine 2.65 MG/ML / methionine 2.06 MG/ML / phenylalanine 2.28 MG/ML / proline 4.48 MG/ML / serine 2.21 MG/ML / threonine 2.72 MG/ML / tryptophan 0.88 MG/ML / tyrosine 0.33 MG/ML / valine 7.89 MG/ML Injectable Solution
830680,SCD,alanine 11 MG/ML / arginine 8.5 MG/ML / glycine 11 MG/ML / histidine 2.6 MG/ML / isoleucine 6.2 MG/ML / leucine 8.1 MG/ML / lysine 6.24 MG/ML / methionine 3.4 MG/ML / phenylalanine 3.8 MG/ML / proline 7.5 MG/ML / serine 3.7 MG/ML / threonine 4.6 MG/ML / tryptophan 1.5 MG/ML / tyrosine 0.44 MG/ML / valine 6.8 MG/ML Injectable Solution
830651,SCD,alanine 12.8 MG/ML / arginine 9.8 MG/ML / glycine 12.8 MG/ML / histidine 3 MG/ML / isoleucine 7.2 MG/ML / leucine 9.4 MG/ML / lysine 7.2 MG/ML / methionine 4 MG/ML / phenylalanine 4.4 MG/ML / proline 8.6 MG/ML / serine 4.2 MG/ML / threonine 5.2 MG/ML / tryptophan 1.6 MG/ML / tyrosine 0.44 MG/ML / valine 8 MG/ML Injectable Solution
801644,SCD,alanine 20.7 MG/ML / arginine 11.5 MG/ML / glycine 10.3 MG/ML / histidine 4.8 MG/ML / isoleucine 6 MG/ML / leucine 7.3 MG/ML / lysine 5.8 MG/ML / methionine 4 MG/ML / phenylalanine 5.6 MG/ML / proline 6.8 MG/ML / serine 5 MG/ML / threonine 4.2 MG/ML / tryptophan 1.8 MG/ML / tyrosine 0.4 MG/ML / valine 5.8 MG/ML Injectable Solution
800929,SCD,alanine 7.7 MG/ML / arginine 6 MG/ML / cysteine 0.2 MG/ML / glycine 9 MG/ML / histidine 2.4 MG/ML / isoleucine 9 MG/ML / leucine 11 MG/ML / lysine 6.1 MG/ML / methionine 1 MG/ML / phenylalanine 1 MG/ML / phosphoric acid 1.15 MG/ML / proline 8 MG/ML / serine 5 MG/ML / threonine 4.5 MG/ML / tryptophan 0.66 MG/ML / valine 8.4 MG/ML Injectable Solution
800416,SCD,alanine 8.8 MG/ML / arginine 4.89 MG/ML / glucose 50 MG/ML / glycine 4.38 MG/ML / histidine 2.04 MG/ML / isoleucine 2.55 MG/ML / leucine 3.11 MG/ML / lysine 2.47 MG/ML / methionine 1.7 MG/ML / phenylalanine 2.38 MG/ML / proline 2.89 MG/ML / serine 2.13 MG/ML / threonine 1.79 MG/ML / tryptophan 0.77 MG/ML / tyrosine 0.17 MG/ML / valine 2.47 MG/ML Injectable Solution
800401,SCD,alanine 8.8 MG/ML / arginine 4.89 MG/ML / glucose 100 MG/ML / glycine 4.38 MG/ML / histidine 2.04 MG/ML / isoleucine 2.55 MG/ML / leucine 3.11 MG/ML / lysine 2.47 MG/ML / methionine 1.7 MG/ML / phenylalanine 2.38 MG/ML / proline 2.89 MG/ML / serine 2.13 MG/ML / threonine 1.79 MG/ML / tryptophan 0.77 MG/ML / tyrosine 0.17 MG/ML / valine 2.47 MG/ML Injectable Solution
800411,SCD,alanine 8.8 MG/ML / arginine 4.89 MG/ML / glucose 250 MG/ML / glycine 4.38 MG/ML / histidine 2.04 MG/ML / isoleucine 2.55 MG/ML / leucine 3.11 MG/ML / lysine 2.47 MG/ML / methionine 1.7 MG/ML / phenylalanine 2.38 MG/ML / proline 2.89 MG/ML / serine 2.13 MG/ML / threonine 1.79 MG/ML / tryptophan 0.77 MG/ML / tyrosine 0.17 MG/ML / valine 2.47 MG/ML Injectable Solution
800434,SCD,alanine 10.4 MG/ML / arginine 5.75 MG/ML / glucose 150 MG/ML / glycine 5.15 MG/ML / histidine 2.4 MG/ML / isoleucine 3 MG/ML / leucine 3.65 MG/ML / lysine 2.9 MG/ML / methionine 2 MG/ML / phenylalanine 2.8 MG/ML / proline 3.4 MG/ML / serine 2.5 MG/ML / threonine 2.1 MG/ML / tryptophan 0.9 MG/ML / tyrosine 0.2 MG/ML / valine 290 MG/ML Injectable Solution
800440,SCD,alanine 10.4 MG/ML / arginine 5.75 MG/ML / glucose 200 MG/ML / glycine 5.15 MG/ML / histidine 2.4 MG/ML / isoleucine 3 MG/ML / leucine 3.65 MG/ML / lysine 2.9 MG/ML / methionine 2 MG/ML / phenylalanine 2.8 MG/ML / proline 3.4 MG/ML / serine 2.5 MG/ML / threonine 2.1 MG/ML / tryptophan 0.9 MG/ML / tyrosine 0.2 MG/ML / valine 2.9 MG/ML Injectable Solution
800445,SCD,alanine 10.4 MG/ML / arginine 5.75 MG/ML / glucose 250 MG/ML / glycine 5.15 MG/ML / histidine 2.4 MG/ML / isoleucine 3 MG/ML / leucine 3.65 MG/ML / lysine 2.9 MG/ML / methionine 2 MG/ML / phenylalanine 2.8 MG/ML / proline 3.4 MG/ML / serine 2.5 MG/ML / threonine 2.1 MG/ML / tryptophan 0.9 MG/ML / tyrosine 0.2 MG/ML / valine 2.9 MG/ML Injectable Solution
800216,SCD,alanine 8.44 MG/ML / arginine 8.65 MG/ML / aspartate 5.95 MG/ML / glutamate 6.27 MG/ML / glycine 4.25 MG/ML / histidine 2.55 MG/ML / isoleucine 5.61 MG/ML / leucine 8.5 MG/ML / lysine 8.93 MG/ML / methionine 1.46 MG/ML / phenylalanine 2.53 MG/ML / proline 6.14 MG/ML / serine 4.5 MG/ML / threonine 3.4 MG/ML / tryptophan 1.7 MG/ML / tyrosine 2.3 MG/ML / valine 4.25 MG/ML Injectable Solution
800237,SCD,alanine 9.93 MG/ML / arginine 10.2 MG/ML / aspartate 7 MG/ML / glutamate 7.38 MG/ML / glycine 5 MG/ML / histidine 3 MG/ML / isoleucine 6.6 MG/ML / leucine 10 MG/ML / lysine 10.5 MG/ML / methionine 1.72 MG/ML / phenylalanine 2.98 MG/ML / proline 7.22 MG/ML / serine 5.3 MG/ML / threonine 4 MG/ML / tryptophan 2 MG/ML / tyrosine 2.7 MG/ML / valine 5 MG/ML Injectable Solution
800188,SCD,alanine 14.9 MG/ML / arginine 15.3 MG/ML / aspartate 10.5 MG/ML / glutamate 11.1 MG/ML / glycine 7.5 MG/ML / histidine 4.5 MG/ML / isoleucine 9.9 MG/ML / leucine 15 MG/ML / lysine 15.8 MG/ML / methionine 2.58 MG/ML / phenylalanine 4.47 MG/ML / proline 10.8 MG/ML / serine 7.95 MG/ML / threonine 6 MG/ML / tryptophan 3 MG/ML / tyrosine 4.05 MG/ML / valine 7.5 MG/ML Injectable Solution
800584,SCD,alanine 21.7 MG/ML / arginine 14.7 MG/ML / aspartate 4.34 MG/ML / glutamate 7.49 MG/ML / glycine 10.4 MG/ML / histidine 8.94 MG/ML / isoleucine 7.49 MG/ML / leucine 10.4 MG/ML / lysine 11.8 MG/ML / methionine 7.49 MG/ML / phenylalanine 10.4 MG/ML / proline 8.94 MG/ML / serine 5.92 MG/ML / threonine 7.49 MG/ML / tryptophan 2.5 MG/ML / tyrosine 0.39 MG/ML / valine 9.6 MG/ML Injectable Solution
801133,SCD,alanine 27.6 MG/ML / arginine 19.6 MG/ML / aspartate 6 MG/ML / glutamate 10.2 MG/ML / glycine 20.6 MG/ML / histidine 11.8 MG/ML / isoleucine 10.8 MG/ML / leucine 10.8 MG/ML / lysine 13.5 MG/ML / methionine 7.6 MG/ML / phenylalanine 10 MG/ML / proline 13.4 MG/ML / serine 10.2 MG/ML / threonine 9.8 MG/ML / tryptophan 3.2 MG/ML / tyrosine 0.5 MG/ML / valine 14.4 MG/ML Injectable Solution
1014427,SCD,alanine 7.1 MG/ML / arginine 9.5 MG/ML / cysteine 0.16 MG/ML / glycine 14 MG/ML / histidine 2.8 MG/ML / isoleucine 6.9 MG/ML / leucine 9.1 MG/ML / lysine 7.3 MG/ML / methionine 5.3 MG/ML / phenylalanine 5.6 MG/ML / phosphoric acid 1.2 MG/ML / proline 11.2 MG/ML / serine 5.9 MG/ML / sodium bisulfite 1 MG/ML / threonine 4 MG/ML / tryptophan 1.5 MG/ML / valine 6.6 MG/ML Injectable Solution
831426,SCD,alanine 4.9 MG/ML / arginine 8.61 MG/ML / aspartate 3.7 MG/ML / glutamate 5.76 MG/ML / glycine 2.7 MG/ML / histidine 2.2 MG/ML / isoleucine 5.34 MG/ML / leucine 8.31 MG/ML / lysine 4.75 MG/ML / methionine 1.25 MG/ML / phenylalanine 3 MG/ML / proline 5.7 MG/ML / serine 3.47 MG/ML / taurine 0.5 MG/ML / threonine 3.6 MG/ML / tryptophan 1.25 MG/ML / tyrosine 0.44 MG/ML / valine 4.52 MG/ML Injectable Solution
800341,SCD,alanine 6.98 MG/ML / arginine 12.3 MG/ML / aspartate 5.27 MG/ML / glutamate 8.2 MG/ML / glycine 3.85 MG/ML / histidine 3.12 MG/ML / isoleucine 7.6 MG/ML / leucine 12 MG/ML / lysine 6.77 MG/ML / methionine 1.8 MG/ML / phenylalanine 4.27 MG/ML / proline 8.12 MG/ML / serine 4.95 MG/ML / taurine 0.7 MG/ML / threonine 5.12 MG/ML / tryptophan 1.8 MG/ML / tyrosine 0.44 MG/ML / valine 6.73 MG/ML Injectable Solution
801403,SCD,alanine 5.4 MG/ML / arginine 12 MG/ML / aspartate 3.2 MG/ML / cysteine 0.16 MG/ML / glutamate 5 MG/ML / glycine 3.6 MG/ML / histidine 4.8 MG/ML / isoleucine 8.2 MG/ML / leucine 14 MG/ML / lysine 8.2 MG/ML / methionine 3.4 MG/ML / phenylalanine 4.8 MG/ML / proline 6.8 MG/ML / serine 3.8 MG/ML / taurine 0.25 MG/ML / threonine 4.2 MG/ML / tryptophan 2 MG/ML / tyrosine 2.4 MG/ML / valine 7.8 MG/ML Injectable Solution
847781,SCD,alanine 4.48 MG/ML / arginine 3.43 MG/ML / glycine 4.48 MG/ML / histidine 1.05 MG/ML / isoleucine 2.52 MG/ML / leucine 3.29 MG/ML / lysine 2.52 MG/ML / magnesium acetate 0.003 MEQ/ML / methionine 1.4 MG/ML / phenylalanine 1.54 MG/ML / phosphoric acid 0.4 MG/ML / potassium acetate 0.01 MEQ/ML / proline 3 MG/ML / serine 1.47 MG/ML / sodium chloride 0.04 MEQ/ML / threonine 1.82 MG/ML / tryptophan 0.56 MG/ML / tyrosine 0.31 MG/ML / valine 2.8 MG/ML Injectable Solution
830731,SCD,alanine 11 MG/ML / arginine 8.5 MG/ML / glycine 11 MG/ML / histidine 2.6 MG/ML / isoleucine 6.2 MG/ML / leucine 8.1 MG/ML / lysine 6.24 MG/ML / magnesium chloride 0.00502 MEQ/ML / methionine 3.4 MG/ML / phenylalanine 3.8 MG/ML / potassium chloride 0.0654 MEQ/ML / proline 7.5 MG/ML / serine 3.7 MG/ML / sodium chloride 0.00479 MEQ/ML / sodium phosphate 0.0299 MEQ/ML / threonine 4.6 MG/ML / tryptophan 1.5 MG/ML / tyrosine 0.44 MG/ML / valine 6.8 MG/ML Injectable Solution
831290,SCD,"alanine 8.44 MG/ML / arginine 8.65 MG/ML / aspartate 5.95 MG/ML / glutamate 6.27 MG/ML / glycine 4.25 MG/ML / histidine 2.55 MG/ML / isoleucine 5.61 MG/ML / leucine 8.5 MG/ML / lysine 8.93 MG/ML / magnesium chloride 0.005 MEQ/ML / methionine 1.46 MG/ML / phenylalanine 2.53 MG/ML / potassium chloride 0.066 MEQ/ML / proline 6.14 MG/ML / serine 4.5 MG/ML / sodium chloride 0.01 MEQ/ML / sodium phosphate, dibasic 0.0299 MEQ/ML / threonine 3.4 MG/ML / tryptophan 1.7 MG/ML / tyrosine 2.3 MG/ML / valine 4.25 MG/ML Injectable Solution"
801010,SCD,alanine 5.7 MG/ML / arginine 3.16 MG/ML / calcium chloride 0.004 MEQ/ML / dibasic potassium phosphate 2.61 MG/ML / glucose 50 MG/ML / glycine 2.83 MG/ML / histidine 1.32 MG/ML / isoleucine 1.65 MG/ML / leucine 2.01 MG/ML / lysine 1.59 MG/ML / magnesium chloride 0.01 MEQ/ML / methionine 1.1 MG/ML / phenylalanine 1.54 MG/ML / proline 1.87 MG/ML / serine 1.38 MG/ML / sodium acetate trihydrate 2.17 MG/ML / sodium chloride 0.02 MEQ/ML / threonine 1.16 MG/ML / tryptophan 0.5 MG/ML / tyrosine 0.11 MG/ML / valine 1.6 MG/ML Injectable Solution
800998,SCD,alanine 8.8 MG/ML / arginine 4.89 MG/ML / calcium chloride 0.004 MEQ/ML / dibasic potassium phosphate 2.61 MG/ML / glucose 50 MG/ML / glycine 4.38 MG/ML / histidine 2.04 MG/ML / isoleucine 2.55 MG/ML / leucine 3.11 MG/ML / lysine 2.47 MG/ML / magnesium chloride 0.01 MEQ/ML / methionine 1.7 MG/ML / phenylalanine 2.38 MG/ML / proline 2.89 MG/ML / serine 2.13 MG/ML / sodium acetate trihydrate 2.97 MG/ML / sodium chloride 0.013 MEQ/ML / threonine 1.79 MG/ML / tryptophan 0.77 MG/ML / tyrosine 0.17 MG/ML / valine 2.47 MG/ML Injectable Solution
1090635,SCD,alanine 8.8 MG/ML / arginine 4.89 MG/ML / calcium chloride 0.004 MEQ/ML / dibasic potassium phosphate 2.61 MG/ML / glucose 100 MG/ML / glycine 4.38 MG/ML / histidine 2.04 MG/ML / isoleucine 2.55 MG/ML / leucine 3.11 MG/ML / lysine 2.47 MG/ML / magnesium chloride 0.01 MEQ/ML / methionine 1.7 MG/ML / phenylalanine 2.38 MG/ML / proline 2.89 MG/ML / serine 2.13 MG/ML / sodium acetate trihydrate 2.97 MG/ML / sodium chloride 0.013 MEQ/ML / threonine 1.79 MG/ML / tryptophan 0.77 MG/ML / tyrosine 0.17 MG/ML / valine 2.47 MG/ML Injectable Solution
801019,SCD,alanine 10.4 MG/ML / arginine 5.75 MG/ML / calcium chloride 0.004 MEQ/ML / dibasic potassium phosphate 2.61 MG/ML / glucose 150 MG/ML / glycine 5.15 MG/ML / histidine 2.4 MG/ML / isoleucine 3 MG/ML / leucine 3.65 MG/ML / lysine 2.9 MG/ML / magnesium chloride 0.01 MEQ/ML / methionine 2 MG/ML / phenylalanine 2.8 MG/ML / proline 3.4 MG/ML / serine 2.5 MG/ML / sodium acetate trihydrate 3.4 MG/ML / sodium chloride 0.01 MEQ/ML / threonine 2.1 MG/ML / tryptophan 0.9 MG/ML / tyrosine 0.2 MG/ML / valine 2.9 MG/ML Injectable Solution
801029,SCD,alanine 10.4 MG/ML / arginine 5.75 MG/ML / calcium chloride 0.004 MEQ/ML / dibasic potassium phosphate 2.61 MG/ML / glucose 200 MG/ML / glycine 5.15 MG/ML / histidine 2.4 MG/ML / isoleucine 3 MG/ML / leucine 3.65 MG/ML / lysine 2.9 MG/ML / magnesium chloride 0.01 MEQ/ML / methionine 2 MG/ML / phenylalanine 2.8 MG/ML / proline 3.4 MG/ML / serine 2.5 MG/ML / sodium acetate trihydrate 3.4 MG/ML / sodium chloride 0.01 MEQ/ML / threonine 2.1 MG/ML / tryptophan 0.9 MG/ML / tyrosine 0.2 MG/ML / valine 2.9 MG/ML Injectable Solution
801032,SCD,alanine 10.4 MG/ML / arginine 5.75 MG/ML / calcium chloride 0.004 MEQ/ML / dibasic potassium phosphate 2.61 MG/ML / glucose 250 MG/ML / glycine 5.15 MG/ML / histidine 2.4 MG/ML / isoleucine 3 MG/ML / leucine 3.65 MG/ML / lysine 2.9 MG/ML / magnesium chloride 0.01 MEQ/ML / methionine 2 MG/ML / phenylalanine 2.8 MG/ML / proline 3.4 MG/ML / serine 2.5 MG/ML / sodium acetate trihydrate 3.4 MG/ML / sodium chloride 0.01 MEQ/ML / threonine 2.1 MG/ML / tryptophan 0.9 MG/ML / tyrosine 0.2 MG/ML / valine 2.9 MG/ML Injectable Solution
800563,SCD,alanine 3.2 MG/ML / arginine 7.3 MG/ML / aspartate 1.9 MG/ML / cysteine 0.2 MG/ML / glutamate 3 MG/ML / glycine 2.2 MG/ML / histidine 2.9 MG/ML / isoleucine 4.9 MG/ML / leucine 8.4 MG/ML / lysine 6.9 MG/ML / methionine 2 MG/ML / phenylalanine 2.9 MG/ML / proline 4.1 MG/ML / serine 2.3 MG/ML / sodium acetate 0.0544 MEQ/ML / sodium chloride 0.003 MEQ/ML / sodium metabisulfite 0.5 MG/ML / taurine 0.15 MG/ML / threonine 2.5 MG/ML / tryptophan 1.2 MG/ML / tyrosine 1.64 MG/ML / valine 4.7 MG/ML Injectable Solution
800611,SCD,alanine 5.4 MG/ML / arginine 12 MG/ML / aspartate 3.2 MG/ML / cysteine 0.24 MG/ML / glutamate 5 MG/ML / glycine 3.6 MG/ML / histidine 4.8 MG/ML / isoleucine 8.2 MG/ML / leucine 1.4 MG/ML / lysine 1.2 MG/ML / methionine 3.4 MG/ML / phenylalanine 4.8 MG/ML / proline 6.8 MG/ML / serine 3.8 MG/ML / sodium acetate 0.097 MEQ/ML / sodium chloride 0.003 MEQ/ML / sodium metabisulfite 0.5 MG/ML / taurine 0.25 MG/ML / threonine 4.2 MG/ML / tryptophan 2 MG/ML / tyrosine 2.84 MG/ML / valine 7.8 MG/ML Injectable Solution
801413,SCD,alanine 2.1 MG/ML / arginine 2.9 MG/ML / calcium acetate 0.003 MEQ/ML / cysteine 0.2 MG/ML / glycerin 30 MG/ML / glycine 4.2 MG/ML / histidine 0.85 MG/ML / isoleucine 2.1 MG/ML / leucine 2.7 MG/ML / lysine 3.1 MG/ML / magnesium acetate 0.008 MEQ/ML / methionine 1.6 MG/ML / phenylalanine 1.7 MG/ML / phosphoric acid 0.41 MG/ML / potassium chloride 0.02 MEQ/ML / proline 3.4 MG/ML / serine 1.8 MG/ML / sodium acetate 0.025 MEQ/ML / sodium chloride 0.014 MEQ/ML / threonine 1.2 MG/ML / tryptophan 0.46 MG/ML / valine 2 MG/ML Injectable Solution
800273,SBD,"alanine 6.6 MG/ML / arginine 5.07 MG/ML / glycine 6.6 MG/ML / histidine 1.54 MG/ML / isoleucine 7.89 MG/ML / leucine 15.8 MG/ML / lysine 2.65 MG/ML / methionine 2.06 MG/ML / phenylalanine 2.28 MG/ML / proline 4.48 MG/ML / serine 2.21 MG/ML / threonine 2.72 MG/ML / tryptophan 0.88 MG/ML / tyrosine 0.33 MG/ML / valine 7.89 MG/ML Injectable Solution [Aminosyn-HBC 7 %, Sulfite-Free]"
830684,SBD,"alanine 11 MG/ML / arginine 8.5 MG/ML / glycine 11 MG/ML / histidine 2.6 MG/ML / isoleucine 6.2 MG/ML / leucine 8.1 MG/ML / lysine 6.24 MG/ML / methionine 3.4 MG/ML / phenylalanine 3.8 MG/ML / proline 7.5 MG/ML / serine 3.7 MG/ML / threonine 4.6 MG/ML / tryptophan 1.5 MG/ML / tyrosine 0.44 MG/ML / valine 6.8 MG/ML Injectable Solution [Aminosyn 8.5%, Sulfite-Free]"
830655,SBD,"alanine 12.8 MG/ML / arginine 9.8 MG/ML / glycine 12.8 MG/ML / histidine 3 MG/ML / isoleucine 7.2 MG/ML / leucine 9.4 MG/ML / lysine 7.2 MG/ML / methionine 4 MG/ML / phenylalanine 4.4 MG/ML / proline 8.6 MG/ML / serine 4.2 MG/ML / threonine 5.2 MG/ML / tryptophan 1.6 MG/ML / tyrosine 0.44 MG/ML / valine 8 MG/ML Injectable Solution [Aminosyn 10%, Sulfite-Free]"
801648,SBD,alanine 20.7 MG/ML / arginine 11.5 MG/ML / glycine 10.3 MG/ML / histidine 4.8 MG/ML / isoleucine 6 MG/ML / leucine 7.3 MG/ML / lysine 5.8 MG/ML / methionine 4 MG/ML / phenylalanine 5.6 MG/ML / proline 6.8 MG/ML / serine 5 MG/ML / threonine 4.2 MG/ML / tryptophan 1.8 MG/ML / tyrosine 0.4 MG/ML / valine 5.8 MG/ML Injectable Solution [Travasol 10]
800933,SBD,alanine 7.7 MG/ML / arginine 6 MG/ML / cysteine 0.2 MG/ML / glycine 9 MG/ML / histidine 2.4 MG/ML / isoleucine 9 MG/ML / leucine 11 MG/ML / lysine 6.1 MG/ML / methionine 1 MG/ML / phenylalanine 1 MG/ML / phosphoric acid 1.15 MG/ML / proline 8 MG/ML / serine 5 MG/ML / threonine 4.5 MG/ML / tryptophan 0.66 MG/ML / valine 8.4 MG/ML Injectable Solution [Hepatamine 8]
800420,SBD,alanine 8.8 MG/ML / arginine 4.89 MG/ML / glucose 50 MG/ML / glycine 4.38 MG/ML / histidine 2.04 MG/ML / isoleucine 2.55 MG/ML / leucine 3.11 MG/ML / lysine 2.47 MG/ML / methionine 1.7 MG/ML / phenylalanine 2.38 MG/ML / proline 2.89 MG/ML / serine 2.13 MG/ML / threonine 1.79 MG/ML / tryptophan 0.77 MG/ML / tyrosine 0.17 MG/ML / valine 2.47 MG/ML Injectable Solution [Clinimix 4.25/5]
800405,SBD,alanine 8.8 MG/ML / arginine 4.89 MG/ML / glucose 100 MG/ML / glycine 4.38 MG/ML / histidine 2.04 MG/ML / isoleucine 2.55 MG/ML / leucine 3.11 MG/ML / lysine 2.47 MG/ML / methionine 1.7 MG/ML / phenylalanine 2.38 MG/ML / proline 2.89 MG/ML / serine 2.13 MG/ML / threonine 1.79 MG/ML / tryptophan 0.77 MG/ML / tyrosine 0.17 MG/ML / valine 2.47 MG/ML Injectable Solution [Clinimix 4.25/10]
800415,SBD,alanine 8.8 MG/ML / arginine 4.89 MG/ML / glucose 250 MG/ML / glycine 4.38 MG/ML / histidine 2.04 MG/ML / isoleucine 2.55 MG/ML / leucine 3.11 MG/ML / lysine 2.47 MG/ML / methionine 1.7 MG/ML / phenylalanine 2.38 MG/ML / proline 2.89 MG/ML / serine 2.13 MG/ML / threonine 1.79 MG/ML / tryptophan 0.77 MG/ML / tyrosine 0.17 MG/ML / valine 2.47 MG/ML Injectable Solution [Clinimix 4.25/25]
800438,SBD,alanine 10.4 MG/ML / arginine 5.75 MG/ML / glucose 150 MG/ML / glycine 5.15 MG/ML / histidine 2.4 MG/ML / isoleucine 3 MG/ML / leucine 3.65 MG/ML / lysine 2.9 MG/ML / methionine 2 MG/ML / phenylalanine 2.8 MG/ML / proline 3.4 MG/ML / serine 2.5 MG/ML / threonine 2.1 MG/ML / tryptophan 0.9 MG/ML / tyrosine 0.2 MG/ML / valine 290 MG/ML Injectable Solution [Clinimix 5/15]
800444,SBD,alanine 10.4 MG/ML / arginine 5.75 MG/ML / glucose 200 MG/ML / glycine 5.15 MG/ML / histidine 2.4 MG/ML / isoleucine 3 MG/ML / leucine 3.65 MG/ML / lysine 2.9 MG/ML / methionine 2 MG/ML / phenylalanine 2.8 MG/ML / proline 3.4 MG/ML / serine 2.5 MG/ML / threonine 2.1 MG/ML / tryptophan 0.9 MG/ML / tyrosine 0.2 MG/ML / valine 2.9 MG/ML Injectable Solution [Clinimix 5/20]
800449,SBD,alanine 10.4 MG/ML / arginine 5.75 MG/ML / glucose 250 MG/ML / glycine 5.15 MG/ML / histidine 2.4 MG/ML / isoleucine 3 MG/ML / leucine 3.65 MG/ML / lysine 2.9 MG/ML / methionine 2 MG/ML / phenylalanine 2.8 MG/ML / proline 3.4 MG/ML / serine 2.5 MG/ML / threonine 2.1 MG/ML / tryptophan 0.9 MG/ML / tyrosine 0.2 MG/ML / valine 2.9 MG/ML Injectable Solution [Clinimix 5/25]
800220,SBD,"alanine 8.44 MG/ML / arginine 8.65 MG/ML / aspartate 5.95 MG/ML / glutamate 6.27 MG/ML / glycine 4.25 MG/ML / histidine 2.55 MG/ML / isoleucine 5.61 MG/ML / leucine 8.5 MG/ML / lysine 8.93 MG/ML / methionine 1.46 MG/ML / phenylalanine 2.53 MG/ML / proline 6.14 MG/ML / serine 4.5 MG/ML / threonine 3.4 MG/ML / tryptophan 1.7 MG/ML / tyrosine 2.3 MG/ML / valine 4.25 MG/ML Injectable Solution [Aminosyn II 8.5 %, Sulfite-Free]"
800241,SBD,alanine 9.93 MG/ML / arginine 10.2 MG/ML / aspartate 7 MG/ML / glutamate 7.38 MG/ML / glycine 5 MG/ML / histidine 3 MG/ML / isoleucine 6.6 MG/ML / leucine 10 MG/ML / lysine 10.5 MG/ML / methionine 1.72 MG/ML / phenylalanine 2.98 MG/ML / proline 7.22 MG/ML / serine 5.3 MG/ML / threonine 4 MG/ML / tryptophan 2 MG/ML / tyrosine 2.7 MG/ML / valine 5 MG/ML Injectable Solution [Aminosyn II 10 %]
800192,SBD,alanine 14.9 MG/ML / arginine 15.3 MG/ML / aspartate 10.5 MG/ML / glutamate 11.1 MG/ML / glycine 7.5 MG/ML / histidine 4.5 MG/ML / isoleucine 9.9 MG/ML / leucine 15 MG/ML / lysine 15.8 MG/ML / methionine 2.58 MG/ML / phenylalanine 4.47 MG/ML / proline 10.8 MG/ML / serine 7.95 MG/ML / threonine 6 MG/ML / tryptophan 3 MG/ML / tyrosine 4.05 MG/ML / valine 7.5 MG/ML Injectable Solution [Aminosyn II 15%]
800588,SBD,alanine 21.7 MG/ML / arginine 14.7 MG/ML / aspartate 4.34 MG/ML / glutamate 7.49 MG/ML / glycine 10.4 MG/ML / histidine 8.94 MG/ML / isoleucine 7.49 MG/ML / leucine 10.4 MG/ML / lysine 11.8 MG/ML / methionine 7.49 MG/ML / phenylalanine 10.4 MG/ML / proline 8.94 MG/ML / serine 5.92 MG/ML / threonine 7.49 MG/ML / tryptophan 2.5 MG/ML / tyrosine 0.39 MG/ML / valine 9.6 MG/ML Injectable Solution [Clinisol 15]
1601982,SBD,alanine 21.7 MG/ML / arginine 14.7 MG/ML / aspartate 4.34 MG/ML / glutamate 7.49 MG/ML / glycine 10.4 MG/ML / histidine 8.94 MG/ML / isoleucine 7.49 MG/ML / leucine 10.4 MG/ML / lysine 11.8 MG/ML / methionine 7.49 MG/ML / phenylalanine 10.4 MG/ML / proline 8.94 MG/ML / serine 5.92 MG/ML / threonine 7.49 MG/ML / tryptophan 2.5 MG/ML / tyrosine 0.39 MG/ML / valine 9.6 MG/ML Injectable Solution [Plenamine]
801136,SBD,alanine 27.6 MG/ML / arginine 19.6 MG/ML / aspartate 6 MG/ML / glutamate 10.2 MG/ML / glycine 20.6 MG/ML / histidine 11.8 MG/ML / isoleucine 10.8 MG/ML / leucine 10.8 MG/ML / lysine 13.5 MG/ML / methionine 7.6 MG/ML / phenylalanine 10 MG/ML / proline 13.4 MG/ML / serine 10.2 MG/ML / threonine 9.8 MG/ML / tryptophan 3.2 MG/ML / tyrosine 0.5 MG/ML / valine 14.4 MG/ML Injectable Solution [Prosol]
1014431,SBD,alanine 7.1 MG/ML / arginine 9.5 MG/ML / cysteine 0.16 MG/ML / glycine 14 MG/ML / histidine 2.8 MG/ML / isoleucine 6.9 MG/ML / leucine 9.1 MG/ML / lysine 7.3 MG/ML / methionine 5.3 MG/ML / phenylalanine 5.6 MG/ML / phosphoric acid 1.2 MG/ML / proline 11.2 MG/ML / serine 5.9 MG/ML / sodium bisulfite 1 MG/ML / threonine 4 MG/ML / tryptophan 1.5 MG/ML / valine 6.6 MG/ML Injectable Solution [Freamine III 10]
831430,SBD,alanine 4.9 MG/ML / arginine 8.61 MG/ML / aspartate 3.7 MG/ML / glutamate 5.76 MG/ML / glycine 2.7 MG/ML / histidine 2.2 MG/ML / isoleucine 5.34 MG/ML / leucine 8.31 MG/ML / lysine 4.75 MG/ML / methionine 1.25 MG/ML / phenylalanine 3 MG/ML / proline 5.7 MG/ML / serine 3.47 MG/ML / taurine 0.5 MG/ML / threonine 3.6 MG/ML / tryptophan 1.25 MG/ML / tyrosine 0.44 MG/ML / valine 4.52 MG/ML Injectable Solution [Aminosyn-PF 7%]
800345,SBD,"alanine 6.98 MG/ML / arginine 12.3 MG/ML / aspartate 5.27 MG/ML / glutamate 8.2 MG/ML / glycine 3.85 MG/ML / histidine 3.12 MG/ML / isoleucine 7.6 MG/ML / leucine 12 MG/ML / lysine 6.77 MG/ML / methionine 1.8 MG/ML / phenylalanine 4.27 MG/ML / proline 8.12 MG/ML / serine 4.95 MG/ML / taurine 0.7 MG/ML / threonine 5.12 MG/ML / tryptophan 1.8 MG/ML / tyrosine 0.44 MG/ML / valine 6.73 MG/ML Injectable Solution [Aminosyn-PF 10 %, Sulfite-Free]"
801405,SBD,alanine 5.4 MG/ML / arginine 12 MG/ML / aspartate 3.2 MG/ML / cysteine 0.16 MG/ML / glutamate 5 MG/ML / glycine 3.6 MG/ML / histidine 4.8 MG/ML / isoleucine 8.2 MG/ML / leucine 14 MG/ML / lysine 8.2 MG/ML / methionine 3.4 MG/ML / phenylalanine 4.8 MG/ML / proline 6.8 MG/ML / serine 3.8 MG/ML / taurine 0.25 MG/ML / threonine 4.2 MG/ML / tryptophan 2 MG/ML / tyrosine 2.4 MG/ML / valine 7.8 MG/ML Injectable Solution [PremaSol]
847785,SBD,"alanine 4.48 MG/ML / arginine 3.43 MG/ML / glycine 4.48 MG/ML / histidine 1.05 MG/ML / isoleucine 2.52 MG/ML / leucine 3.29 MG/ML / lysine 2.52 MG/ML / magnesium acetate 0.003 MEQ/ML / methionine 1.4 MG/ML / phenylalanine 1.54 MG/ML / phosphoric acid 0.4 MG/ML / potassium acetate 0.01 MEQ/ML / proline 3 MG/ML / serine 1.47 MG/ML / sodium chloride 0.04 MEQ/ML / threonine 1.82 MG/ML / tryptophan 0.56 MG/ML / tyrosine 0.31 MG/ML / valine 2.8 MG/ML Injectable Solution [Aminosyn 3.5 % M, Sulfite Free]"
1189611,SBD,"alanine 11 MG/ML / arginine 8.5 MG/ML / glycine 11 MG/ML / histidine 2.6 MG/ML / isoleucine 6.2 MG/ML / leucine 8.1 MG/ML / lysine 6.24 MG/ML / magnesium chloride 0.00502 MEQ/ML / methionine 3.4 MG/ML / phenylalanine 3.8 MG/ML / potassium chloride 0.0654 MEQ/ML / proline 7.5 MG/ML / serine 3.7 MG/ML / sodium chloride 0.00479 MEQ/ML / sodium phosphate 0.0299 MEQ/ML / threonine 4.6 MG/ML / tryptophan 1.5 MG/ML / tyrosine 0.44 MG/ML / valine 6.8 MG/ML Injectable Solution [Aminosyn 8.5 % with Electrolytes, Sulfite-Free]"
1189310,SBD,"alanine 8.44 MG/ML / arginine 8.65 MG/ML / aspartate 5.95 MG/ML / glutamate 6.27 MG/ML / glycine 4.25 MG/ML / histidine 2.55 MG/ML / isoleucine 5.61 MG/ML / leucine 8.5 MG/ML / lysine 8.93 MG/ML / magnesium chloride 0.005 MEQ/ML / methionine 1.46 MG/ML / phenylalanine 2.53 MG/ML / potassium chloride 0.066 MEQ/ML / proline 6.14 MG/ML / serine 4.5 MG/ML / sodium chloride 0.01 MEQ/ML / sodium phosphate, dibasic 0.0299 MEQ/ML / threonine 3.4 MG/ML / tryptophan 1.7 MG/ML / tyrosine 2.3 MG/ML / valine 4.25 MG/ML Injectable Solution [Aminosyn II 8.5 % with Electrolytes, Sulfite-Free]"
801012,SBD,alanine 5.7 MG/ML / arginine 3.16 MG/ML / calcium chloride 0.004 MEQ/ML / dibasic potassium phosphate 2.61 MG/ML / glucose 50 MG/ML / glycine 2.83 MG/ML / histidine 1.32 MG/ML / isoleucine 1.65 MG/ML / leucine 2.01 MG/ML / lysine 1.59 MG/ML / magnesium chloride 0.01 MEQ/ML / methionine 1.1 MG/ML / phenylalanine 1.54 MG/ML / proline 1.87 MG/ML / serine 1.38 MG/ML / sodium acetate trihydrate 2.17 MG/ML / sodium chloride 0.02 MEQ/ML / threonine 1.16 MG/ML / tryptophan 0.5 MG/ML / tyrosine 0.11 MG/ML / valine 1.6 MG/ML Injectable Solution [Clinimix E 2.75/5]
801000,SBD,alanine 8.8 MG/ML / arginine 4.89 MG/ML / calcium chloride 0.004 MEQ/ML / dibasic potassium phosphate 2.61 MG/ML / glucose 50 MG/ML / glycine 4.38 MG/ML / histidine 2.04 MG/ML / isoleucine 2.55 MG/ML / leucine 3.11 MG/ML / lysine 2.47 MG/ML / magnesium chloride 0.01 MEQ/ML / methionine 1.7 MG/ML / phenylalanine 2.38 MG/ML / proline 2.89 MG/ML / serine 2.13 MG/ML / sodium acetate trihydrate 2.97 MG/ML / sodium chloride 0.013 MEQ/ML / threonine 1.79 MG/ML / tryptophan 0.77 MG/ML / tyrosine 0.17 MG/ML / valine 2.47 MG/ML Injectable Solution [Clinimix E 4.25/5]
1090639,SBD,alanine 8.8 MG/ML / arginine 4.89 MG/ML / calcium chloride 0.004 MEQ/ML / dibasic potassium phosphate 2.61 MG/ML / glucose 100 MG/ML / glycine 4.38 MG/ML / histidine 2.04 MG/ML / isoleucine 2.55 MG/ML / leucine 3.11 MG/ML / lysine 2.47 MG/ML / magnesium chloride 0.01 MEQ/ML / methionine 1.7 MG/ML / phenylalanine 2.38 MG/ML / proline 2.89 MG/ML / serine 2.13 MG/ML / sodium acetate trihydrate 2.97 MG/ML / sodium chloride 0.013 MEQ/ML / threonine 1.79 MG/ML / tryptophan 0.77 MG/ML / tyrosine 0.17 MG/ML / valine 2.47 MG/ML Injectable Solution [Clinimix E 4.25/10]
801021,SBD,alanine 10.4 MG/ML / arginine 5.75 MG/ML / calcium chloride 0.004 MEQ/ML / dibasic potassium phosphate 2.61 MG/ML / glucose 150 MG/ML / glycine 5.15 MG/ML / histidine 2.4 MG/ML / isoleucine 3 MG/ML / leucine 3.65 MG/ML / lysine 2.9 MG/ML / magnesium chloride 0.01 MEQ/ML / methionine 2 MG/ML / phenylalanine 2.8 MG/ML / proline 3.4 MG/ML / serine 2.5 MG/ML / sodium acetate trihydrate 3.4 MG/ML / sodium chloride 0.01 MEQ/ML / threonine 2.1 MG/ML / tryptophan 0.9 MG/ML / tyrosine 0.2 MG/ML / valine 2.9 MG/ML Injectable Solution [Clinimix E 5/15]
801031,SBD,alanine 10.4 MG/ML / arginine 5.75 MG/ML / calcium chloride 0.004 MEQ/ML / dibasic potassium phosphate 2.61 MG/ML / glucose 200 MG/ML / glycine 5.15 MG/ML / histidine 2.4 MG/ML / isoleucine 3 MG/ML / leucine 3.65 MG/ML / lysine 2.9 MG/ML / magnesium chloride 0.01 MEQ/ML / methionine 2 MG/ML / phenylalanine 2.8 MG/ML / proline 3.4 MG/ML / serine 2.5 MG/ML / sodium acetate trihydrate 3.4 MG/ML / sodium chloride 0.01 MEQ/ML / threonine 2.1 MG/ML / tryptophan 0.9 MG/ML / tyrosine 0.2 MG/ML / valine 2.9 MG/ML Injectable Solution [Clinimix E 5/20]
801034,SBD,alanine 10.4 MG/ML / arginine 5.75 MG/ML / calcium chloride 0.004 MEQ/ML / dibasic potassium phosphate 2.61 MG/ML / glucose 250 MG/ML / glycine 5.15 MG/ML / histidine 2.4 MG/ML / isoleucine 3 MG/ML / leucine 3.65 MG/ML / lysine 2.9 MG/ML / magnesium chloride 0.01 MEQ/ML / methionine 2 MG/ML / phenylalanine 2.8 MG/ML / proline 3.4 MG/ML / serine 2.5 MG/ML / sodium acetate trihydrate 3.4 MG/ML / sodium chloride 0.01 MEQ/ML / threonine 2.1 MG/ML / tryptophan 0.9 MG/ML / tyrosine 0.2 MG/ML / valine 2.9 MG/ML Injectable Solution [Clinimix E 5/25]
1189645,SBD,alanine 3.2 MG/ML / arginine 7.3 MG/ML / aspartate 1.9 MG/ML / cysteine 0.2 MG/ML / glutamate 3 MG/ML / glycine 2.2 MG/ML / histidine 2.9 MG/ML / isoleucine 4.9 MG/ML / leucine 8.4 MG/ML / lysine 6.9 MG/ML / methionine 2 MG/ML / phenylalanine 2.9 MG/ML / proline 4.1 MG/ML / serine 2.3 MG/ML / sodium acetate 0.0544 MEQ/ML / sodium chloride 0.003 MEQ/ML / sodium metabisulfite 0.5 MG/ML / taurine 0.15 MG/ML / threonine 2.5 MG/ML / tryptophan 1.2 MG/ML / tyrosine 1.64 MG/ML / valine 4.7 MG/ML Injectable Solution [Trophamine 6 %]
1189640,SBD,alanine 5.4 MG/ML / arginine 12 MG/ML / aspartate 3.2 MG/ML / cysteine 0.24 MG/ML / glutamate 5 MG/ML / glycine 3.6 MG/ML / histidine 4.8 MG/ML / isoleucine 8.2 MG/ML / leucine 1.4 MG/ML / lysine 1.2 MG/ML / methionine 3.4 MG/ML / phenylalanine 4.8 MG/ML / proline 6.8 MG/ML / serine 3.8 MG/ML / sodium acetate 0.097 MEQ/ML / sodium chloride 0.003 MEQ/ML / sodium metabisulfite 0.5 MG/ML / taurine 0.25 MG/ML / threonine 4.2 MG/ML / tryptophan 2 MG/ML / tyrosine 2.84 MG/ML / valine 7.8 MG/ML Injectable Solution [Trophamine 10 %]
801417,SBD,alanine 2.1 MG/ML / arginine 2.9 MG/ML / calcium acetate 0.003 MEQ/ML / cysteine 0.2 MG/ML / glycerin 30 MG/ML / glycine 4.2 MG/ML / histidine 0.85 MG/ML / isoleucine 2.1 MG/ML / leucine 2.7 MG/ML / lysine 3.1 MG/ML / magnesium acetate 0.008 MEQ/ML / methionine 1.6 MG/ML / phenylalanine 1.7 MG/ML / phosphoric acid 0.41 MG/ML / potassium chloride 0.02 MEQ/ML / proline 3.4 MG/ML / serine 1.8 MG/ML / sodium acetate 0.025 MEQ/ML / sodium chloride 0.014 MEQ/ML / threonine 1.2 MG/ML / tryptophan 0.46 MG/ML / valine 2 MG/ML Injectable Solution [ProcalAmine 3]
377744,SCDF,lidocaine / menthol Topical Cream
2049721,SBDF,lidocaine / menthol Topical Cream [Workvie]
2645437,SCDFP,lidocaine hydrochloride / menthol Topical Cream
2656358,SBDFP,lidocaine hydrochloride / menthol Topical Cream [Workvie]
1164045,SCDG,lidocaine / menthol Topical Product
2049722,SBDG,Workvie Topical Product
2661545,SCDGP,lidocaine hydrochloride / menthol Topical Product
250912,SCD,lidocaine 40 MG/ML / menthol 10 MG/ML Topical Cream
2739287,SCD,lidocaine 40 MG/ML / menthol 50 MG/ML Topical Cream
2729431,SCD,lidocaine 40 MG/ML / menthol 60 MG/ML Topical Cream
1595624,SCD,lidocaine hydrochloride 40 MG/ML / menthol 10 MG/ML Topical Cream
2049723,SBD,lidocaine hydrochloride 40 MG/ML / menthol 10 MG/ML Topical Cream [Workvie]
372599,SCDF,lidocaine Injectable Solution
1737342,SCDF,lidocaine Injection
1535616,SCDF,lidocaine Medicated Bar Soap
1999988,SCDF,lidocaine Medicated Liquid Soap
1147234,SCDF,lidocaine Medicated Pad
1792943,SCDF,lidocaine Medicated Patch
393257,SCDF,lidocaine Mucosal Spray
809468,SCDF,lidocaine Ophthalmic Gel
1372898,SCDF,lidocaine Otic Solution
727604,SCDF,lidocaine Prefilled Syringe
377746,SCDF,lidocaine Rectal Cream
1245193,SCDF,lidocaine Rectal Gel
2624686,SCDF,lidocaine Rectal Spray
2474634,SCDF,lidocaine Rectal Suppository
377740,SCDF,lidocaine Topical Cream
377965,SCDF,lidocaine Topical Gel
377741,SCDF,lidocaine Topical Lotion
372598,SCDF,lidocaine Topical Ointment
372600,SCDF,lidocaine Topical Solution
377328,SCDF,lidocaine Topical Spray
1672969,SCDF,lidocaine Jet Injector
375137,SCDF,lidocaine Mucous Membrane Topical Solution
1739845,SCDF,allantoin / lidocaine Topical Cream
1243283,SCDF,allantoin / lidocaine Topical Ointment
1303113,SCDF,benzalkonium / lidocaine Medicated Pad
440896,SCDF,benzalkonium / lidocaine Topical Cream
440850,SCDF,benzalkonium / lidocaine Topical Gel
375553,SCDF,benzalkonium / lidocaine Topical Ointment
374855,SCDF,benzalkonium / lidocaine Topical Solution
377329,SCDF,benzalkonium / lidocaine Topical Spray
440855,SCDF,benzethonium / lidocaine Topical Gel
377346,SCDF,benzethonium / lidocaine Topical Spray
440897,SCDF,benzyl alcohol / lidocaine Topical Cream
2727300,SCDF,benzyl alcohol / lidocaine Topical Gel
1943536,SCDF,benzyl alcohol / lidocaine Topical Solution
1488327,SCDF,benzyl alcohol / lidocaine Topical Spray
2700663,SCDF,camphor / lidocaine Medicated Patch
2688022,SCDF,camphor / lidocaine Topical Spray
2667456,SCDF,capsaicin / lidocaine Medicated Patch
485632,SCDF,capsaicin / lidocaine Topical Cream
393393,SCDF,chlorhexidine / lidocaine Oral Spray
2604041,SCDF,diclofenac / lidocaine Medicated Patch
2600048,SCDF,diclofenac / lidocaine Topical Gel
379316,SCDF,domiphen / lidocaine Oral Lozenge
1657015,SCDF,epinephrine / lidocaine Cartridge
374456,SCDF,epinephrine / lidocaine Injectable Solution
1867937,SCDF,epinephrine / lidocaine Injection
1793094,SCDF,epinephrine / lidocaine Medicated Patch
1733889,SCDF,epinephrine / lidocaine Rectal Gel
2601578,SCDF,epinephrine / lidocaine Rectal Spray
2719424,SCDF,epinephrine / lidocaine Topical Cream
1733891,SCDF,epinephrine / lidocaine Topical Spray
1190558,SCDF,ethanol / lidocaine Medicated Pad
1602011,SCDF,glycerin / lidocaine Medicated Pad
1866217,SCDF,glycerin / lidocaine Rectal Cream
2117859,SCDF,glycerin / lidocaine Topical Cream
2637869,SCDF,glycerin / lidocaine Topical Gel
379014,SCDF,hydrocortisone / lidocaine Rectal Cream
603799,SCDF,hydrocortisone / lidocaine Rectal Gel
377717,SCDF,hydrocortisone / lidocaine Topical Cream
406043,SCDF,hydrocortisone / lidocaine Topical Lotion
393533,SCDF,hydrocortisone / lidocaine Topical Ointment
385517,SCDF,hydrocortisone / lidocaine Topical Spray
2102926,SCDF,levomenthol / lidocaine Topical Cream
1792851,SCDF,lidocaine / menthol Medicated Patch
2675778,SCDF,lidocaine / menthol Rectal Cream
377985,SCDF,lidocaine / menthol Topical Gel
1359265,SCDF,lidocaine / menthol Topical Lotion
1668244,SCDF,lidocaine / menthol Topical Ointment
375139,SCDF,lidocaine / menthol Topical Solution
1595447,SCDF,lidocaine / menthol Topical Spray
1358497,SCDF,lidocaine / methylprednisolone Injectable Suspension
1733862,SCDF,lidocaine / petrolatum Rectal Ointment
1733857,SCDF,lidocaine / petrolatum Topical Ointment
1426593,SCDF,lidocaine / phenol Topical Cream
2637867,SCDF,lidocaine / phenol Topical Spray
2744826,SCDF,lidocaine / phenylephrine Medicated Pad
1314135,SCDF,lidocaine / phenylephrine Rectal Cream
2621575,SCDF,lidocaine / phenylephrine Rectal Gel
2672352,SCDF,lidocaine / phenylephrine Rectal Ointment
2590655,SCDF,lidocaine / phenylephrine Rectal Spray
385614,SCDF,lidocaine / phenylephrine Topical Spray
377743,SCDF,lidocaine / prilocaine Topical Cream
897113,SCDF,lidocaine / prilocaine Mucous Membrane Topical Solution
1793027,SCDF,lidocaine / tetracaine Medicated Patch
687442,SCDF,lidocaine / tetracaine Topical Cream
2566833,SCDF,allantoin / benzethonium / lidocaine Oral Gel
1792861,SCDF,allantoin / lidocaine / petrolatum Medicated Patch
2716714,SCDF,bacitracin / lidocaine / polymyxin B Topical Ointment
2275619,SCDF,benzocaine / lidocaine / tetracaine Topical Cream
2745307,SCDF,camphor / lidocaine / menthol Medicated Patch
1798266,SCDF,camphor / lidocaine / methyl salicylate Medicated Patch
1792975,SCDF,capsaicin / lidocaine / menthol Medicated Patch
1987015,SCDF,capsaicin / lidocaine / trolamine salicylate Topical Solution
2669477,SCDF,diclofenac / lidocaine / menthol Medicated Patch
1745436,SCDF,glycerin / lidocaine / phenylephrine Medicated Pad
1537196,SCDF,hydrocortisone / lidocaine / pramoxine Medicated Shampoo
1792876,SCDF,lidocaine / menthol / methyl salicylate Medicated Patch
2099772,SCDF,lidocaine / phenylephrine / witch hazel Topical Spray
374782,SCDF,bacitracin / lidocaine / neomycin / polymyxin B Topical Ointment
2185998,SCDF,camphor / dimethicone / lidocaine / menthol Topical Gel
2121929,SCDF,camphor / lidocaine / menthol / methyl salicylate Medicated Patch
1792950,SCDF,capsaicin / lidocaine / menthol / methyl salicylate Medicated Patch
1356792,SCDF,capsaicin / lidocaine / menthol / methyl salicylate Topical Cream
1020418,SCDF,capsaicin / lidocaine / menthol / methyl salicylate Topical Lotion
1361409,SCDF,capsaicin / lidocaine / menthol / methyl salicylate Topical Ointment
2586854,SCDF,glycerin / lanolin / lidocaine / zinc oxide Topical Ointment
2642219,SCDF,glycerin / lidocaine / petrolatum / phenylephrine Rectal Cream
1745448,SCDF,lidocaine / mineral oil / petrolatum / phenylephrine Topical Cream
94618,SBDF,lidocaine Injectable Solution [Xylocaine]
1737344,SBDF,lidocaine Injection [Xylocaine]
1872888,SBDF,lidocaine Medicated Pad [Alocane]
2263890,SBDF,lidocaine Medicated Patch [Lido King]
2642343,SBDF,lidocaine Medicated Patch [Lidocan]
1858272,SBDF,lidocaine Medicated Patch [Lidocare]
1793080,SBDF,lidocaine Medicated Patch [Lidoderm]
2717285,SBDF,lidocaine Medicated Patch [Lidoguard Pain Relief]
2678309,SBDF,lidocaine Medicated Patch [Tridacaine]
2001437,SBDF,lidocaine Medicated Patch [ZTlido]
809472,SBDF,lidocaine Ophthalmic Gel [Akten]
1235135,SBDF,lidocaine Rectal Cream [AneCream]
1366792,SBDF,lidocaine Rectal Cream [Dr. Numb]
1436081,SBDF,lidocaine Rectal Cream [Lidum]
1422105,SBDF,lidocaine Rectal Cream [LMX]
1246686,SBDF,lidocaine Rectal Cream [Recticare]
1729171,SBDF,lidocaine Rectal Cream [Zensa]
1652106,SBDF,lidocaine Rectal Gel [Topicaine]
1246533,SBDF,lidocaine Topical Cream [AneCream]
2118549,SBDF,lidocaine Topical Cream [Bio-Kool]
2678112,SBDF,lidocaine Topical Cream [Bruselix]
1046511,SBDF,lidocaine Topical Cream [Cutiecaine]
2108918,SBDF,lidocaine Topical Cream [Kool-Down]
753299,SBDF,lidocaine Topical Cream [Lidocream]
2716401,SBDF,lidocaine Topical Cream [Lidoguard]
1427000,SBDF,lidocaine Topical Cream [Lidostat]
1723994,SBDF,lidocaine Topical Cream [Lidotral]
2611977,SBDF,lidocaine Topical Cream [Lidotran]
2120173,SBDF,lidocaine Topical Cream [Lipocaine]
1011861,SBDF,lidocaine Topical Cream [LMX]
2474487,SBDF,lidocaine Topical Cream [Lydexa]
1871451,SBDF,lidocaine Topical Cream [Uber Numb]
1432485,SBDF,lidocaine Topical Cream [Xolido]
1875236,SBDF,lidocaine Topical Gel [Alocane]
2678303,SBDF,lidocaine Topical Gel [Bruselix]
1088234,SBDF,lidocaine Topical Gel [Burn Jel Plus]
1592288,SBDF,lidocaine Topical Gel [Comfortcaine]
1747491,SBDF,lidocaine Topical Gel [Derma Numb]
1549445,SBDF,lidocaine Topical Gel [Glydo]
2675770,SBDF,lidocaine Topical Gel [Lidotral]
2604878,SBDF,lidocaine Topical Gel [Regenecare]
891346,SBDF,lidocaine Topical Gel [Solarcaine]
1291675,SBDF,lidocaine Topical Gel [Sonacaine]
2740867,SBDF,lidocaine Topical Gel [Topicaine Ultra]
1650999,SBDF,lidocaine Topical Gel [Topicaine]
1872970,SBDF,lidocaine Topical Gel [Tranzarel]
1372894,SBDF,lidocaine Topical Gel [Unburn]
891341,SBDF,lidocaine Topical Gel [Xylocaine]
1292875,SBDF,lidocaine Topical Gel [Zcaine]
1543715,SBDF,lidocaine Topical Lotion [RadiaGuard]
2264105,SBDF,lidocaine Topical Lotion [Zionodil]
381175,SBDF,lidocaine Topical Ointment [Xylocaine]
2464333,SBDF,lidocaine Topical Spray [Alocane]
1193404,SBDF,lidocaine Topical Spray [Hexa-Caine]
2684034,SBDF,lidocaine Topical Spray [Lidotral]
2396787,SBDF,lidocaine Topical Spray [Regenecare]
998326,SBDF,lidocaine Topical Spray [Solarcaine]
1487769,SBDF,lidocaine Topical Spray [Unburn]
1672971,SBDF,lidocaine Jet Injector [Zingo]
543931,SBDF,lidocaine Mucous Membrane Topical Solution [Xylocaine]
2667924,SBDF,benzalkonium / lidocaine Medicated Pad [Alocane Max Strength]
2587645,SBDF,benzalkonium / lidocaine Topical Gel [Alocane Plus]
1431685,SBDF,benzalkonium / lidocaine Topical Gel [Cicloferon]
1539439,SBDF,benzalkonium / lidocaine Topical Ointment [Alocane Plus]
1011759,SBDF,benzalkonium / lidocaine Topical Solution [Bactine]
1235020,SBDF,benzalkonium / lidocaine Topical Solution [Band-Aid Hurt-Free]
1423326,SBDF,benzalkonium / lidocaine Topical Spray [Allercaine]
2477937,SBDF,benzalkonium / lidocaine Topical Spray [Alocane Max Strength]
1545687,SBDF,benzalkonium / lidocaine Topical Spray [Bactine]
1246626,SBDF,benzalkonium / lidocaine Topical Spray [Keepan]
795476,SBDF,benzethonium / lidocaine Topical Gel [StaphAseptic]
2739499,SBDF,epinephrine / lidocaine Cartridge [Flavalta]
1657032,SBDF,epinephrine / lidocaine Cartridge [Lignospan]
1657038,SBDF,epinephrine / lidocaine Cartridge [Xylocaine with Epinephrine]
1010767,SBDF,epinephrine / lidocaine Injectable Solution [Xylocaine with Epinephrine]
1867939,SBDF,epinephrine / lidocaine Injection [Xylocaine with Epinephrine]
1602016,SBDF,glycerin / lidocaine Medicated Pad [Recticare Wipes]
2637874,SBDF,glycerin / lidocaine Topical Gel [Abreva Rapid Pain Relief]
1012326,SBDF,hydrocortisone / lidocaine Rectal Cream [Ana-Lex]
1793057,SBDF,lidocaine / menthol Medicated Patch [Lenzapatch]
1792853,SBDF,lidocaine / menthol Medicated Patch [Lidopatch]
2675624,SBDF,lidocaine / menthol Medicated Patch [LidoPro Pain Relieving Patch]
2201503,SBDF,lidocaine / menthol Medicated Patch [Lidozen]
1793068,SBDF,lidocaine / menthol Medicated Patch [Puroxcin]
1373140,SBDF,lidocaine / menthol Topical Gel [Lenzagel]
1939338,SBDF,lidocaine / menthol Topical Gel [Lidozen]
1656325,SBDF,lidocaine / prilocaine Topical Cream [Relador]
897116,SBDF,lidocaine / prilocaine Mucous Membrane Topical Solution [Oraqix]
1793029,SBDF,lidocaine / tetracaine Medicated Patch [Synera]
728125,SBDF,lidocaine / tetracaine Topical Cream [Pliaglis]
2716740,SBDF,bacitracin / lidocaine / polymyxin B Topical Ointment [Bactine Antibiotic]
2669484,SBDF,diclofenac / lidocaine / menthol Medicated Patch [Trifena]
1792918,SBDF,lidocaine / menthol / methyl salicylate Medicated Patch [LidoPro Patch]
1432539,SBDF,capsaicin / lidocaine / menthol / methyl salicylate Topical Cream [Doloracin with Lidocaine]
1357986,SBDF,capsaicin / lidocaine / menthol / methyl salicylate Topical Cream [Medi-Derm with Lidocaine]
1425508,SBDF,capsaicin / lidocaine / menthol / methyl salicylate Topical Ointment [LidoPro]
1745453,SBDF,lidocaine / mineral oil / petrolatum / phenylephrine Topical Cream [RectiCare Advance Cream]
2645415,SCDFP,lidocaine hydrochloride Injectable Solution
2646960,SCDFP,lidocaine hydrochloride Injection
2648746,SCDFP,lidocaine hydrochloride Medicated Bar Soap
2645537,SCDFP,lidocaine hydrochloride Medicated Liquid Soap
2647096,SCDFP,lidocaine hydrochloride Medicated Pad
2646740,SCDFP,lidocaine hydrochloride Medicated Patch
2648677,SCDFP,lidocaine hydrochloride Mucosal Spray
2646579,SCDFP,lidocaine hydrochloride Ophthalmic Gel
2647259,SCDFP,lidocaine hydrochloride Otic Solution
2648565,SCDFP,lidocaine hydrochloride Prefilled Syringe
2646998,SCDFP,lidocaine hydrochloride Rectal Cream
2647394,SCDFP,lidocaine hydrochloride Rectal Gel
2646596,SCDFP,lidocaine hydrochloride Rectal Spray
2649198,SCDFP,lidocaine hydrochloride Topical Cream
2648601,SCDFP,lidocaine hydrochloride Topical Gel
2647117,SCDFP,lidocaine hydrochloride Topical Lotion
2648146,SCDFP,lidocaine hydrochloride Topical Ointment
2647203,SCDFP,lidocaine hydrochloride Topical Solution
2645912,SCDFP,lidocaine hydrochloride Topical Spray
2647079,SCDFP,lidocaine hydrochloride Jet Injector
2645381,SCDFP,lidocaine hydrochloride Mucous Membrane Topical Solution
2646706,SCDFP,allantoin / lidocaine hydrochloride Topical Cream
2646824,SCDFP,allantoin / lidocaine hydrochloride Topical Ointment
2646253,SCDFP,benzalkonium chloride / lidocaine Topical Cream
2647728,SCDFP,benzalkonium chloride / lidocaine Topical Gel
2647572,SCDFP,benzalkonium chloride / lidocaine Topical Spray
2645599,SCDFP,benzalkonium chloride / lidocaine hydrochloride Medicated Pad
2648550,SCDFP,benzalkonium chloride / lidocaine hydrochloride Topical Cream
2649260,SCDFP,benzalkonium chloride / lidocaine hydrochloride Topical Gel
2648873,SCDFP,benzalkonium chloride / lidocaine hydrochloride Topical Ointment
2645700,SCDFP,benzalkonium chloride / lidocaine hydrochloride Topical Solution
2647151,SCDFP,benzalkonium chloride / lidocaine hydrochloride Topical Spray
2648278,SCDFP,benzethonium chloride / lidocaine Topical Spray
2647931,SCDFP,benzethonium chloride / lidocaine hydrochloride Topical Gel
2649427,SCDFP,benzyl alcohol / lidocaine hydrochloride Topical Cream
2727301,SCDFP,benzyl alcohol / lidocaine hydrochloride Topical Gel
2649045,SCDFP,benzyl alcohol / lidocaine hydrochloride Topical Solution
2647805,SCDFP,benzyl alcohol / lidocaine hydrochloride Topical Spray
2649484,SCDFP,chlorhexidine gluconate / lidocaine hydrochloride Oral Spray
2647078,SCDFP,diclofenac sodium / lidocaine hydrochloride Medicated Patch
2649537,SCDFP,diclofenac sodium / lidocaine hydrochloride Topical Gel
2645506,SCDFP,domiphen / lidocaine hydrochloride Oral Lozenge
2646656,SCDFP,epinephrine / lidocaine hydrochloride Cartridge
2649284,SCDFP,epinephrine / lidocaine hydrochloride Injectable Solution
2645926,SCDFP,epinephrine / lidocaine hydrochloride Injection
2647958,SCDFP,epinephrine / lidocaine hydrochloride Medicated Patch
2646410,SCDFP,epinephrine hydrochloride / lidocaine hydrochloride Rectal Gel
2649019,SCDFP,epinephrine hydrochloride / lidocaine hydrochloride Rectal Spray
2649197,SCDFP,epinephrine hydrochloride / lidocaine hydrochloride Topical Spray
2648639,SCDFP,ethanol / lidocaine hydrochloride Medicated Pad
2647187,SCDFP,glycerin / lidocaine hydrochloride Topical Gel
2685534,SCDFP,hydrocortisone / lidocaine hydrochloride Topical Cream
2647110,SCDFP,hydrocortisone / lidocaine hydrochloride Topical Spray
2648426,SCDFP,hydrocortisone acetate / lidocaine hydrochloride Rectal Cream
2646728,SCDFP,hydrocortisone acetate / lidocaine hydrochloride Rectal Gel
2646396,SCDFP,hydrocortisone acetate / lidocaine hydrochloride Topical Cream
2649007,SCDFP,hydrocortisone acetate / lidocaine hydrochloride Topical Lotion
2649429,SCDFP,hydrocortisone acetate / lidocaine hydrochloride Topical Ointment
2646844,SCDFP,hydrocortisone acetate / lidocaine hydrochloride Topical Spray
2744829,SCDFP,lidocaine / phenylephrine hydrochloride Medicated Pad
2648665,SCDFP,lidocaine / phenylephrine hydrochloride Rectal Cream
2647516,SCDFP,lidocaine / phenylephrine hydrochloride Rectal Gel
2672353,SCDFP,lidocaine / phenylephrine hydrochloride Rectal Ointment
2649140,SCDFP,lidocaine / phenylephrine hydrochloride Rectal Spray
2646205,SCDFP,lidocaine hydrochloride / menthol Medicated Patch
2649126,SCDFP,lidocaine hydrochloride / menthol Topical Gel
2645496,SCDFP,lidocaine hydrochloride / menthol Topical Lotion
2648450,SCDFP,lidocaine hydrochloride / menthol Topical Ointment
2647299,SCDFP,lidocaine hydrochloride / menthol Topical Solution
2646449,SCDFP,lidocaine hydrochloride / menthol Topical Spray
2649252,SCDFP,lidocaine hydrochloride / methylprednisolone acetate Injectable Suspension
2647437,SCDFP,lidocaine hydrochloride / phenol Topical Cream
2646425,SCDFP,lidocaine hydrochloride / phenol Topical Spray
2684984,SCDFP,lidocaine hydrochloride / phenylephrine hydrochloride Rectal Cream
2647916,SCDFP,lidocaine hydrochloride / phenylephrine hydrochloride Topical Spray
2648226,SCDFP,allantoin / benzethonium chloride / lidocaine hydrochloride Oral Gel
2716716,SCDFP,bacitracin zinc / lidocaine / polymyxin B sulfate Topical Ointment
2669479,SCDFP,diclofenac sodium / lidocaine / menthol Medicated Patch
2649356,SCDFP,glycerin / lidocaine / phenylephrine hydrochloride Medicated Pad
2648116,SCDFP,hydrocortisone / lidocaine hydrochloride / pramoxine hydrochloride Medicated Shampoo
2645730,SCDFP,lidocaine hydrochloride / phenylephrine hydrochloride / witch hazel Topical Spray
2647405,SCDFP,capsaicin / lidocaine hydrochloride / menthol / methyl salicylate Medicated Patch
2647882,SCDFP,capsaicin / lidocaine hydrochloride / menthol / methyl salicylate Topical Lotion
2648927,SCDFP,capsaicin / lidocaine hydrochloride / menthol / methyl salicylate Topical Ointment
2647712,SCDFP,glycerin / lidocaine / petrolatum / phenylephrine hydrochloride Rectal Cream
2647126,SCDFP,lidocaine / mineral oil / petrolatum / phenylephrine hydrochloride Topical Cream
2655953,SBDFP,lidocaine hydrochloride Injectable Solution [Xylocaine]
2656228,SBDFP,lidocaine hydrochloride Injection [Xylocaine]
2654685,SBDFP,lidocaine hydrochloride Medicated Pad [Alocane]
2655458,SBDFP,lidocaine hydrochloride Ophthalmic Gel [Akten]
2678113,SBDFP,lidocaine hydrochloride Topical Cream [Bruselix]
2657439,SBDFP,lidocaine hydrochloride Topical Cream [Cutiecaine]
2716402,SBDFP,lidocaine hydrochloride Topical Cream [Lidoguard]
2655568,SBDFP,lidocaine hydrochloride Topical Cream [Lidostat]
2654393,SBDFP,lidocaine hydrochloride Topical Cream [Lidotral]
2655879,SBDFP,lidocaine hydrochloride Topical Cream [Lidotran]
2656432,SBDFP,lidocaine hydrochloride Topical Cream [Lydexa]
2658137,SBDFP,lidocaine hydrochloride Topical Cream [Uber Numb]
2654869,SBDFP,lidocaine hydrochloride Topical Cream [Xolido]
2655674,SBDFP,lidocaine hydrochloride Topical Gel [Alocane]
2678304,SBDFP,lidocaine hydrochloride Topical Gel [Bruselix]
2658476,SBDFP,lidocaine hydrochloride Topical Gel [Burn Jel Plus]
2658475,SBDFP,lidocaine hydrochloride Topical Gel [Derma Numb]
2657695,SBDFP,lidocaine hydrochloride Topical Gel [Glydo]
2675771,SBDFP,lidocaine hydrochloride Topical Gel [Lidotral]
2655459,SBDFP,lidocaine hydrochloride Topical Gel [Regenecare]
2655388,SBDFP,lidocaine hydrochloride Topical Gel [Solarcaine]
2740868,SBDFP,lidocaine hydrochloride Topical Gel [Topicaine Ultra]
2658303,SBDFP,lidocaine hydrochloride Topical Gel [Tranzarel]
2657560,SBDFP,lidocaine hydrochloride Topical Gel [Unburn]
2656643,SBDFP,lidocaine hydrochloride Topical Gel [Xylocaine]
2658452,SBDFP,lidocaine hydrochloride Topical Lotion [RadiaGuard]
2657527,SBDFP,lidocaine hydrochloride Topical Lotion [Zionodil]
2656859,SBDFP,lidocaine hydrochloride Topical Ointment [Xylocaine]
2655959,SBDFP,lidocaine hydrochloride Topical Spray [Alocane]
2654873,SBDFP,lidocaine hydrochloride Topical Spray [Hexa-Caine]
2684035,SBDFP,lidocaine hydrochloride Topical Spray [Lidotral]
2655293,SBDFP,lidocaine hydrochloride Topical Spray [Regenecare]
2656590,SBDFP,lidocaine hydrochloride Topical Spray [Solarcaine]
2654495,SBDFP,lidocaine hydrochloride Topical Spray [Unburn]
2654478,SBDFP,lidocaine hydrochloride Jet Injector [Zingo]
2656307,SBDFP,lidocaine hydrochloride Mucous Membrane Topical Solution [Xylocaine]
2667925,SBDFP,benzalkonium chloride / lidocaine hydrochloride Medicated Pad [Alocane Max Strength]
2655925,SBDFP,benzalkonium chloride / lidocaine hydrochloride Topical Gel [Alocane Plus]
2656223,SBDFP,benzalkonium chloride / lidocaine hydrochloride Topical Gel [Cicloferon]
2655660,SBDFP,benzalkonium chloride / lidocaine hydrochloride Topical Ointment [Alocane Plus]
2658346,SBDFP,benzalkonium chloride / lidocaine hydrochloride Topical Solution [Bactine]
2655886,SBDFP,benzalkonium chloride / lidocaine hydrochloride Topical Solution [Band-Aid Hurt-Free]
2655132,SBDFP,benzalkonium chloride / lidocaine hydrochloride Topical Spray [Allercaine]
2657195,SBDFP,benzalkonium chloride / lidocaine hydrochloride Topical Spray [Alocane Max Strength]
2658526,SBDFP,benzalkonium chloride / lidocaine hydrochloride Topical Spray [Bactine]
2654716,SBDFP,benzalkonium chloride / lidocaine hydrochloride Topical Spray [Keepan]
2655043,SBDFP,benzethonium chloride / lidocaine hydrochloride Topical Gel [StaphAseptic]
2739500,SBDFP,epinephrine / lidocaine hydrochloride Cartridge [Flavalta]
2656867,SBDFP,epinephrine / lidocaine hydrochloride Cartridge [Lignospan]
2658003,SBDFP,epinephrine / lidocaine hydrochloride Cartridge [Xylocaine with Epinephrine]
2656109,SBDFP,epinephrine / lidocaine hydrochloride Injectable Solution [Xylocaine with Epinephrine]
2654971,SBDFP,epinephrine / lidocaine hydrochloride Injection [Xylocaine with Epinephrine]
2655800,SBDFP,glycerin / lidocaine hydrochloride Topical Gel [Abreva Rapid Pain Relief]
2658202,SBDFP,hydrocortisone acetate / lidocaine hydrochloride Rectal Cream [Ana-Lex]
2654358,SBDFP,lidocaine hydrochloride / menthol Medicated Patch [Lenzapatch]
2658004,SBDFP,lidocaine hydrochloride / menthol Medicated Patch [Lidozen]
2656620,SBDFP,lidocaine hydrochloride / menthol Medicated Patch [Puroxcin]
2657184,SBDFP,lidocaine hydrochloride / menthol Topical Gel [Lenzagel]
2657563,SBDFP,lidocaine hydrochloride / menthol Topical Gel [Lidozen]
2716741,SBDFP,bacitracin zinc / lidocaine / polymyxin B sulfate Topical Ointment [Bactine Antibiotic]
2669485,SBDFP,diclofenac sodium / lidocaine / menthol Medicated Patch [Trifena]
2655015,SBDFP,capsaicin / lidocaine hydrochloride / menthol / methyl salicylate Topical Ointment [LidoPro]
2656039,SBDFP,lidocaine / mineral oil / petrolatum / phenylephrine hydrochloride Topical Cream [RectiCare Advance Cream]
1164658,SCDG,lidocaine Injectable Product
1164659,SCDG,lidocaine Medicated Pad or Tape
1164660,SCDG,lidocaine Mucosal Product
1164661,SCDG,lidocaine Ophthalmic Product
1372897,SCDG,lidocaine Otic Product
1164665,SCDG,lidocaine Rectal Product
1164666,SCDG,lidocaine Topical Product
1535615,SCDG,lidocaine Soap Product
1243282,SCDG,allantoin / lidocaine Topical Product
1303112,SCDG,benzalkonium / lidocaine Medicated Pad or Tape
1151335,SCDG,benzalkonium / lidocaine Topical Product
1151676,SCDG,benzethonium / lidocaine Topical Product
1155318,SCDG,benzoxonium / lidocaine Oral Product
1153259,SCDG,benzyl alcohol / lidocaine Topical Product
1155105,SCDG,camphor / lidocaine Topical Product
1155433,SCDG,capsaicin / lidocaine Topical Product
1153331,SCDG,chlorhexidine / lidocaine Oral Liquid Product
1153332,SCDG,chlorhexidine / lidocaine Oral Product
1295324,SCDG,chlorhexidine / lidocaine Oral Spray Product
1162468,SCDG,chloroxylenol / lidocaine Topical Product
2600047,SCDG,diclofenac / lidocaine Topical Product
1295226,SCDG,domiphen / lidocaine Lozenge Product
1160635,SCDG,domiphen / lidocaine Oral Product
1163879,SCDG,epinephrine / lidocaine Injectable Product
1733888,SCDG,epinephrine / lidocaine Rectal Product
1163880,SCDG,epinephrine / lidocaine Topical Product
1190557,SCDG,ethanol / lidocaine Medicated Pad or Tape
1295718,SCDG,ethanol / lidocaine Topical Product
1165807,SCDG,glucose / lidocaine Injectable Product
1602009,SCDG,glycerin / lidocaine Medicated Pad or Tape
1866216,SCDG,glycerin / lidocaine Rectal Product
1602010,SCDG,glycerin / lidocaine Topical Product
1163416,SCDG,hydrocortisone / lidocaine Rectal Product
1163417,SCDG,hydrocortisone / lidocaine Topical Product
1491501,SCDG,ketoprofen / lidocaine Topical Product
2102925,SCDG,levomenthol / lidocaine Topical Product
2675777,SCDG,lidocaine / menthol Rectal Product
1164046,SCDG,lidocaine / methylprednisolone Injectable Product
1733861,SCDG,lidocaine / petrolatum Rectal Product
1733856,SCDG,lidocaine / petrolatum Topical Product
1164070,SCDG,lidocaine / phenol Topical Product
2744825,SCDG,lidocaine / phenylephrine Medicated Pad or Tape
1314134,SCDG,lidocaine / phenylephrine Rectal Product
1164054,SCDG,lidocaine / phenylephrine Topical Product
1164057,SCDG,lidocaine / prilocaine Mucosal Product
1164058,SCDG,lidocaine / prilocaine Topical Product
1164060,SCDG,lidocaine / tetracaine Topical Product
2566832,SCDG,allantoin / benzethonium / lidocaine Oral Gel Product
2566831,SCDG,allantoin / benzethonium / lidocaine Oral Product
1540659,SCDG,allantoin / lidocaine / petrolatum Topical Product
1155347,SCDG,bacitracin / lidocaine / polymyxin B Topical Product
2275618,SCDG,benzocaine / lidocaine / tetracaine Topical Product
2745306,SCDG,camphor / lidocaine / menthol Topical Product
1798265,SCDG,camphor / lidocaine / methyl salicylate Topical Product
1594953,SCDG,capsaicin / lidocaine / menthol Topical Product
1987014,SCDG,capsaicin / lidocaine / trolamine salicylate Topical Product
2669476,SCDG,diclofenac / lidocaine / menthol Topical Product
1745434,SCDG,glycerin / lidocaine / phenylephrine Medicated Pad or Tape
1745435,SCDG,glycerin / lidocaine / phenylephrine Topical Product
1537195,SCDG,hydrocortisone / lidocaine / pramoxine Shampoo Product
1164043,SCDG,lidocaine / menthol / methyl salicylate Topical Product
1164047,SCDG,lidocaine / neomycin / polymyxin B Topical Product
2099771,SCDG,lidocaine / phenylephrine / witch hazel Topical Product
1155345,SCDG,bacitracin / lidocaine / neomycin / polymyxin B Topical Product
2185997,SCDG,camphor / dimethicone / lidocaine / menthol Topical Product
2121928,SCDG,camphor / lidocaine / menthol / methyl salicylate Topical Product
1155432,SCDG,capsaicin / lidocaine / menthol / methyl salicylate Topical Product
2586853,SCDG,glycerin / lanolin / lidocaine / zinc oxide Topical Product
2642218,SCDG,glycerin / lidocaine / petrolatum / phenylephrine Rectal Product
1745447,SCDG,lidocaine / mineral oil / petrolatum / phenylephrine Topical Product
2637873,SBDG,Abreva Rapid Pain Relief Topical Product
1172824,SBDG,Akten Ophthalmic Product
1423327,SBDG,Allercaine Topical Product
1872889,SBDG,Alocane Medicated Pad or Tape
1872890,SBDG,Alocane Topical Product
2667923,SBDG,Alocane Max Strength Medicated Pad or Tape
2477938,SBDG,Alocane Max Strength Topical Product
1539440,SBDG,Alocane Plus Topical Product
1174217,SBDG,Ana-Lex Rectal Product
1235136,SBDG,AneCream Rectal Product
1246534,SBDG,AneCream Topical Product
1167293,SBDG,Bactine Topical Product
2716739,SBDG,Bactine Antibiotic Topical Product
1235021,SBDG,Band-Aid Hurt-Free Topical Product
2118550,SBDG,Bio-Kool Topical Product
2678111,SBDG,Bruselix Topical Product
1168694,SBDG,Burn Jel Plus Topical Product
1431686,SBDG,Cicloferon Topical Product
1592289,SBDG,Comfortcaine Topical Product
1173725,SBDG,Cutiecaine Topical Product
1312264,SBDG,Derma Numb Topical Product
1432540,SBDG,Doloracin with Lidocaine Topical Product
1366793,SBDG,Dr. Numb Rectal Product
2739498,SBDG,Flavalta Injectable Product
1549446,SBDG,Glydo Topical Product
1193405,SBDG,Hexa-Caine Topical Product
1246627,SBDG,Keepan Topical Product
2108919,SBDG,Kool-Down Topical Product
1373141,SBDG,Lenzagel Topical Product
1373134,SBDG,Lenzapatch Topical Product
2263891,SBDG,Lido King Topical Product
2642342,SBDG,Lidocan Topical Product
1858273,SBDG,Lidocare Topical Product
1186201,SBDG,Lidocream Topical Product
1177359,SBDG,Lidoderm Topical Product
2716400,SBDG,Lidoguard Topical Product
2717284,SBDG,Lidoguard Pain Relief Topical Product
1249762,SBDG,Lidopatch Topical Product
1599300,SBDG,LidoPro Patch Topical Product
1425509,SBDG,LidoPro Topical Product
2675623,SBDG,LidoPro Pain Relieving Patch Topical Product
1427001,SBDG,Lidostat Topical Product
1723995,SBDG,Lidotral Topical Product
2611976,SBDG,Lidotran Topical Product
1939339,SBDG,Lidozen Topical Product
1436082,SBDG,Lidum Rectal Product
1177367,SBDG,Lignospan Injectable Product
2120174,SBDG,Lipocaine Topical Product
1422106,SBDG,LMX Rectal Product
1174950,SBDG,LMX Topical Product
2474488,SBDG,Lydexa Topical Product
1357987,SBDG,Medi-Derm with Lidocaine Topical Product
1183440,SBDG,Oraqix Mucosal Product
1181808,SBDG,Pliaglis Topical Product
1544910,SBDG,Puroxcin Topical Product
1543716,SBDG,RadiaGuard Topical Product
1246687,SBDG,Recticare Rectal Product
1745454,SBDG,RectiCare Advance Cream Topical Product
1602017,SBDG,Recticare Wipes Medicated Pad or Tape
1602018,SBDG,Recticare Wipes Topical Product
1179599,SBDG,Regenecare Topical Product
1656326,SBDG,Relador Topical Product
1184817,SBDG,Solarcaine Topical Product
1291676,SBDG,Sonacaine Topical Product
1178428,SBDG,StaphAseptic Topical Product
1186059,SBDG,Synera Topical Product
1652107,SBDG,Topicaine Rectal Product
1651000,SBDG,Topicaine Topical Product
2740866,SBDG,Topicaine Ultra Topical Product
1872971,SBDG,Tranzarel Topical Product
2678308,SBDG,Tridacaine Topical Product
2669483,SBDG,Trifena Topical Product
1871452,SBDG,Uber Numb Topical Product
1372895,SBDG,Unburn Topical Product
1432486,SBDG,Xolido Topical Product
1186620,SBDG,Xylocaine Injectable Product
1186621,SBDG,Xylocaine Mucosal Product
1186622,SBDG,Xylocaine Topical Product
1186623,SBDG,Xylocaine with Epinephrine Injectable Product
1292876,SBDG,Zcaine Topical Product
1729172,SBDG,Zensa Rectal Product
1672972,SBDG,Zingo Injectable Product
2264106,SBDG,Zionodil Topical Product
2001438,SBDG,ZTlido Topical Product
2663499,SCDGP,lidocaine hydrochloride Injectable Product
2663566,SCDGP,lidocaine hydrochloride Medicated Pad or Tape
2659393,SCDGP,lidocaine hydrochloride Mucosal Product
2661615,SCDGP,lidocaine hydrochloride Ophthalmic Product
2659894,SCDGP,lidocaine hydrochloride Otic Product
2661056,SCDGP,lidocaine hydrochloride Rectal Product
2661923,SCDGP,lidocaine hydrochloride Topical Product
2663073,SCDGP,lidocaine hydrochloride Soap Product
2661335,SCDGP,allantoin / lidocaine hydrochloride Topical Product
2659852,SCDGP,benzalkonium chloride / lidocaine Topical Product
2659604,SCDGP,benzalkonium chloride / lidocaine hydrochloride Medicated Pad or Tape
2660236,SCDGP,benzalkonium chloride / lidocaine hydrochloride Topical Product
2660729,SCDGP,benzethonium chloride / lidocaine Topical Product
2659532,SCDGP,benzethonium chloride / lidocaine hydrochloride Topical Product
2660266,SCDGP,benzyl alcohol / lidocaine hydrochloride Topical Product
2659598,SCDGP,chlorhexidine gluconate / lidocaine hydrochloride Oral Liquid Product
2659516,SCDGP,chlorhexidine gluconate / lidocaine hydrochloride Oral Product
2661212,SCDGP,chlorhexidine gluconate / lidocaine hydrochloride Oral Spray Product
2661326,SCDGP,diclofenac sodium / lidocaine hydrochloride Topical Product
2659341,SCDGP,domiphen / lidocaine hydrochloride Lozenge Product
2662929,SCDGP,domiphen / lidocaine hydrochloride Oral Product
2661925,SCDGP,epinephrine / lidocaine hydrochloride Injectable Product
2661577,SCDGP,epinephrine / lidocaine hydrochloride Topical Product
2661115,SCDGP,epinephrine hydrochloride / lidocaine hydrochloride Rectal Product
2661951,SCDGP,epinephrine hydrochloride / lidocaine hydrochloride Topical Product
2659454,SCDGP,ethanol / lidocaine hydrochloride Medicated Pad or Tape
2660590,SCDGP,ethanol / lidocaine hydrochloride Topical Product
2661003,SCDGP,glycerin / lidocaine hydrochloride Topical Product
2662022,SCDGP,hydrocortisone / lidocaine hydrochloride Topical Product
2663286,SCDGP,hydrocortisone acetate / lidocaine hydrochloride Rectal Product
2661267,SCDGP,hydrocortisone acetate / lidocaine hydrochloride Topical Product
2744828,SCDGP,lidocaine / phenylephrine hydrochloride Medicated Pad or Tape
2662038,SCDGP,lidocaine / phenylephrine hydrochloride Rectal Product
2744827,SCDGP,lidocaine / phenylephrine hydrochloride Topical Product
2660314,SCDGP,lidocaine hydrochloride / methylprednisolone acetate Injectable Product
2659555,SCDGP,lidocaine hydrochloride / phenol Topical Product
2684983,SCDGP,lidocaine hydrochloride / phenylephrine hydrochloride Rectal Product
2662193,SCDGP,lidocaine hydrochloride / phenylephrine hydrochloride Topical Product
2659225,SCDGP,allantoin / benzethonium chloride / lidocaine hydrochloride Oral Gel Product
2659543,SCDGP,allantoin / benzethonium chloride / lidocaine hydrochloride Oral Product
2716715,SCDGP,bacitracin zinc / lidocaine / polymyxin B sulfate Topical Product
2669478,SCDGP,diclofenac sodium / lidocaine / menthol Topical Product
2663589,SCDGP,glycerin / lidocaine / phenylephrine hydrochloride Medicated Pad or Tape
2659703,SCDGP,glycerin / lidocaine / phenylephrine hydrochloride Topical Product
2662719,SCDGP,hydrocortisone / lidocaine hydrochloride / pramoxine hydrochloride Shampoo Product
2659692,SCDGP,lidocaine hydrochloride / phenylephrine hydrochloride / witch hazel Topical Product
2659196,SCDGP,capsaicin / lidocaine hydrochloride / menthol / methyl salicylate Topical Product
2661244,SCDGP,glycerin / lidocaine / petrolatum / phenylephrine hydrochloride Rectal Product
2661348,SCDGP,lidocaine / mineral oil / petrolatum / phenylephrine hydrochloride Topical Product
1098616,SCD,lidocaine 0.008 MG/MG Topical Gel
2001434,SCD,lidocaine 0.018 MG/MG Medicated Patch
2199665,SCD,lidocaine 0.035 MG/MG Medicated Patch
1737778,SCD,lidocaine 0.04 MG/MG Medicated Patch
1291672,SCD,lidocaine 0.04 MG/MG Topical Gel
2559400,SCD,lidocaine 0.04 MG/MG Topical Ointment
2680724,SCD,lidocaine 0.0488 MG/MG Medicated Patch
1745091,SCD,lidocaine 0.05 MG/MG Medicated Patch
1652104,SCD,lidocaine 0.05 MG/MG Rectal Gel
1543069,SCD,lidocaine 0.05 MG/MG Topical Ointment
1442274,SCD,lidocaine 5 MG/ML Topical Spray
1549223,SCD,lidocaine 10 MG/ML Topical Spray
106222,SCD,lidocaine 20 MG/ML Topical Cream
2373431,SCD,lidocaine 20 MG/ML Topical Spray
2049533,SCD,lidocaine 30 MG/ML Topical Cream
2607527,SCD,lidocaine 30 MG/ML Topical Solution
2199136,SCD,lidocaine 35 MG/ML Topical Lotion
2108915,SCD,lidocaine 39 MG/ML Topical Cream
2678387,SCD,lidocaine 40 MG/ML Rectal Cream
1421893,SCD,lidocaine 40 MG/ML Topical Cream
2599519,SCD,lidocaine 40 MG/ML Topical Lotion
2197844,SCD,lidocaine 40 MG/ML Topical Solution
1869797,SCD,lidocaine 40 MG/ML Topical Spray
2474635,SCD,lidocaine 50 MG Rectal Suppository
1366789,SCD,lidocaine 50 MG/ML Rectal Cream
2637486,SCD,lidocaine 50 MG/ML Rectal Spray
1534792,SCD,lidocaine 50 MG/ML Topical Cream
1191692,SCD,lidocaine 100 MG/ML Topical Spray
1535617,SCD,lidocaine hydrochloride 0.005 MG/MG Medicated Bar Soap
1011849,SCD,lidocaine hydrochloride 0.005 MG/MG Topical Gel
1012204,SCD,lidocaine hydrochloride 0.01 MG/MG Topical Gel
2000538,SCD,lidocaine hydrochloride 0.015 MG/MG Topical Gel
1011852,SCD,lidocaine hydrochloride 0.02 MG/MG Topical Gel
1009433,SCD,lidocaine hydrochloride 0.025 MG/MG Topical Gel
1009416,SCD,lidocaine hydrochloride 0.025 MG/MG Topical Ointment
2562183,SCD,lidocaine hydrochloride 0.028 MG/MG Topical Gel
1372891,SCD,lidocaine hydrochloride 0.03 MG/MG Topical Gel
1009462,SCD,lidocaine hydrochloride 0.035 MG/MG Ophthalmic Gel
2675768,SCD,lidocaine hydrochloride 0.0388 MG/MG Topical Gel
1012994,SCD,lidocaine hydrochloride 0.04 MG/MG Medicated Patch
1010077,SCD,lidocaine hydrochloride 0.04 MG/MG Topical Gel
1858984,SCD,lidocaine hydrochloride 0.04 MG/MG Topical Ointment
1245194,SCD,lidocaine hydrochloride 0.05 MG/MG Rectal Gel
1010057,SCD,lidocaine hydrochloride 0.05 MG/MG Topical Gel
1010296,SCD,lidocaine hydrochloride 0.05 MG/MG Topical Ointment
1010694,SCD,lidocaine hydrochloride 1 MG/ML Injectable Solution
1012019,SCD,lidocaine hydrochloride 2 MG/ML Injectable Solution
1737568,SCD,2 ML lidocaine hydrochloride 10 MG/ML Injection
1737757,SCD,2 ML lidocaine hydrochloride 20 MG/ML Injection
1011093,SCD,2 ML lidocaine hydrochloride 50 MG/ML Injection
1010900,SCD,lidocaine hydrochloride 5 MG/ML Injectable Solution
1010931,SCD,lidocaine hydrochloride 5 MG/ML Topical Spray
1737566,SCD,5 ML lidocaine hydrochloride 10 MG/ML Injection
1012066,SCD,5 ML lidocaine hydrochloride 10 MG/ML Prefilled Syringe
1737761,SCD,5 ML lidocaine hydrochloride 20 MG/ML Injection
1012068,SCD,5 ML lidocaine hydrochloride 20 MG/ML Prefilled Syringe
1010844,SCD,5 ML lidocaine hydrochloride 40 MG/ML Injection
1013004,SCD,lidocaine hydrochloride 6 MG/ML Injectable Solution
1010033,SCD,lidocaine hydrochloride 10 MG/ML Injectable Solution
1543712,SCD,lidocaine hydrochloride 10 MG/ML Topical Lotion
1737570,SCD,10 ML lidocaine hydrochloride 10 MG/ML Injection
1737640,SCD,10 ML lidocaine hydrochloride 15 MG/ML Injection
1737763,SCD,10 ML lidocaine hydrochloride 20 MG/ML Injection
2465730,SCD,lidocaine hydrochloride 15 MG/ML Topical Lotion
1010671,SCD,lidocaine hydrochloride 20 MG/ML Injectable Solution
1432482,SCD,lidocaine hydrochloride 20 MG/ML Topical Cream
1010774,SCD,lidocaine hydrochloride 20 MG/ML Topical Solution
1010769,SCD,lidocaine hydrochloride 20 MG/ML Topical Spray
1737636,SCD,20 ML lidocaine hydrochloride 15 MG/ML Injection
1545295,SCD,lidocaine hydrochloride 24.6 MG/ML Topical Spray
1012955,SCD,lidocaine hydrochloride 25 MG/ML Topical Solution
1190150,SCD,lidocaine hydrochloride 25 MG/ML Topical Spray
1811470,SCD,lidocaine hydrochloride 27.5 MG/ML Topical Lotion
2049016,SCD,lidocaine hydrochloride 30 MG/ML Medicated Pad
1010835,SCD,lidocaine hydrochloride 30 MG/ML Topical Cream
1010836,SCD,lidocaine hydrochloride 30 MG/ML Topical Lotion
1737562,SCD,30 ML lidocaine hydrochloride 10 MG/ML Injection
1593733,SCD,lidocaine hydrochloride 32.5 MG/ML Topical Cream
1600130,SCD,lidocaine hydrochloride 37.5 MG/ML Topical Cream
1723991,SCD,lidocaine hydrochloride 38.8 MG/ML Topical Cream
2604567,SCD,lidocaine hydrochloride 40 MG/ML Medicated Liquid Soap
1872886,SCD,lidocaine hydrochloride 40 MG/ML Medicated Pad
2595042,SCD,lidocaine hydrochloride 40 MG/ML Otic Solution
1010895,SCD,lidocaine hydrochloride 40 MG/ML Topical Cream
1796087,SCD,lidocaine hydrochloride 40 MG/ML Topical Lotion
1987647,SCD,lidocaine hydrochloride 40 MG/ML Topical Solution
1045432,SCD,lidocaine hydrochloride 40 MG/ML Topical Spray
1947197,SCD,lidocaine hydrochloride 41.2 MG/ML Topical Cream
1013002,SCD,lidocaine hydrochloride 50 MG/ML Rectal Cream
2624687,SCD,lidocaine hydrochloride 50 MG/ML Rectal Spray
1491882,SCD,lidocaine hydrochloride 50 MG/ML Topical Cream
2670601,SCD,lidocaine hydrochloride 50 MG/ML Topical Solution
1545290,SCD,lidocaine hydrochloride 50 MG/ML Topical Spray
1737343,SCD,50 ML lidocaine hydrochloride 5 MG/ML Injection
1010053,SCD,lidocaine hydrochloride 100 MG/ML Mucosal Spray
1737742,SCD,250 ML lidocaine hydrochloride 4 MG/ML Injection
1737723,SCD,250 ML lidocaine hydrochloride 8 MG/ML Injection
1012966,SCD,lidocaine hydrochloride 350 MG/ML Topical Spray
1737744,SCD,500 ML lidocaine hydrochloride 4 MG/ML Injection
1737735,SCD,500 ML lidocaine hydrochloride 8 MG/ML Injection
1011707,SCD,lidocaine hydrochloride 0.5 MG Jet Injector
1010739,SCD,lidocaine hydrochloride 20 MG/ML Mucous Membrane Topical Solution
1010878,SCD,lidocaine hydrochloride 40 MG/ML Mucous Membrane Topical Solution
1535618,SCD,allantoin 0.005 MG/MG / lidocaine hydrochloride 0.005 MG/MG Topical Ointment
2594492,SCD,allantoin 5 MG/ML / lidocaine hydrochloride 40 MG/ML Topical Cream
2629979,SCD,benzalkonium chloride 0.0013 MG/MG / lidocaine 0.04 MG/MG Topical Gel
1356071,SCD,benzalkonium chloride 1.3 MG/ML / lidocaine 40 MG/ML Topical Cream
2744608,SCD,benzalkonium chloride 1.3 MG/ML / lidocaine 40 MG/ML Topical Spray
2535510,SCD,benzalkonium chloride 0.0013 MG/MG / lidocaine hydrochloride 0.005 MG/MG Topical Gel
1431682,SCD,benzalkonium chloride 0.0013 MG/MG / lidocaine hydrochloride 0.02 MG/MG Topical Gel
2375042,SCD,benzalkonium chloride 0.0013 MG/MG / lidocaine hydrochloride 0.04 MG/MG Topical Gel
1539436,SCD,benzalkonium chloride 0.0013 MG/MG / lidocaine hydrochloride 0.04 MG/MG Topical Ointment
1246623,SCD,benzalkonium chloride 1 MG/ML / lidocaine hydrochloride 10 MG/ML Topical Spray
1423323,SCD,benzalkonium chloride 1 MG/ML / lidocaine hydrochloride 24 MG/ML Topical Spray
2702415,SCD,benzalkonium chloride 1 MG/ML / lidocaine hydrochloride 40 MG/ML Topical Spray
1374383,SCD,benzalkonium chloride 1.1 MG/ML / lidocaine hydrochloride 10 MG/ML Medicated Pad
1012100,SCD,benzalkonium chloride 1.3 MG/ML / lidocaine hydrochloride 5 MG/ML Topical Cream
1012081,SCD,benzalkonium chloride 1.3 MG/ML / lidocaine hydrochloride 20 MG/ML Topical Solution
1011839,SCD,benzalkonium chloride 1.3 MG/ML / lidocaine hydrochloride 25 MG/ML Topical Solution
1012099,SCD,benzalkonium chloride 1.3 MG/ML / lidocaine hydrochloride 25 MG/ML Topical Spray
2667922,SCD,benzalkonium chloride 1.3 MG/ML / lidocaine hydrochloride 40 MG/ML Medicated Pad
2047877,SCD,benzalkonium chloride 1.3 MG/ML / lidocaine hydrochloride 40 MG/ML Topical Spray
1545716,SCD,benzethonium chloride 2 MG/ML / lidocaine 40 MG/ML Topical Spray
1011843,SCD,benzethonium chloride 0.002 MG/MG / lidocaine hydrochloride 0.025 MG/MG Topical Gel
2727302,SCD,benzyl alcohol 0.1 ML/ML / lidocaine hydrochloride 0.04 MG/MG Topical Gel
1926513,SCD,benzyl alcohol 0.1 ML/ML / lidocaine hydrochloride 40 MG/ML Topical Cream
1943537,SCD,benzyl alcohol 0.1 ML/ML / lidocaine hydrochloride 40 MG/ML Topical Solution
2369354,SCD,benzyl alcohol 0.1 ML/ML / lidocaine hydrochloride 40 MG/ML Topical Spray
2700664,SCD,camphor 0.01 MG/MG / lidocaine 0.04 MG/MG Medicated Patch
2688023,SCD,camphor 105 MG/ML / lidocaine 40 MG/ML Topical Spray
2667457,SCD,capsaicin 0.00025 MG/MG / lidocaine 0.0475 MG/MG Medicated Patch
1654662,SCD,capsaicin 0.5 MG/ML / lidocaine 50 MG/ML Topical Cream
1733864,SCD,capsaicin 1 MG/ML / lidocaine 40 MG/ML Topical Cream
1011280,SCD,chlorhexidine gluconate 2 MG/ML / lidocaine hydrochloride 0.5 MG/ML Oral Spray
2600049,SCD,diclofenac sodium 0.01 MG/MG / lidocaine hydrochloride 0.045 MG/MG Topical Gel
2725633,SCD,diclofenac sodium 0.01 MG/MG / lidocaine hydrochloride 0.05 MG/MG Topical Gel
2632946,SCD,diclofenac sodium 0.0125 MG/MG / lidocaine hydrochloride 0.045 MG/MG Medicated Patch
1013014,SCD,domiphen 0.5 MG / lidocaine hydrochloride 5 MG Oral Lozenge
2719425,SCD,epinephrine 10 MG/ML / lidocaine 50 MG/ML Topical Cream
1116626,SCD,epinephrine 0.001 MG/MG / lidocaine hydrochloride 0.1 MG/MG Medicated Patch
1012155,SCD,epinephrine 0.002 MG/ML / lidocaine hydrochloride 20 MG/ML Injectable Solution
1010745,SCD,epinephrine 0.005 MG/ML / lidocaine hydrochloride 5 MG/ML Injectable Solution
1010751,SCD,epinephrine 0.01 MG/ML / lidocaine hydrochloride 10 MG/ML Injectable Solution
1010759,SCD,epinephrine 0.01 MG/ML / lidocaine hydrochloride 20 MG/ML Injectable Solution
1012169,SCD,epinephrine 0.0125 MG/ML / lidocaine hydrochloride 20 MG/ML Injectable Solution
1293648,SCD,1.7 ML epinephrine 0.01 MG/ML / lidocaine hydrochloride 20 MG/ML Cartridge
1657026,SCD,1.7 ML epinephrine 0.02 MG/ML / lidocaine hydrochloride 20 MG/ML Cartridge
1657016,SCD,1.8 ML epinephrine 0.02 MG/ML / lidocaine hydrochloride 20 MG/ML Cartridge
1867998,SCD,5 ML epinephrine 0.005 MG/ML / lidocaine hydrochloride 15 MG/ML Injection
1867938,SCD,10 ML epinephrine 0.005 MG/ML / lidocaine hydrochloride 10 MG/ML Injection
1867992,SCD,10 ML epinephrine 0.005 MG/ML / lidocaine hydrochloride 15 MG/ML Injection
1868028,SCD,10 ML epinephrine 0.005 MG/ML / lidocaine hydrochloride 20 MG/ML Injection
1010688,SCD,20 ML epinephrine 0.005 MG/ML / lidocaine hydrochloride 20 MG/ML Injection
1867943,SCD,30 ML epinephrine 0.005 MG/ML / lidocaine hydrochloride 10 MG/ML Injection
1867996,SCD,30 ML epinephrine 0.005 MG/ML / lidocaine hydrochloride 15 MG/ML Injection
1733890,SCD,epinephrine hydrochloride 0.0001 MG/MG / lidocaine hydrochloride 0.05 MG/MG Rectal Gel
2601579,SCD,epinephrine hydrochloride 0.1 MG/ML / lidocaine hydrochloride 50 MG/ML Rectal Spray
2462017,SCD,epinephrine hydrochloride 0.1 MG/ML / lidocaine hydrochloride 50 MG/ML Topical Spray
1190560,SCD,ethanol 0.5 ML/ML / lidocaine hydrochloride 20 MG/ML Medicated Pad
2684039,SCD,ethanol 0.566 ML/ML / lidocaine hydrochloride 20 MG/ML Medicated Pad
2719723,SCD,glycerin 0.2 MG/MG / lidocaine 0.04 MG/MG Topical Gel
1866218,SCD,glycerin 144 MG/ML / lidocaine 50 MG/ML Rectal Cream
2117860,SCD,glycerin 150 MG/ML / lidocaine 50 MG/ML Topical Cream
1602013,SCD,glycerin 200 MG/ML / lidocaine 43 MG/ML Medicated Pad
2637870,SCD,glycerin 0.2 MG/MG / lidocaine hydrochloride 0.04 MG/MG Topical Gel
2685535,SCD,hydrocortisone 5 MG/ML / lidocaine hydrochloride 30 MG/ML Topical Cream
2599635,SCD,hydrocortisone 10 MG/ML / lidocaine hydrochloride 30 MG/ML Topical Spray
1012216,SCD,hydrocortisone acetate 0.00275 MG/MG / lidocaine hydrochloride 0.05 MG/MG Topical Ointment
1012221,SCD,hydrocortisone acetate 0.0055 MG/MG / lidocaine hydrochloride 0.028 MG/MG Rectal Gel
1012223,SCD,hydrocortisone acetate 0.025 MG/MG / lidocaine hydrochloride 0.03 MG/MG Rectal Gel
1012362,SCD,hydrocortisone acetate 2 MG/ML / lidocaine hydrochloride 10 MG/ML Topical Spray
1012235,SCD,hydrocortisone acetate 5 MG/ML / lidocaine hydrochloride 30 MG/ML Rectal Cream
1012345,SCD,hydrocortisone acetate 5 MG/ML / lidocaine hydrochloride 30 MG/ML Topical Cream
1012238,SCD,hydrocortisone acetate 5 MG/ML / lidocaine hydrochloride 30 MG/ML Topical Lotion
2044886,SCD,hydrocortisone acetate 10 MG/ML / lidocaine hydrochloride 10 MG/ML Topical Cream
1012229,SCD,hydrocortisone acetate 10 MG/ML / lidocaine hydrochloride 30 MG/ML Rectal Cream
2683735,SCD,hydrocortisone acetate 10 MG/ML / lidocaine hydrochloride 38.8 MG/ML Topical Cream
2687694,SCD,hydrocortisone acetate 10 MG/ML / lidocaine hydrochloride 38.8 MG/ML Topical Lotion
2677462,SCD,hydrocortisone acetate 10 MG/ML / lidocaine hydrochloride 50 MG/ML Topical Cream
2689312,SCD,hydrocortisone acetate 10 MG/ML / lidocaine hydrochloride 50 MG/ML Topical Lotion
1012233,SCD,hydrocortisone acetate 20 MG/ML / lidocaine hydrochloride 20 MG/ML Rectal Cream
2102928,SCD,levomenthol 10 MG/ML / lidocaine 40 MG/ML Topical Cream
199105,SCD,lidocaine 0.02 MG/MG / menthol 0.01 MG/MG Topical Gel
2199672,SCD,lidocaine 0.035 MG/MG / menthol 0.07 MG/MG Medicated Patch
1792852,SCD,lidocaine 0.036 MG/MG / menthol 0.0125 MG/MG Medicated Patch
1249758,SCD,lidocaine 0.04 MG/MG / menthol 0.01 MG/MG Medicated Patch
1804176,SCD,lidocaine 0.04 MG/MG / menthol 0.01 MG/MG Topical Gel
1668245,SCD,lidocaine 0.04 MG/MG / menthol 0.01 MG/MG Topical Ointment
1649008,SCD,lidocaine 0.04 MG/MG / menthol 0.03 MG/MG Medicated Patch
1428948,SCD,lidocaine 0.04 MG/MG / menthol 0.04 MG/MG Medicated Patch
1552201,SCD,lidocaine 0.04 MG/MG / menthol 0.05 MG/MG Medicated Patch
1653326,SCD,lidocaine 0.045 MG/MG / menthol 0.05 MG/MG Medicated Patch
2199317,SCD,lidocaine 35 MG/ML / menthol 70 MG/ML Topical Lotion
252967,SCD,lidocaine 40 MG/ML / menthol 10 MG/ML Topical Solution
1595448,SCD,lidocaine 40 MG/ML / menthol 10 MG/ML Topical Spray
2675779,SCD,lidocaine 50 MG/ML / menthol 7 MG/ML Rectal Cream
1733859,SCD,lidocaine 0.05 MG/MG / petrolatum 0.6 MG/MG Topical Ointment
1733863,SCD,lidocaine 0.05 MG/MG / petrolatum 0.71 MG/MG Rectal Ointment
2673304,SCD,lidocaine 0.04 MG/MG / phenylephrine hydrochloride 0.0025 MG/MG Rectal Ointment
2621576,SCD,lidocaine 0.05 MG/MG / phenylephrine hydrochloride 0.0025 MG/MG Rectal Gel
2672354,SCD,lidocaine 0.05 MG/MG / phenylephrine hydrochloride 0.0025 MG/MG Rectal Ointment
2529640,SCD,lidocaine 40 MG/ML / phenylephrine hydrochloride 2.5 MG/ML Rectal Cream
2744830,SCD,lidocaine 50 MG/ML / phenylephrine hydrochloride 2.5 MG/ML Medicated Pad
1314136,SCD,lidocaine 50 MG/ML / phenylephrine hydrochloride 2.5 MG/ML Rectal Cream
2590656,SCD,lidocaine 50 MG/ML / phenylephrine hydrochloride 2.5 MG/ML Rectal Spray
197877,SCD,lidocaine 25 MG/ML / prilocaine 25 MG/ML Topical Cream
897114,SCD,lidocaine 25 MG/ML / prilocaine 25 MG/ML Mucous Membrane Topical Solution
644287,SCD,lidocaine 70 MG / tetracaine 70 MG Medicated Patch
687443,SCD,lidocaine 70 MG/ML / tetracaine 70 MG/ML Topical Cream
1189623,SCD,lidocaine hydrochloride 0.005 MG/MG / menthol 0.001 MG/MG Topical Gel
1361205,SCD,lidocaine hydrochloride 0.007 MG/MG / menthol 0.002 MG/MG Topical Gel
1373130,SCD,lidocaine hydrochloride 0.04 MG/MG / menthol 0.01 MG/MG Medicated Patch
1373137,SCD,lidocaine hydrochloride 0.04 MG/MG / menthol 0.01 MG/MG Topical Gel
2471955,SCD,lidocaine hydrochloride 0.04 MG/MG / menthol 0.01 MG/MG Topical Ointment
2572014,SCD,lidocaine hydrochloride 0.04 MG/MG / menthol 0.04 MG/MG Medicated Patch
2600301,SCD,lidocaine hydrochloride 0.04 MG/MG / menthol 0.05 MG/MG Medicated Patch
2690870,SCD,lidocaine hydrochloride 0.04 MG/MG / menthol 0.05 MG/MG Topical Gel
2257313,SCD,lidocaine hydrochloride 0.045 MG/MG / menthol 0.05 MG/MG Topical Gel
2598162,SCD,lidocaine hydrochloride 40 MG/ML / menthol 10 MG/ML Topical Lotion
2002008,SCD,lidocaine hydrochloride 40 MG/ML / menthol 10 MG/ML Topical Solution
1606988,SCD,lidocaine hydrochloride 40 MG/ML / menthol 10 MG/ML Topical Spray
2048005,SCD,lidocaine hydrochloride 40 MG/ML / menthol 40 MG/ML Topical Spray
2715395,SCD,lidocaine hydrochloride 40 MG/ML / menthol 50 MG/ML Topical Solution
2667468,SCD,lidocaine hydrochloride 50 MG/ML / menthol 30 MG/ML Topical Spray
1358498,SCD,lidocaine hydrochloride 10 MG/ML / methylprednisolone acetate 40 MG/ML Injectable Suspension
1426594,SCD,lidocaine hydrochloride 5 MG/ML / phenol 5 MG/ML Topical Cream
2637868,SCD,lidocaine hydrochloride 40 MG/ML / phenol 15 MG/ML Topical Spray
2684985,SCD,lidocaine hydrochloride 50 MG/ML / phenylephrine hydrochloride 2.5 MG/ML Rectal Cream
2168528,SCD,lidocaine hydrochloride 50 MG/ML / phenylephrine hydrochloride 2.5 MG/ML Topical Spray
1013001,SCD,lidocaine hydrochloride 50 MG/ML / phenylephrine hydrochloride 5 MG/ML Topical Spray
2566834,SCD,allantoin 0.02 MG/MG / benzethonium chloride 0.002 MG/MG / lidocaine hydrochloride 0.04 MG/MG Oral Gel
1595989,SCD,allantoin 0.02 MG/MG / lidocaine 0.05 MG/MG / petrolatum 0.3 MG/MG Medicated Patch
2716717,SCD,bacitracin zinc 0.5 UNT/MG / lidocaine 0.04 MG/MG / polymyxin B sulfate 10 UNT/MG Topical Ointment
2275621,SCD,benzocaine 200 MG/ML / lidocaine 40 MG/ML / tetracaine 10 MG/ML Topical Cream
2745308,SCD,camphor 0.002 MG/MG / lidocaine 0.04 MG/MG / menthol 0.005 MG/MG Medicated Patch
2287556,SCD,camphor 0.02 MG/MG / lidocaine 0.025 MG/MG / methyl salicylate 0.04 MG/MG Medicated Patch
2473373,SCD,camphor 0.02 MG/MG / lidocaine 0.04 MG/MG / methyl salicylate 0.04 MG/MG Medicated Patch
1608258,SCD,capsaicin 0.000375 MG/MG / lidocaine 0.01 MG/MG / menthol 0.05 MG/MG Medicated Patch
1987017,SCD,capsaicin 0.35 MG/ML / lidocaine 40 MG/ML / trolamine salicylate 100 MG/ML Topical Solution
2669480,SCD,diclofenac sodium 0.012 MG/MG / lidocaine 0.04 MG/MG / menthol 0.05 MG/MG Medicated Patch
1745438,SCD,glycerin 200 MG/ML / lidocaine 50 MG/ML / phenylephrine hydrochloride 2.5 MG/ML Medicated Pad
1537198,SCD,hydrocortisone 0.5 MG/ML / lidocaine hydrochloride 0.5 MG/ML / pramoxine hydrochloride 2.5 MG/ML Medicated Shampoo
2675022,SCD,lidocaine 0.04 MG/MG / menthol 0.005 MG/MG / methyl salicylate 0.001 MG/MG Medicated Patch
2623473,SCD,lidocaine 0.04 MG/MG / menthol 0.01 MG/MG / methyl salicylate 0.02 MG/MG Medicated Patch
1599163,SCD,lidocaine 0.04 MG/MG / menthol 0.02 MG/MG / methyl salicylate 0.16 MG/MG Medicated Patch
1599164,SCD,lidocaine 0.04 MG/MG / menthol 0.05 MG/MG / methyl salicylate 0.04 MG/MG Medicated Patch
2099775,SCD,lidocaine hydrochloride 50 MG/ML / phenylephrine hydrochloride 2.5 MG/ML / witch hazel 500 MG/ML Topical Spray
1098397,SCD,bacitracin 0.4 UNT/MG / lidocaine 0.04 MG/MG / neomycin 0.0035 MG/MG / polymyxin B 5 UNT/MG Topical Ointment
308498,SCD,bacitracin 0.5 UNT/MG / lidocaine 0.04 MG/MG / neomycin 0.0035 MG/MG / polymyxin B 10 UNT/MG Topical Ointment
2186001,SCD,camphor 0.03 MG/MG / dimethicone 0.03 MG/MG / lidocaine 0.04 MG/MG / menthol 0.01 MG/MG Topical Gel
2121931,SCD,camphor 0.012 MG/MG / lidocaine 0.04 MG/MG / menthol 0.03 MG/MG / methyl salicylate 0.09 MG/MG Medicated Patch
2107511,SCD,capsaicin 0.00025 MG/MG / lidocaine 0.04 MG/MG / menthol 0.05 MG/MG / methyl salicylate 0.2 MG/MG Medicated Patch
1361410,SCD,capsaicin 0.000325 MG/MG / lidocaine 0.045 MG/MG / menthol 0.1 MG/MG / methyl salicylate 0.275 MG/MG Topical Ointment
2001686,SCD,capsaicin 0.000375 MG/MG / lidocaine 0.04 MG/MG / menthol 0.05 MG/MG / methyl salicylate 0.2 MG/MG Medicated Patch
1876751,SCD,capsaicin 0.000375 MG/MG / lidocaine 0.04 MG/MG / menthol 0.1 MG/MG / methyl salicylate 0.2 MG/MG Topical Ointment
1422561,SCD,capsaicin 0.35 MG/ML / lidocaine 20 MG/ML / menthol 50 MG/ML / methyl salicylate 200 MG/ML Topical Cream
1601095,SCD,capsaicin 0.000325 MG/MG / lidocaine hydrochloride 0.04 MG/MG / menthol 0.1 MG/MG / methyl salicylate 0.275 MG/MG Topical Ointment
1356803,SCD,capsaicin 0.00035 MG/MG / lidocaine hydrochloride 0.005 MG/MG / menthol 0.05 MG/MG / methyl salicylate 0.2 MG/MG Medicated Patch
1020420,SCD,capsaicin 0.25 MG/ML / lidocaine hydrochloride 25 MG/ML / menthol 100 MG/ML / methyl salicylate 250 MG/ML Topical Lotion
2586855,SCD,glycerin 0.375 MG/MG / lanolin 0.125 MG/MG / lidocaine 0.04 MG/MG / zinc oxide 0.05 MG/MG Topical Ointment
2642220,SCD,glycerin 144 MG/ML / lidocaine 50 MG/ML / petrolatum 150 MG/ML / phenylephrine hydrochloride 2.5 MG/ML Rectal Cream
1745450,SCD,lidocaine 50 MG/ML / mineral oil 170 MG/ML / petrolatum 390 MG/ML / phenylephrine hydrochloride 2.5 MG/ML Topical Cream
2001439,SBD,lidocaine 0.018 MG/MG Medicated Patch [ZTlido]
2263892,SBD,lidocaine 0.04 MG/MG Medicated Patch [Lido King]
1858274,SBD,lidocaine 0.04 MG/MG Medicated Patch [Lidocare]
2717286,SBD,lidocaine 0.04 MG/MG Medicated Patch [Lidoguard Pain Relief]
1592290,SBD,lidocaine 0.04 MG/MG Topical Gel [Comfortcaine]
1291677,SBD,lidocaine 0.04 MG/MG Topical Gel [Sonacaine]
1651001,SBD,lidocaine 0.04 MG/MG Topical Gel [Topicaine]
1292877,SBD,lidocaine 0.04 MG/MG Topical Gel [Zcaine]
2642344,SBD,lidocaine 0.05 MG/MG Medicated Patch [Lidocan]
1011705,SBD,lidocaine 0.05 MG/MG Medicated Patch [Lidoderm]
2678310,SBD,lidocaine 0.05 MG/MG Medicated Patch [Tridacaine]
1652108,SBD,lidocaine 0.05 MG/MG Rectal Gel [Topicaine]
2108920,SBD,lidocaine 39 MG/ML Topical Cream [Kool-Down]
1422080,SBD,lidocaine 40 MG/ML Topical Cream [AneCream]
2118551,SBD,lidocaine 40 MG/ML Topical Cream [Bio-Kool]
1422172,SBD,lidocaine 40 MG/ML Topical Cream [Lidocream]
1422103,SBD,lidocaine 40 MG/ML Topical Cream [LMX]
1422078,SBD,lidocaine 50 MG/ML Rectal Cream [AneCream]
1366794,SBD,lidocaine 50 MG/ML Rectal Cream [Dr. Numb]
1436083,SBD,lidocaine 50 MG/ML Rectal Cream [Lidum]
1422107,SBD,lidocaine 50 MG/ML Rectal Cream [LMX]
1422546,SBD,lidocaine 50 MG/ML Rectal Cream [Recticare]
1729173,SBD,lidocaine 50 MG/ML Rectal Cream [Zensa]
2120175,SBD,lidocaine 50 MG/ML Topical Cream [Lipocaine]
1011851,SBD,lidocaine hydrochloride 0.005 MG/MG Topical Gel [Solarcaine]
1549447,SBD,lidocaine hydrochloride 0.02 MG/MG Topical Gel [Glydo]
2604879,SBD,lidocaine hydrochloride 0.02 MG/MG Topical Gel [Regenecare]
2740869,SBD,lidocaine hydrochloride 0.02 MG/MG Topical Gel [Topicaine Ultra]
1011854,SBD,lidocaine hydrochloride 0.02 MG/MG Topical Gel [Xylocaine]
1088235,SBD,lidocaine hydrochloride 0.025 MG/MG Topical Gel [Burn Jel Plus]
1372896,SBD,lidocaine hydrochloride 0.025 MG/MG Topical Gel [Unburn]
1011703,SBD,lidocaine hydrochloride 0.035 MG/MG Ophthalmic Gel [Akten]
2678305,SBD,lidocaine hydrochloride 0.0388 MG/MG Topical Gel [Bruselix]
2675772,SBD,lidocaine hydrochloride 0.0388 MG/MG Topical Gel [Lidotral]
1875237,SBD,lidocaine hydrochloride 0.04 MG/MG Topical Gel [Alocane]
1747492,SBD,lidocaine hydrochloride 0.04 MG/MG Topical Gel [Derma Numb]
1872972,SBD,lidocaine hydrochloride 0.04 MG/MG Topical Gel [Tranzarel]
1010298,SBD,lidocaine hydrochloride 0.05 MG/MG Topical Ointment [Xylocaine]
1737569,SBD,2 ML lidocaine hydrochloride 10 MG/ML Injection [Xylocaine]
1737758,SBD,2 ML lidocaine hydrochloride 20 MG/ML Injection [Xylocaine]
1010902,SBD,lidocaine hydrochloride 5 MG/ML Injectable Solution [Xylocaine]
1011767,SBD,lidocaine hydrochloride 5 MG/ML Topical Spray [Solarcaine]
1737567,SBD,5 ML lidocaine hydrochloride 10 MG/ML Injection [Xylocaine]
1737762,SBD,5 ML lidocaine hydrochloride 20 MG/ML Injection [Xylocaine]
1010035,SBD,lidocaine hydrochloride 10 MG/ML Injectable Solution [Xylocaine]
1543717,SBD,lidocaine hydrochloride 10 MG/ML Topical Lotion [RadiaGuard]
1737571,SBD,10 ML lidocaine hydrochloride 10 MG/ML Injection [Xylocaine]
1737641,SBD,10 ML lidocaine hydrochloride 15 MG/ML Injection [Xylocaine]
1737764,SBD,10 ML lidocaine hydrochloride 20 MG/ML Injection [Xylocaine]
1010673,SBD,lidocaine hydrochloride 20 MG/ML Injectable Solution [Xylocaine]
1432487,SBD,lidocaine hydrochloride 20 MG/ML Topical Cream [Xolido]
1012594,SBD,lidocaine hydrochloride 20 MG/ML Topical Spray [Regenecare]
1737637,SBD,20 ML lidocaine hydrochloride 15 MG/ML Injection [Xylocaine]
1545297,SBD,lidocaine hydrochloride 24.6 MG/ML Topical Spray [Hexa-Caine]
1487770,SBD,lidocaine hydrochloride 25 MG/ML Topical Spray [Unburn]
2264107,SBD,lidocaine hydrochloride 30 MG/ML Topical Lotion [Zionodil]
1737563,SBD,30 ML lidocaine hydrochloride 10 MG/ML Injection [Xylocaine]
2678114,SBD,lidocaine hydrochloride 38.8 MG/ML Topical Cream [Bruselix]
1723996,SBD,lidocaine hydrochloride 38.8 MG/ML Topical Cream [Lidotral]
2611978,SBD,lidocaine hydrochloride 38.8 MG/ML Topical Cream [Lidotran]
1872891,SBD,lidocaine hydrochloride 40 MG/ML Medicated Pad [Alocane]
1046512,SBD,lidocaine hydrochloride 40 MG/ML Topical Cream [Cutiecaine]
2716403,SBD,lidocaine hydrochloride 40 MG/ML Topical Cream [Lidoguard]
1427002,SBD,lidocaine hydrochloride 40 MG/ML Topical Cream [Lidostat]
1494601,SBD,lidocaine hydrochloride 40 MG/ML Topical Cream [Xolido]
2464334,SBD,lidocaine hydrochloride 40 MG/ML Topical Spray [Alocane]
2474489,SBD,lidocaine hydrochloride 41.2 MG/ML Topical Cream [Lydexa]
1871453,SBD,lidocaine hydrochloride 50 MG/ML Topical Cream [Uber Numb]
2684036,SBD,lidocaine hydrochloride 50 MG/ML Topical Spray [Lidotral]
1737345,SBD,50 ML lidocaine hydrochloride 5 MG/ML Injection [Xylocaine]
1011709,SBD,lidocaine hydrochloride 0.5 MG Jet Injector [Zingo]
1246113,SBD,lidocaine hydrochloride 40 MG/ML Mucous Membrane Topical Solution [Xylocaine]
1431687,SBD,benzalkonium chloride 0.0013 MG/MG / lidocaine hydrochloride 0.02 MG/MG Topical Gel [Cicloferon]
2587646,SBD,benzalkonium chloride 0.0013 MG/MG / lidocaine hydrochloride 0.04 MG/MG Topical Gel [Alocane Plus]
1539441,SBD,benzalkonium chloride 0.0013 MG/MG / lidocaine hydrochloride 0.04 MG/MG Topical Ointment [Alocane Plus]
1246628,SBD,benzalkonium chloride 1 MG/ML / lidocaine hydrochloride 10 MG/ML Topical Spray [Keepan]
1423328,SBD,benzalkonium chloride 1 MG/ML / lidocaine hydrochloride 24 MG/ML Topical Spray [Allercaine]
1235022,SBD,benzalkonium chloride 1.3 MG/ML / lidocaine hydrochloride 20 MG/ML Topical Solution [Band-Aid Hurt-Free]
1011983,SBD,benzalkonium chloride 1.3 MG/ML / lidocaine hydrochloride 25 MG/ML Topical Solution [Bactine]
2667926,SBD,benzalkonium chloride 1.3 MG/ML / lidocaine hydrochloride 40 MG/ML Medicated Pad [Alocane Max Strength]
2477939,SBD,benzalkonium chloride 1.3 MG/ML / lidocaine hydrochloride 40 MG/ML Topical Spray [Alocane Max Strength]
2047879,SBD,benzalkonium chloride 1.3 MG/ML / lidocaine hydrochloride 40 MG/ML Topical Spray [Bactine]
1011845,SBD,benzethonium chloride 0.002 MG/MG / lidocaine hydrochloride 0.025 MG/MG Topical Gel [StaphAseptic]
1010749,SBD,epinephrine 0.005 MG/ML / lidocaine hydrochloride 5 MG/ML Injectable Solution [Xylocaine with Epinephrine]
1010755,SBD,epinephrine 0.01 MG/ML / lidocaine hydrochloride 10 MG/ML Injectable Solution [Xylocaine with Epinephrine]
1010763,SBD,epinephrine 0.01 MG/ML / lidocaine hydrochloride 20 MG/ML Injectable Solution [Xylocaine with Epinephrine]
2739501,SBD,1.7 ML epinephrine 0.01 MG/ML / lidocaine hydrochloride 20 MG/ML Cartridge [Flavalta]
1011809,SBD,1.7 ML epinephrine 0.01 MG/ML / lidocaine hydrochloride 20 MG/ML Cartridge [Lignospan]
1608499,SBD,1.7 ML epinephrine 0.01 MG/ML / lidocaine hydrochloride 20 MG/ML Cartridge [Xylocaine with Epinephrine]
1011814,SBD,1.7 ML epinephrine 0.02 MG/ML / lidocaine hydrochloride 20 MG/ML Cartridge [Lignospan]
1010768,SBD,1.7 ML epinephrine 0.02 MG/ML / lidocaine hydrochloride 20 MG/ML Cartridge [Xylocaine with Epinephrine]
1867999,SBD,5 ML epinephrine 0.005 MG/ML / lidocaine hydrochloride 15 MG/ML Injection [Xylocaine with Epinephrine]
1867940,SBD,10 ML epinephrine 0.005 MG/ML / lidocaine hydrochloride 10 MG/ML Injection [Xylocaine with Epinephrine]
1867993,SBD,10 ML epinephrine 0.005 MG/ML / lidocaine hydrochloride 15 MG/ML Injection [Xylocaine with Epinephrine]
1868029,SBD,10 ML epinephrine 0.005 MG/ML / lidocaine hydrochloride 20 MG/ML Injection [Xylocaine with Epinephrine]
1010692,SBD,20 ML epinephrine 0.005 MG/ML / lidocaine hydrochloride 20 MG/ML Injection [Xylocaine with Epinephrine]
1867944,SBD,30 ML epinephrine 0.005 MG/ML / lidocaine hydrochloride 10 MG/ML Injection [Xylocaine with Epinephrine]
1867997,SBD,30 ML epinephrine 0.005 MG/ML / lidocaine hydrochloride 15 MG/ML Injection [Xylocaine with Epinephrine]
1602019,SBD,glycerin 200 MG/ML / lidocaine 43 MG/ML Medicated Pad [Recticare Wipes]
2637875,SBD,glycerin 0.2 MG/MG / lidocaine hydrochloride 0.04 MG/MG Topical Gel [Abreva Rapid Pain Relief]
1012327,SBD,hydrocortisone acetate 20 MG/ML / lidocaine hydrochloride 20 MG/ML Rectal Cream [Ana-Lex]
1739875,SBD,lidocaine 0.036 MG/MG / menthol 0.0125 MG/MG Medicated Patch [Lidopatch]
1249763,SBD,lidocaine 0.04 MG/MG / menthol 0.01 MG/MG Medicated Patch [Lidopatch]
2675625,SBD,lidocaine 0.04 MG/MG / menthol 0.01 MG/MG Medicated Patch [LidoPro Pain Relieving Patch]
2201504,SBD,lidocaine 0.04 MG/MG / menthol 0.01 MG/MG Medicated Patch [Lidozen]
1656327,SBD,lidocaine 25 MG/ML / prilocaine 25 MG/ML Topical Cream [Relador]
897117,SBD,lidocaine 25 MG/ML / prilocaine 25 MG/ML Mucous Membrane Topical Solution [Oraqix]
644290,SBD,lidocaine 70 MG / tetracaine 70 MG Medicated Patch [Synera]
728126,SBD,lidocaine 70 MG/ML / tetracaine 70 MG/ML Topical Cream [Pliaglis]
1373136,SBD,lidocaine hydrochloride 0.04 MG/MG / menthol 0.01 MG/MG Medicated Patch [Lenzapatch]
2592641,SBD,lidocaine hydrochloride 0.04 MG/MG / menthol 0.01 MG/MG Medicated Patch [Lidozen]
1549401,SBD,lidocaine hydrochloride 0.04 MG/MG / menthol 0.01 MG/MG Medicated Patch [Puroxcin]
1373142,SBD,lidocaine hydrochloride 0.04 MG/MG / menthol 0.01 MG/MG Topical Gel [Lenzagel]
1939340,SBD,lidocaine hydrochloride 0.04 MG/MG / menthol 0.01 MG/MG Topical Gel [Lidozen]
2716742,SBD,bacitracin zinc 0.5 UNT/MG / lidocaine 0.04 MG/MG / polymyxin B sulfate 10 UNT/MG Topical Ointment [Bactine Antibiotic]
2669486,SBD,diclofenac sodium 0.012 MG/MG / lidocaine 0.04 MG/MG / menthol 0.05 MG/MG Medicated Patch [Trifena]
2675024,SBD,lidocaine 0.04 MG/MG / menthol 0.005 MG/MG / methyl salicylate 0.001 MG/MG Medicated Patch [LidoPro Patch]
1599302,SBD,lidocaine 0.04 MG/MG / menthol 0.05 MG/MG / methyl salicylate 0.04 MG/MG Medicated Patch [LidoPro Patch]
1432541,SBD,capsaicin 0.35 MG/ML / lidocaine 20 MG/ML / menthol 50 MG/ML / methyl salicylate 200 MG/ML Topical Cream [Doloracin with Lidocaine]
1422563,SBD,capsaicin 0.35 MG/ML / lidocaine 20 MG/ML / menthol 50 MG/ML / methyl salicylate 200 MG/ML Topical Cream [Medi-Derm with Lidocaine]
1601097,SBD,capsaicin 0.000325 MG/MG / lidocaine hydrochloride 0.04 MG/MG / menthol 0.1 MG/MG / methyl salicylate 0.275 MG/MG Topical Ointment [LidoPro]
1745455,SBD,lidocaine 50 MG/ML / mineral oil 170 MG/ML / petrolatum 390 MG/ML / phenylephrine hydrochloride 2.5 MG/ML Topical Cream [RectiCare Advance Cream]
2118894,SCDF,amphetamine Disintegrating Oral Tablet
1739802,SCDF,amphetamine Extended Release Oral Tablet
1720585,SCDF,amphetamine Extended Release Suspension
370893,SCDF,amphetamine Oral Tablet
378856,SCDF,amphetamine / dextroamphetamine Extended Release Oral Capsule
376410,SCDF,amphetamine / dextroamphetamine Oral Tablet
2175794,SBDF,amphetamine Disintegrating Oral Tablet [Evekeo]
1739806,SBDF,amphetamine Extended Release Oral Tablet [Adzenys]
2585458,SBDF,amphetamine Extended Release Oral Tablet [Dyanavel]
1720589,SBDF,amphetamine Extended Release Suspension [Dyanavel]
1600697,SBDF,amphetamine Oral Tablet [Evekeo]
540479,SBDF,amphetamine / dextroamphetamine Extended Release Oral Capsule [Adderall]
1927613,SBDF,amphetamine / dextroamphetamine Extended Release Oral Capsule [Mydayis]
577959,SBDF,amphetamine / dextroamphetamine Oral Tablet [Adderall]
2648757,SCDFP,amphetamine sulfate Disintegrating Oral Tablet
2647800,SCDFP,amphetamine sulfate Oral Tablet
2647525,SCDFP,amphetamine aspartate / amphetamine sulfate / dextroamphetamine saccharate / dextroamphetamine sulfate Extended Release Oral Capsule
2649211,SCDFP,amphetamine aspartate / amphetamine sulfate / dextroamphetamine saccharate / dextroamphetamine sulfate Oral Tablet
2656291,SBDFP,amphetamine sulfate Disintegrating Oral Tablet [Evekeo]
2658175,SBDFP,amphetamine sulfate Oral Tablet [Evekeo]
2656795,SBDFP,amphetamine aspartate / amphetamine sulfate / dextroamphetamine saccharate / dextroamphetamine sulfate Extended Release Oral Capsule [Adderall]
2658681,SBDFP,amphetamine aspartate / amphetamine sulfate / dextroamphetamine saccharate / dextroamphetamine sulfate Extended Release Oral Capsule [Mydayis]
2656747,SBDFP,amphetamine aspartate / amphetamine sulfate / dextroamphetamine saccharate / dextroamphetamine sulfate Oral Tablet [Adderall]
2118893,SCDG,amphetamine Disintegrating Oral Product
1720584,SCDG,amphetamine Oral Liquid Product
1152906,SCDG,amphetamine Oral Product
1152907,SCDG,amphetamine Pill
1152902,SCDG,amphetamine / dextroamphetamine Oral Product
1152903,SCDG,amphetamine / dextroamphetamine Pill
1170619,SBDG,Adderall Oral Product
1170620,SBDG,Adderall Pill
1739807,SBDG,Adzenys Oral Product
1739808,SBDG,Adzenys Pill
1720590,SBDG,Dyanavel Oral Liquid Product
1720591,SBDG,Dyanavel Oral Product
2585457,SBDG,Dyanavel Pill
2175795,SBDG,Evekeo Disintegrating Oral Product
1600691,SBDG,Evekeo Oral Product
1600692,SBDG,Evekeo Pill
1927614,SBDG,Mydayis Oral Product
1927615,SBDG,Mydayis Pill
2662864,SCDGP,amphetamine sulfate Disintegrating Oral Product
2659404,SCDGP,amphetamine sulfate Oral Product
2659484,SCDGP,amphetamine sulfate Pill
2663336,SCDGP,amphetamine aspartate / amphetamine sulfate / dextroamphetamine saccharate / dextroamphetamine sulfate Oral Product
2661494,SCDGP,amphetamine aspartate / amphetamine sulfate / dextroamphetamine saccharate / dextroamphetamine sulfate Pill
1945840,SCD,amphetamine 1.25 MG/ML Extended Release Suspension
1720586,SCD,24 HR amphetamine 2.5 MG/ML Extended Release Suspension
1739825,SCD,24 HR amphetamine 3.1 MG Extended Release Oral Tablet
2585473,SCD,24 HR amphetamine 5 MG Extended Release Oral Tablet
1739831,SCD,24 HR amphetamine 6.3 MG Extended Release Oral Tablet
1739837,SCD,24 HR amphetamine 9.4 MG Extended Release Oral Tablet
2585460,SCD,24 HR amphetamine 10 MG Extended Release Oral Tablet
1739803,SCD,24 HR amphetamine 12.5 MG Extended Release Oral Tablet
2585462,SCD,24 HR amphetamine 15 MG Extended Release Oral Tablet
1739813,SCD,24 HR amphetamine 15.7 MG Extended Release Oral Tablet
1739819,SCD,24 HR amphetamine 18.8 MG Extended Release Oral Tablet
2585468,SCD,24 HR amphetamine 20 MG Extended Release Oral Tablet
2118895,SCD,amphetamine sulfate 5 MG Disintegrating Oral Tablet
884655,SCD,amphetamine sulfate 5 MG Oral Tablet
2118896,SCD,amphetamine sulfate 10 MG Disintegrating Oral Tablet
1600695,SCD,amphetamine sulfate 10 MG Oral Tablet
2118898,SCD,amphetamine sulfate 15 MG Disintegrating Oral Tablet
2118900,SCD,amphetamine sulfate 20 MG Disintegrating Oral Tablet
541878,SCD,amphetamine aspartate 1.25 MG / amphetamine sulfate 1.25 MG / dextroamphetamine saccharate 1.25 MG / dextroamphetamine sulfate 1.25 MG Oral Tablet
1009145,SCD,amphetamine aspartate 1.875 MG / amphetamine sulfate 1.875 MG / dextroamphetamine saccharate 1.875 MG / dextroamphetamine sulfate 1.875 MG Oral Tablet
541892,SCD,amphetamine aspartate 2.5 MG / amphetamine sulfate 2.5 MG / dextroamphetamine saccharate 2.5 MG / dextroamphetamine sulfate 2.5 MG Oral Tablet
687043,SCD,amphetamine aspartate 3.125 MG / amphetamine sulfate 3.125 MG / dextroamphetamine saccharate 3.125 MG / dextroamphetamine sulfate 3.125 MG Oral Tablet
577957,SCD,amphetamine aspartate 3.75 MG / amphetamine sulfate 3.75 MG / dextroamphetamine saccharate 3.75 MG / dextroamphetamine sulfate 3.75 MG Oral Tablet
577961,SCD,amphetamine aspartate 5 MG / amphetamine sulfate 5 MG / dextroamphetamine saccharate 5 MG / dextroamphetamine sulfate 5 MG Oral Tablet
541363,SCD,amphetamine aspartate 7.5 MG / amphetamine sulfate 7.5 MG / dextroamphetamine saccharate 7.5 MG / dextroamphetamine sulfate 7.5 MG Oral Tablet
861237,SCD,24 HR amphetamine aspartate 1.25 MG / amphetamine sulfate 1.25 MG / dextroamphetamine saccharate 1.25 MG / dextroamphetamine sulfate 1.25 MG Extended Release Oral Capsule
861221,SCD,24 HR amphetamine aspartate 2.5 MG / amphetamine sulfate 2.5 MG / dextroamphetamine saccharate 2.5 MG / dextroamphetamine sulfate 2.5 MG Extended Release Oral Capsule
861223,SCD,24 HR amphetamine aspartate 3.75 MG / amphetamine sulfate 3.75 MG / dextroamphetamine saccharate 3.75 MG / dextroamphetamine sulfate 3.75 MG Extended Release Oral Capsule
861225,SCD,24 HR amphetamine aspartate 5 MG / amphetamine sulfate 5 MG / dextroamphetamine saccharate 5 MG / dextroamphetamine sulfate 5 MG Extended Release Oral Capsule
861227,SCD,24 HR amphetamine aspartate 6.25 MG / amphetamine sulfate 6.25 MG / dextroamphetamine saccharate 6.25 MG / dextroamphetamine sulfate 6.25 MG Extended Release Oral Capsule
861232,SCD,24 HR amphetamine aspartate 7.5 MG / amphetamine sulfate 7.5 MG / dextroamphetamine saccharate 7.5 MG / dextroamphetamine sulfate 7.5 MG Extended Release Oral Capsule
1927630,SCD,3-Bead 24 HR amphetamine aspartate 3.125 MG / amphetamine sulfate 3.125 MG / dextroamphetamine saccharate 3.125 MG / dextroamphetamine sulfate 3.125 MG Extended Release Oral Capsule
1927617,SCD,3-Bead 24 HR amphetamine aspartate 6.25 MG / amphetamine sulfate 6.25 MG / dextroamphetamine saccharate 6.25 MG / dextroamphetamine sulfate 6.25 MG Extended Release Oral Capsule
1927637,SCD,3-Bead 24 HR amphetamine aspartate 9.375 MG / amphetamine sulfate 9.375 MG / dextroamphetamine saccharate 9.375 MG / dextroamphetamine sulfate 9.375 MG Extended Release Oral Capsule
1927610,SCD,3-Bead 24 HR amphetamine aspartate 12.5 MG / amphetamine sulfate 12.5 MG / dextroamphetamine saccharate 12.5 MG / dextroamphetamine sulfate 12.5 MG Extended Release Oral Capsule
1720592,SBD,24 HR amphetamine 2.5 MG/ML Extended Release Suspension [Dyanavel]
1739827,SBD,24 HR amphetamine 3.1 MG Extended Release Oral Tablet [Adzenys]
2585476,SBD,24 HR amphetamine 5 MG Extended Release Oral Tablet [Dyanavel]
1739833,SBD,24 HR amphetamine 6.3 MG Extended Release Oral Tablet [Adzenys]
1739839,SBD,24 HR amphetamine 9.4 MG Extended Release Oral Tablet [Adzenys]
2585461,SBD,24 HR amphetamine 10 MG Extended Release Oral Tablet [Dyanavel]
1739809,SBD,24 HR amphetamine 12.5 MG Extended Release Oral Tablet [Adzenys]
2585465,SBD,24 HR amphetamine 15 MG Extended Release Oral Tablet [Dyanavel]
1739815,SBD,24 HR amphetamine 15.7 MG Extended Release Oral Tablet [Adzenys]
1739821,SBD,24 HR amphetamine 18.8 MG Extended Release Oral Tablet [Adzenys]
2585471,SBD,24 HR amphetamine 20 MG Extended Release Oral Tablet [Dyanavel]
2175894,SBD,amphetamine sulfate 5 MG Disintegrating Oral Tablet [Evekeo]
1600700,SBD,amphetamine sulfate 5 MG Oral Tablet [Evekeo]
2175796,SBD,amphetamine sulfate 10 MG Disintegrating Oral Tablet [Evekeo]
1600698,SBD,amphetamine sulfate 10 MG Oral Tablet [Evekeo]
2175891,SBD,amphetamine sulfate 15 MG Disintegrating Oral Tablet [Evekeo]
2175893,SBD,amphetamine sulfate 20 MG Disintegrating Oral Tablet [Evekeo]
541879,SBD,amphetamine aspartate 1.25 MG / amphetamine sulfate 1.25 MG / dextroamphetamine saccharate 1.25 MG / dextroamphetamine sulfate 1.25 MG Oral Tablet [Adderall]
1009147,SBD,amphetamine aspartate 1.875 MG / amphetamine sulfate 1.875 MG / dextroamphetamine saccharate 1.875 MG / dextroamphetamine sulfate 1.875 MG Oral Tablet [Adderall]
541894,SBD,amphetamine aspartate 2.5 MG / amphetamine sulfate 2.5 MG / dextroamphetamine saccharate 2.5 MG / dextroamphetamine sulfate 2.5 MG Oral Tablet [Adderall]
687045,SBD,amphetamine aspartate 3.125 MG / amphetamine sulfate 3.125 MG / dextroamphetamine saccharate 3.125 MG / dextroamphetamine sulfate 3.125 MG Oral Tablet [Adderall]
577960,SBD,amphetamine aspartate 3.75 MG / amphetamine sulfate 3.75 MG / dextroamphetamine saccharate 3.75 MG / dextroamphetamine sulfate 3.75 MG Oral Tablet [Adderall]
577962,SBD,amphetamine aspartate 5 MG / amphetamine sulfate 5 MG / dextroamphetamine saccharate 5 MG / dextroamphetamine sulfate 5 MG Oral Tablet [Adderall]
541365,SBD,amphetamine aspartate 7.5 MG / amphetamine sulfate 7.5 MG / dextroamphetamine saccharate 7.5 MG / dextroamphetamine sulfate 7.5 MG Oral Tablet [Adderall]
861238,SBD,24 HR amphetamine aspartate 1.25 MG / amphetamine sulfate 1.25 MG / dextroamphetamine saccharate 1.25 MG / dextroamphetamine sulfate 1.25 MG Extended Release Oral Capsule [Adderall]
861222,SBD,24 HR amphetamine aspartate 2.5 MG / amphetamine sulfate 2.5 MG / dextroamphetamine saccharate 2.5 MG / dextroamphetamine sulfate 2.5 MG Extended Release Oral Capsule [Adderall]
861224,SBD,24 HR amphetamine aspartate 3.75 MG / amphetamine sulfate 3.75 MG / dextroamphetamine saccharate 3.75 MG / dextroamphetamine sulfate 3.75 MG Extended Release Oral Capsule [Adderall]
861226,SBD,24 HR amphetamine aspartate 5 MG / amphetamine sulfate 5 MG / dextroamphetamine saccharate 5 MG / dextroamphetamine sulfate 5 MG Extended Release Oral Capsule [Adderall]
861228,SBD,24 HR amphetamine aspartate 6.25 MG / amphetamine sulfate 6.25 MG / dextroamphetamine saccharate 6.25 MG / dextroamphetamine sulfate 6.25 MG Extended Release Oral Capsule [Adderall]
861233,SBD,24 HR amphetamine aspartate 7.5 MG / amphetamine sulfate 7.5 MG / dextroamphetamine saccharate 7.5 MG / dextroamphetamine sulfate 7.5 MG Extended Release Oral Capsule [Adderall]
1927632,SBD,3-Bead 24 HR amphetamine aspartate 3.125 MG / amphetamine sulfate 3.125 MG / dextroamphetamine saccharate 3.125 MG / dextroamphetamine sulfate 3.125 MG Extended Release Oral Capsule [Mydayis]
1927619,SBD,3-Bead 24 HR amphetamine aspartate 6.25 MG / amphetamine sulfate 6.25 MG / dextroamphetamine saccharate 6.25 MG / dextroamphetamine sulfate 6.25 MG Extended Release Oral Capsule [Mydayis]
1927639,SBD,3-Bead 24 HR amphetamine aspartate 9.375 MG / amphetamine sulfate 9.375 MG / dextroamphetamine saccharate 9.375 MG / dextroamphetamine sulfate 9.375 MG Extended Release Oral Capsule [Mydayis]
1927616,SBD,3-Bead 24 HR amphetamine aspartate 12.5 MG / amphetamine sulfate 12.5 MG / dextroamphetamine saccharate 12.5 MG / dextroamphetamine sulfate 12.5 MG Extended Release Oral Capsule [Mydayis]
379140,SCDF,betaxolol Ophthalmic Suspension
2108340,SCDF,racepinephrine Inhalation Solution
377513,SCDF,salicylic acid Medicated Shampoo
373860,SCDF,"docusate / sennosides, USP Oral Tablet"
800924,SCDF,"magnesium chloride / potassium chloride / potassium phosphate / sodium acetate / sodium chloride / sodium gluconate / sodium phosphate, dibasic Injectable Solution"
91990,SBDF,betaxolol Ophthalmic Suspension [Betoptic S]
753519,SBDF,menthol Oral Lozenge [Luden's]
2108370,SBDF,racepinephrine Inhalation Solution [S-2]
362489,SBDF,salicylic acid Medicated Shampoo [P & S]
367948,SBDF,"docusate / sennosides, USP Oral Tablet [SENOKOT-S]"
2612085,SBDF,estradiol / progesterone Drug Implant [Synovex S]
800927,SBDF,"magnesium chloride / potassium chloride / potassium phosphate / sodium acetate / sodium chloride / sodium gluconate / sodium phosphate, dibasic Injectable Solution [Isolyte S]"
2649201,SCDFP,"docusate sodium / sennosides, USP Oral Tablet"
2646270,SCDFP,"magnesium chloride / monobasic potassium phosphate / potassium chloride / sodium acetate / sodium chloride / sodium gluconate / sodium phosphate, dibasic Injectable Solution"
2655038,SBDFP,"docusate sodium / sennosides, USP Oral Tablet [SENOKOT-S]"
2654458,SBDFP,estradiol 3-benzoate / progesterone Drug Implant [Synovex S]
2657816,SBDFP,"magnesium chloride / monobasic potassium phosphate / potassium chloride / sodium acetate / sodium chloride / sodium gluconate / sodium phosphate, dibasic Injectable Solution [Isolyte S]"
1153806,SCDG,betaxolol Ophthalmic Product
1164800,SCDG,racepinephrine Inhalant Product
1295328,SCDG,salicylic acid Shampoo Product
1160195,SCDG,"docusate / sennosides, USP Oral Product"
1160196,SCDG,"docusate / sennosides, USP Pill"
1156960,SCDG,"magnesium chloride / potassium chloride / potassium phosphate / sodium acetate / sodium chloride / sodium gluconate / sodium phosphate, dibasic Injectable Product"
1173615,SBDG,Betoptic S Ophthalmic Product
1166634,SBDG,Isolyte S Injectable Product
1296324,SBDG,Luden's Lozenge Product
1181458,SBDG,Luden's Oral Product
1297061,SBDG,P & S Shampoo Product
1183640,SBDG,S-2 Inhalant Product
1184172,SBDG,SENOKOT-S Oral Product
1184173,SBDG,SENOKOT-S Pill
2612084,SBDG,Synovex S Drug Implant Product
2660390,SCDGP,"docusate sodium / sennosides, USP Oral Product"
2660734,SCDGP,"docusate sodium / sennosides, USP Pill"
2659509,SCDGP,"magnesium chloride / monobasic potassium phosphate / potassium chloride / sodium acetate / sodium chloride / sodium gluconate / sodium phosphate, dibasic Injectable Product"
308719,SCD,betaxolol 2.5 MG/ML Ophthalmic Suspension
310133,SCD,racepinephrine 22.5 MG/ML Inhalation Solution
312893,SCD,salicylic acid 0.06 MG/MG Topical Gel
2109053,SCD,salicylic acid 2 MG/ML Medicated Shampoo
1537337,SCD,salicylic acid 2.5 MG/ML Medicated Shampoo
2712480,SCD,salicylic acid 10 MG/ML Medicated Shampoo
205173,SCD,salicylic acid 18 MG/ML Medicated Shampoo
1941594,SCD,salicylic acid 18.5 MG/ML Medicated Shampoo
205104,SCD,salicylic acid 20 MG/ML Medicated Shampoo
2739505,SCD,salicylic acid 22 MG/ML Medicated Shampoo
2586423,SCD,salicylic acid 25 MG/ML Medicated Shampoo
205023,SCD,salicylic acid 30 MG/ML Medicated Shampoo
242139,SCD,salicylic acid 50 MG/ML Medicated Shampoo
667904,SCD,salicylic acid 60 MG/ML Medicated Shampoo
1235252,SCD,"docusate sodium 8.33 MG / sennosides, USP 1.36 MG Oral Tablet"
998740,SCD,"docusate sodium 50 MG / sennosides, USP 8.6 MG Oral Tablet"
800925,SCD,"magnesium chloride 0.00148 MEQ/ML / monobasic potassium phosphate 0.0082 MG/ML / potassium chloride 0.00497 MEQ/ML / sodium acetate 0.0272 MEQ/ML / sodium chloride 0.0906 MEQ/ML / sodium gluconate 5 MG/ML / sodium phosphate, dibasic 0.12 MG/ML Injectable Solution"
213729,SBD,betaxolol 2.5 MG/ML Ophthalmic Suspension [Betoptic S]
212349,SBD,racepinephrine 22.5 MG/ML Inhalation Solution [Asthmanefrin]
863968,SBD,racepinephrine 22.5 MG/ML Inhalation Solution [S-2]
212332,SBD,salicylic acid 0.06 MG/MG Topical Gel [Keralyt]
2672367,SBD,salicylic acid 0.06 MG/MG Topical Gel [Salyntra]
1091403,SBD,salicylic acid 18 MG/ML Medicated Shampoo [Everclean]
212584,SBD,salicylic acid 20 MG/ML Medicated Shampoo [Ionil Plus]
212586,SBD,salicylic acid 20 MG/ML Medicated Shampoo [P & S]
2729287,SBD,salicylic acid 20 MG/ML Medicated Shampoo [Rogaine Anti-Dandruff]
1996196,SBD,salicylic acid 20 MG/ML Medicated Shampoo [Selsun Blue Naturals]
1303358,SBD,salicylic acid 30 MG/ML Medicated Shampoo [Denorex Extra Strength Reformulated Aug 2012]
212318,SBD,salicylic acid 30 MG/ML Medicated Shampoo [DHS Salicylic Acid 3%]
1744041,SBD,salicylic acid 30 MG/ML Medicated Shampoo [MG217 Psoriasis Salicylic Acid]
2467167,SBD,salicylic acid 30 MG/ML Medicated Shampoo [Nizoral Psoriasis]
1299653,SBD,salicylic acid 30 MG/ML Medicated Shampoo [Selsun Blue Naturals]
1442520,SBD,salicylic acid 50 MG/ML Medicated Shampoo [Keralyt]
999618,SBD,salicylic acid 60 MG/ML Medicated Shampoo [Keralyt]
1872920,SBD,"docusate sodium 50 MG / sennosides, USP 8.6 MG Oral Tablet [Colace w/Sennosides]"
2106884,SBD,"docusate sodium 50 MG / sennosides, USP 8.6 MG Oral Tablet [Laxacin]"
1248013,SBD,"docusate sodium 50 MG / sennosides, USP 8.6 MG Oral Tablet [Senexon S]"
1248015,SBD,"docusate sodium 50 MG / sennosides, USP 8.6 MG Oral Tablet [SENOKOT-S]"
1248017,SBD,"docusate sodium 50 MG / sennosides, USP 8.6 MG Oral Tablet [SenoSol-SS]"
800928,SBD,"magnesium chloride 0.00148 MEQ/ML / monobasic potassium phosphate 0.0082 MG/ML / potassium chloride 0.00497 MEQ/ML / sodium acetate 0.0272 MEQ/ML / sodium chloride 0.0906 MEQ/ML / sodium gluconate 5 MG/ML / sodium phosphate, dibasic 0.12 MG/ML Injectable Solution [Isolyte S]"
866892,GPCK,{1 (60000 MG) (salicylic acid 0.06 MG/MG Topical Gel) / 1 (160 ML) (salicylic acid 60 MG/ML Medicated Shampoo) } Pack
883501,BPCK,{1 (60000 MG) (salicylic acid 0.06 MG/MG Topical Gel [Keralyt]) / 1 (160 ML) (salicylic acid 60 MG/ML Medicated Shampoo [Keralyt]) } Pack [Keralyt Scalp]
852841,SCDF,hog skin extract Injectable Solution
1159518,SCDG,hog skin extract Injectable Product
2057911,SCD,hog skin extract 1 MG/ML Injectable Solution
2057913,SCD,hog skin extract 2 MG/ML Injectable Solution
852842,SCD,hog skin extract 50 MG/ML Injectable Solution
889660,SCD,hog skin extract 100 MG/ML Injectable Solution
889658,SCD,hog skin extract 10000 UNT/ML Injectable Solution
889656,SCD,hog skin extract 20000 UNT/ML Injectable Solution
370608,SCDF,aspartic acid Oral Capsule
1919506,SCDF,durvalumab Injection
1919510,SBDF,durvalumab Injection [Imfinzi]
1919505,SCDG,durvalumab Injectable Product
1919511,SBDG,Imfinzi Injectable Product
1919507,SCD,2.4 ML durvalumab 50 MG/ML Injection
1919515,SCD,10 ML durvalumab 50 MG/ML Injection
1919512,SBD,2.4 ML durvalumab 50 MG/ML Injection [Imfinzi]
1919516,SBD,10 ML durvalumab 50 MG/ML Injection [Imfinzi]
2708989,SCDF,buspirone Oral Capsule
371164,SCDF,buspirone Oral Tablet
2714178,SBDF,buspirone Oral Capsule [Bucapsol]
367701,SBDF,buspirone Oral Tablet [Buspar]
2708990,SCDFP,buspirone hydrochloride Oral Capsule
2648765,SCDFP,buspirone hydrochloride Oral Tablet
2714179,SBDFP,buspirone hydrochloride Oral Capsule [Bucapsol]
2654173,SBDFP,buspirone hydrochloride Oral Tablet [Buspar]
1151372,SCDG,buspirone Oral Product
1151373,SCDG,buspirone Pill
2714176,SBDG,Bucapsol Oral Product
2714177,SBDG,Bucapsol Pill
1168700,SBDG,Buspar Oral Product
1168701,SBDG,Buspar Pill
2660696,SCDGP,buspirone hydrochloride Oral Product
2662536,SCDGP,buspirone hydrochloride Pill
2744290,SCD,buspirone hydrochloride 2.5 MG Oral Tablet
866094,SCD,buspirone hydrochloride 5 MG Oral Tablet
2708994,SCD,buspirone hydrochloride 7.5 MG Oral Capsule
866111,SCD,buspirone hydrochloride 7.5 MG Oral Tablet
2708991,SCD,buspirone hydrochloride 10 MG Oral Capsule
866083,SCD,buspirone hydrochloride 10 MG Oral Tablet
2744292,SCD,buspirone hydrochloride 12.5 MG Oral Tablet
2708993,SCD,buspirone hydrochloride 15 MG Oral Capsule
866018,SCD,buspirone hydrochloride 15 MG Oral Tablet
866090,SCD,buspirone hydrochloride 30 MG Oral Tablet
2714180,SBD,buspirone hydrochloride 7.5 MG Oral Capsule [Bucapsol]
2714182,SBD,buspirone hydrochloride 10 MG Oral Capsule [Bucapsol]
2714184,SBD,buspirone hydrochloride 15 MG Oral Capsule [Bucapsol]
866088,SBD,buspirone hydrochloride 15 MG Oral Tablet [Buspar]
2667338,SCDF,vedolizumab Auto-Injector
1656996,SCDF,vedolizumab Injection
2667331,SCDF,vedolizumab Prefilled Syringe
2667341,SBDF,vedolizumab Auto-Injector [Entyvio]
1656999,SBDF,vedolizumab Injection [Entyvio]
2667335,SBDF,vedolizumab Prefilled Syringe [Entyvio]
1538135,SCDG,vedolizumab Injectable Product
1538141,SBDG,Entyvio Injectable Product
2667339,SCD,0.68 ML vedolizumab 159 MG/ML Auto-Injector
2667332,SCD,0.68 ML vedolizumab 159 MG/ML Prefilled Syringe
1538137,SCD,vedolizumab 300 MG Injection
2667342,SBD,0.68 ML vedolizumab 159 MG/ML Auto-Injector [Entyvio]
2667336,SBD,0.68 ML vedolizumab 159 MG/ML Prefilled Syringe [Entyvio]
1538142,SBD,vedolizumab 300 MG Injection [Entyvio]
371751,SCDF,dextroamphetamine Extended Release Oral Capsule
757335,SCDF,dextroamphetamine Oral Solution
371753,SCDF,dextroamphetamine Oral Tablet
2624700,SCDF,dextroamphetamine Transdermal System
880426,SBDF,dextroamphetamine Extended Release Oral Capsule [Dexedrine]
847178,SBDF,dextroamphetamine Oral Solution [ProCentra]
369176,SBDF,dextroamphetamine Oral Tablet [Dexedrine]
1425334,SBDF,dextroamphetamine Oral Tablet [Zenzedi]
2624707,SBDF,dextroamphetamine Transdermal System [Xelstrym]
2649334,SCDFP,dextroamphetamine sulfate Extended Release Oral Capsule
2649051,SCDFP,dextroamphetamine sulfate Oral Solution
2647496,SCDFP,dextroamphetamine sulfate Oral Tablet
2654914,SBDFP,dextroamphetamine sulfate Extended Release Oral Capsule [Dexedrine]
2655145,SBDFP,dextroamphetamine sulfate Oral Solution [ProCentra]
2654487,SBDFP,dextroamphetamine sulfate Oral Tablet [Dexedrine]
2656743,SBDFP,dextroamphetamine sulfate Oral Tablet [Zenzedi]
1154564,SCDG,dextroamphetamine Oral Liquid Product
1154565,SCDG,dextroamphetamine Oral Product
2624698,SCDG,dextroamphetamine Topical Product
2624699,SCDG,dextroamphetamine Transdermal Product
1154566,SCDG,dextroamphetamine Pill
1175838,SBDG,Dexedrine Oral Product
1175839,SBDG,Dexedrine Pill
1179518,SBDG,ProCentra Oral Liquid Product
1179519,SBDG,ProCentra Oral Product
2624705,SBDG,Xelstrym Topical Product
2624706,SBDG,Xelstrym Transdermal Product
1425335,SBDG,Zenzedi Oral Product
1425336,SBDG,Zenzedi Pill
2661663,SCDGP,dextroamphetamine sulfate Oral Liquid Product
2662479,SCDGP,dextroamphetamine sulfate Oral Product
2661847,SCDGP,dextroamphetamine sulfate Pill
2624726,SCD,9 HR dextroamphetamine 0.5 MG/HR Transdermal System
2624732,SCD,9 HR dextroamphetamine 1 MG/HR Transdermal System
2624701,SCD,9 HR dextroamphetamine 1.5 MG/HR Transdermal System
2624712,SCD,9 HR dextroamphetamine 2 MG/HR Transdermal System
884522,SCD,dextroamphetamine sulfate 1 MG/ML Oral Solution
1425847,SCD,dextroamphetamine sulfate 2.5 MG Oral Tablet
884535,SCD,dextroamphetamine sulfate 5 MG Extended Release Oral Capsule
884386,SCD,dextroamphetamine sulfate 5 MG Oral Tablet
1425854,SCD,dextroamphetamine sulfate 7.5 MG Oral Tablet
884520,SCD,dextroamphetamine sulfate 10 MG Extended Release Oral Capsule
884385,SCD,dextroamphetamine sulfate 10 MG Oral Tablet
884532,SCD,dextroamphetamine sulfate 15 MG Extended Release Oral Capsule
884684,SCD,dextroamphetamine sulfate 15 MG Oral Tablet
1535454,SCD,dextroamphetamine sulfate 20 MG Oral Tablet
1535470,SCD,dextroamphetamine sulfate 30 MG Oral Tablet
2624729,SBD,9 HR dextroamphetamine 0.5 MG/HR Transdermal System [Xelstrym]
2624735,SBD,9 HR dextroamphetamine 1 MG/HR Transdermal System [Xelstrym]
2624708,SBD,9 HR dextroamphetamine 1.5 MG/HR Transdermal System [Xelstrym]
2624715,SBD,9 HR dextroamphetamine 2 MG/HR Transdermal System [Xelstrym]
884526,SBD,dextroamphetamine sulfate 1 MG/ML Oral Solution [ProCentra]
1426251,SBD,dextroamphetamine sulfate 2.5 MG Oral Tablet [Zenzedi]
884537,SBD,dextroamphetamine sulfate 5 MG Extended Release Oral Capsule [Dexedrine]
1425339,SBD,dextroamphetamine sulfate 5 MG Oral Tablet [Zenzedi]
1426253,SBD,dextroamphetamine sulfate 7.5 MG Oral Tablet [Zenzedi]
884528,SBD,dextroamphetamine sulfate 10 MG Extended Release Oral Capsule [Dexedrine]
1541609,SBD,dextroamphetamine sulfate 10 MG Oral Tablet [Dexedrine]
1425337,SBD,dextroamphetamine sulfate 10 MG Oral Tablet [Zenzedi]
884534,SBD,dextroamphetamine sulfate 15 MG Extended Release Oral Capsule [Dexedrine]
1535451,SBD,dextroamphetamine sulfate 15 MG Oral Tablet [Zenzedi]
1535456,SBD,dextroamphetamine sulfate 20 MG Oral Tablet [Zenzedi]
1535472,SBD,dextroamphetamine sulfate 30 MG Oral Tablet [Zenzedi]
373355,SCDF,phenylalanine Oral Tablet
1157573,SCDG,phenylalanine Oral Product
1157574,SCDG,phenylalanine Pill
312390,SCD,phenylalanine 500 MG Oral Tablet
2279842,SCDF,fidaxomicin Oral Suspension
1111105,SCDF,fidaxomicin Oral Tablet
2279845,SBDF,fidaxomicin Oral Suspension [Dificid]
1111109,SBDF,fidaxomicin Oral Tablet [Dificid]
2279841,SCDG,fidaxomicin Oral Liquid Product
1165014,SCDG,fidaxomicin Oral Product
1165015,SCDG,fidaxomicin Pill
2279846,SBDG,Dificid Oral Liquid Product
1167543,SBDG,Dificid Oral Product
1167544,SBDG,Dificid Pill
2279843,SCD,fidaxomicin 40 MG/ML Oral Suspension
1111106,SCD,fidaxomicin 200 MG Oral Tablet
2279847,SBD,fidaxomicin 40 MG/ML Oral Suspension [Dificid]
1111110,SBD,fidaxomicin 200 MG Oral Tablet [Dificid]
372591,SCDF,levonorgestrel Oral Tablet
1922756,SBDF,levonorgestrel Oral Tablet [My Choice]
1426878,SBDF,levonorgestrel Oral Tablet [My Way]
1163477,SCDG,levonorgestrel Oral Product
1163478,SCDG,levonorgestrel Pill
1922757,SBDG,My Choice Oral Product
1922758,SBDG,My Choice Pill
1426879,SBDG,My Way Oral Product
1426880,SBDG,My Way Pill
105510,SCD,levonorgestrel 0.03 MG Oral Tablet
105512,SCD,levonorgestrel 0.0375 MG Oral Tablet
259218,SCD,levonorgestrel 0.75 MG Oral Tablet
483325,SCD,levonorgestrel 1.5 MG Oral Tablet
2644394,SBD,levonorgestrel 1.5 MG Oral Tablet [After banger]
1598658,SBD,levonorgestrel 1.5 MG Oral Tablet [Aftera]
1545303,SBD,levonorgestrel 1.5 MG Oral Tablet [Afterpill]
2047728,SBD,levonorgestrel 1.5 MG Oral Tablet [AfterPlan]
2631024,SBD,levonorgestrel 1.5 MG Oral Tablet [Curae]
2261393,SBD,levonorgestrel 1.5 MG Oral Tablet [E-Con]
1600602,SBD,levonorgestrel 1.5 MG Oral Tablet [EContra]
2590823,SBD,levonorgestrel 1.5 MG Oral Tablet [Fem Choice]
1855519,SBD,levonorgestrel 1.5 MG Oral Tablet [Her Style]
2632742,SBD,levonorgestrel 1.5 MG Oral Tablet [Ithappenz]
2606549,SBD,levonorgestrel 1.5 MG Oral Tablet [Julie]
1657617,SBD,levonorgestrel 1.5 MG Oral Tablet [Morning After]
1922759,SBD,levonorgestrel 1.5 MG Oral Tablet [My Choice]
1426881,SBD,levonorgestrel 1.5 MG Oral Tablet [My Way]
2003710,SBD,levonorgestrel 1.5 MG Oral Tablet [New Day]
1303930,SBD,levonorgestrel 1.5 MG Oral Tablet [Next Choice One Dose]
1549091,SBD,levonorgestrel 1.5 MG Oral Tablet [Opcicon One-Step]
1736014,SBD,levonorgestrel 1.5 MG Oral Tablet [Option 2]
858079,SBD,levonorgestrel 1.5 MG Oral Tablet [Plan B One-Step]
2049247,SBD,levonorgestrel 1.5 MG Oral Tablet [PostDay One-Step]
2001351,SBD,levonorgestrel 1.5 MG Oral Tablet [Preventeza]
1788864,SBD,levonorgestrel 1.5 MG Oral Tablet [React]
2722270,SBD,levonorgestrel 1.5 MG Oral Tablet [Restart]
2730936,SBD,levonorgestrel 1.5 MG Oral Tablet [Shewise]
1490063,SBD,levonorgestrel 1.5 MG Oral Tablet [Take Action]
374609,SCDF,zaleplon Oral Capsule
1165265,SCDG,zaleplon Oral Product
1165266,SCDG,zaleplon Pill
313762,SCD,zaleplon 5 MG Oral Capsule
313761,SCD,zaleplon 10 MG Oral Capsule
833458,SCDF,zolpidem Disintegrating Oral Tablet
577086,SCDF,zolpidem Extended Release Oral Tablet
2637352,SCDF,zolpidem Oral Capsule
374364,SCDF,zolpidem Oral Tablet
836640,SCDF,zolpidem Sublingual Tablet
602454,SBDF,zolpidem Extended Release Oral Tablet [Ambien]
367881,SBDF,zolpidem Oral Tablet [Ambien]
836644,SBDF,zolpidem Sublingual Tablet [Edluar]
2648906,SCDFP,zolpidem tartrate Disintegrating Oral Tablet
2646303,SCDFP,zolpidem tartrate Extended Release Oral Tablet
2646118,SCDFP,zolpidem tartrate Oral Capsule
2648191,SCDFP,zolpidem tartrate Oral Tablet
2648741,SCDFP,zolpidem tartrate Sublingual Tablet
2655366,SBDFP,zolpidem tartrate Extended Release Oral Tablet [Ambien]
2657285,SBDFP,zolpidem tartrate Oral Tablet [Ambien]
2657922,SBDFP,zolpidem tartrate Sublingual Tablet [Edluar]
1295213,SCDG,zolpidem Disintegrating Oral Product
1156259,SCDG,zolpidem Oral Product
1295635,SCDG,zolpidem Sublingual Product
1156260,SCDG,zolpidem Pill
1170672,SBDG,Ambien Oral Product
1170673,SBDG,Ambien Pill
1173197,SBDG,Edluar Oral Product
1295949,SBDG,Edluar Sublingual Product
1173198,SBDG,Edluar Pill
2659947,SCDGP,zolpidem tartrate Disintegrating Oral Product
2660744,SCDGP,zolpidem tartrate Oral Product
2661852,SCDGP,zolpidem tartrate Sublingual Product
2661550,SCDGP,zolpidem tartrate Pill
1232194,SCD,zolpidem tartrate 1.75 MG Sublingual Tablet
1232202,SCD,zolpidem tartrate 3.5 MG Sublingual Tablet
854885,SCD,zolpidem tartrate 5 MG Disintegrating Oral Tablet
854876,SCD,zolpidem tartrate 5 MG Oral Tablet
836647,SCD,zolpidem tartrate 5 MG Sublingual Tablet
854894,SCD,zolpidem tartrate 6.25 MG Extended Release Oral Tablet
2637353,SCD,zolpidem tartrate 7.5 MG Oral Capsule
854886,SCD,zolpidem tartrate 10 MG Disintegrating Oral Tablet
854873,SCD,zolpidem tartrate 10 MG Oral Tablet
836641,SCD,zolpidem tartrate 10 MG Sublingual Tablet
854880,SCD,zolpidem tartrate 12.5 MG Extended Release Oral Tablet
854878,SBD,zolpidem tartrate 5 MG Oral Tablet [Ambien]
836649,SBD,zolpidem tartrate 5 MG Sublingual Tablet [Edluar]
854896,SBD,zolpidem tartrate 6.25 MG Extended Release Oral Tablet [Ambien]
854875,SBD,zolpidem tartrate 10 MG Oral Tablet [Ambien]
836645,SBD,zolpidem tartrate 10 MG Sublingual Tablet [Edluar]
854882,SBD,zolpidem tartrate 12.5 MG Extended Release Oral Tablet [Ambien]
1999666,SCDF,bictegravir / emtricitabine / tenofovir alafenamide Oral Tablet
1999670,SBDF,bictegravir / emtricitabine / tenofovir alafenamide Oral Tablet [Biktarvy]
1999664,SCDG,bictegravir / emtricitabine / tenofovir alafenamide Oral Product
1999665,SCDG,bictegravir / emtricitabine / tenofovir alafenamide Pill
1999671,SBDG,Biktarvy Oral Product
1999672,SBDG,Biktarvy Pill
2584354,SCD,bictegravir 30 MG / emtricitabine 120 MG / tenofovir alafenamide 15 MG Oral Tablet
1999667,SCD,bictegravir 50 MG / emtricitabine 200 MG / tenofovir alafenamide 25 MG Oral Tablet
2584356,SBD,bictegravir 30 MG / emtricitabine 120 MG / tenofovir alafenamide 15 MG Oral Tablet [Biktarvy]
1999673,SBD,bictegravir 50 MG / emtricitabine 200 MG / tenofovir alafenamide 25 MG Oral Tablet [Biktarvy]
1790526,SCDF,oxycodone Extended Release Oral Capsule
385094,SCDF,oxycodone Extended Release Oral Tablet
402341,SCDF,oxycodone Injectable Solution
373195,SCDF,oxycodone Oral Capsule
373196,SCDF,oxycodone Oral Solution
373198,SCDF,oxycodone Oral Tablet
375581,SCDF,acetaminophen / oxycodone Oral Capsule
373199,SCDF,acetaminophen / oxycodone Oral Solution
373200,SCDF,acetaminophen / oxycodone Oral Tablet
374711,SCDF,aspirin / oxycodone Oral Tablet
483322,SCDF,ibuprofen / oxycodone Oral Tablet
1790530,SBDF,oxycodone Extended Release Oral Capsule [Xtampza]
370158,SBDF,oxycodone Extended Release Oral Tablet [Oxycontin]
1664445,SBDF,oxycodone Oral Tablet [Oxaydo]
368158,SBDF,oxycodone Oral Tablet [Roxicodone]
1944532,SBDF,oxycodone Oral Tablet [Roxybond]
2281849,SBDF,acetaminophen / oxycodone Oral Solution [Prolate]
825231,SBDF,acetaminophen / oxycodone Oral Tablet [Endocet]
2045497,SBDF,acetaminophen / oxycodone Oral Tablet [Nalocet]
825195,SBDF,acetaminophen / oxycodone Oral Tablet [Percocet]
1537113,SBDF,acetaminophen / oxycodone Oral Tablet [Primlev]
2279507,SBDF,acetaminophen / oxycodone Oral Tablet [Prolate]
2649062,SCDFP,oxycodone hydrochloride Extended Release Oral Tablet
2646623,SCDFP,oxycodone hydrochloride Injectable Solution
2648086,SCDFP,oxycodone hydrochloride Oral Capsule
2645448,SCDFP,oxycodone hydrochloride Oral Solution
2645384,SCDFP,oxycodone hydrochloride Oral Tablet
2648461,SCDFP,acetaminophen / oxycodone hydrochloride Oral Capsule
2645713,SCDFP,acetaminophen / oxycodone hydrochloride Oral Solution
2646990,SCDFP,acetaminophen / oxycodone hydrochloride Oral Tablet
2645579,SCDFP,aspirin / oxycodone hydrochloride Oral Tablet
2648054,SCDFP,ibuprofen / oxycodone hydrochloride Oral Tablet
2648874,SCDFP,aspirin / oxycodone hydrochloride / oxycodone terephthalate Oral Tablet
2655468,SBDFP,oxycodone hydrochloride Extended Release Oral Tablet [Oxycontin]
2658064,SBDFP,oxycodone hydrochloride Oral Tablet [Oxaydo]
2656725,SBDFP,oxycodone hydrochloride Oral Tablet [Roxicodone]
2656119,SBDFP,oxycodone hydrochloride Oral Tablet [Roxybond]
2658381,SBDFP,acetaminophen / oxycodone hydrochloride Oral Solution [Prolate]
2657638,SBDFP,acetaminophen / oxycodone hydrochloride Oral Tablet [Endocet]
2656603,SBDFP,acetaminophen / oxycodone hydrochloride Oral Tablet [Nalocet]
2656148,SBDFP,acetaminophen / oxycodone hydrochloride Oral Tablet [Percocet]
2655570,SBDFP,acetaminophen / oxycodone hydrochloride Oral Tablet [Primlev]
2657025,SBDFP,acetaminophen / oxycodone hydrochloride Oral Tablet [Prolate]
1161680,SCDG,oxycodone Injectable Product
1161681,SCDG,oxycodone Oral Liquid Product
1161682,SCDG,oxycodone Oral Product
1161683,SCDG,oxycodone Pill
1151899,SCDG,acetaminophen / oxycodone Oral Liquid Product
1151900,SCDG,acetaminophen / oxycodone Oral Product
1151901,SCDG,acetaminophen / oxycodone Pill
1153749,SCDG,aspirin / oxycodone Oral Product
1153750,SCDG,aspirin / oxycodone Pill
1165305,SCDG,ibuprofen / oxycodone Oral Product
1165306,SCDG,ibuprofen / oxycodone Pill
1545899,SCDG,naloxone / oxycodone Oral Product
1176583,SBDG,Endocet Oral Product
1176580,SBDG,Endocet Pill
2045498,SBDG,Nalocet Oral Product
2045499,SBDG,Nalocet Pill
1664446,SBDG,Oxaydo Oral Product
1664447,SBDG,Oxaydo Pill
1177023,SBDG,Oxycontin Oral Product
1177024,SBDG,Oxycontin Pill
1185228,SBDG,Percocet Oral Product
1185784,SBDG,Percocet Pill
1537114,SBDG,Primlev Oral Product
1537115,SBDG,Primlev Pill
2281850,SBDG,Prolate Oral Liquid Product
2279508,SBDG,Prolate Oral Product
2279509,SBDG,Prolate Pill
1182579,SBDG,Roxicodone Oral Product
1182580,SBDG,Roxicodone Pill
1944533,SBDG,Roxybond Oral Product
1944534,SBDG,Roxybond Pill
1790531,SBDG,Xtampza Oral Product
1790532,SBDG,Xtampza Pill
2663191,SCDGP,oxycodone hydrochloride Injectable Product
2659845,SCDGP,oxycodone hydrochloride Oral Liquid Product
2663026,SCDGP,oxycodone hydrochloride Oral Product
2661812,SCDGP,oxycodone hydrochloride Pill
2663015,SCDGP,acetaminophen / oxycodone hydrochloride Oral Liquid Product
2660776,SCDGP,acetaminophen / oxycodone hydrochloride Oral Product
2663437,SCDGP,acetaminophen / oxycodone hydrochloride Pill
2662412,SCDGP,aspirin / oxycodone hydrochloride Oral Product
2661502,SCDGP,aspirin / oxycodone hydrochloride Pill
2660784,SCDGP,ibuprofen / oxycodone hydrochloride Oral Product
2662080,SCDGP,ibuprofen / oxycodone hydrochloride Pill
2661384,SCDGP,aspirin / oxycodone hydrochloride / oxycodone terephthalate Oral Product
2661198,SCDGP,aspirin / oxycodone hydrochloride / oxycodone terephthalate Pill
1790527,SCD,Abuse-Deterrent 12 HR oxycodone 9 MG Extended Release Oral Capsule
1791558,SCD,Abuse-Deterrent 12 HR oxycodone 13.5 MG Extended Release Oral Capsule
1791567,SCD,Abuse-Deterrent 12 HR oxycodone 18 MG Extended Release Oral Capsule
1791574,SCD,Abuse-Deterrent 12 HR oxycodone 27 MG Extended Release Oral Capsule
1791580,SCD,Abuse-Deterrent 12 HR oxycodone 36 MG Extended Release Oral Capsule
1860157,SCD,Abuse-Deterrent 12 HR oxycodone hydrochloride 10 MG Extended Release Oral Tablet
1860154,SCD,Abuse-Deterrent 12 HR oxycodone hydrochloride 15 MG Extended Release Oral Tablet
1860129,SCD,Abuse-Deterrent 12 HR oxycodone hydrochloride 20 MG Extended Release Oral Tablet
1860151,SCD,Abuse-Deterrent 12 HR oxycodone hydrochloride 30 MG Extended Release Oral Tablet
1860137,SCD,Abuse-Deterrent 12 HR oxycodone hydrochloride 40 MG Extended Release Oral Tablet
1860127,SCD,Abuse-Deterrent 12 HR oxycodone hydrochloride 60 MG Extended Release Oral Tablet
1860148,SCD,Abuse-Deterrent 12 HR oxycodone hydrochloride 80 MG Extended Release Oral Tablet
1944541,SCD,Abuse-Deterrent oxycodone hydrochloride 5 MG Oral Tablet
2693194,SCD,Abuse-Deterrent oxycodone hydrochloride 10 MG Oral Tablet
1944529,SCD,Abuse-Deterrent oxycodone hydrochloride 15 MG Oral Tablet
1944538,SCD,Abuse-Deterrent oxycodone hydrochloride 30 MG Oral Tablet
1049604,SCD,oxycodone hydrochloride 1 MG/ML Oral Solution
1049727,SCD,oxycodone hydrochloride 5 MG Extended Release Oral Tablet
1049696,SCD,oxycodone hydrochloride 5 MG Oral Capsule
1049621,SCD,oxycodone hydrochloride 5 MG Oral Tablet
1113314,SCD,oxycodone hydrochloride 7.5 MG Oral Tablet
1049717,SCD,oxycodone hydrochloride 10 MG Oral Capsule
1049683,SCD,oxycodone hydrochloride 10 MG Oral Tablet
1049719,SCD,oxycodone hydrochloride 10 MG/ML Injectable Solution
1049720,SCD,oxycodone hydrochloride 10 MG/ML Oral Solution
1049502,SCD,12 HR oxycodone hydrochloride 10 MG Extended Release Oral Tablet
1049543,SCD,12 HR oxycodone hydrochloride 15 MG Extended Release Oral Tablet
1049563,SCD,12 HR oxycodone hydrochloride 20 MG Extended Release Oral Tablet
1049574,SCD,12 HR oxycodone hydrochloride 30 MG Extended Release Oral Tablet
1049584,SCD,12 HR oxycodone hydrochloride 40 MG Extended Release Oral Tablet
1049593,SCD,12 HR oxycodone hydrochloride 60 MG Extended Release Oral Tablet
1049599,SCD,12 HR oxycodone hydrochloride 80 MG Extended Release Oral Tablet
1049611,SCD,oxycodone hydrochloride 15 MG Oral Tablet
1049721,SCD,oxycodone hydrochloride 20 MG Oral Capsule
1049686,SCD,oxycodone hydrochloride 20 MG Oral Tablet
1049615,SCD,oxycodone hydrochloride 20 MG/ML Oral Solution
1049618,SCD,oxycodone hydrochloride 30 MG Oral Tablet
2105822,SCD,acetaminophen 60 MG/ML / oxycodone hydrochloride 2 MG/ML Oral Solution
1049580,SCD,acetaminophen 65 MG/ML / oxycodone hydrochloride 1 MG/ML Oral Solution
1037259,SCD,acetaminophen 300 MG / oxycodone hydrochloride 2.5 MG Oral Tablet
1014615,SCD,acetaminophen 300 MG / oxycodone hydrochloride 5 MG Oral Tablet
1014632,SCD,acetaminophen 300 MG / oxycodone hydrochloride 7.5 MG Oral Tablet
1014599,SCD,acetaminophen 300 MG / oxycodone hydrochloride 10 MG Oral Tablet
1049635,SCD,acetaminophen 325 MG / oxycodone hydrochloride 2.5 MG Oral Tablet
1049221,SCD,acetaminophen 325 MG / oxycodone hydrochloride 5 MG Oral Tablet
1049225,SCD,acetaminophen 325 MG / oxycodone hydrochloride 7.5 MG Oral Tablet
1049214,SCD,acetaminophen 325 MG / oxycodone hydrochloride 10 MG Oral Tablet
1049260,SCD,acetaminophen 400 MG / oxycodone hydrochloride 5 MG Oral Tablet
1049267,SCD,acetaminophen 400 MG / oxycodone hydrochloride 7.5 MG Oral Tablet
1049251,SCD,acetaminophen 400 MG / oxycodone hydrochloride 10 MG Oral Tablet
1049658,SCD,acetaminophen 500 MG / oxycodone hydrochloride 5 MG Oral Capsule
1049233,SCD,acetaminophen 500 MG / oxycodone hydrochloride 7.5 MG Oral Tablet
1049651,SCD,acetaminophen 500 MG / oxycodone hydrochloride 10 MG Oral Tablet
1049270,SCD,acetaminophen 650 MG / oxycodone hydrochloride 10 MG Oral Tablet
848768,SCD,aspirin 325 MG / oxycodone hydrochloride 4.84 MG Oral Tablet
1049589,SCD,ibuprofen 400 MG / oxycodone hydrochloride 5 MG Oral Tablet
724614,SCD,aspirin 325 MG / oxycodone hydrochloride 2.25 MG / oxycodone terephthalate 0.19 MG Oral Tablet
637540,SCD,aspirin 325 MG / oxycodone hydrochloride 4.5 MG / oxycodone terephthalate 0.38 MG Oral Tablet
1790533,SBD,Abuse-Deterrent 12 HR oxycodone 9 MG Extended Release Oral Capsule [Xtampza]
1791560,SBD,Abuse-Deterrent 12 HR oxycodone 13.5 MG Extended Release Oral Capsule [Xtampza]
1791569,SBD,Abuse-Deterrent 12 HR oxycodone 18 MG Extended Release Oral Capsule [Xtampza]
1791576,SBD,Abuse-Deterrent 12 HR oxycodone 27 MG Extended Release Oral Capsule [Xtampza]
1791582,SBD,Abuse-Deterrent 12 HR oxycodone 36 MG Extended Release Oral Capsule [Xtampza]
1049504,SBD,Abuse-Deterrent 12 HR oxycodone hydrochloride 10 MG Extended Release Oral Tablet [Oxycontin]
1049545,SBD,Abuse-Deterrent 12 HR oxycodone hydrochloride 15 MG Extended Release Oral Tablet [Oxycontin]
1049565,SBD,Abuse-Deterrent 12 HR oxycodone hydrochloride 20 MG Extended Release Oral Tablet [Oxycontin]
1049576,SBD,Abuse-Deterrent 12 HR oxycodone hydrochloride 30 MG Extended Release Oral Tablet [Oxycontin]
1049586,SBD,Abuse-Deterrent 12 HR oxycodone hydrochloride 40 MG Extended Release Oral Tablet [Oxycontin]
1049595,SBD,Abuse-Deterrent 12 HR oxycodone hydrochloride 60 MG Extended Release Oral Tablet [Oxycontin]
1049601,SBD,Abuse-Deterrent 12 HR oxycodone hydrochloride 80 MG Extended Release Oral Tablet [Oxycontin]
1944543,SBD,Abuse-Deterrent oxycodone hydrochloride 5 MG Oral Tablet [Roxybond]
2693196,SBD,Abuse-Deterrent oxycodone hydrochloride 10 MG Oral Tablet [Roxybond]
1944535,SBD,Abuse-Deterrent oxycodone hydrochloride 15 MG Oral Tablet [Roxybond]
1944540,SBD,Abuse-Deterrent oxycodone hydrochloride 30 MG Oral Tablet [Roxybond]
1664448,SBD,oxycodone hydrochloride 5 MG Oral Tablet [Oxaydo]
1049623,SBD,oxycodone hydrochloride 5 MG Oral Tablet [Roxicodone]
1664634,SBD,oxycodone hydrochloride 7.5 MG Oral Tablet [Oxaydo]
1049613,SBD,oxycodone hydrochloride 15 MG Oral Tablet [Roxicodone]
1049620,SBD,oxycodone hydrochloride 30 MG Oral Tablet [Roxicodone]
2281851,SBD,acetaminophen 60 MG/ML / oxycodone hydrochloride 2 MG/ML Oral Solution [Prolate]
2045500,SBD,acetaminophen 300 MG / oxycodone hydrochloride 2.5 MG Oral Tablet [Nalocet]
1537116,SBD,acetaminophen 300 MG / oxycodone hydrochloride 5 MG Oral Tablet [Primlev]
2279512,SBD,acetaminophen 300 MG / oxycodone hydrochloride 5 MG Oral Tablet [Prolate]
1537122,SBD,acetaminophen 300 MG / oxycodone hydrochloride 7.5 MG Oral Tablet [Primlev]
2279514,SBD,acetaminophen 300 MG / oxycodone hydrochloride 7.5 MG Oral Tablet [Prolate]
1537120,SBD,acetaminophen 300 MG / oxycodone hydrochloride 10 MG Oral Tablet [Primlev]
2279510,SBD,acetaminophen 300 MG / oxycodone hydrochloride 10 MG Oral Tablet [Prolate]
1487288,SBD,acetaminophen 325 MG / oxycodone hydrochloride 2.5 MG Oral Tablet [Endocet]
1049637,SBD,acetaminophen 325 MG / oxycodone hydrochloride 2.5 MG Oral Tablet [Percocet]
1049223,SBD,acetaminophen 325 MG / oxycodone hydrochloride 5 MG Oral Tablet [Endocet]
1049640,SBD,acetaminophen 325 MG / oxycodone hydrochloride 5 MG Oral Tablet [Percocet]
1049227,SBD,acetaminophen 325 MG / oxycodone hydrochloride 7.5 MG Oral Tablet [Endocet]
1049642,SBD,acetaminophen 325 MG / oxycodone hydrochloride 7.5 MG Oral Tablet [Percocet]
1049216,SBD,acetaminophen 325 MG / oxycodone hydrochloride 10 MG Oral Tablet [Endocet]
1049625,SBD,acetaminophen 325 MG / oxycodone hydrochloride 10 MG Oral Tablet [Percocet]
2468234,SCDF,"SARS-CoV-2 (COVID-19) vaccine, mRNA spike protein Injectable Suspension"
2610321,SCDF,"SARS-CoV-2 (COVID-19) vaccine, mRNA spike protein Injection"
2647414,SCDFP,"SARS-CoV-2 (COVID-19) vaccine, mRNA-1273 / SARS-CoV-2 (COVID-19) vaccine, mRNA-1273 OMICRON (BA.4/BA.5) Injectable Suspension"
2647501,SCDFP,"SARS-CoV-2 (COVID-19) vaccine, mRNA-BNT162b2 / SARS-CoV-2 (COVID-19) vaccine, mRNA-BNT162b2 OMICRON (BA.4/BA.5) Injectable Suspension"
2647043,SCDFP,"SARS-CoV-2 (COVID-19) vaccine, mRNA-BNT162b2 / SARS-CoV-2 (COVID-19) vaccine, mRNA-BNT162b2 OMICRON (BA.4/BA.5) Injection"
2468233,SCDG,"SARS-CoV-2 (COVID-19) vaccine, mRNA spike protein Injectable Product"
2659610,SCDGP,"SARS-CoV-2 (COVID-19) vaccine, mRNA-1273 / SARS-CoV-2 (COVID-19) vaccine, mRNA-1273 OMICRON (BA.4/BA.5) Injectable Product"
2659646,SCDGP,"SARS-CoV-2 (COVID-19) vaccine, mRNA-BNT162b2 / SARS-CoV-2 (COVID-19) vaccine, mRNA-BNT162b2 OMICRON (BA.4/BA.5) Injectable Product"
2598700,SCD,"SARS-CoV-2 (COVID-19) vaccine, mRNA-1273 0.1 MG/ML Injectable Suspension"
2470234,SCD,"SARS-CoV-2 (COVID-19) vaccine, mRNA-1273 0.2 MG/ML Injectable Suspension"
2664729,SCD,"0.25 ML SARS-CoV-2 (COVID-19) vaccine, mRNA-1273 OMICRON (XBB.1.5) 0.1 MG/ML Injection"
2664819,SCD,"0.5 ML SARS-CoV-2 (COVID-19) vaccine, mRNA-1273 OMICRON (XBB.1.5) 0.1 MG/ML Injection"
2583743,SCD,"SARS-CoV-2 (COVID-19) vaccine, mRNA-BNT162b2 0.05 MG/ML Injectable Suspension"
2468235,SCD,"SARS-CoV-2 (COVID-19) vaccine, mRNA-BNT162b2 0.1 MG/ML Injectable Suspension"
2691200,SCD,"0.3 ML SARS-CoV-2 (COVID-19) vaccine, mRNA-BNT162b2 OMICRON (KP.2) 0.0333 MG/ML Injection"
2691215,SCD,"0.3 ML SARS-CoV-2 (COVID-19) vaccine, mRNA-BNT162b2 OMICRON (KP.2) 0.1 MG/ML Injection"
2691196,SCD,"SARS-CoV-2 (COVID-19) vaccine, mRNA-BNT162b2 OMICRON (KP.2) 0.01 MG/ML Injectable Suspension"
2722609,SCD,"0.3 ML SARS-CoV-2 (COVID-19) vaccine, mRNA-BNT162b2 OMICRON (LP.8.1) 0.0333 MG/ML Injection"
2664832,SCD,"0.3 ML SARS-CoV-2 (COVID-19) vaccine, mRNA-BNT162b2 OMICRON (XBB.1.5) 0.0333 MG/ML Injection"
2664843,SCD,"0.3 ML SARS-CoV-2 (COVID-19) vaccine, mRNA-BNT162b2 OMICRON (XBB.1.5) 0.1 MG/ML Injection"
2664829,SCD,"SARS-CoV-2 (COVID-19) vaccine, mRNA-BNT162b2 OMICRON (XBB.1.5) 0.01 MG/ML Injectable Suspension"
2623378,SCD,"SARS-CoV-2 (COVID-19) vaccine, mRNA-1273 0.025 MG/ML / SARS-CoV-2 (COVID-19) vaccine, mRNA-1273 OMICRON (BA.4/BA.5) 0.025 MG/ML Injectable Suspension"
2610328,SCD,"SARS-CoV-2 (COVID-19) vaccine, mRNA-1273 0.05 MG/ML / SARS-CoV-2 (COVID-19) vaccine, mRNA-1273 OMICRON (BA.4/BA.5) 0.05 MG/ML Injectable Suspension"
2610347,SCD,"0.3 ML SARS-CoV-2 (COVID-19) vaccine, mRNA-BNT162b2 0.05 MG/ML / SARS-CoV-2 (COVID-19) vaccine, mRNA-BNT162b2 OMICRON (BA.4/BA.5) 0.05 MG/ML Injection"
2623382,SCD,"SARS-CoV-2 (COVID-19) vaccine, mRNA-BNT162b2 0.0075 MG/ML / SARS-CoV-2 (COVID-19) vaccine, mRNA-BNT162b2 OMICRON (BA.4/BA.5) 0.0075 MG/ML Injectable Suspension"
2621900,SCD,"SARS-CoV-2 (COVID-19) vaccine, mRNA-BNT162b2 0.025 MG/ML / SARS-CoV-2 (COVID-19) vaccine, mRNA-BNT162b2 OMICRON (BA.4/BA.5) 0.025 MG/ML Injectable Suspension"
2610319,SCD,"SARS-CoV-2 (COVID-19) vaccine, mRNA-BNT162b2 0.05 MG/ML / SARS-CoV-2 (COVID-19) vaccine, mRNA-BNT162b2 OMICRON (BA.4/BA.5) 0.05 MG/ML Injectable Suspension"
2601552,SBD,"SARS-CoV-2 (COVID-19) vaccine, mRNA-1273 0.2 MG/ML Injectable Suspension [Spikevax]"
2664822,SBD,"0.5 ML SARS-CoV-2 (COVID-19) vaccine, mRNA-1273 OMICRON (XBB.1.5) 0.1 MG/ML Injection [Spikevax 2023-2024]"
2593847,SBD,"SARS-CoV-2 (COVID-19) vaccine, mRNA-BNT162b2 0.1 MG/ML Injectable Suspension [Comirnaty]"
2691219,SBD,"0.3 ML SARS-CoV-2 (COVID-19) vaccine, mRNA-BNT162b2 OMICRON (KP.2) 0.1 MG/ML Injection [Comirnaty 2024-2025]"
2722614,SBD,"0.3 ML SARS-CoV-2 (COVID-19) vaccine, mRNA-BNT162b2 OMICRON (LP.8.1) 0.0333 MG/ML Injection [Comirnaty 2025-2026]"
2664846,SBD,"0.3 ML SARS-CoV-2 (COVID-19) vaccine, mRNA-BNT162b2 OMICRON (XBB.1.5) 0.1 MG/ML Injection [Comirnaty 2023-2024]"
2047240,SCDF,baricitinib Oral Tablet
2047244,SBDF,baricitinib Oral Tablet [Olumiant]
2047238,SCDG,baricitinib Oral Product
2047239,SCDG,baricitinib Pill
2047245,SBDG,Olumiant Oral Product
2047246,SBDG,Olumiant Pill
2205472,SCD,baricitinib 1 MG Oral Tablet
2047241,SCD,baricitinib 2 MG Oral Tablet
2588561,SCD,baricitinib 4 MG Oral Tablet
2205474,SBD,baricitinib 1 MG Oral Tablet [Olumiant]
2047247,SBD,baricitinib 2 MG Oral Tablet [Olumiant]
2601725,SBD,baricitinib 4 MG Oral Tablet [Olumiant]
645288,SCDF,citalopram Disintegrating Oral Tablet
730439,SCDF,citalopram Oral Capsule
374620,SCDF,citalopram Oral Solution
371532,SCDF,citalopram Oral Tablet
2725158,SCDF,escitalopram Oral Capsule
378734,SCDF,escitalopram Oral Solution
378695,SCDF,escitalopram Oral Tablet
368139,SBDF,citalopram Oral Tablet [Celexa]
368571,SBDF,escitalopram Oral Tablet [Lexapro]
1295242,SCDG,citalopram Disintegrating Oral Product
1152130,SCDG,citalopram Oral Liquid Product
1152131,SCDG,citalopram Oral Product
1152132,SCDG,citalopram Pill
1164520,SCDG,escitalopram Oral Liquid Product
1164521,SCDG,escitalopram Oral Product
1164522,SCDG,escitalopram Pill
1166210,SBDG,Celexa Oral Product
1166211,SBDG,Celexa Pill
1186153,SBDG,Lexapro Oral Product
1186154,SBDG,Lexapro Pill
309313,SCD,citalopram 2 MG/ML Oral Solution
645289,SCD,citalopram 10 MG Disintegrating Oral Tablet
283672,SCD,citalopram 10 MG Oral Tablet
645290,SCD,citalopram 20 MG Disintegrating Oral Tablet
200371,SCD,citalopram 20 MG Oral Tablet
2591786,SCD,citalopram 30 MG Oral Capsule
645291,SCD,citalopram 40 MG Disintegrating Oral Tablet
309314,SCD,citalopram 40 MG Oral Tablet
389202,SCD,citalopram 40 MG/ML Oral Solution
351285,SCD,escitalopram 1 MG/ML Oral Solution
351249,SCD,escitalopram 5 MG Oral Tablet
349332,SCD,escitalopram 10 MG Oral Tablet
2725159,SCD,escitalopram 15 MG Oral Capsule
351250,SCD,escitalopram 20 MG Oral Tablet
284591,SBD,citalopram 10 MG Oral Tablet [Celexa]
213344,SBD,citalopram 20 MG Oral Tablet [Celexa]
213345,SBD,citalopram 40 MG Oral Tablet [Celexa]
404408,SBD,escitalopram 5 MG Oral Tablet [Lexapro]
352272,SBD,escitalopram 10 MG Oral Tablet [Lexapro]
352273,SBD,escitalopram 20 MG Oral Tablet [Lexapro]
1732886,SCDF,beractant Intratracheal Suspension
1732888,SBDF,beractant Intratracheal Suspension [Survanta]
2658041,SBDFP,triamcinolone acetonide Topical Cream [Dermasorb TA]
2656724,SBDFP,triamcinolone acetonide Topical Cream [Pediaderm TA]
1732885,SCDG,beractant Intratracheal Product
1732889,SBDG,Survanta Intratracheal Product
259034,SCD,beractant 25 MG/ML Intratracheal Suspension
861715,SBD,beractant 25 MG/ML Intratracheal Suspension [Survanta]
797693,SCDF,flurandrenolide Medicated Tape
797696,SBDF,flurandrenolide Medicated Tape [Cordran]
1161448,SCDG,flurandrenolide Medicated Pad or Tape
1161449,SCDG,flurandrenolide Topical Product
1169515,SBDG,Cordran Medicated Pad or Tape
1169517,SBDG,Cordran Topical Product
797694,SCD,flurandrenolide 0.004 MG/SQCM Medicated Tape
797697,SBD,flurandrenolide 0.004 MG/SQCM Medicated Tape [Cordran]
1148796,SCDF,tapentadol Extended Release Oral Tablet
1356314,SCDF,tapentadol Oral Solution
825408,SCDF,tapentadol Oral Tablet
1149366,SBDF,tapentadol Extended Release Oral Tablet [Nucynta]
854139,SBDF,tapentadol Oral Tablet [Nucynta]
1356313,SCDG,tapentadol Oral Liquid Product
1160875,SCDG,tapentadol Oral Product
1160876,SCDG,tapentadol Pill
1178796,SBDG,Nucynta Oral Product
1178797,SBDG,Nucynta Pill
1148809,SCD,12 HR tapentadol 50 MG Extended Release Oral Tablet
1148797,SCD,12 HR tapentadol 100 MG Extended Release Oral Tablet
1148800,SCD,12 HR tapentadol 150 MG Extended Release Oral Tablet
1148803,SCD,12 HR tapentadol 200 MG Extended Release Oral Tablet
1148807,SCD,12 HR tapentadol 250 MG Extended Release Oral Tablet
1356315,SCD,tapentadol 20 MG/ML Oral Solution
825411,SCD,tapentadol 50 MG Oral Tablet
825413,SCD,tapentadol 75 MG Oral Tablet
825409,SCD,tapentadol 100 MG Oral Tablet
1149378,SBD,12 HR tapentadol 50 MG Extended Release Oral Tablet [Nucynta]
1149367,SBD,12 HR tapentadol 100 MG Extended Release Oral Tablet [Nucynta]
1149370,SBD,12 HR tapentadol 150 MG Extended Release Oral Tablet [Nucynta]
1149373,SBD,12 HR tapentadol 200 MG Extended Release Oral Tablet [Nucynta]
1149376,SBD,12 HR tapentadol 250 MG Extended Release Oral Tablet [Nucynta]
854142,SBD,tapentadol 50 MG Oral Tablet [Nucynta]
854144,SBD,tapentadol 75 MG Oral Tablet [Nucynta]
854140,SBD,tapentadol 100 MG Oral Tablet [Nucynta]
1744258,SCDF,metoprolol Cartridge
1999027,SCDF,metoprolol Extended Release Oral Capsule
378660,SCDF,metoprolol Extended Release Oral Tablet
1740909,SCDF,metoprolol Injection
2712144,SCDF,metoprolol Oral Solution
372891,SCDF,metoprolol Oral Tablet
372907,SCDF,metyrapone Oral Capsule
372890,SCDF,hydrochlorothiazide / metoprolol Extended Release Oral Tablet
372889,SCDF,hydrochlorothiazide / metoprolol Oral Tablet
2047763,SBDF,metoprolol Extended Release Oral Capsule [Kapspargo]
865577,SBDF,metoprolol Extended Release Oral Tablet [Toprol]
2712150,SBDF,metoprolol Oral Solution [Lopressor]
368757,SBDF,metoprolol Oral Tablet [Lopressor]
366595,SBDF,metyrapone Oral Capsule [Metopirone]
866497,SBDF,hydrochlorothiazide / metoprolol Oral Tablet [Lopressor HCT]
2648347,SCDFP,metoprolol succinate Extended Release Oral Capsule
2648648,SCDFP,metoprolol succinate Extended Release Oral Tablet
2647879,SCDFP,metoprolol tartrate Cartridge
2646689,SCDFP,metoprolol tartrate Injection
2712146,SCDFP,metoprolol tartrate Oral Solution
2646152,SCDFP,metoprolol tartrate Oral Tablet
2648592,SCDFP,hydrochlorothiazide / metoprolol succinate Extended Release Oral Tablet
2645453,SCDFP,hydrochlorothiazide / metoprolol tartrate Extended Release Oral Tablet
2647670,SCDFP,hydrochlorothiazide / metoprolol tartrate Oral Tablet
2654942,SBDFP,metoprolol succinate Extended Release Oral Capsule [Kapspargo]
2656065,SBDFP,metoprolol succinate Extended Release Oral Tablet [Toprol]
2712151,SBDFP,metoprolol tartrate Oral Solution [Lopressor]
2657102,SBDFP,metoprolol tartrate Oral Tablet [Lopressor]
2656204,SBDFP,hydrochlorothiazide / metoprolol tartrate Oral Tablet [Lopressor HCT]
1163522,SCDG,metoprolol Injectable Product
2712143,SCDG,metoprolol Oral Liquid Product
1163523,SCDG,metoprolol Oral Product
1163524,SCDG,metoprolol Pill
1164088,SCDG,metyrapone Oral Product
1164089,SCDG,metyrapone Pill
1162132,SCDG,hydrochlorothiazide / metoprolol Oral Product
1162133,SCDG,hydrochlorothiazide / metoprolol Pill
2047764,SBDG,Kapspargo Oral Product
2047765,SBDG,Kapspargo Pill
2712149,SBDG,Lopressor Oral Liquid Product
1180279,SBDG,Lopressor Oral Product
1180272,SBDG,Lopressor HCT Oral Product
1180275,SBDG,Lopressor HCT Pill
1180280,SBDG,Lopressor Pill
1176949,SBDG,Metopirone Oral Product
1176950,SBDG,Metopirone Pill
1178006,SBDG,Toprol Oral Product
1178007,SBDG,Toprol Pill
2659535,SCDGP,metoprolol succinate Oral Product
2659117,SCDGP,metoprolol succinate Pill
2660750,SCDGP,metoprolol tartrate Injectable Product
2712145,SCDGP,metoprolol tartrate Oral Liquid Product
2661227,SCDGP,metoprolol tartrate Oral Product
2662374,SCDGP,metoprolol tartrate Pill
2661196,SCDGP,hydrochlorothiazide / metoprolol succinate Oral Product
2661091,SCDGP,hydrochlorothiazide / metoprolol succinate Pill
2661251,SCDGP,hydrochlorothiazide / metoprolol tartrate Oral Product
2662617,SCDGP,hydrochlorothiazide / metoprolol tartrate Pill
1999035,SCD,24 HR metoprolol succinate 25 MG Extended Release Oral Capsule
866427,SCD,24 HR metoprolol succinate 25 MG Extended Release Oral Tablet
1999037,SCD,24 HR metoprolol succinate 50 MG Extended Release Oral Capsule
866436,SCD,24 HR metoprolol succinate 50 MG Extended Release Oral Tablet
1999031,SCD,24 HR metoprolol succinate 100 MG Extended Release Oral Capsule
866412,SCD,24 HR metoprolol succinate 100 MG Extended Release Oral Tablet
1999033,SCD,24 HR metoprolol succinate 200 MG Extended Release Oral Capsule
866419,SCD,24 HR metoprolol succinate 200 MG Extended Release Oral Tablet
1744259,SCD,5 ML metoprolol tartrate 1 MG/ML Cartridge
866508,SCD,5 ML metoprolol tartrate 1 MG/ML Injection
2712147,SCD,metoprolol tartrate 10 MG/ML Oral Solution
2723025,SCD,metoprolol tartrate 12.5 MG Oral Tablet
866924,SCD,metoprolol tartrate 25 MG Oral Tablet
1606347,SCD,metoprolol tartrate 37.5 MG Oral Tablet
866514,SCD,metoprolol tartrate 50 MG Oral Tablet
1606349,SCD,metoprolol tartrate 75 MG Oral Tablet
866511,SCD,metoprolol tartrate 100 MG Oral Tablet
199772,SCD,metyrapone 250 MG Oral Capsule
866452,SCD,24 HR hydrochlorothiazide 12.5 MG / metoprolol succinate 100 MG Extended Release Oral Tablet
1111439,SCD,24 HR hydrochlorothiazide 25 MG / metoprolol tartrate 200 MG Extended Release Oral Tablet
866482,SCD,hydrochlorothiazide 25 MG / metoprolol tartrate 50 MG Oral Tablet
866479,SCD,hydrochlorothiazide 25 MG / metoprolol tartrate 100 MG Oral Tablet
866491,SCD,hydrochlorothiazide 50 MG / metoprolol tartrate 100 MG Oral Tablet
2047772,SBD,24 HR metoprolol succinate 25 MG Extended Release Oral Capsule [Kapspargo]
866429,SBD,24 HR metoprolol succinate 25 MG Extended Release Oral Tablet [Toprol]
2047775,SBD,24 HR metoprolol succinate 50 MG Extended Release Oral Capsule [Kapspargo]
866438,SBD,24 HR metoprolol succinate 50 MG Extended Release Oral Tablet [Toprol]
2047766,SBD,24 HR metoprolol succinate 100 MG Extended Release Oral Capsule [Kapspargo]
866414,SBD,24 HR metoprolol succinate 100 MG Extended Release Oral Tablet [Toprol]
2047769,SBD,24 HR metoprolol succinate 200 MG Extended Release Oral Capsule [Kapspargo]
866421,SBD,24 HR metoprolol succinate 200 MG Extended Release Oral Tablet [Toprol]
2712152,SBD,metoprolol tartrate 10 MG/ML Oral Solution [Lopressor]
2723027,SBD,metoprolol tartrate 12.5 MG Oral Tablet [Lopressor]
866516,SBD,metoprolol tartrate 50 MG Oral Tablet [Lopressor]
866513,SBD,metoprolol tartrate 100 MG Oral Tablet [Lopressor]
105450,SBD,metyrapone 250 MG Oral Capsule [Metopirone]
866502,SBD,hydrochlorothiazide 25 MG / metoprolol tartrate 50 MG Oral Tablet [Lopressor HCT]
866498,SBD,hydrochlorothiazide 25 MG / metoprolol tartrate 100 MG Oral Tablet [Lopressor HCT]
619128,SCDF,chondroitin sulfates / glucosamine Oral Tablet
1310637,SBDF,chondroitin sulfates / glucosamine Oral Tablet [Osteo Bi-Flex]
2647759,SCDFP,chondroitin sulfates / glucosamine hydrochloride Oral Tablet
2654978,SBDFP,chondroitin sulfates / glucosamine hydrochloride Oral Tablet [Osteo Bi-Flex]
1151445,SCDG,chondroitin sulfates / glucosamine Oral Product
1151446,SCDG,chondroitin sulfates / glucosamine Pill
1310638,SBDG,Osteo Bi-Flex Oral Product
1310639,SBDG,Osteo Bi-Flex Pill
2663249,SCDGP,chondroitin sulfates / glucosamine hydrochloride Oral Product
2660252,SCDGP,chondroitin sulfates / glucosamine hydrochloride Pill
476845,SCD,chondroitin sulfate A sodium 600 MG / glucosamine sulfate 750 MG Oral Tablet
252745,SCD,chondroitin sulfates 200 MG / glucosamine 250 MG Oral Tablet
200209,SCD,chondroitin sulfates 200 MG / glucosamine hydrochloride 250 MG Oral Tablet
428898,SCD,chondroitin sulfates 400 MG / glucosamine hydrochloride 500 MG Oral Tablet
428899,SCD,chondroitin sulfates 600 MG / glucosamine hydrochloride 750 MG Oral Tablet
2175997,SCD,chondroitin sulfates 1200 MG / glucosamine hydrochloride 1500 MG Oral Tablet
1150310,SCD,chondroitin sulfates 400 MG / glucosamine sulfate 500 MG Oral Tablet
823883,SCD,chondroitin sulfates 1200 MG / glucosamine sulfate 1500 MG Oral Tablet
1310640,SBD,chondroitin sulfates 200 MG / glucosamine hydrochloride 250 MG Oral Tablet [Osteo Bi-Flex]
1013647,SBD,chondroitin sulfates 400 MG / glucosamine hydrochloride 500 MG Oral Tablet [Cidaflex]
1046238,SBD,chondroitin sulfates 400 MG / glucosamine hydrochloride 500 MG Oral Tablet [Cosamin]
1046242,SBD,chondroitin sulfates 400 MG / glucosamine hydrochloride 500 MG Oral Tablet [Schiff]
371104,SCDF,bisoprolol Oral Tablet
371103,SCDF,bisoprolol / hydrochlorothiazide Oral Tablet
745976,SBDF,bisoprolol / hydrochlorothiazide Oral Tablet [Ziac]
2648082,SCDFP,bisoprolol fumarate Oral Tablet
2648608,SCDFP,bisoprolol fumarate / hydrochlorothiazide Oral Tablet
2656127,SBDFP,bisoprolol fumarate / hydrochlorothiazide Oral Tablet [Ziac]
1154706,SCDG,bisoprolol Oral Product
1154707,SCDG,bisoprolol Pill
1154704,SCDG,bisoprolol / hydrochlorothiazide Oral Product
1154705,SCDG,bisoprolol / hydrochlorothiazide Pill
1187450,SBDG,Ziac Oral Product
1187449,SBDG,Ziac Pill
2659263,SCDGP,bisoprolol fumarate Oral Product
2663399,SCDGP,bisoprolol fumarate Pill
2662778,SCDGP,bisoprolol fumarate / hydrochlorothiazide Oral Product
2662823,SCDGP,bisoprolol fumarate / hydrochlorothiazide Pill
865154,SCD,bisoprolol fumarate 1.25 MG Oral Tablet
865155,SCD,bisoprolol fumarate 2.5 MG Oral Tablet
865157,SCD,bisoprolol fumarate 3.75 MG Oral Tablet
854905,SCD,bisoprolol fumarate 5 MG Oral Tablet
865159,SCD,bisoprolol fumarate 7.5 MG Oral Tablet
854901,SCD,bisoprolol fumarate 10 MG Oral Tablet
854916,SCD,bisoprolol fumarate 2.5 MG / hydrochlorothiazide 6.25 MG Oral Tablet
854919,SCD,bisoprolol fumarate 5 MG / hydrochlorothiazide 6.25 MG Oral Tablet
854908,SCD,bisoprolol fumarate 10 MG / hydrochlorothiazide 6.25 MG Oral Tablet
854918,SBD,bisoprolol fumarate 2.5 MG / hydrochlorothiazide 6.25 MG Oral Tablet [Ziac]
854921,SBD,bisoprolol fumarate 5 MG / hydrochlorothiazide 6.25 MG Oral Tablet [Ziac]
854910,SBD,bisoprolol fumarate 10 MG / hydrochlorothiazide 6.25 MG Oral Tablet [Ziac]
375516,SCDF,Fe heme polypeptide Oral Tablet
372185,SCDF,ferrous sulfate Extended Release Oral Tablet
849607,SCDF,Fe heme polypeptide / polysaccharide iron complex Oral Tablet
1305617,SBDF,Fe heme polypeptide Oral Tablet [Proferrin]
369915,SBDF,ferrous sulfate Extended Release Oral Tablet [Slow-Fe]
849611,SBDF,Fe heme polypeptide / polysaccharide iron complex Oral Tablet [Bifera]
1158471,SCDG,Fe heme polypeptide Oral Product
1158472,SCDG,Fe heme polypeptide Pill
1164414,SCDG,ferrous sulfate Oral Product
1164415,SCDG,ferrous sulfate Pill
1158469,SCDG,Fe heme polypeptide / polysaccharide iron complex Oral Product
1158470,SCDG,Fe heme polypeptide / polysaccharide iron complex Pill
1173652,SBDG,Bifera Oral Product
1173653,SBDG,Bifera Pill
1305618,SBDG,Proferrin Oral Product
1305619,SBDG,Proferrin Pill
1184249,SBDG,Slow-Fe Oral Product
1184250,SBDG,Slow-Fe Pill
2639383,SCD,Fe heme polypeptide 10.5 MG Oral Tablet
284159,SCD,Fe heme polypeptide 12 MG Oral Tablet
885578,SCD,24 HR ferrous sulfate 142 MG Extended Release Oral Tablet
2667850,SCD,ferrous sulfate 137 MG Extended Release Oral Tablet
1095421,SCD,ferrous sulfate 140 MG Extended Release Oral Tablet
1098910,SCD,ferrous sulfate 143 MG Extended Release Oral Tablet
2123165,SCD,ferrous sulfate 144 MG Extended Release Oral Tablet
198999,SCD,ferrous sulfate 159 MG Extended Release Oral Tablet
310318,SCD,ferrous sulfate 160 MG Extended Release Oral Tablet
245014,SCD,ferrous sulfate 168 MG Extended Release Oral Tablet
244206,SCD,ferrous sulfate 250 MG Extended Release Oral Tablet
244207,SCD,ferrous sulfate 325 MG Extended Release Oral Tablet
849608,SCD,Fe heme polypeptide 6 MG / polysaccharide iron complex 22 MG Oral Tablet
2639385,SBD,Fe heme polypeptide 10.5 MG Oral Tablet [Proferrin]
1305620,SBD,Fe heme polypeptide 12 MG Oral Tablet [Proferrin]
885580,SBD,24 HR ferrous sulfate 142 MG Extended Release Oral Tablet [Slow-Fe]
849612,SBD,Fe heme polypeptide 6 MG / polysaccharide iron complex 22 MG Oral Tablet [Bifera]
373909,SCDF,sodium fluoride Toothpaste
630189,SBDF,sodium fluoride Toothpaste [Denta 5000 Plus]
1294836,SCDG,sodium fluoride Oral Paste Product
1159342,SCDG,sodium fluoride Paste Product
1159339,SCDG,sodium fluoride Dental Product
1295624,SCDG,sodium fluoride Toothpaste Product
1296419,SBDG,Denta 5000 Plus Oral Paste Product
1172452,SBDG,Denta 5000 Plus Paste Product
1172451,SBDG,Denta 5000 Plus Dental Product
1296927,SBDG,Denta 5000 Plus Toothpaste Product
1235783,SCD,sodium fluoride 0.002 MG/MG Toothpaste
1099038,SCD,sodium fluoride 0.0021 MG/MG Toothpaste
245598,SCD,sodium fluoride 0.0022 MG/MG Toothpaste
2701521,SCD,sodium fluoride 0.00221 MG/MG Toothpaste
1489127,SCD,sodium fluoride 0.0023 MG/MG Toothpaste
2585483,SCD,sodium fluoride 0.00234 MG/MG Toothpaste
416783,SCD,sodium fluoride 0.0024 MG/MG Toothpaste
891775,SCD,sodium fluoride 0.00243 MG/MG Toothpaste
1044547,SCD,sodium fluoride 0.0025 MG/MG Toothpaste
2722931,SCD,sodium fluoride 0.00254 MG/MG Toothpaste
388516,SCD,sodium fluoride 0.00619 MG/MG Toothpaste
392038,SCD,sodium fluoride 0.011 MG/MG Toothpaste
244333,SCD,sodium fluoride 0.0123 MG/MG Toothpaste
392144,SCD,sodium fluoride 0.0272 MG/MG Toothpaste
2602147,SBD,sodium fluoride 0.011 MG/MG Toothpaste [Allday]
1006558,SBD,sodium fluoride 0.011 MG/MG Toothpaste [Clinpro 5000]
630196,SBD,sodium fluoride 0.011 MG/MG Toothpaste [Denta 5000 Plus]
1101938,SBD,sodium fluoride 0.011 MG/MG Toothpaste [Dentagel]
617624,SBD,sodium fluoride 0.011 MG/MG Toothpaste [Fluoridex]
2603773,SBD,sodium fluoride 0.011 MG/MG Toothpaste [Fluorimax]
1101877,SBD,sodium fluoride 0.011 MG/MG Toothpaste [NeutraGard]
1191716,SBD,sodium fluoride 0.011 MG/MG Toothpaste [Neutramaxx]
1101881,SBD,sodium fluoride 0.011 MG/MG Toothpaste [Phos-Flur]
630194,SBD,sodium fluoride 0.011 MG/MG Toothpaste [Prevident]
858086,SCDF,fentanyl Buccal Film
668362,SCDF,fentanyl Buccal Tablet
1734964,SCDF,fentanyl Cartridge
1735002,SCDF,fentanyl Injection
2201610,SCDF,fentanyl Metered Dose Nasal Spray
1237049,SCDF,fentanyl Mucosal Spray
372161,SCDF,fentanyl Oral Lozenge
2474266,SCDF,fentanyl Prefilled Syringe
1053646,SCDF,fentanyl Sublingual Tablet
1806273,SCDF,fentanyl Transdermal System
668621,SBDF,fentanyl Buccal Tablet [Fentora]
1237053,SBDF,fentanyl Mucosal Spray [Subsys]
367214,SBDF,fentanyl Oral Lozenge [Actiq]
1053650,SBDF,fentanyl Sublingual Tablet [Abstral]
1806414,SBDF,fentanyl Transdermal System [Ionsys]
1295170,SCDG,fentanyl Buccal Product
1159056,SCDG,fentanyl Injectable Product
1294774,SCDG,fentanyl Lozenge Product
1237048,SCDG,fentanyl Mucosal Product
1159058,SCDG,fentanyl Oral Product
1294974,SCDG,fentanyl Sublingual Product
1159060,SCDG,fentanyl Topical Product
1294794,SCDG,fentanyl Transdermal Product
1159059,SCDG,fentanyl Pill
1165961,SBDG,Abstral Oral Product
1296074,SBDG,Abstral Sublingual Product
1165962,SBDG,Abstral Pill
1295970,SBDG,Actiq Lozenge Product
1169909,SBDG,Actiq Oral Product
1296911,SBDG,Fentora Buccal Product
1166500,SBDG,Fentora Oral Product
1166501,SBDG,Fentora Pill
1666835,SBDG,Ionsys Topical Product
1666836,SBDG,Ionsys Transdermal Product
1237054,SBDG,Subsys Mucosal Product
668363,SCD,fentanyl 0.1 MG Buccal Tablet
1053647,SCD,fentanyl 0.1 MG Sublingual Tablet
1237050,SCD,fentanyl 0.1 MG/ACTUAT Mucosal Spray
858092,SCD,fentanyl 0.2 MG Buccal Film
668364,SCD,fentanyl 0.2 MG Buccal Tablet
310295,SCD,fentanyl 0.2 MG Oral Lozenge
1053652,SCD,fentanyl 0.2 MG Sublingual Tablet
1237057,SCD,fentanyl 0.2 MG/ACTUAT Mucosal Spray
706898,SCD,fentanyl 0.3 MG Buccal Tablet
310296,SCD,fentanyl 0.3 MG Oral Lozenge
1053655,SCD,fentanyl 0.3 MG Sublingual Tablet
858095,SCD,fentanyl 0.4 MG Buccal Film
668365,SCD,fentanyl 0.4 MG Buccal Tablet
310297,SCD,fentanyl 0.4 MG Oral Lozenge
1053658,SCD,fentanyl 0.4 MG Sublingual Tablet
1237060,SCD,fentanyl 0.4 MG/ACTUAT Mucosal Spray
2629337,SCD,0.5 ML fentanyl 0.05 MG/ML Prefilled Syringe
858098,SCD,fentanyl 0.6 MG Buccal Film
668366,SCD,fentanyl 0.6 MG Buccal Tablet
313992,SCD,fentanyl 0.6 MG Oral Lozenge
1053661,SCD,fentanyl 0.6 MG Sublingual Tablet
858101,SCD,fentanyl 0.8 MG Buccal Film
668367,SCD,fentanyl 0.8 MG Buccal Tablet
313993,SCD,fentanyl 0.8 MG Oral Lozenge
1053664,SCD,fentanyl 0.8 MG Sublingual Tablet
1237068,SCD,fentanyl 0.8 MG/ACTUAT Mucosal Spray
2168270,SCD,1 ML fentanyl 0.05 MG/ML Injection
2474269,SCD,1 ML fentanyl 0.05 MG/ML Prefilled Syringe
858087,SCD,fentanyl 1.2 MG Buccal Film
310293,SCD,fentanyl 1.2 MG Oral Lozenge
310294,SCD,fentanyl 1.6 MG Oral Lozenge
727759,SCD,2 ML fentanyl 0.05 MG/ML Cartridge
1735003,SCD,2 ML fentanyl 0.05 MG/ML Injection
2474267,SCD,2 ML fentanyl 0.05 MG/ML Prefilled Syringe
1735007,SCD,5 ML fentanyl 0.05 MG/ML Injection
1735006,SCD,10 ML fentanyl 0.05 MG/ML Injection
1735008,SCD,20 ML fentanyl 0.05 MG/ML Injection
1735013,SCD,50 ML fentanyl 0.05 MG/ML Injection
577057,SCD,72 HR fentanyl 0.012 MG/HR Transdermal System
245134,SCD,72 HR fentanyl 0.025 MG/HR Transdermal System
1603495,SCD,72 HR fentanyl 0.0375 MG/HR Transdermal System
245135,SCD,72 HR fentanyl 0.05 MG/HR Transdermal System
1603498,SCD,72 HR fentanyl 0.0625 MG/HR Transdermal System
197696,SCD,72 HR fentanyl 0.075 MG/HR Transdermal System
1603501,SCD,72 HR fentanyl 0.0875 MG/HR Transdermal System
245136,SCD,72 HR fentanyl 0.1 MG/HR Transdermal System
1666831,SCD,80 ACTUAT fentanyl 0.04 MG/ACTUAT Transdermal System
668622,SBD,fentanyl 0.1 MG Buccal Tablet [Fentora]
1053651,SBD,fentanyl 0.1 MG Sublingual Tablet [Abstral]
1237055,SBD,fentanyl 0.1 MG/ACTUAT Mucosal Spray [Subsys]
668624,SBD,fentanyl 0.2 MG Buccal Tablet [Fentora]
261106,SBD,fentanyl 0.2 MG Oral Lozenge [Actiq]
1053654,SBD,fentanyl 0.2 MG Sublingual Tablet [Abstral]
1237059,SBD,fentanyl 0.2 MG/ACTUAT Mucosal Spray [Subsys]
1053657,SBD,fentanyl 0.3 MG Sublingual Tablet [Abstral]
668626,SBD,fentanyl 0.4 MG Buccal Tablet [Fentora]
262219,SBD,fentanyl 0.4 MG Oral Lozenge [Actiq]
1053660,SBD,fentanyl 0.4 MG Sublingual Tablet [Abstral]
1237062,SBD,fentanyl 0.4 MG/ACTUAT Mucosal Spray [Subsys]
668628,SBD,fentanyl 0.6 MG Buccal Tablet [Fentora]
261107,SBD,fentanyl 0.6 MG Oral Lozenge [Actiq]
1053663,SBD,fentanyl 0.6 MG Sublingual Tablet [Abstral]
668630,SBD,fentanyl 0.8 MG Buccal Tablet [Fentora]
261108,SBD,fentanyl 0.8 MG Oral Lozenge [Actiq]
1053666,SBD,fentanyl 0.8 MG Sublingual Tablet [Abstral]
1237070,SBD,fentanyl 0.8 MG/ACTUAT Mucosal Spray [Subsys]
261109,SBD,fentanyl 1.2 MG Oral Lozenge [Actiq]
261110,SBD,fentanyl 1.6 MG Oral Lozenge [Actiq]
1666837,SBD,80 ACTUAT fentanyl 0.04 MG/ACTUAT Transdermal System [Ionsys]
1724190,SCDF,hydromorphone Cartridge
372427,SCDF,hydromorphone Extended Release Oral Capsule
902728,SCDF,hydromorphone Extended Release Oral Tablet
370652,SCDF,hydromorphone Injectable Solution
1724207,SCDF,hydromorphone Injection
385569,SCDF,hydromorphone Oral Capsule
370653,SCDF,hydromorphone Oral Solution
370654,SCDF,hydromorphone Oral Tablet
763042,SCDF,hydromorphone Prefilled Syringe
370655,SCDF,hydromorphone Rectal Suppository
756904,SCDF,guaifenesin / hydromorphone Oral Solution
544565,SBDF,hydromorphone Oral Solution [Dilaudid]
368895,SBDF,hydromorphone Oral Tablet [Dilaudid]
1872264,SBDF,hydromorphone Prefilled Syringe [Dilaudid]
756905,SBDF,guaifenesin / hydromorphone Oral Solution [Dilaudid Cough]
2646953,SCDFP,hydromorphone hydrochloride Cartridge
2648035,SCDFP,hydromorphone hydrochloride Extended Release Oral Capsule
2649153,SCDFP,hydromorphone hydrochloride Extended Release Oral Tablet
2648407,SCDFP,hydromorphone hydrochloride Injectable Solution
2647093,SCDFP,hydromorphone hydrochloride Injection
2647766,SCDFP,hydromorphone hydrochloride Oral Capsule
2647573,SCDFP,hydromorphone hydrochloride Oral Solution
2648247,SCDFP,hydromorphone hydrochloride Oral Tablet
2649210,SCDFP,hydromorphone hydrochloride Prefilled Syringe
2647008,SCDFP,hydromorphone hydrochloride Rectal Suppository
2655116,SBDFP,hydromorphone hydrochloride Oral Solution [Dilaudid]
2656942,SBDFP,hydromorphone hydrochloride Oral Tablet [Dilaudid]
2657343,SBDFP,hydromorphone hydrochloride Prefilled Syringe [Dilaudid]
1164618,SCDG,hydromorphone Injectable Product
1164619,SCDG,hydromorphone Oral Liquid Product
1164620,SCDG,hydromorphone Oral Product
1164622,SCDG,hydromorphone Rectal Product
1164621,SCDG,hydromorphone Pill
1168868,SBDG,Dilaudid Injectable Product
1168869,SBDG,Dilaudid Oral Liquid Product
1168870,SBDG,Dilaudid Oral Product
1168871,SBDG,Dilaudid Pill
2662218,SCDGP,hydromorphone hydrochloride Injectable Product
2659843,SCDGP,hydromorphone hydrochloride Oral Liquid Product
2659874,SCDGP,hydromorphone hydrochloride Oral Product
2659289,SCDGP,hydromorphone hydrochloride Rectal Product
2661455,SCDGP,hydromorphone hydrochloride Pill
2675350,SCD,0.5 ML hydromorphone hydrochloride 0.5 MG/ML Prefilled Syringe
1433251,SCD,0.5 ML hydromorphone hydrochloride 1 MG/ML Prefilled Syringe
897771,SCD,hydromorphone hydrochloride 1 MG Oral Tablet
897657,SCD,hydromorphone hydrochloride 1 MG/ML Oral Solution
2277368,SCD,1 ML hydromorphone hydrochloride 0.2 MG/ML Prefilled Syringe
1724383,SCD,1 ML hydromorphone hydrochloride 1 MG/ML Cartridge
897653,SCD,1 ML hydromorphone hydrochloride 1 MG/ML Injection
897756,SCD,1 ML hydromorphone hydrochloride 1 MG/ML Prefilled Syringe
1724644,SCD,1 ML hydromorphone hydrochloride 2 MG/ML Cartridge
1724276,SCD,1 ML hydromorphone hydrochloride 2 MG/ML Injection
897757,SCD,1 ML hydromorphone hydrochloride 2 MG/ML Prefilled Syringe
897758,SCD,1 ML hydromorphone hydrochloride 4 MG/ML Cartridge
897753,SCD,1 ML hydromorphone hydrochloride 4 MG/ML Injection
1872271,SCD,1 ML hydromorphone hydrochloride 4 MG/ML Prefilled Syringe
1724338,SCD,1 ML hydromorphone hydrochloride 10 MG/ML Injection
898004,SCD,hydromorphone hydrochloride 1.3 MG Oral Capsule
897696,SCD,hydromorphone hydrochloride 2 MG Oral Tablet
897745,SCD,hydromorphone hydrochloride 2 MG/ML Injectable Solution
898138,SCD,hydromorphone hydrochloride 2.6 MG Oral Capsule
898139,SCD,hydromorphone hydrochloride 3 MG Oral Tablet
897749,SCD,hydromorphone hydrochloride 3 MG Rectal Suppository
897702,SCD,hydromorphone hydrochloride 4 MG Oral Tablet
1724340,SCD,5 ML hydromorphone hydrochloride 10 MG/ML Injection
897710,SCD,hydromorphone hydrochloride 8 MG Oral Tablet
898611,SCD,12 HR hydromorphone hydrochloride 2 MG Extended Release Oral Capsule
898614,SCD,12 HR hydromorphone hydrochloride 4 MG Extended Release Oral Capsule
898618,SCD,12 HR hydromorphone hydrochloride 8 MG Extended Release Oral Capsule
902741,SCD,24 HR hydromorphone hydrochloride 8 MG Extended Release Oral Tablet
902729,SCD,24 HR hydromorphone hydrochloride 12 MG Extended Release Oral Tablet
902736,SCD,24 HR hydromorphone hydrochloride 16 MG Extended Release Oral Tablet
1306898,SCD,24 HR hydromorphone hydrochloride 32 MG Extended Release Oral Tablet
1724341,SCD,50 ML hydromorphone hydrochloride 10 MG/ML Injection
1872752,SBD,0.5 ML hydromorphone hydrochloride 1 MG/ML Prefilled Syringe [Dilaudid]
897658,SBD,hydromorphone hydrochloride 1 MG/ML Oral Solution [Dilaudid]
2277370,SBD,1 ML hydromorphone hydrochloride 0.2 MG/ML Prefilled Syringe [Dilaudid]
1872265,SBD,1 ML hydromorphone hydrochloride 1 MG/ML Prefilled Syringe [Dilaudid]
1872269,SBD,1 ML hydromorphone hydrochloride 2 MG/ML Prefilled Syringe [Dilaudid]
1872272,SBD,1 ML hydromorphone hydrochloride 4 MG/ML Prefilled Syringe [Dilaudid]
897698,SBD,hydromorphone hydrochloride 2 MG Oral Tablet [Dilaudid]
897704,SBD,hydromorphone hydrochloride 4 MG Oral Tablet [Dilaudid]
897712,SBD,hydromorphone hydrochloride 8 MG Oral Tablet [Dilaudid]
402411,SCDF,tramadol Disintegrating Oral Tablet
379523,SCDF,tramadol Extended Release Oral Capsule
374174,SCDF,tramadol Extended Release Oral Tablet
374170,SCDF,tramadol Injectable Solution
374169,SCDF,tramadol Oral Capsule
374171,SCDF,tramadol Oral Solution
374173,SCDF,tramadol Oral Tablet
378712,SCDF,acetaminophen / tramadol Oral Tablet
2588477,SCDF,celecoxib / tramadol Oral Tablet
1148481,SBDF,tramadol Extended Release Oral Capsule [ConZip]
616518,SBDF,tramadol Extended Release Oral Tablet [Ultram]
2395811,SBDF,tramadol Oral Solution [Qdolo]
369283,SBDF,tramadol Oral Tablet [Ultram]
369486,SBDF,acetaminophen / tramadol Oral Tablet [Ultracet]
2588483,SBDF,celecoxib / tramadol Oral Tablet [Seglentis]
2648877,SCDFP,tramadol hydrochloride Disintegrating Oral Tablet
2647709,SCDFP,tramadol hydrochloride Extended Release Oral Capsule
2645951,SCDFP,tramadol hydrochloride Extended Release Oral Tablet
2648855,SCDFP,tramadol hydrochloride Injectable Solution
2647585,SCDFP,tramadol hydrochloride Oral Capsule
2647581,SCDFP,tramadol hydrochloride Oral Solution
2649526,SCDFP,tramadol hydrochloride Oral Tablet
2647590,SCDFP,acetaminophen / tramadol hydrochloride Oral Tablet
2647435,SCDFP,celecoxib / tramadol hydrochloride Oral Tablet
2654830,SBDFP,tramadol hydrochloride Extended Release Oral Capsule [ConZip]
2656690,SBDFP,tramadol hydrochloride Extended Release Oral Tablet [Ultram]
2656057,SBDFP,tramadol hydrochloride Oral Solution [Qdolo]
2655105,SBDFP,tramadol hydrochloride Oral Tablet [Ultram]
2657467,SBDFP,acetaminophen / tramadol hydrochloride Oral Tablet [Ultracet]
2654364,SBDFP,celecoxib / tramadol hydrochloride Oral Tablet [Seglentis]
1295674,SCDG,tramadol Disintegrating Oral Product
1157660,SCDG,tramadol Injectable Product
1157661,SCDG,tramadol Oral Liquid Product
1157662,SCDG,tramadol Oral Product
1157663,SCDG,tramadol Pill
1152238,SCDG,acetaminophen / tramadol Oral Product
1152239,SCDG,acetaminophen / tramadol Pill
2588475,SCDG,celecoxib / tramadol Oral Product
2588476,SCDG,celecoxib / tramadol Pill
1168113,SBDG,ConZip Oral Product
1168114,SBDG,ConZip Pill
2395812,SBDG,Qdolo Oral Liquid Product
2395813,SBDG,Qdolo Oral Product
2588481,SBDG,Seglentis Oral Product
2588482,SBDG,Seglentis Pill
1187712,SBDG,Ultracet Oral Product
1187713,SBDG,Ultracet Pill
1187716,SBDG,Ultram Oral Product
1187717,SBDG,Ultram Pill
2660369,SCDGP,tramadol hydrochloride Disintegrating Oral Product
2661962,SCDGP,tramadol hydrochloride Injectable Product
2662825,SCDGP,tramadol hydrochloride Oral Liquid Product
2661517,SCDGP,tramadol hydrochloride Oral Product
2659527,SCDGP,tramadol hydrochloride Pill
2662002,SCDGP,acetaminophen / tramadol hydrochloride Oral Product
2662513,SCDGP,acetaminophen / tramadol hydrochloride Pill
2663061,SCDGP,celecoxib / tramadol hydrochloride Oral Product
2660451,SCDGP,celecoxib / tramadol hydrochloride Pill
1946529,SCD,Matrix Delivery 24 HR tramadol hydrochloride 100 MG Extended Release Oral Tablet
1946527,SCD,Matrix Delivery 24 HR tramadol hydrochloride 200 MG Extended Release Oral Tablet
1946525,SCD,Matrix Delivery 24 HR tramadol hydrochloride 300 MG Extended Release Oral Tablet
836485,SCD,tramadol hydrochloride 1 MG/ML Oral Solution
2395808,SCD,tramadol hydrochloride 5 MG/ML Oral Solution
849561,SCD,12 HR tramadol hydrochloride 150 MG Extended Release Oral Tablet
1148478,SCD,24 HR tramadol hydrochloride 100 MG Extended Release Oral Capsule
833709,SCD,24 HR tramadol hydrochloride 100 MG Extended Release Oral Tablet
1248115,SCD,24 HR tramadol hydrochloride 150 MG Extended Release Oral Capsule
1148485,SCD,24 HR tramadol hydrochloride 200 MG Extended Release Oral Capsule
833711,SCD,24 HR tramadol hydrochloride 200 MG Extended Release Oral Tablet
1148489,SCD,24 HR tramadol hydrochloride 300 MG Extended Release Oral Capsule
833713,SCD,24 HR tramadol hydrochloride 300 MG Extended Release Oral Tablet
2670390,SCD,tramadol hydrochloride 25 MG Oral Tablet
836408,SCD,tramadol hydrochloride 50 MG Disintegrating Oral Tablet
849903,SCD,tramadol hydrochloride 50 MG Extended Release Oral Capsule
836466,SCD,tramadol hydrochloride 50 MG Oral Capsule
835603,SCD,tramadol hydrochloride 50 MG Oral Tablet
849329,SCD,tramadol hydrochloride 50 MG/ML Injectable Solution
849331,SCD,tramadol hydrochloride 75 MG Extended Release Oral Tablet
2692878,SCD,tramadol hydrochloride 75 MG Oral Tablet
2179635,SCD,tramadol hydrochloride 100 MG Oral Tablet
836395,SCD,acetaminophen 325 MG / tramadol hydrochloride 37.5 MG Oral Tablet
2588478,SCD,celecoxib 56 MG / tramadol hydrochloride 44 MG Oral Tablet
2395814,SBD,tramadol hydrochloride 5 MG/ML Oral Solution [Qdolo]
1148482,SBD,24 HR tramadol hydrochloride 100 MG Extended Release Oral Capsule [ConZip]
1148487,SBD,24 HR tramadol hydrochloride 200 MG Extended Release Oral Capsule [ConZip]
845315,SBD,24 HR tramadol hydrochloride 200 MG Extended Release Oral Tablet [Ultram]
1148491,SBD,24 HR tramadol hydrochloride 300 MG Extended Release Oral Capsule [ConZip]
845316,SBD,24 HR tramadol hydrochloride 300 MG Extended Release Oral Tablet [Ultram]
835605,SBD,tramadol hydrochloride 50 MG Oral Tablet [Ultram]
836397,SBD,acetaminophen 325 MG / tramadol hydrochloride 37.5 MG Oral Tablet [Ultracet]
2588484,SBD,celecoxib 56 MG / tramadol hydrochloride 44 MG Oral Tablet [Seglentis]
1657189,SCDF,nivolumab Injection
2700795,SCDF,hyaluronidase / nivolumab Injection
2596777,SCDF,nivolumab / relatlimab Injection
1657191,SBDF,nivolumab Injection [Opdivo]
2700803,SBDF,hyaluronidase / nivolumab Injection [Opdivo Qvantig]
2596783,SBDF,nivolumab / relatlimab Injection [Opdualag]
2700797,SCDFP,hyaluronidase-nvhy / nivolumab-nvhy Injection
2648875,SCDFP,nivolumab-rmbw / relatlimab-rmbw Injection
2700804,SBDFP,hyaluronidase-nvhy / nivolumab-nvhy Injection [Opdivo Qvantig]
2654690,SBDFP,nivolumab-rmbw / relatlimab-rmbw Injection [Opdualag]
1597878,SCDG,nivolumab Injectable Product
2700794,SCDG,hyaluronidase / nivolumab Injectable Product
2596776,SCDG,nivolumab / relatlimab Injectable Product
1597884,SBDG,Opdivo Injectable Product
2700802,SBDG,Opdivo Qvantig Injectable Product
2596782,SBDG,Opdualag Injectable Product
2700796,SCDGP,hyaluronidase-nvhy / nivolumab-nvhy Injectable Product
2659412,SCDGP,nivolumab-rmbw / relatlimab-rmbw Injectable Product
1657190,SCD,4 ML nivolumab 10 MG/ML Injection
1657195,SCD,10 ML nivolumab 10 MG/ML Injection
2569080,SCD,12 ML nivolumab 10 MG/ML Injection
1991412,SCD,24 ML nivolumab 10 MG/ML Injection
2728491,SCD,2.5 ML hyaluronidase-nvhy 2000 UNT/ML / nivolumab-nvhy 120 MG/ML Injection
2700798,SCD,5 ML hyaluronidase-nvhy 2000 UNT/ML / nivolumab-nvhy 120 MG/ML Injection
2596778,SCD,20 ML nivolumab-rmbw 12 MG/ML / relatlimab-rmbw 4 MG/ML Injection
1657192,SBD,4 ML nivolumab 10 MG/ML Injection [Opdivo]
1657196,SBD,10 ML nivolumab 10 MG/ML Injection [Opdivo]
2569081,SBD,12 ML nivolumab 10 MG/ML Injection [Opdivo]
1991413,SBD,24 ML nivolumab 10 MG/ML Injection [Opdivo]
2728492,SBD,2.5 ML hyaluronidase-nvhy 2000 UNT/ML / nivolumab-nvhy 120 MG/ML Injection [Opdivo Qvantig]
2700805,SBD,5 ML hyaluronidase-nvhy 2000 UNT/ML / nivolumab-nvhy 120 MG/ML Injection [Opdivo Qvantig]
2596784,SBD,20 ML nivolumab-rmbw 12 MG/ML / relatlimab-rmbw 4 MG/ML Injection [Opdualag]
374368,SCDF,bumetanide Injectable Solution
1727568,SCDF,bumetanide Injection
2724436,SCDF,bumetanide Nasal Spray
371157,SCDF,bumetanide Oral Solution
371158,SCDF,bumetanide Oral Tablet
370850,SCDF,amiloride / bumetanide Oral Tablet
438106,SCDF,bumetanide / potassium chloride Extended Release Oral Tablet
2724442,SBDF,bumetanide Nasal Spray [Enbumyst]
369375,SBDF,bumetanide Oral Tablet [Bumex]
2648533,SCDFP,amiloride hydrochloride / bumetanide Oral Tablet
1151347,SCDG,bumetanide Injectable Product
2724435,SCDG,bumetanide Nasal Product
1151348,SCDG,bumetanide Oral Liquid Product
1151349,SCDG,bumetanide Oral Product
2724434,SCDG,bumetanide Inhalant Product
1151350,SCDG,bumetanide Pill
1151594,SCDG,amiloride / bumetanide Oral Product
1151595,SCDG,amiloride / bumetanide Pill
1151343,SCDG,bumetanide / potassium chloride Oral Product
1151344,SCDG,bumetanide / potassium chloride Pill
1168680,SBDG,Bumex Oral Product
1168681,SBDG,Bumex Pill
2724441,SBDG,Enbumyst Nasal Product
2724440,SBDG,Enbumyst Inhalant Product
2659481,SCDGP,amiloride hydrochloride / bumetanide Oral Product
2663381,SCDGP,amiloride hydrochloride / bumetanide Pill
250660,SCD,bumetanide 0.2 MG/ML Oral Solution
282486,SCD,bumetanide 0.25 MG/ML Injectable Solution
197417,SCD,bumetanide 0.5 MG Oral Tablet
104223,SCD,bumetanide 0.5 MG/ML Injectable Solution
197418,SCD,bumetanide 1 MG Oral Tablet
197419,SCD,bumetanide 2 MG Oral Tablet
1727572,SCD,2 ML bumetanide 0.25 MG/ML Injection
1727569,SCD,4 ML bumetanide 0.25 MG/ML Injection
104222,SCD,bumetanide 5 MG Oral Tablet
2724437,SCD,bumetanide 5 MG/ML Nasal Spray
977951,SCD,amiloride hydrochloride 5 MG / bumetanide 1 MG Oral Tablet
431610,SCD,bumetanide 0.5 MG / potassium chloride 573 MG Extended Release Oral Tablet
205488,SBD,bumetanide 0.5 MG Oral Tablet [Bumex]
205489,SBD,bumetanide 1 MG Oral Tablet [Bumex]
205490,SBD,bumetanide 2 MG Oral Tablet [Bumex]
2724443,SBD,bumetanide 5 MG/ML Nasal Spray [Enbumyst]
1655947,SCDF,eculizumab Injection
1655949,SBDF,eculizumab Injection [Soliris]
1161281,SCDG,eculizumab Injectable Product
1184826,SBDG,Soliris Injectable Product
700384,SCD,30 ML eculizumab 10 MG/ML Injection
2706338,SCD,30 ML eculizumab-aagh 10 MG/ML Injection
2706351,SCD,30 ML eculizumab-aeeb 10 MG/ML Injection
700387,SBD,30 ML eculizumab 10 MG/ML Injection [Soliris]
2706345,SBD,30 ML eculizumab-aagh 10 MG/ML Injection [Epysqli]
2706358,SBD,30 ML eculizumab-aeeb 10 MG/ML Injection [Bkemv]
372062,SCDF,erythromycin Oral Suspension
372064,SCDF,erythromycin Oral Tablet
376362,SCDF,S-adenosylmethionine Delayed Release Oral Tablet
370784,SCDF,S-adenosylmethionine Oral Tablet
374314,SCDF,vitamin E Chewable Tablet
1999329,SCDF,vitamin E Medicated Patch
204674,SCDF,vitamin E Oral Capsule
374316,SCDF,vitamin E Oral Solution
379302,SCDF,vitamin E Oral Suspension
374317,SCDF,vitamin E Oral Tablet
375652,SCDF,vitamin E Rectal Suppository
375357,SCDF,vitamin E Topical Cream
313725,SCDF,vitamin E Topical Oil
375356,SCDF,vitamin E Topical Ointment
377365,SCDF,vitamin E Topical Spray
374474,SCDF,zinc oxide Topical Ointment
578123,SCDF,black currant oil / vitamin E Oral Capsule
1366141,SCDF,cholecalciferol / vitamin E Oral Wafer
1312457,SCDF,petrolatum / vitamin E Chewable Tablet
374995,SCDF,ubidecarenone / vitamin E Oral Capsule
757266,SCDF,ubidecarenone / vitamin E Oral Solution
618606,SCDF,docosahexaenoate / eicosapentaenoate / vitamin E Oral Capsule
385099,SCDF,levocarnitine / ubidecarenone / vitamin E Oral Capsule
809884,SCDF,linoleate / omega-3 acid ethyl esters (USP) / vitamin E Oral Capsule
581412,SCDF,lutein / vitamin E / zeaxanthin Oral Capsule
632118,SCDF,thioctate / ubidecarenone / vitamin E Oral Capsule
1092390,SCDF,docosahexaenoate / eicosapentaenoate / omega-3 acid ethyl esters (USP) / vitamin E Oral Capsule
863602,SBDF,erythromycin Oral Suspension [E.E.S.]
863605,SBDF,erythromycin Oral Tablet [E.E.S.]
2261390,SBDF,levonorgestrel Oral Tablet [E-Con]
364670,SBDF,vitamin E Oral Solution [Aquasol E]
1039184,SBDF,zinc oxide Topical Ointment [Manzatin-E]
1366146,SBDF,cholecalciferol / vitamin E Oral Wafer [Replesta NX]
1539262,SBDF,ubidecarenone / vitamin E Oral Capsule [NeoQ10]
1086811,SBDF,ubidecarenone / vitamin E Oral Capsule [Q-Gel]
1088929,SBDF,ubidecarenone / vitamin E Oral Solution [Liq-10]
1090914,SBDF,ubidecarenone / vitamin E Oral Solution [Q-Up]
995781,SBDF,linoleate / omega-3 acid ethyl esters (USP) / vitamin E Oral Capsule [Encora Capsule]
1086850,SBDF,thioctate / ubidecarenone / vitamin E Oral Capsule [Q-Gel with Lipoic Acid]
2648213,SCDFP,erythromycin ethylsuccinate Oral Suspension
2648015,SCDFP,erythromycin ethylsuccinate Oral Tablet
2647880,SCDFP,tocopherol acetate / ubidecarenone Oral Capsule
2646063,SCDFP,docosahexaenoic acid / eicosapentaenoic acid / vitamin E Oral Capsule
2645539,SCDFP,linoleic acid / omega-3 acid ethyl esters (USP) / vitamin E Oral Capsule
2646340,SCDFP,"thioctic acid / tocopherol,DL-alpha / ubidecarenone Oral Capsule"
2646863,SCDFP,docosahexaenoic acid / eicosapentaenoic acid / omega-3 acid ethyl esters (USP) / vitamin E Oral Capsule
2656934,SBDFP,erythromycin ethylsuccinate Oral Suspension [E.E.S.]
2654636,SBDFP,erythromycin ethylsuccinate Oral Tablet [E.E.S.]
2655149,SBDFP,tocopherol acetate / ubidecarenone Oral Capsule [Q-Gel]
2655945,SBDFP,linoleic acid / omega-3 acid ethyl esters (USP) / vitamin E Oral Capsule [Encora Capsule]
2658744,SBDFP,"thioctic acid / tocopherol,DL-alpha / ubidecarenone Oral Capsule [Q-Gel with Lipoic Acid]"
1164503,SCDG,erythromycin Oral Liquid Product
1164504,SCDG,erythromycin Oral Product
1164505,SCDG,erythromycin Pill
1156461,SCDG,S-adenosylmethionine Oral Product
1156462,SCDG,S-adenosylmethionine Pill
1294981,SCDG,vitamin E Chewable Product
1161177,SCDG,vitamin E Oral Liquid Product
1161178,SCDG,vitamin E Oral Product
1161180,SCDG,vitamin E Rectal Product
1161770,SCDG,vitamin E Topical Product
1161179,SCDG,vitamin E Pill
1163041,SCDG,zinc oxide Topical Product
1162411,SCDG,black currant oil / vitamin E Oral Product
1162412,SCDG,black currant oil / vitamin E Pill
1366139,SCDG,cholecalciferol / vitamin E Oral Product
1366140,SCDG,cholecalciferol / vitamin E Wafer Product
1165215,SCDG,glucosamine / S-adenosylmethionine Pill
1312454,SCDG,petrolatum / vitamin E Chewable Product
1312455,SCDG,petrolatum / vitamin E Oral Product
1312456,SCDG,petrolatum / vitamin E Pill
1164972,SCDG,ubidecarenone / vitamin E Oral Liquid Product
1164973,SCDG,ubidecarenone / vitamin E Oral Product
1159380,SCDG,ubidecarenone / vitamin E Pill
1159619,SCDG,docosahexaenoate / eicosapentaenoate / vitamin E Oral Product
1159620,SCDG,docosahexaenoate / eicosapentaenoate / vitamin E Pill
1164376,SCDG,levocarnitine / ubidecarenone / vitamin E Oral Product
1164965,SCDG,levocarnitine / ubidecarenone / vitamin E Pill
1163221,SCDG,linoleate / omega-3 acid ethyl esters (USP) / vitamin E Oral Product
1163222,SCDG,linoleate / omega-3 acid ethyl esters (USP) / vitamin E Pill
1165354,SCDG,lutein / vitamin E / zeaxanthin Oral Product
1165355,SCDG,lutein / vitamin E / zeaxanthin Pill
1164970,SCDG,thioctate / ubidecarenone / vitamin E Oral Product
1164971,SCDG,thioctate / ubidecarenone / vitamin E Pill
1159611,SCDG,docosahexaenoate / eicosapentaenoate / omega-3 acid ethyl esters (USP) / vitamin E Oral Product
1159612,SCDG,docosahexaenoate / eicosapentaenoate / omega-3 acid ethyl esters (USP) / vitamin E Pill
1169337,SBDG,Aquasol E Oral Liquid Product
1169338,SBDG,Aquasol E Oral Product
2261391,SBDG,E-Con Oral Product
2261392,SBDG,E-Con Pill
1171744,SBDG,E.E.S. Oral Liquid Product
1171745,SBDG,E.E.S. Oral Product
1171746,SBDG,E.E.S. Pill
1175961,SBDG,Encora Capsule Oral Product
1175962,SBDG,Encora Capsule Pill
1177935,SBDG,Liq-10 Oral Liquid Product
1177936,SBDG,Liq-10 Oral Product
1180377,SBDG,Manzatin-E Topical Product
1539263,SBDG,NeoQ10 Oral Product
1539264,SBDG,NeoQ10 Pill
1184135,SBDG,Q-Gel Oral Product
1184136,SBDG,Q-Gel Pill
1184088,SBDG,Q-Gel with Lipoic Acid Oral Product
1184652,SBDG,Q-Gel with Lipoic Acid Pill
1184689,SBDG,Q-Up Oral Liquid Product
1184690,SBDG,Q-Up Oral Product
1366147,SBDG,Replesta NX Oral Product
1366148,SBDG,Replesta NX Wafer Product
2663576,SCDGP,erythromycin ethylsuccinate Oral Liquid Product
2662042,SCDGP,erythromycin ethylsuccinate Oral Product
2659835,SCDGP,erythromycin ethylsuccinate Pill
2662438,SCDGP,tocopherol acetate / ubidecarenone Oral Product
2660393,SCDGP,tocopherol acetate / ubidecarenone Pill
2662442,SCDGP,docosahexaenoic acid / eicosapentaenoic acid / vitamin E Oral Product
2662996,SCDGP,docosahexaenoic acid / eicosapentaenoic acid / vitamin E Pill
2659850,SCDGP,linoleic acid / omega-3 acid ethyl esters (USP) / vitamin E Oral Product
2663112,SCDGP,linoleic acid / omega-3 acid ethyl esters (USP) / vitamin E Pill
2660636,SCDGP,"thioctic acid / tocopherol,DL-alpha / ubidecarenone Oral Product"
2662336,SCDGP,"thioctic acid / tocopherol,DL-alpha / ubidecarenone Pill"
2660242,SCDGP,docosahexaenoic acid / eicosapentaenoic acid / omega-3 acid ethyl esters (USP) / vitamin E Oral Product
2662671,SCDGP,docosahexaenoic acid / eicosapentaenoic acid / omega-3 acid ethyl esters (USP) / vitamin E Pill
313968,SCD,erythromycin 25 MG/ML Oral Suspension
597193,SCD,erythromycin 50 MG/ML Oral Suspension
425351,SCD,erythromycin 100 MG/ML Oral Suspension
598006,SCD,erythromycin 250 MG Oral Tablet
197650,SCD,erythromycin 500 MG Oral Tablet
486960,SCD,erythromycin estolate 25 MG/ML Oral Suspension
597194,SCD,erythromycin estolate 50 MG/ML Oral Suspension
486912,SCD,erythromycin estolate 500 MG Oral Tablet
686400,SCD,erythromycin ethylsuccinate 40 MG/ML Oral Suspension
686418,SCD,erythromycin ethylsuccinate 80 MG/ML Oral Suspension
686405,SCD,erythromycin ethylsuccinate 400 MG Oral Tablet
686355,SCD,erythromycin stearate 250 MG Oral Tablet
686406,SCD,erythromycin stearate 500 MG Oral Tablet
259258,SCD,S-adenosylmethionine 200 MG Delayed Release Oral Tablet
252078,SCD,S-adenosylmethionine 200 MG Oral Tablet
730778,SCD,S-adenosylmethionine 400 MG Delayed Release Oral Tablet
485707,SCD,S-adenosylmethionine 400 MG Oral Tablet
1999330,SCD,vitamin E 0.03 MG/MG Medicated Patch
2171111,SCD,vitamin E 22.6 MG/ML Oral Solution
245501,SCD,vitamin E 30 UNT Oral Capsule
240900,SCD,vitamin E 30 UNT Rectal Suppository
389239,SCD,vitamin E 50 MG Oral Tablet
313722,SCD,vitamin E 50 MG/ML Oral Solution
702648,SCD,vitamin E 50 UNT/ML Topical Cream
150930,SCD,vitamin E 75 UNT Oral Capsule
313713,SCD,vitamin E 90 MG Oral Capsule
150932,SCD,vitamin E 90 MG Oral Tablet
581338,SCD,vitamin E 90 UNT Oral Capsule
105784,SCD,vitamin E 100 MG/ML Oral Suspension
237737,SCD,vitamin E 100 UNT Chewable Tablet
210467,SCD,vitamin E 100 UNT Oral Capsule
199359,SCD,vitamin E 100 UNT Oral Tablet
237739,SCD,vitamin E 180 MG Chewable Tablet
412113,SCD,vitamin E 180 MG Oral Capsule
313717,SCD,vitamin E 180 MG Oral Tablet
412065,SCD,vitamin E 268 MG Oral Capsule
896130,SCD,vitamin E 400 UNT/ML Oral Solution
1424281,SCD,vitamin E 400 UNT/ML Topical Oil
260476,SCD,vitamin E 450 MG Oral Capsule
313724,SCD,vitamin E 600 UNT Oral Capsule
237726,SCD,vitamin E 800 UNT Oral Capsule
282781,SCD,vitamin E 920 UNT/ML Oral Solution
240865,SCD,vitamin E 1200 UNT Oral Capsule
313714,SCD,vitamin E 28000 UNT Topical Oil
2556793,SCD,zinc oxide 0.01 MG/MG Topical Ointment
1044412,SCD,zinc oxide 0.018 MG/MG Topical Ointment
1089065,SCD,zinc oxide 0.038 MG/MG Topical Ointment
797233,SCD,zinc oxide 0.0938 MG/MG Topical Ointment
199099,SCD,zinc oxide 0.1 MG/MG Topical Ointment
199852,SCD,zinc oxide 0.12 MG/MG Topical Ointment
637168,SCD,zinc oxide 0.128 MG/MG Topical Ointment
899863,SCD,zinc oxide 0.13 MG/MG Topical Ointment
702006,SCD,zinc oxide 0.134 MG/MG Topical Ointment
2003464,SCD,zinc oxide 0.14 MG/MG Topical Ointment
245663,SCD,zinc oxide 0.15 MG/MG Topical Ointment
708071,SCD,zinc oxide 0.16 MG/MG Topical Ointment
1039181,SCD,zinc oxide 0.18 MG/MG Topical Ointment
198911,SCD,zinc oxide 0.2 MG/MG Topical Ointment
238405,SCD,zinc oxide 0.25 MG/MG Topical Ointment
418822,SCD,zinc oxide 0.3 MG/MG Topical Ointment
244638,SCD,zinc oxide 0.4 MG/MG Topical Ointment
578124,SCD,black currant oil 625 MG / vitamin E 15 MG Oral Capsule
1366143,SCD,cholecalciferol 14000 UNT / vitamin E 34 UNT Oral Wafer
1312459,SCD,petrolatum 250 MG / vitamin E 10 UNT Chewable Tablet
485819,SCD,tocopherol acetate 6 UNT / ubidecarenone 30 MG Oral Capsule
1090911,SCD,ubidecarenone 6 MG/ML / vitamin E 3 UNT/ML Oral Solution
664787,SCD,ubidecarenone 10 MG / vitamin E 1 UNT Oral Capsule
756008,SCD,ubidecarenone 10 MG/ML / vitamin E 3 UNT/ML Oral Solution
477437,SCD,ubidecarenone 15 MG / vitamin E 3 UNT Oral Capsule
1088926,SCD,ubidecarenone 20 MG/ML / vitamin E 0.2 UNT/ML Oral Solution
199156,SCD,ubidecarenone 30 MG / vitamin E 1 UNT Oral Capsule
664791,SCD,ubidecarenone 50 MG / vitamin E 1 UNT Oral Capsule
477433,SCD,ubidecarenone 60 MG / vitamin E 150 UNT Oral Capsule
578759,SCD,ubidecarenone 100 MG / vitamin E 5 UNT Oral Capsule
485818,SCD,ubidecarenone 100 MG / vitamin E 150 UNT Oral Capsule
1539259,SCD,ubidecarenone 125 MG / vitamin E 10 UNT Oral Capsule
664790,SCD,ubidecarenone 200 MG / vitamin E 1 UNT Oral Capsule
578760,SCD,ubidecarenone 300 MG / vitamin E 3 UNT Oral Capsule
2272402,SCD,ubidecarenone 300 MG / vitamin E 5 UNT Oral Capsule
1092397,SCD,docosahexaenoic acid 500 MG / eicosapentaenoic acid 50 MG / vitamin E 10 UNT Oral Capsule
1091325,SCD,levocarnitine 250 MG / ubidecarenone 30 MG / vitamin E 75 UNT Oral Capsule
995778,SCD,linoleic acid 10 MG / omega-3 acid ethyl esters (USP) 650 MG / vitamin E 50 UNT Oral Capsule
581413,SCD,lutein 6 MG / vitamin E 1 UNT / zeaxanthin 0.264 MG Oral Capsule
1115592,SCD,"thioctic acid 50 MG / tocopherol,DL-alpha 100 UNT / ubidecarenone 30 MG Oral Capsule"
1092392,SCD,docosahexaenoic acid 100 MG / eicosapentaenoic acid 160 MG / omega-3 acid ethyl esters (USP) 60 MG / vitamin E 10 UNT Oral Capsule
995852,SCD,calcium ascorbate 25 MG / calcium carbonate 400 MG / cholecalciferol 200 UNT / folic acid 2 MG / pyridoxine hydrochloride 25 MG Oral Tablet
995854,SCD,calcium ascorbate 25 MG / calcium carbonate 600 MG / cholecalciferol 600 UNT / folic acid 0.5 MG / pyridoxine hydrochloride 12.5 MG Oral Tablet
863603,SBD,erythromycin ethylsuccinate 40 MG/ML Oral Suspension [E.E.S.]
686402,SBD,erythromycin ethylsuccinate 40 MG/ML Oral Suspension [EryPed]
686420,SBD,erythromycin ethylsuccinate 80 MG/ML Oral Suspension [EryPed]
863606,SBD,erythromycin ethylsuccinate 400 MG Oral Tablet [E.E.S.]
750839,SBD,erythromycin stearate 250 MG Oral Tablet [Erythrocin Stearate]
210453,SBD,vitamin E 22.6 MG/ML Oral Solution [Aquasol E]
1550952,SBD,zinc oxide 0.018 MG/MG Topical Ointment [Dynashield ZO]
1089069,SBD,zinc oxide 0.038 MG/MG Topical Ointment [PeriGuard]
1494206,SBD,zinc oxide 0.1 MG/MG Topical Ointment [Dr. Smith's Diaper Rash]
729935,SBD,zinc oxide 0.128 MG/MG Topical Ointment [Triple Paste]
1086022,SBD,zinc oxide 0.134 MG/MG Topical Ointment [Flanders]
1039185,SBD,zinc oxide 0.18 MG/MG Topical Ointment [Manzatin-E]
1421552,SBD,zinc oxide 0.25 MG/MG Topical Ointment [Booty Goo]
809448,SBD,zinc oxide 0.25 MG/MG Topical Ointment [Delazinc]
260502,SBD,zinc oxide 0.4 MG/MG Topical Ointment [Desitin]
1366149,SBD,cholecalciferol 14000 UNT / vitamin E 34 UNT Oral Wafer [Replesta NX]
1086838,SBD,tocopherol acetate 6 UNT / ubidecarenone 30 MG Oral Capsule [Q-Gel]
1090915,SBD,ubidecarenone 6 MG/ML / vitamin E 3 UNT/ML Oral Solution [Q-Up]
1086812,SBD,ubidecarenone 15 MG / vitamin E 3 UNT Oral Capsule [Q-Gel]
1088930,SBD,ubidecarenone 20 MG/ML / vitamin E 0.2 UNT/ML Oral Solution [Liq-10]
1086847,SBD,ubidecarenone 60 MG / vitamin E 150 UNT Oral Capsule [Q-Gel]
1086840,SBD,ubidecarenone 100 MG / vitamin E 150 UNT Oral Capsule [Q-Gel]
1539265,SBD,ubidecarenone 125 MG / vitamin E 10 UNT Oral Capsule [NeoQ10]
995782,SBD,linoleic acid 10 MG / omega-3 acid ethyl esters (USP) 650 MG / vitamin E 50 UNT Oral Capsule [Encora Capsule]
1115594,SBD,"thioctic acid 50 MG / tocopherol,DL-alpha 100 UNT / ubidecarenone 30 MG Oral Capsule [Q-Gel with Lipoic Acid]"
995859,SBD,calcium ascorbate 25 MG / calcium carbonate 400 MG / cholecalciferol 200 UNT / folic acid 2 MG / pyridoxine hydrochloride 25 MG Oral Tablet [Encora AM Tablet]
995863,SBD,calcium ascorbate 25 MG / calcium carbonate 600 MG / cholecalciferol 600 UNT / folic acid 0.5 MG / pyridoxine hydrochloride 12.5 MG Oral Tablet [Encora PM Tablet]
995855,GPCK,{30 (calcium ascorbate 25 MG / calcium carbonate 400 MG / cholecalciferol 200 UNT / folic acid 2 MG / pyridoxine hydrochloride 25 MG Oral Tablet) / 30 (calcium ascorbate 25 MG / calcium carbonate 600 MG / cholecalciferol 600 UNT / folic acid 0.5 MG / pyridoxine hydrochloride 12.5 MG Oral Tablet) / 60 (linoleic acid 10 MG / omega-3 acid ethyl esters (USP) 650 MG / vitamin E 50 UNT Oral Capsule) } Pack
995864,BPCK,{30 (calcium ascorbate 25 MG / calcium carbonate 400 MG / cholecalciferol 200 UNT / folic acid 2 MG / pyridoxine hydrochloride 25 MG Oral Tablet [Encora AM Tablet]) / 30 (calcium ascorbate 25 MG / calcium carbonate 600 MG / cholecalciferol 600 UNT / folic acid 0.5 MG / pyridoxine hydrochloride 12.5 MG Oral Tablet [Encora PM Tablet]) / 60 (linoleic acid 10 MG / omega-3 acid ethyl esters (USP) 650 MG / vitamin E 50 UNT Oral Capsule [Encora Capsule]) } Pack [Encora]
374412,SCDF,progesterone Injectable Solution
373616,SCDF,progesterone Oral Capsule
2716917,SCDF,progesterone Topical Oil
377270,SCDF,progesterone Vaginal Gel
2109022,SCDF,progesterone Vaginal Insert
376645,SCDF,sulfasalazine Delayed Release Oral Tablet
373991,SCDF,sulfasalazine Oral Tablet
374868,SCDF,beta sitosterol / zinc citrate Oral Tablet
2108923,SCDF,estradiol / progesterone Oral Capsule
577711,SCDF,beta sitosterol / campesterol / stigmasterol Oral Tablet
366435,SBDF,progesterone Oral Capsule [Prometrium]
367189,SBDF,progesterone Vaginal Gel [Crinone]
2109027,SBDF,progesterone Vaginal Insert [Eazi-Breed CIDR]
2109024,SBDF,progesterone Vaginal Insert [Endometrin]
724153,SBDF,sulfasalazine Delayed Release Oral Tablet [Azulfidine]
369240,SBDF,sulfasalazine Oral Tablet [Azulfidine]
2108927,SBDF,estradiol / progesterone Oral Capsule [Bijuva]
1153500,SCDG,androstenedione Pill
2104171,SCDG,beta sitosterol Pill
1162288,SCDG,progesterone Injectable Product
1162289,SCDG,progesterone Oral Product
1162292,SCDG,progesterone Topical Product
1162293,SCDG,progesterone Vaginal Product
1162290,SCDG,progesterone Pill
1162997,SCDG,sulfasalazine Oral Product
1162998,SCDG,sulfasalazine Pill
1160559,SCDG,beta sitosterol / zinc citrate Oral Product
1160560,SCDG,beta sitosterol / zinc citrate Pill
2108921,SCDG,estradiol / progesterone Oral Product
2108922,SCDG,estradiol / progesterone Pill
1160561,SCDG,beta sitosterol / campesterol / stigmasterol Oral Product
1160562,SCDG,beta sitosterol / campesterol / stigmasterol Pill
1166096,SBDG,Azulfidine Oral Product
1166097,SBDG,Azulfidine Pill
2108928,SBDG,Bijuva Oral Product
2108929,SBDG,Bijuva Pill
1173055,SBDG,Crinone Vaginal Product
1251724,SBDG,Eazi-Breed CIDR Vaginal Product
1176595,SBDG,Endometrin Vaginal Product
1181291,SBDG,Prometrium Oral Product
1181292,SBDG,Prometrium Pill
312643,SCD,progesterone 0.04 MG/MG Vaginal Gel
312645,SCD,progesterone 0.08 MG/MG Vaginal Gel
312644,SCD,progesterone 50 MG/ML Injectable Solution
260243,SCD,progesterone 100 MG Oral Capsule
725094,SCD,progesterone 100 MG Vaginal Insert
312641,SCD,progesterone 200 MG Oral Capsule
2716918,SCD,progesterone 213 MG/ML Topical Oil
1251720,SCD,progesterone 300 MG Vaginal Insert
1372907,SCD,progesterone 1380 MG Vaginal Insert
313142,SCD,sulfasalazine 500 MG Delayed Release Oral Tablet
198232,SCD,sulfasalazine 500 MG Oral Tablet
253000,SCD,beta sitosterol 300 MG / zinc citrate 15 MG Oral Tablet
2632844,SCD,estradiol 0.5 MG / progesterone 100 MG Oral Capsule
2108924,SCD,estradiol 1 MG / progesterone 100 MG Oral Capsule
830784,SCD,beta sitosterol 200 MG / campesterol 120 MG / stigmasterol 105 MG Oral Tablet
153579,SBD,progesterone 0.04 MG/MG Vaginal Gel [Crinone]
153580,SBD,progesterone 0.08 MG/MG Vaginal Gel [Crinone]
262080,SBD,progesterone 100 MG Oral Capsule [Prometrium]
725098,SBD,progesterone 100 MG Vaginal Insert [Endometrin]
261319,SBD,progesterone 200 MG Oral Capsule [Prometrium]
1251725,SBD,progesterone 300 MG Vaginal Insert [Eazi-Breed CIDR]
1372909,SBD,progesterone 1380 MG Vaginal Insert [Eazi-Breed CIDR]
724154,SBD,sulfasalazine 500 MG Delayed Release Oral Tablet [Azulfidine]
208437,SBD,sulfasalazine 500 MG Oral Tablet [Azulfidine]
2632846,SBD,estradiol 0.5 MG / progesterone 100 MG Oral Capsule [Bijuva]
2108930,SBD,estradiol 1 MG / progesterone 100 MG Oral Capsule [Bijuva]
385484,SCDF,carbamide peroxide Otic Solution
806519,SCDF,isopropyl alcohol Otic Solution
827777,SBDF,carbamide peroxide Otic Solution [Auraphene-B]
827730,SBDF,carbamide peroxide Otic Solution [Auro Ear]
1245625,SBDF,carbamide peroxide Otic Solution [Clearcanal]
827653,SBDF,carbamide peroxide Otic Solution [Debrox]
827765,SBDF,carbamide peroxide Otic Solution [E-R-O]
827759,SBDF,carbamide peroxide Otic Solution [Mollifene]
827709,SBDF,carbamide peroxide Otic Solution [Murine Ear]
2588947,SBDF,carbamide peroxide Otic Solution [Otix]
2540672,SBDF,carbamide peroxide Otic Solution [Suavear]
1158892,SCDG,carbamide peroxide Otic Product
1159743,SCDG,isopropyl alcohol Otic Product
1174310,SBDG,Auraphene-B Otic Product
1174999,SBDG,Auro Ear Otic Product
1245626,SBDG,Clearcanal Otic Product
1169584,SBDG,Debrox Otic Product
1171108,SBDG,E-R-O Otic Product
1181642,SBDG,Mollifene Otic Product
1183880,SBDG,Murine Ear Otic Product
2588946,SBDG,Otix Otic Product
2540673,SBDG,Suavear Otic Product
106092,SCD,carbamide peroxide 50 MG/ML Otic Solution
702050,SCD,carbamide peroxide 65 MG/ML Otic Solution
631799,SCD,isopropyl alcohol 0.95 ML/ML Otic Solution
827778,SBD,carbamide peroxide 65 MG/ML Otic Solution [Auraphene-B]
827731,SBD,carbamide peroxide 65 MG/ML Otic Solution [Auro Ear]
1245627,SBD,carbamide peroxide 65 MG/ML Otic Solution [Clearcanal]
827654,SBD,carbamide peroxide 65 MG/ML Otic Solution [Debrox]
827766,SBD,carbamide peroxide 65 MG/ML Otic Solution [E-R-O]
827760,SBD,carbamide peroxide 65 MG/ML Otic Solution [Mollifene]
827710,SBD,carbamide peroxide 65 MG/ML Otic Solution [Murine Ear]
2588948,SBD,carbamide peroxide 65 MG/ML Otic Solution [Otix]
2540674,SBD,carbamide peroxide 65 MG/ML Otic Solution [Suavear]
1986796,SCDF,capromorelin Oral Solution
1986800,SBDF,capromorelin Oral Solution [Entyce]
1986794,SCDG,capromorelin Oral Liquid Product
1986795,SCDG,capromorelin Oral Product
1986801,SBDG,Entyce Oral Liquid Product
1986802,SBDG,Entyce Oral Product
2467543,SCD,capromorelin 20 MG/ML Oral Solution
1986797,SCD,capromorelin 30 MG/ML Oral Solution
2467549,SBD,capromorelin 20 MG/ML Oral Solution [Elura]
1986803,SBD,capromorelin 30 MG/ML Oral Solution [Entyce]
1654034,SCDF,adenosine Injection
727353,SCDF,adenosine Prefilled Syringe
371388,SCDF,chlorcyclizine / pseudoephedrine Oral Tablet
1654036,SBDF,adenosine Injection [Adenoscan]
727356,SBDF,adenosine Prefilled Syringe [Adenocard]
1236713,SBDF,chlorcyclizine / pseudoephedrine Oral Tablet [Stahist AD]
2646777,SCDFP,chlorcyclizine hydrochloride / pseudoephedrine hydrochloride Oral Tablet
2654673,SBDFP,chlorcyclizine hydrochloride / pseudoephedrine hydrochloride Oral Solution [Stahist AD Liquid]
2657484,SBDFP,chlorcyclizine hydrochloride / pseudoephedrine hydrochloride Oral Tablet [Stahist AD]
1153467,SCDG,adenosine Injectable Product
1161870,SCDG,chlorcyclizine / pseudoephedrine Oral Product
1161871,SCDG,chlorcyclizine / pseudoephedrine Pill
1170624,SBDG,Adenocard Injectable Product
1170625,SBDG,Adenoscan Injectable Product
1236714,SBDG,Stahist AD Oral Product
1236715,SBDG,Stahist AD Pill
2662104,SCDGP,chlorcyclizine hydrochloride / pseudoephedrine hydrochloride Oral Product
2660321,SCDGP,chlorcyclizine hydrochloride / pseudoephedrine hydrochloride Pill
1654169,SCD,2 ML adenosine 3 MG/ML Injection
727360,SCD,2 ML adenosine 3 MG/ML Prefilled Syringe
1654186,SCD,4 ML adenosine 3 MG/ML Injection
727355,SCD,4 ML adenosine 3 MG/ML Prefilled Syringe
1654035,SCD,20 ML adenosine 3 MG/ML Injection
1654040,SCD,30 ML adenosine 3 MG/ML Injection
1235861,SCD,chlorcyclizine hydrochloride 25 MG / pseudoephedrine hydrochloride 60 MG Oral Tablet
727357,SBD,4 ML adenosine 3 MG/ML Prefilled Syringe [Adenocard]
1654041,SBD,30 ML adenosine 3 MG/ML Injection [Adenoscan]
1236716,SBD,chlorcyclizine hydrochloride 25 MG / pseudoephedrine hydrochloride 60 MG Oral Tablet [Stahist AD]
636214,SCDF,adefovir Oral Tablet
2479834,SCDF,"SARS-COV-2 (COVID-19) vaccine, vector non-replicating Injectable Suspension"
636219,SBDF,adefovir Oral Tablet [Hepsera]
2648998,SCDFP,adefovir dipivoxil Oral Tablet
2646219,SCDFP,"SARS-COV-2 (COVID-19) vaccine, vector - Ad26 Injectable Suspension"
2658266,SBDFP,adefovir dipivoxil Oral Tablet [Hepsera]
1163695,SCDG,adefovir Oral Product
1163696,SCDG,adefovir Pill
2479833,SCDG,"SARS-COV-2 (COVID-19) vaccine, vector non-replicating Injectable Product"
1169106,SBDG,Hepsera Oral Product
1169107,SBDG,Hepsera Pill
2660846,SCDGP,adefovir dipivoxil Oral Product
2659710,SCDGP,adefovir dipivoxil Pill
2662539,SCDGP,"SARS-COV-2 (COVID-19) vaccine, vector - Ad26 Injectable Product"
881341,SCD,adefovir dipivoxil 10 MG Oral Tablet
2479835,SCD,"SARS-COV-2 (COVID-19) vaccine, vector - Ad26 100000000000 UNT/ML Injectable Suspension"
881343,SBD,adefovir dipivoxil 10 MG Oral Tablet [Hepsera]
1099935,SCDF,adenovirus type 4 vaccine live Delayed Release Oral Tablet
1099939,SCDF,adenovirus type 7 vaccine live Delayed Release Oral Tablet
1153474,SCDG,adenovirus type 4 vaccine live Oral Product
1153475,SCDG,adenovirus type 4 vaccine live Pill
1153476,SCDG,adenovirus type 7 vaccine live Oral Product
1153661,SCDG,adenovirus type 7 vaccine live Pill
1099936,SCD,adenovirus type 4 vaccine live 32000 UNT Delayed Release Oral Tablet
1099940,SCD,adenovirus type 7 vaccine live 32000 UNT Delayed Release Oral Tablet
1099941,GPCK,{100 (adenovirus type 4 vaccine live 32000 UNT Delayed Release Oral Tablet) / 100 (adenovirus type 7 vaccine live 32000 UNT Delayed Release Oral Tablet) } Pack
1731074,SCDF,fosaprepitant Injection
1731079,SBDF,fosaprepitant Injection [Emend Injection]
2664070,SBDF,fosaprepitant Injection [Focinvez]
1731073,SCDG,fosaprepitant Injectable Product
1175304,SBDG,Emend Injection Injectable Product
2664069,SBDG,Focinvez Injectable Product
2664065,SCD,50 ML fosaprepitant 3 MG/ML Injection
1731075,SCD,fosaprepitant 115 MG Injection
1731077,SCD,fosaprepitant 150 MG Injection
2664071,SBD,50 ML fosaprepitant 3 MG/ML Injection [Focinvez]
1731082,SBD,fosaprepitant 150 MG Injection [Emend Injection]
371889,SCDF,diphenhydramine Oral Solution
377844,SCDF,zinc oxide Topical Cream
377519,SCDF,zinc pyrithione Medicated Shampoo
376361,SCDF,petrolatum / zinc oxide Paste
1494597,SBDF,diphenhydramine Oral Solution [Z-Sleep]
1734940,SBDF,zinc oxide Topical Cream [Z-Bum]
1246246,SBDF,zinc pyrithione Medicated Shampoo [Theraplex Z]
1737552,SBDF,petrolatum / zinc oxide Paste [Z-Guard]
2647041,SCDFP,diphenhydramine hydrochloride Oral Solution
2655361,SBDFP,diphenhydramine hydrochloride Oral Solution [Z-Sleep]
1158448,SCDG,diphenhydramine Oral Liquid Product
1158449,SCDG,diphenhydramine Oral Product
1295230,SCDG,zinc pyrithione Shampoo Product
1165442,SCDG,petrolatum / zinc oxide Paste Product
1296818,SBDG,Theraplex Z Shampoo Product
1734941,SBDG,Z-Bum Topical Product
1737553,SBDG,Z-Guard Paste Product
1494598,SBDG,Z-Sleep Oral Liquid Product
1488700,SBDG,Z-Sleep Oral Product
2663691,SCDGP,diphenhydramine hydrochloride Oral Liquid Product
2659104,SCDGP,diphenhydramine hydrochloride Oral Product
2685488,SCD,diphenhydramine hydrochloride 0.833 MG/ML Oral Solution
1049884,SCD,diphenhydramine hydrochloride 1.25 MG/ML Oral Solution
1248354,SCD,diphenhydramine hydrochloride 1.67 MG/ML Oral Solution
1251783,SCD,diphenhydramine hydrochloride 2 MG/ML Oral Solution
1049906,SCD,diphenhydramine hydrochloride 2.5 MG/ML Oral Solution
1789740,SCD,diphenhydramine hydrochloride 6.25 MG/ML Oral Solution
2671699,SCD,diphenhydramine hydrochloride 16.7 MG/ML Oral Solution
1427410,SCD,zinc oxide 18 MG/ML Topical Cream
1865206,SCD,zinc oxide 38 MG/ML Topical Cream
436525,SCD,zinc oxide 50 MG/ML Topical Cream
2745297,SCD,zinc oxide 80 MG/ML Topical Cream
2106103,SCD,zinc oxide 99 MG/ML Topical Cream
248279,SCD,zinc oxide 100 MG/ML Topical Cream
630923,SCD,zinc oxide 113 MG/ML Topical Cream
417994,SCD,zinc oxide 120 MG/ML Topical Cream
349404,SCD,zinc oxide 130 MG/ML Topical Cream
1546589,SCD,zinc oxide 140 MG/ML Topical Cream
245660,SCD,zinc oxide 150 MG/ML Topical Cream
1793915,SCD,zinc oxide 153 MG/ML Topical Cream
417425,SCD,zinc oxide 200 MG/ML Topical Cream
2623963,SCD,zinc oxide 205 MG/ML Topical Cream
416750,SCD,zinc oxide 210 MG/ML Topical Cream
1734937,SCD,zinc oxide 220 MG/ML Topical Cream
2106107,SCD,zinc oxide 240 MG/ML Topical Cream
1125471,SCD,zinc oxide 250 MG/ML Topical Cream
1432509,SCD,zinc oxide 300 MG/ML Topical Cream
477180,SCD,zinc oxide 306 MG/ML Topical Cream
1305337,SCD,zinc oxide 400 MG/ML Topical Cream
1052932,SCD,zinc pyrithione 3 MG/ML Medicated Shampoo
1245937,SCD,zinc pyrithione 4.8 MG/ML Medicated Shampoo
1043014,SCD,zinc pyrithione 5 MG/ML Medicated Shampoo
1441558,SCD,zinc pyrithione 7.5 MG/ML Medicated Shampoo
1091088,SCD,zinc pyrithione 9.5 MG/ML Medicated Shampoo
209884,SCD,zinc pyrithione 10 MG/ML Medicated Shampoo
426904,SCD,zinc pyrithione 15 MG/ML Medicated Shampoo
244458,SCD,zinc pyrithione 20 MG/ML Medicated Shampoo
1494207,SCD,petrolatum 0.49 MG/MG / zinc oxide 0.15 MG/MG Paste
1043549,SCD,petrolatum 0.5 MG/MG / zinc oxide 0.1 MG/MG Paste
1494214,SCD,petrolatum 0.57 MG/MG / zinc oxide 0.17 MG/MG Paste
1860083,SCD,petrolatum 0.75 MG/MG / zinc oxide 0.2 MG/MG Paste
1437774,SBD,diphenhydramine hydrochloride 1.67 MG/ML Oral Solution [Wal-Sleep Z]
1494599,SBD,diphenhydramine hydrochloride 1.67 MG/ML Oral Solution [Z-Sleep]
1437306,SBD,diphenhydramine hydrochloride 1.67 MG/ML Oral Solution [ZZZ Sleep]
1248356,SBD,diphenhydramine hydrochloride 1.67 MG/ML Oral Solution [Zzzquil]
2200123,SBD,diphenhydramine hydrochloride 6.25 MG/ML Oral Solution [Pediaclear Cough]
1789746,SBD,diphenhydramine hydrochloride 6.25 MG/ML Oral Solution [Vanamine]
967558,SBD,zinc oxide 113 MG/ML Topical Cream [Balmex]
2589796,SBD,zinc oxide 120 MG/ML Topical Cream [Baza-Protect Reformulated June 2020]
1090577,SBD,zinc oxide 130 MG/ML Topical Cream [Desitin]
1663733,SBD,zinc oxide 150 MG/ML Topical Cream [Aquaphor Diaper Rash]
1734942,SBD,zinc oxide 220 MG/ML Topical Cream [Z-Bum]
1432514,SBD,zinc oxide 300 MG/ML Topical Cream [Baby Butz Diaper Rash]
1044465,SBD,zinc pyrithione 5 MG/ML Medicated Shampoo [Head & Shoulders]
1593569,SBD,zinc pyrithione 5 MG/ML Medicated Shampoo [Nioxin]
1441563,SBD,zinc pyrithione 7.5 MG/ML Medicated Shampoo [Head & Shoulders Damage Treatment]
1091092,SBD,zinc pyrithione 9.5 MG/ML Medicated Shampoo [Dial Dandruff Control]
2606313,SBD,zinc pyrithione 10 MG/ML Medicated Shampoo [Dandrene]
1043244,SBD,zinc pyrithione 10 MG/ML Medicated Shampoo [Head & Shoulders]
1487080,SBD,zinc pyrithione 10 MG/ML Medicated Shampoo [Nioxin]
1367375,SBD,zinc pyrithione 10 MG/ML Medicated Shampoo [Selsun Blue Sensitive Scalp]
1246247,SBD,zinc pyrithione 10 MG/ML Medicated Shampoo [Theraplex Z]
1246250,SBD,zinc pyrithione 10 MG/ML Medicated Shampoo [Zincon]
2059178,SBD,zinc pyrithione 20 MG/ML Medicated Shampoo [Dandrene]
1721127,SBD,zinc pyrithione 20 MG/ML Medicated Shampoo [Dermazinc]
1101729,SBD,zinc pyrithione 20 MG/ML Medicated Shampoo [DHS Zinc]
1302176,SBD,petrolatum 0.5 MG/MG / zinc oxide 0.1 MG/MG Paste [Soothe & Cool Skin Paste]
1737554,SBD,petrolatum 0.57 MG/MG / zinc oxide 0.17 MG/MG Paste [Z-Guard]
376652,SCDF,ethanol Topical Solution
1804178,SCD,ethanol 0.48 ML/ML Topical Solution
2710538,SCD,ethanol 0.5 ML/ML Topical Solution
1039483,SCD,ethanol 0.6 ML/ML Topical Solution
247835,SCD,ethanol 0.62 ML/ML Topical Solution
1039474,SCD,ethanol 0.625 ML/ML Topical Solution
1041807,SCD,ethanol 0.63 ML/ML Topical Solution
2468410,SCD,ethanol 0.643 ML/ML Topical Solution
1100016,SCD,ethanol 0.645 ML/ML Topical Solution
884783,SCD,ethanol 0.65 ML/ML Topical Solution
1087912,SCD,ethanol 0.665 ML/ML Topical Solution
582753,SCD,ethanol 0.7 ML/ML Topical Solution
1665370,SCD,ethanol 0.71 ML/ML Topical Solution
1047755,SCD,ethanol 0.75 ML/ML Topical Solution
1491797,SCD,ethanol 0.76 ML/ML Topical Solution
2373444,SCD,ethanol 0.77 ML/ML Topical Solution
1039339,SCD,ethanol 0.8 ML/ML Topical Solution
1369900,SCD,ethanol 0.905 ML/ML Topical Solution
2710539,SCD,ethanol 0.91 ML/ML Topical Solution
616810,SCD,ethanol 0.95 ML/ML Topical Solution
374857,SCDF,benzethonium Topical Solution
377306,SCDF,benzethonium Topical Spray
371084,SCDF,bisacodyl Delayed Release Oral Tablet
2383350,SBDF,benzethonium Topical Solution [New-Skin Liquid Bandage]
1424285,SBDF,benzethonium Topical Spray [New-Skin Liquid Bandage]
369806,SBDF,bisacodyl Delayed Release Oral Tablet [Correct (New Formula)]
2003707,SBDF,levonorgestrel Oral Tablet [New Day]
2646734,SCDFP,benzethonium chloride Topical Solution
2648663,SCDFP,benzethonium chloride Topical Spray
2655113,SBDFP,benzethonium chloride Topical Solution [New-Skin Liquid Bandage]
2656650,SBDFP,benzethonium chloride Topical Spray [New-Skin Liquid Bandage]
1151683,SCDG,benzethonium Topical Product
1154694,SCDG,bisacodyl Oral Product
1154695,SCDG,bisacodyl Pill
1170269,SBDG,Correct (New Formula) Oral Product
1170270,SBDG,Correct (New Formula) Pill
2003708,SBDG,New Day Oral Product
2003709,SBDG,New Day Pill
1424286,SBDG,New-Skin Liquid Bandage Topical Product
2663514,SCDGP,benzethonium chloride Topical Product
1049095,SCD,benzethonium chloride 1 MG/ML Topical Spray
1876355,SCD,benzethonium chloride 1.2 MG/ML Topical Spray
1302737,SCD,benzethonium chloride 1.3 MG/ML Topical Solution
582205,SCD,benzethonium chloride 1.3 MG/ML Topical Spray
1049111,SCD,benzethonium chloride 2 MG/ML Topical Solution
1370826,SCD,benzethonium chloride 2 MG/ML Topical Spray
308753,SCD,bisacodyl 5 MG Delayed Release Oral Tablet
1876392,SBD,benzethonium chloride 1.2 MG/ML Topical Spray [NoRisc]
2383351,SBD,benzethonium chloride 2 MG/ML Topical Solution [New-Skin Liquid Bandage]
1424287,SBD,benzethonium chloride 2 MG/ML Topical Spray [New-Skin Liquid Bandage]
750171,SBD,bisacodyl 5 MG Delayed Release Oral Tablet [Alophen Reformulated Jan 2008]
209607,SBD,bisacodyl 5 MG Delayed Release Oral Tablet [Bisac-Evac]
209611,SBD,bisacodyl 5 MG Delayed Release Oral Tablet [Correct (New Formula)]
754463,SBD,bisacodyl 5 MG Delayed Release Oral Tablet [Correctol laxative Reformulated Feb 2008]
209613,SBD,bisacodyl 5 MG Delayed Release Oral Tablet [Dulcolax]
751984,SBD,bisacodyl 5 MG Delayed Release Oral Tablet [Evac-U-Gen Reformulated Jan 2008]
404165,SBD,bisacodyl 5 MG Delayed Release Oral Tablet [Ex-lax Ultra]
751988,SBD,bisacodyl 5 MG Delayed Release Oral Tablet [Feen-A-Mint Reformulated Jan 2008]
2719716,SBD,bisacodyl 5 MG Delayed Release Oral Tablet [Laxomil]
1718990,SBD,polyethylene glycol 3350 210000 MG / potassium chloride 740 MG / sodium bicarbonate 2860 MG / sodium chloride 5600 MG Powder for Oral Solution [Gavilyte-H]
1000479,GPCK,{1 (bisacodyl 5 MG Delayed Release Oral Tablet) / 1 (2000 ML) (polyethylene glycol 3350 210000 MG / potassium chloride 740 MG / sodium bicarbonate 2860 MG / sodium chloride 5600 MG Powder for Oral Solution) } Pack
1718991,BPCK,{1 (bisacodyl 5 MG Delayed Release Oral Tablet) / 1 (2000 ML) (polyethylene glycol 3350 210000 MG / potassium chloride 740 MG / sodium bicarbonate 2860 MG / sodium chloride 5600 MG Powder for Oral Solution [Gavilyte-H]) } Pack [Gavilyte-H and Bisacodyl]
377650,SCDF,clindamycin Topical Lotion
377510,SCDF,coal tar Medicated Shampoo
804972,SBDF,clindamycin Topical Lotion [Cleocin-T]
362518,SBDF,coal tar Medicated Shampoo [Ionil T]
1152788,SCDG,clindamycin Topical Product
1295752,SCDG,coal tar Shampoo Product
1172335,SBDG,Cleocin-T Topical Product
1296355,SBDG,Ionil T Shampoo Product
197519,SCD,clindamycin 10 MG/ML Topical Lotion
309381,SCD,coal tar 5 MG/ML Medicated Shampoo
309402,SCD,coal tar 10 MG/ML Medicated Shampoo
204836,SCD,coal tar 20 MG/ML Medicated Shampoo
240428,SCD,coal tar 25 MG/ML Medicated Shampoo
205100,SCD,coal tar 30 MG/ML Medicated Shampoo
205099,SCD,coal tar 43 MG/ML Medicated Shampoo
204681,SCD,coal tar 50 MG/ML Medicated Shampoo
259714,SCD,coal tar 70 MG/ML Medicated Shampoo
804973,SBD,clindamycin 10 MG/ML Topical Lotion [Cleocin-T]
210490,SBD,coal tar 5 MG/ML Medicated Shampoo [DHS Tar Shampoo]
2610995,SBD,coal tar 5 MG/ML Medicated Shampoo [Medicasp]
794054,SBD,coal tar 10 MG/ML Medicated Shampoo [Ionil T]
211456,SBD,coal tar 20 MG/ML Medicated Shampoo [Ionil T]
1997161,SBD,coal tar 20 MG/ML Medicated Shampoo [Tarsum Reformulated]
1190286,SBD,coal tar 20 MG/ML Medicated Shampoo [X-Seb T Plus]
1088821,SBD,coal tar 25 MG/ML Medicated Shampoo [Betatar Gel]
370511,SCDF,acetaminophen Oral Capsule
369097,SCDF,acetaminophen Oral Tablet
807221,SCDF,"typhoid Vi polysaccharide vaccine, S typhi Ty2 strain Injectable Solution"
807238,SCDF,"typhoid Vi polysaccharide vaccine, S typhi Ty2 strain Prefilled Syringe"
366322,SBDF,acetaminophen Oral Capsule [Mapap]
366548,SBDF,acetaminophen Oral Capsule [Tylenol Gelcap Extra Strength]
369094,SBDF,acetaminophen Oral Tablet [Anacin AF]
1358832,SBDF,acetaminophen Oral Tablet [Cetafen]
1100004,SBDF,acetaminophen Oral Tablet [CounterAct Pain]
369085,SBDF,acetaminophen Oral Tablet [Mapap]
369079,SBDF,acetaminophen Oral Tablet [Panadol]
1293939,SBDF,acetaminophen Oral Tablet [Pharbetol]
1235459,SBDF,acetaminophen Oral Tablet [Ringl]
798925,SBDF,acetaminophen Oral Tablet [Tactinal]
369102,SBDF,acetaminophen Oral Tablet [Tycolene]
369070,SBDF,acetaminophen Oral Tablet [Tylenol]
807224,SBDF,"typhoid Vi polysaccharide vaccine, S typhi Ty2 strain Injectable Solution [Typhim VI]"
1486495,SBDF,"typhoid Vi polysaccharide vaccine, S typhi Ty2 strain Prefilled Syringe [Typhim VI]"
1152842,SCDG,acetaminophen Oral Product
1152843,SCDG,acetaminophen Pill
1159373,SCDG,"typhoid Vi polysaccharide vaccine, S typhi Ty2 strain Injectable Product"
1174224,SBDG,Anacin AF Oral Product
1174225,SBDG,Anacin AF Pill
1358833,SBDG,Cetafen Oral Product
1358834,SBDG,Cetafen Pill
1171657,SBDG,CounterAct Pain Oral Product
1171658,SBDG,CounterAct Pain Pill
1180391,SBDG,Mapap Oral Product
1180394,SBDG,Mapap Pill
1179923,SBDG,Panadol Oral Product
1179926,SBDG,Panadol Pill
1293940,SBDG,Pharbetol Oral Product
1293941,SBDG,Pharbetol Pill
1235460,SBDG,Ringl Oral Product
1235461,SBDG,Ringl Pill
1177832,SBDG,Tactinal Oral Product
1177833,SBDG,Tactinal Pill
1186911,SBDG,Tycolene Oral Product
1186912,SBDG,Tycolene Pill
1187311,SBDG,Tylenol Oral Product
1187302,SBDG,Tylenol Gelcap Extra Strength Oral Product
1187303,SBDG,Tylenol Gelcap Extra Strength Pill
1187315,SBDG,Tylenol Pill
1187511,SBDG,Typhim VI Injectable Product
307695,SCD,acetaminophen 80 MG Oral Capsule
307667,SCD,acetaminophen 160 MG Oral Capsule
282464,SCD,acetaminophen 160 MG Oral Tablet
348978,SCD,acetaminophen 300 MG Oral Tablet
198436,SCD,acetaminophen 325 MG Oral Capsule
313782,SCD,acetaminophen 325 MG Oral Tablet
198439,SCD,acetaminophen 500 MG Oral Capsule
198440,SCD,acetaminophen 500 MG Oral Tablet
198444,SCD,acetaminophen 650 MG Oral Tablet
430837,SCD,acetaminophen 1000 MG Oral Tablet
807239,SCD,"0.5 ML typhoid Vi polysaccharide vaccine, S typhi Ty2 strain 0.05 MG/ML Prefilled Syringe"
807222,SCD,"typhoid Vi polysaccharide vaccine, S typhi Ty2 strain 0.05 MG/ML Injectable Solution"
1738139,SBD,acetaminophen 325 MG Oral Capsule [Tylenol]
1358837,SBD,acetaminophen 325 MG Oral Tablet [Cetafen]
209375,SBD,acetaminophen 325 MG Oral Tablet [Mapap]
1298830,SBD,acetaminophen 325 MG Oral Tablet [Pharbetol]
1235462,SBD,acetaminophen 325 MG Oral Tablet [Ringl]
798926,SBD,acetaminophen 325 MG Oral Tablet [Tactinal]
209384,SBD,acetaminophen 325 MG Oral Tablet [Tycolene]
209387,SBD,acetaminophen 325 MG Oral Tablet [Tylenol]
209890,SBD,acetaminophen 500 MG Oral Capsule [Mapap]
351580,SBD,acetaminophen 500 MG Oral Capsule [Tylenol Gelcap Extra Strength]
209433,SBD,acetaminophen 500 MG Oral Tablet [Anacin AF]
1358835,SBD,acetaminophen 500 MG Oral Tablet [Cetafen]
1100005,SBD,acetaminophen 500 MG Oral Tablet [CounterAct Pain]
209443,SBD,acetaminophen 500 MG Oral Tablet [Mapap]
200977,SBD,acetaminophen 500 MG Oral Tablet [Panadol]
1293942,SBD,acetaminophen 500 MG Oral Tablet [Pharbetol]
209459,SBD,acetaminophen 500 MG Oral Tablet [Tylenol]
1486496,SBD,"0.5 ML typhoid Vi polysaccharide vaccine, S typhi Ty2 strain 0.05 MG/ML Prefilled Syringe [Typhim VI]"
807225,SBD,"typhoid Vi polysaccharide vaccine, S typhi Ty2 strain 0.05 MG/ML Injectable Solution [Typhim VI]"
2738986,GPCK,{1 (acetaminophen 500 MG / diphenhydramine hydrochloride 25 MG Oral Capsule) / 1 (acetaminophen 500 MG Oral Capsule) } Pack
370554,SCDF,aluminum chloride Topical Solution
1246295,SCDF,aluminum magnesium silicate / magnesium hydroxide Oral Solution
1429358,SCDF,chlophedianol / pyrilamine Oral Solution
438611,SCDF,chlorpheniramine / codeine Oral Suspension
1235448,SCDF,aluminum magnesium silicate / magnesium hydroxide / simethicone Oral Tablet
365541,SBDF,aluminum chloride Topical Solution [Xerac AC]
1246300,SBDF,aluminum magnesium silicate / magnesium hydroxide Oral Solution [Inon Ace Solution]
1940457,SBDF,chlophedianol / pyrilamine Oral Solution [Vanacof AC]
859364,SBDF,chlorpheniramine / codeine Oral Suspension [Zodryl AC]
1235453,SBDF,aluminum magnesium silicate / magnesium hydroxide / simethicone Oral Tablet [Inon Ace Tablet]
2649267,SCDFP,chlophedianol hydrochloride / pyrilamine maleate Oral Solution
2647070,SCDFP,chlorpheniramine maleate / codeine phosphate Oral Suspension
2657704,SBDFP,chlophedianol hydrochloride / pyrilamine maleate Oral Solution [Vanacof AC]
2655475,SBDFP,chlorpheniramine maleate / codeine phosphate Oral Suspension [Zodryl AC]
1156562,SCDG,aluminum chloride Topical Product
1246293,SCDG,aluminum magnesium silicate / magnesium hydroxide Oral Liquid Product
1246294,SCDG,aluminum magnesium silicate / magnesium hydroxide Oral Product
1429356,SCDG,chlophedianol / pyrilamine Oral Liquid Product
1429357,SCDG,chlophedianol / pyrilamine Oral Product
1153889,SCDG,chlorpheniramine / codeine Oral Liquid Product
1153890,SCDG,chlorpheniramine / codeine Oral Product
1235446,SCDG,aluminum magnesium silicate / magnesium hydroxide / simethicone Oral Product
1235447,SCDG,aluminum magnesium silicate / magnesium hydroxide / simethicone Pill
1246301,SBDG,Inon Ace Solution Oral Liquid Product
1246302,SBDG,Inon Ace Solution Oral Product
1235454,SBDG,Inon Ace Tablet Oral Product
1235455,SBDG,Inon Ace Tablet Pill
1940458,SBDG,Vanacof AC Oral Liquid Product
1940459,SBDG,Vanacof AC Oral Product
1186418,SBDG,Xerac AC Topical Product
1187985,SBDG,Zodryl AC Oral Liquid Product
1187984,SBDG,Zodryl AC Oral Product
2662534,SCDGP,chlophedianol hydrochloride / pyrilamine maleate Oral Liquid Product
2660913,SCDGP,chlophedianol hydrochloride / pyrilamine maleate Oral Product
2660679,SCDGP,chlorpheniramine maleate / codeine phosphate Oral Liquid Product
2660885,SCDGP,chlorpheniramine maleate / codeine phosphate Oral Product
197324,SCD,aluminum chloride 62.5 MG/ML Topical Solution
672349,SCD,aluminum chloride 120 MG/ML Topical Solution
485338,SCD,aluminum chloride 125 MG/ML Topical Solution
308071,SCD,aluminum chloride 200 MG/ML Topical Solution
244613,SCD,aluminum chloride 250 MG/ML Topical Solution
1246297,SCD,aluminum magnesium silicate 30 MG/ML / magnesium hydroxide 8.33 MG/ML Oral Solution
1808189,SCD,chlophedianol hydrochloride 0.417 MG/ML / pyrilamine maleate 0.833 MG/ML Oral Solution
2672917,SCD,chlophedianol hydrochloride 0.833 MG/ML / pyrilamine maleate 1.67 MG/ML Oral Solution
1593749,SCD,chlophedianol hydrochloride 2.5 MG/ML / pyrilamine maleate 2.5 MG/ML Oral Solution
995062,SCD,chlorpheniramine maleate 0.2 MG/ML / codeine phosphate 1 MG/ML Oral Suspension
995068,SCD,chlorpheniramine maleate 0.222 MG/ML / codeine phosphate 1 MG/ML Oral Suspension
995071,SCD,chlorpheniramine maleate 0.25 MG/ML / codeine phosphate 1 MG/ML Oral Suspension
995082,SCD,chlorpheniramine maleate 0.267 MG/ML / codeine phosphate 1 MG/ML Oral Suspension
995093,SCD,chlorpheniramine maleate 0.286 MG/ML / codeine phosphate 1 MG/ML Oral Suspension
995116,SCD,chlorpheniramine maleate 0.333 MG/ML / codeine phosphate 1 MG/ML Oral Suspension
995123,SCD,chlorpheniramine maleate 0.4 MG/ML / codeine phosphate 1 MG/ML Oral Suspension
1235450,SCD,aluminum magnesium silicate 200 MG / magnesium hydroxide 60 MG / simethicone 20 MG Oral Tablet
206193,SBD,aluminum chloride 62.5 MG/ML Topical Solution [Xerac AC]
206208,SBD,aluminum chloride 200 MG/ML Topical Solution [Drysol]
605662,SBD,aluminum chloride 200 MG/ML Topical Solution [Hypercare]
672193,SBD,aluminum chloride 250 MG/ML Topical Solution [Hemox A]
486109,SBD,aluminum chloride 250 MG/ML Topical Solution [Lumicain]
1246303,SBD,aluminum magnesium silicate 30 MG/ML / magnesium hydroxide 8.33 MG/ML Oral Solution [Inon Ace Solution]
1940460,SBD,chlophedianol hydrochloride 0.417 MG/ML / pyrilamine maleate 0.833 MG/ML Oral Solution [Vanacof AC]
1593756,SBD,chlophedianol hydrochloride 2.5 MG/ML / pyrilamine maleate 2.5 MG/ML Oral Solution [Ninjacof]
995064,SBD,chlorpheniramine maleate 0.2 MG/ML / codeine phosphate 1 MG/ML Oral Suspension [Zodryl AC]
995070,SBD,chlorpheniramine maleate 0.222 MG/ML / codeine phosphate 1 MG/ML Oral Suspension [Zodryl AC]
995073,SBD,chlorpheniramine maleate 0.25 MG/ML / codeine phosphate 1 MG/ML Oral Suspension [Zodryl AC]
995084,SBD,chlorpheniramine maleate 0.267 MG/ML / codeine phosphate 1 MG/ML Oral Suspension [Zodryl AC]
995095,SBD,chlorpheniramine maleate 0.286 MG/ML / codeine phosphate 1 MG/ML Oral Suspension [Zodryl AC]
995118,SBD,chlorpheniramine maleate 0.333 MG/ML / codeine phosphate 1 MG/ML Oral Suspension [Zodryl AC]
995125,SBD,chlorpheniramine maleate 0.4 MG/ML / codeine phosphate 1 MG/ML Oral Suspension [Zodryl AC]
1235456,SBD,aluminum magnesium silicate 200 MG / magnesium hydroxide 60 MG / simethicone 20 MG Oral Tablet [Inon Ace Tablet]
370506,SCDF,acetaminophen Oral Solution
371721,SCDF,dexamethasone Injectable Suspension
370522,SCDF,acetaminophen / phenyltoloxamine Oral Tablet
368207,SBDF,acetaminophen / phenyltoloxamine Oral Tablet [Contragesic]
2646868,SCDFP,dexamethasone acetate Injectable Suspension
2649106,SCDFP,acetaminophen / phenyltoloxamine citrate Oral Tablet
2654922,SBDFP,acetaminophen / phenyltoloxamine citrate Oral Tablet [Aceta-Gesic]
2659055,SBDFP,acetaminophen / phenyltoloxamine citrate Oral Tablet [Contragesic]
1152841,SCDG,acetaminophen Oral Liquid Product
1154531,SCDG,dexamethasone Injectable Product
1152832,SCDG,acetaminophen / phenyltoloxamine Oral Product
1152833,SCDG,acetaminophen / phenyltoloxamine Pill
1168782,SBDG,Contragesic Oral Product
1168783,SBDG,Contragesic Pill
2661460,SCDGP,dexamethasone acetate Injectable Product
2661592,SCDGP,acetaminophen / phenyltoloxamine citrate Oral Product
2662569,SCDGP,acetaminophen / phenyltoloxamine citrate Pill
204900,SCD,acetaminophen 16 MG/ML Oral Solution
1661683,SCD,acetaminophen 16.7 MG/ML Oral Solution
104906,SCD,acetaminophen 24 MG/ML Oral Solution
307675,SCD,acetaminophen 32 MG/ML Oral Solution
307684,SCD,acetaminophen 33.3 MG/ML Oral Solution
2719840,SCD,acetaminophen 45 MG/ML Oral Solution
392293,SCD,acetaminophen 48.2 MG/ML Oral Solution
248316,SCD,acetaminophen 50 MG/ML Oral Solution
238159,SCD,acetaminophen 100 MG/ML Oral Solution
425723,SCD,acetaminophen 120 MG/ML Oral Solution
1374372,SCD,dexamethasone acetate 8 MG/ML Injectable Suspension
2391569,SCD,acetaminophen 325 MG / phenyltoloxamine citrate 30 MG Oral Tablet
1602568,SCD,acetaminophen 500 MG / phenyltoloxamine citrate 29 MG Oral Tablet
2391564,SCD,acetaminophen 500 MG / phenyltoloxamine citrate 30 MG Oral Tablet
999419,SCD,acetaminophen 500 MG / phenyltoloxamine citrate 50 MG Oral Tablet
284094,SCD,acetaminophen 500 MG / phenyltoloxamine citrate 60 MG Oral Tablet
241864,SCD,acetaminophen 650 MG / phenyltoloxamine citrate 50 MG Oral Tablet
1038779,SBD,acetaminophen 32 MG/ML Oral Solution [Bactimicina]
209397,SBD,acetaminophen 32 MG/ML Oral Solution [Mapap]
1095636,SBD,acetaminophen 32 MG/ML Oral Solution [Panadol]
707322,SBD,acetaminophen 33.3 MG/ML Oral Solution [Comtrex Sore Throat Relief]
209417,SBD,acetaminophen 33.3 MG/ML Oral Solution [Mapap]
209425,SBD,acetaminophen 33.3 MG/ML Oral Solution [Redutemp]
1101345,SBD,acetaminophen 100 MG/ML Oral Solution [Nortemp]
2391610,SBD,acetaminophen 325 MG / phenyltoloxamine citrate 30 MG Oral Tablet [Contragesic]
1602570,SBD,acetaminophen 500 MG / phenyltoloxamine citrate 29 MG Oral Tablet [Relagesic]
2391568,SBD,acetaminophen 500 MG / phenyltoloxamine citrate 30 MG Oral Tablet [Dologesic]
370510,SCDF,acetaminophen Chewable Tablet
378268,SCDF,acetaminophen Delayed Release Oral Capsule
370744,SCDF,acetaminophen Disintegrating Oral Tablet
1536879,SCDF,acetaminophen Effervescent Oral Tablet
370512,SCDF,acetaminophen Extended Release Oral Tablet
1803956,SCDF,acetaminophen Injection
2705807,SCDF,acetaminophen Oral Film
2178754,SCDF,acetaminophen Oral Powder
370509,SCDF,acetaminophen Oral Suspension
370508,SCDF,acetaminophen Rectal Suppository
2668205,SCDF,acetaminophen Granules for Oral Solution
763110,SCDF,acetaminophen / aspirin Oral Powder
370945,SCDF,acetaminophen / aspirin Oral Tablet
2001356,SCDF,acetaminophen / benzhydrocodone Oral Tablet
370513,SCDF,acetaminophen / butalbital Oral Capsule
370514,SCDF,acetaminophen / butalbital Oral Tablet
405760,SCDF,acetaminophen / caffeine Disintegrating Oral Tablet
370761,SCDF,acetaminophen / caffeine Oral Capsule
1543071,SCDF,acetaminophen / caffeine Oral Powder
385631,SCDF,acetaminophen / caffeine Oral Solution
370515,SCDF,acetaminophen / caffeine Oral Tablet
2645105,SCDF,acetaminophen / chlorpheniramine Oral Solution
370517,SCDF,acetaminophen / chlorpheniramine Oral Tablet
1536456,SCDF,acetaminophen / codeine Effervescent Oral Tablet
370748,SCDF,acetaminophen / codeine Oral Capsule
370751,SCDF,acetaminophen / codeine Oral Solution
370754,SCDF,acetaminophen / codeine Oral Tablet
2728417,SCDF,acetaminophen / dexbrompheniramine Oral Solution
1190929,SCDF,acetaminophen / dexbrompheniramine Oral Tablet
370763,SCDF,acetaminophen / dihydrocodeine Oral Tablet
2691686,SCDF,acetaminophen / diphenhydramine Chewable Tablet
370519,SCDF,acetaminophen / diphenhydramine Oral Capsule
384531,SCDF,acetaminophen / diphenhydramine Oral Powder
371897,SCDF,acetaminophen / diphenhydramine Oral Solution
2693773,SCDF,acetaminophen / diphenhydramine Oral Suspension
370518,SCDF,acetaminophen / diphenhydramine Oral Tablet
2670674,SCDF,acetaminophen / diphenhydramine Powder for Oral Solution
2679422,SCDF,acetaminophen / diphenhydramine Granules for Oral Solution
385593,SCDF,acetaminophen / domperidone Oral Tablet
707194,SCDF,acetaminophen / guaifenesin Oral Capsule
2739992,SCDF,acetaminophen / guaifenesin Oral Granules
602616,SCDF,acetaminophen / guaifenesin Oral Tablet
370642,SCDF,acetaminophen / hydrocodone Oral Capsule
370759,SCDF,acetaminophen / hydrocodone Oral Solution
370641,SCDF,acetaminophen / hydrocodone Oral Tablet
2673873,SCDF,acetaminophen / ibuprofen Injection
372451,SCDF,acetaminophen / ibuprofen Oral Suspension
372452,SCDF,acetaminophen / ibuprofen Oral Tablet
376159,SCDF,acetaminophen / isometheptene Oral Capsule
370520,SCDF,acetaminophen / melatonin Oral Tablet
385498,SCDF,acetaminophen / methionine Oral Tablet
370767,SCDF,acetaminophen / metoclopramide Oral Tablet
370521,SCDF,acetaminophen / pamabrom Oral Tablet
373277,SCDF,acetaminophen / pentazocine Oral Tablet
373376,SCDF,acetaminophen / phenylephrine Chewable Tablet
1536881,SCDF,acetaminophen / phenylephrine Effervescent Oral Tablet
450691,SCDF,acetaminophen / phenylephrine Oral Capsule
373379,SCDF,acetaminophen / phenylephrine Oral Tablet
379216,SCDF,acetaminophen / phenyltoloxamine Oral Solution
385623,SCDF,acetaminophen / promethazine Oral Suspension
373644,SCDF,acetaminophen / propoxyphene Oral Tablet
373677,SCDF,acetaminophen / pseudoephedrine Oral Tablet
370524,SCDF,acetaminophen / pyrilamine Oral Tablet
437288,SCDF,acetaminophen / racemethionine Oral Tablet
370771,SCDF,acetaminophen / salicylamide Oral Tablet
632094,SCDF,acetaminophen / salicylic acid Oral Tablet
375995,SCDF,acetaminophen / aspirin / caffeine Oral Capsule
692835,SCDF,acetaminophen / aspirin / caffeine Oral Powder
238142,SCDF,acetaminophen / aspirin / caffeine Oral Tablet
1593108,SCDF,acetaminophen / aspirin / diphenhydramine Oral Tablet
636764,SCDF,acetaminophen / brompheniramine / pseudoephedrine Oral Solution
374750,SCDF,acetaminophen / butalbital / caffeine Oral Capsule
452725,SCDF,acetaminophen / butalbital / caffeine Oral Solution
1303249,SCDF,acetaminophen / caffeine / chlorpheniramine Oral Capsule
374787,SCDF,acetaminophen / caffeine / dihydrocodeine Oral Capsule
375674,SCDF,acetaminophen / caffeine / dihydrocodeine Oral Tablet
375685,SCDF,acetaminophen / caffeine / isometheptene Oral Capsule
379087,SCDF,acetaminophen / caffeine / magnesium salicylate Oral Tablet
375691,SCDF,acetaminophen / caffeine / phenylephrine Oral Tablet
701912,SCDF,acetaminophen / caffeine / pyrilamine Oral Capsule
375662,SCDF,acetaminophen / caffeine / pyrilamine Oral Tablet
1593764,SCDF,acetaminophen / chlophedianol / pyrilamine Oral Solution
450698,SCDF,acetaminophen / chlorpheniramine / phenylephrine Chewable Tablet
1536930,SCDF,acetaminophen / chlorpheniramine / phenylephrine Effervescent Oral Tablet
664711,SCDF,acetaminophen / chlorpheniramine / phenylephrine Oral Capsule
746126,SCDF,acetaminophen / chlorpheniramine / phenylephrine Oral Powder
647333,SCDF,acetaminophen / chlorpheniramine / phenylephrine Oral Suspension
374739,SCDF,acetaminophen / chlorpheniramine / phenylephrine Oral Tablet
374744,SCDF,acetaminophen / chlorpheniramine / pseudoephedrine Oral Capsule
374742,SCDF,acetaminophen / chlorpheniramine / pseudoephedrine Oral Tablet
654324,SCDF,acetaminophen / clemastine / phenylpropanolamine Oral Tablet
374727,SCDF,acetaminophen / dichloralphenazone / isometheptene Oral Capsule
705813,SCDF,acetaminophen / diphenhydramine / phenylephrine Oral Solution
602581,SCDF,acetaminophen / diphenhydramine / phenylephrine Oral Tablet
1804047,SCDF,acetaminophen / diphenhydramine / phenylephrine Powder for Oral Solution
1659959,SCDF,acetaminophen / diphenhydramine / phenylephrine Granules for Oral Solution
374781,SCDF,acetaminophen / diphenhydramine / pseudoephedrine Oral Tablet
685047,SCDF,acetaminophen / doxylamine / phenylephrine Oral Capsule
647866,SCDF,acetaminophen / doxylamine / salicylamide Oral Tablet
2049222,SCDF,acetaminophen / guaifenesin / phenylephrine Oral Capsule
827756,SCDF,acetaminophen / guaifenesin / phenylephrine Oral Solution
379208,SCDF,acetaminophen / guaifenesin / phenylephrine Oral Tablet
578964,SCDF,acetaminophen / guaifenesin / pseudoephedrine Oral Tablet
647876,SCDF,acetaminophen / magnesium salicylate / pamabrom Oral Tablet
379004,SCDF,acetaminophen / pamabrom / pyrilamine Oral Tablet
618787,SCDF,acetaminophen / pamabrom / vitamin B6 Oral Tablet
1659963,SCDF,acetaminophen / pheniramine / phenylephrine Powder for Oral Solution
1241827,SCDF,acetaminophen / phenylephrine / pyrilamine Oral Tablet
375704,SCDF,acetaminophen / phenyltoloxamine / salicylamide Oral Capsule
375705,SCDF,acetaminophen / phenyltoloxamine / salicylamide Oral Tablet
238137,SCDF,acetaminophen / aspirin / caffeine / salicylamide Oral Tablet
374830,SCDF,acetaminophen / butalbital / caffeine / codeine Oral Capsule
378119,SCDF,acetaminophen / caffeine / chlorpheniramine / phenylephrine Oral Tablet
369642,SBDF,acetaminophen Chewable Tablet [Mapap]
369639,SBDF,acetaminophen Chewable Tablet [Tempra Quicklets]
692667,SBDF,acetaminophen Chewable Tablet [Tylenol]
615915,SBDF,acetaminophen Extended Release Oral Tablet [Mapap]
646458,SBDF,acetaminophen Extended Release Oral Tablet [Tylenol]
1738138,SBDF,acetaminophen Oral Capsule [Tylenol]
2178756,SBDF,acetaminophen Oral Powder [Tylenol]
1038778,SBDF,acetaminophen Oral Solution [Bactimicina]
707321,SBDF,acetaminophen Oral Solution [Comtrex Sore Throat Relief]
364168,SBDF,acetaminophen Oral Solution [Mapap]
1101344,SBDF,acetaminophen Oral Solution [Nortemp]
386243,SBDF,acetaminophen Oral Solution [Panadol]
364161,SBDF,acetaminophen Oral Solution [Redutemp]
2639350,SBDF,acetaminophen Oral Suspension [Feverall]
1301881,SBDF,acetaminophen Oral Suspension [Little Fevers]
828554,SBDF,acetaminophen Oral Suspension [Tylenol]
367572,SBDF,acetaminophen Rectal Suppository [Acephen]
367547,SBDF,acetaminophen Rectal Suppository [Feverall]
2001361,SBDF,acetaminophen / benzhydrocodone Oral Tablet [Apadaz]
2279004,SBDF,acetaminophen / butalbital Oral Tablet [Allzital]
368022,SBDF,acetaminophen / butalbital Oral Tablet [Bupap]
368984,SBDF,acetaminophen / butalbital Oral Tablet [Marten-Tab]
1087679,SBDF,acetaminophen / butalbital Oral Tablet [Tencon]
702614,SBDF,acetaminophen / caffeine Disintegrating Oral Tablet [Excedrin Quick Tab]
1591931,SBDF,acetaminophen / caffeine Oral Tablet [Excedrin Mild Headache]
405991,SBDF,acetaminophen / caffeine Oral Tablet [Excedrin Tension Headache]
1872072,SBDF,acetaminophen / caffeine Oral Tablet [Panadol Extra]
1866140,SBDF,acetaminophen / caffeine Oral Tablet [Sed-Max]
369248,SBDF,acetaminophen / codeine Oral Tablet [Tylenol with Codeine]
604823,SBDF,acetaminophen / diphenhydramine Oral Solution [Tylenol PM]
1116531,SBDF,acetaminophen / diphenhydramine Oral Tablet [Acetadryl]
368431,SBDF,acetaminophen / diphenhydramine Oral Tablet [Excedrin PM]
368391,SBDF,acetaminophen / diphenhydramine Oral Tablet [Legatrin PM]
1094717,SBDF,acetaminophen / diphenhydramine Oral Tablet [Panadol PM]
1052465,SBDF,acetaminophen / diphenhydramine Oral Tablet [Percogesic Reformulated Jan 2011]
1092377,SBDF,acetaminophen / diphenhydramine Oral Tablet [Tylenol PM]
368981,SBDF,acetaminophen / diphenhydramine Oral Tablet [Unisom with Pain Relief]
542943,SBDF,acetaminophen / hydrocodone Oral Solution [Hycet]
829847,SBDF,acetaminophen / hydrocodone Oral Tablet [Norco]
1542978,SBDF,acetaminophen / hydrocodone Oral Tablet [Verdrocet]
2673879,SBDF,acetaminophen / ibuprofen Injection [Combogesic]
2675764,SBDF,acetaminophen / ibuprofen Oral Tablet [Combogesic]
1356077,SBDF,acetaminophen / pamabrom Oral Tablet [Backaid]
1088760,SBDF,acetaminophen / phenyltoloxamine Oral Solution [Dologesic]
540467,SBDF,acetaminophen / phenyltoloxamine Oral Tablet [Dologesic]
368574,SBDF,acetaminophen / phenyltoloxamine Oral Tablet [Relagesic]
540433,SBDF,acetaminophen / salicylamide Oral Tablet [Frenadol]
723532,SBDF,acetaminophen / aspirin / caffeine Oral Tablet [Anacin Advanced Headache Formula]
1303156,SBDF,acetaminophen / aspirin / caffeine Oral Tablet [Arthriten Inflammatory Pain]
1361399,SBDF,acetaminophen / aspirin / caffeine Oral Tablet [Backaid IPF]
2723567,SBDF,acetaminophen / aspirin / caffeine Oral Tablet [Exaprin Plus]
369063,SBDF,acetaminophen / aspirin / caffeine Oral Tablet [Excedrin]
1052415,SBDF,acetaminophen / aspirin / caffeine Oral Tablet [Pamprin Max Formula]
830544,SBDF,acetaminophen / aspirin / caffeine Oral Tablet [Vanquish]
1593113,SBDF,acetaminophen / aspirin / diphenhydramine Oral Tablet [Excedrin PM Triple Action]
1100906,SBDF,acetaminophen / butalbital / caffeine Oral Capsule [Capacet]
366427,SBDF,acetaminophen / butalbital / caffeine Oral Capsule [Esgic]
1432260,SBDF,acetaminophen / butalbital / caffeine Oral Capsule [Fioricet]
366380,SBDF,acetaminophen / butalbital / caffeine Oral Capsule [Zebutal]
1648581,SBDF,acetaminophen / butalbital / caffeine Oral Solution [Vanatol]
2261400,SBDF,acetaminophen / butalbital / caffeine Oral Solution [Vtol]
746613,SBDF,acetaminophen / caffeine / dihydrocodeine Oral Capsule [Trezix]
884769,SBDF,acetaminophen / caffeine / magnesium salicylate Oral Tablet [Backprin]
1593768,SBDF,acetaminophen / chlophedianol / pyrilamine Oral Solution [Ninjacof A]
1052444,SBDF,acetaminophen / magnesium salicylate / pamabrom Oral Tablet [Pamprin Cramp Formula]
1052438,SBDF,acetaminophen / pamabrom / pyrilamine Oral Tablet [Pamprin Multi-Symptom]
1052640,SBDF,acetaminophen / pamabrom / pyrilamine Oral Tablet [Premsyn PMS]
629026,SBDF,acetaminophen / phenyltoloxamine / salicylamide Oral Capsule [By Ache]
545892,SBDF,acetaminophen / phenyltoloxamine / salicylamide Oral Capsule [Ed Flex]
545882,SBDF,acetaminophen / phenyltoloxamine / salicylamide Oral Tablet [Anabar]
1358850,SBDF,acetaminophen / aspirin / caffeine / salicylamide Oral Tablet [Exaprin]
367856,SBDF,acetaminophen / aspirin / caffeine / salicylamide Oral Tablet [Saleto]
366536,SBDF,acetaminophen / butalbital / caffeine / codeine Oral Capsule [Fioricet with Codeine]
2648834,SCDFP,acetaminophen / chlorpheniramine maleate Oral Solution
2645999,SCDFP,acetaminophen / chlorpheniramine maleate Oral Tablet
2648817,SCDFP,acetaminophen / codeine phosphate Effervescent Oral Tablet
2645558,SCDFP,acetaminophen / codeine phosphate Oral Capsule
2648519,SCDFP,acetaminophen / codeine phosphate Oral Solution
2649076,SCDFP,acetaminophen / codeine phosphate Oral Tablet
2728419,SCDFP,acetaminophen / dexbrompheniramine maleate Oral Solution
2648651,SCDFP,acetaminophen / dexbrompheniramine maleate Oral Tablet
2648687,SCDFP,acetaminophen / dihydrocodeine bitartrate Oral Tablet
2645520,SCDFP,acetaminophen / diphenhydramine citrate Oral Powder
2645786,SCDFP,acetaminophen / diphenhydramine citrate Oral Tablet
2691688,SCDFP,acetaminophen / diphenhydramine hydrochloride Chewable Tablet
2646380,SCDFP,acetaminophen / diphenhydramine hydrochloride Oral Capsule
2648062,SCDFP,acetaminophen / diphenhydramine hydrochloride Oral Solution
2693774,SCDFP,acetaminophen / diphenhydramine hydrochloride Oral Suspension
2647568,SCDFP,acetaminophen / diphenhydramine hydrochloride Oral Tablet
2670676,SCDFP,acetaminophen / diphenhydramine hydrochloride Powder for Oral Solution
2679424,SCDFP,acetaminophen / diphenhydramine hydrochloride Granules for Oral Solution
2647994,SCDFP,acetaminophen / hydrocodone bitartrate Oral Capsule
2646966,SCDFP,acetaminophen / hydrocodone bitartrate Oral Solution
2646438,SCDFP,acetaminophen / hydrocodone bitartrate Oral Tablet
2647083,SCDFP,acetaminophen / phenylephrine hydrochloride Chewable Tablet
2645758,SCDFP,acetaminophen / phenylephrine hydrochloride Effervescent Oral Tablet
2645815,SCDFP,acetaminophen / phenylephrine hydrochloride Oral Capsule
2649220,SCDFP,acetaminophen / phenylephrine hydrochloride Oral Tablet
2649523,SCDFP,acetaminophen / phenyltoloxamine citrate Oral Solution
2647134,SCDFP,acetaminophen / promethazine hydrochloride Oral Suspension
2648169,SCDFP,acetaminophen / propoxyphene hydrochloride Oral Tablet
2647109,SCDFP,acetaminophen / propoxyphene napsylate Oral Tablet
2647760,SCDFP,acetaminophen / pseudoephedrine hydrochloride Oral Tablet
2645984,SCDFP,acetaminophen / pyrilamine maleate Oral Tablet
2645791,SCDFP,acetaminophen / sodium salicylate Oral Tablet
2649339,SCDFP,acetaminophen / aspirin / diphenhydramine citrate Oral Tablet
2645813,SCDFP,acetaminophen / brompheniramine maleate / pseudoephedrine hydrochloride Oral Solution
2649434,SCDFP,acetaminophen / caffeine / chlorpheniramine maleate Oral Capsule
2646120,SCDFP,acetaminophen / caffeine / dihydrocodeine bitartrate Oral Capsule
2647143,SCDFP,acetaminophen / caffeine / dihydrocodeine bitartrate Oral Tablet
2648321,SCDFP,acetaminophen / caffeine / phenylephrine hydrochloride Oral Tablet
2646855,SCDFP,acetaminophen / caffeine / pyrilamine maleate Oral Capsule
2648064,SCDFP,acetaminophen / caffeine / pyrilamine maleate Oral Tablet
2648453,SCDFP,acetaminophen / chlophedianol hydrochloride / pyrilamine maleate Oral Solution
2649470,SCDFP,acetaminophen / chlorpheniramine maleate / phenylephrine hydrochloride Chewable Tablet
2645811,SCDFP,acetaminophen / chlorpheniramine maleate / phenylephrine hydrochloride Effervescent Oral Tablet
2646451,SCDFP,acetaminophen / chlorpheniramine maleate / phenylephrine hydrochloride Oral Capsule
2646293,SCDFP,acetaminophen / chlorpheniramine maleate / phenylephrine hydrochloride Oral Powder
2646184,SCDFP,acetaminophen / chlorpheniramine maleate / phenylephrine hydrochloride Oral Suspension
2646973,SCDFP,acetaminophen / chlorpheniramine maleate / phenylephrine hydrochloride Oral Tablet
2645587,SCDFP,acetaminophen / chlorpheniramine maleate / pseudoephedrine hydrochloride Oral Capsule
2645592,SCDFP,acetaminophen / chlorpheniramine maleate / pseudoephedrine hydrochloride Oral Tablet
2645565,SCDFP,acetaminophen / clemastine fumarate / phenylpropanolamine hydrochloride Oral Tablet
2645883,SCDFP,acetaminophen / diphenhydramine hydrochloride / phenylephrine hydrochloride Oral Solution
2647775,SCDFP,acetaminophen / diphenhydramine hydrochloride / phenylephrine hydrochloride Oral Tablet
2646362,SCDFP,acetaminophen / diphenhydramine hydrochloride / phenylephrine hydrochloride Powder for Oral Solution
2649021,SCDFP,acetaminophen / diphenhydramine hydrochloride / phenylephrine hydrochloride Granules for Oral Solution
2645879,SCDFP,acetaminophen / diphenhydramine hydrochloride / pseudoephedrine hydrochloride Oral Tablet
2647334,SCDFP,acetaminophen / doxylamine succinate / phenylephrine hydrochloride Oral Capsule
2647341,SCDFP,acetaminophen / doxylamine succinate / salicylamide Oral Tablet
2645821,SCDFP,acetaminophen / guaifenesin / phenylephrine hydrochloride Oral Capsule
2648955,SCDFP,acetaminophen / guaifenesin / phenylephrine hydrochloride Oral Solution
2646052,SCDFP,acetaminophen / guaifenesin / phenylephrine hydrochloride Oral Tablet
2646588,SCDFP,acetaminophen / guaifenesin / pseudoephedrine hydrochloride Oral Tablet
2647897,SCDFP,acetaminophen / pamabrom / pyrilamine maleate Oral Tablet
2647116,SCDFP,acetaminophen / pheniramine maleate / phenylephrine hydrochloride Powder for Oral Solution
2646810,SCDFP,acetaminophen / phenylephrine hydrochloride / pyrilamine maleate Oral Tablet
2648323,SCDFP,acetaminophen / phenyltoloxamine citrate / salicylamide Oral Capsule
2647908,SCDFP,acetaminophen / phenyltoloxamine citrate / salicylamide Oral Tablet
2648123,SCDFP,acetaminophen / butalbital / caffeine / codeine phosphate Oral Capsule
2648363,SCDFP,acetaminophen / caffeine / chlorpheniramine maleate / phenylephrine hydrochloride Oral Tablet
2657474,SBDFP,acetaminophen / codeine phosphate Oral Tablet [Tylenol with Codeine]
2657644,SBDFP,acetaminophen / diphenhydramine citrate Oral Tablet [Excedrin PM]
2657845,SBDFP,acetaminophen / diphenhydramine hydrochloride Oral Solution [Tylenol PM]
2656551,SBDFP,acetaminophen / diphenhydramine hydrochloride Oral Tablet [Acetadryl]
2657039,SBDFP,acetaminophen / diphenhydramine hydrochloride Oral Tablet [Legatrin PM]
2654597,SBDFP,acetaminophen / diphenhydramine hydrochloride Oral Tablet [Panadol PM]
2658039,SBDFP,acetaminophen / diphenhydramine hydrochloride Oral Tablet [Percogesic Reformulated Jan 2011]
2654810,SBDFP,acetaminophen / diphenhydramine hydrochloride Oral Tablet [Tylenol PM]
2657548,SBDFP,acetaminophen / diphenhydramine hydrochloride Oral Tablet [Unisom with Pain Relief]
2654206,SBDFP,acetaminophen / hydrocodone bitartrate Oral Solution [Hycet]
2655119,SBDFP,acetaminophen / hydrocodone bitartrate Oral Tablet [Norco]
2657765,SBDFP,acetaminophen / hydrocodone bitartrate Oral Tablet [Verdrocet]
2655655,SBDFP,acetaminophen / phenyltoloxamine citrate Oral Solution [Dologesic]
2655022,SBDFP,acetaminophen / phenyltoloxamine citrate Oral Tablet [Dologesic]
2655166,SBDFP,acetaminophen / phenyltoloxamine citrate Oral Tablet [Relagesic]
2655014,SBDFP,acetaminophen / aspirin / diphenhydramine citrate Oral Tablet [Excedrin PM Triple Action]
2654661,SBDFP,acetaminophen / caffeine / dihydrocodeine bitartrate Oral Capsule [Trezix]
2658378,SBDFP,acetaminophen / chlophedianol hydrochloride / pyrilamine maleate Oral Solution [Ninjacof A]
2654637,SBDFP,acetaminophen / pamabrom / pyrilamine maleate Oral Tablet [Pamprin Multi-Symptom]
2658453,SBDFP,acetaminophen / pamabrom / pyrilamine maleate Oral Tablet [Premsyn PMS]
2657437,SBDFP,acetaminophen / phenyltoloxamine citrate / salicylamide Oral Capsule [By Ache]
2654486,SBDFP,acetaminophen / phenyltoloxamine citrate / salicylamide Oral Capsule [Ed Flex]
2657776,SBDFP,acetaminophen / phenyltoloxamine citrate / salicylamide Oral Tablet [Anabar]
2654895,SBDFP,acetaminophen / butalbital / caffeine / codeine phosphate Oral Capsule [Fioricet with Codeine]
1295535,SCDG,acetaminophen Chewable Product
1294958,SCDG,acetaminophen Disintegrating Oral Product
1294852,SCDG,acetaminophen Granule Product
1152840,SCDG,acetaminophen Injectable Product
2705806,SCDG,acetaminophen Oral Film Product
2178753,SCDG,acetaminophen Oral Powder Product
1152844,SCDG,acetaminophen Rectal Product
1294760,SCDG,acetaminophen / aspirin Oral Powder Product
1154265,SCDG,acetaminophen / aspirin Oral Product
2001354,SCDG,acetaminophen / benzhydrocodone Oral Product
2001355,SCDG,acetaminophen / benzhydrocodone Pill
1152259,SCDG,acetaminophen / butalbital Oral Product
1152260,SCDG,acetaminophen / butalbital Pill
1294726,SCDG,acetaminophen / caffeine Disintegrating Oral Product
1154883,SCDG,acetaminophen / caffeine Oral Liquid Product
1543070,SCDG,acetaminophen / caffeine Oral Powder Product
1154884,SCDG,acetaminophen / caffeine Oral Product
1154885,SCDG,acetaminophen / caffeine Pill
2645104,SCDG,acetaminophen / chlorpheniramine Oral Liquid Product
1155576,SCDG,acetaminophen / chlorpheniramine Oral Product
1155577,SCDG,acetaminophen / chlorpheniramine Pill
1155597,SCDG,acetaminophen / codeine Oral Liquid Product
1155598,SCDG,acetaminophen / codeine Oral Product
1155599,SCDG,acetaminophen / codeine Pill
2728416,SCDG,acetaminophen / dexbrompheniramine Oral Liquid Product
1190927,SCDG,acetaminophen / dexbrompheniramine Oral Product
1190928,SCDG,acetaminophen / dexbrompheniramine Pill
1152539,SCDG,acetaminophen / dihydrocodeine Oral Product
1152540,SCDG,acetaminophen / dihydrocodeine Pill
2691685,SCDG,acetaminophen / diphenhydramine Chewable Product
2679421,SCDG,acetaminophen / diphenhydramine Granule Product
1151203,SCDG,acetaminophen / diphenhydramine Oral Liquid Product
1295750,SCDG,acetaminophen / diphenhydramine Oral Powder Product
1151204,SCDG,acetaminophen / diphenhydramine Oral Product
1151205,SCDG,acetaminophen / diphenhydramine Pill
1151209,SCDG,acetaminophen / domperidone Oral Product
1151210,SCDG,acetaminophen / domperidone Pill
2739991,SCDG,acetaminophen / guaifenesin Granule Product
1151545,SCDG,acetaminophen / guaifenesin Oral Product
1151546,SCDG,acetaminophen / guaifenesin Pill
1151548,SCDG,acetaminophen / hydrocodone Oral Liquid Product
1151549,SCDG,acetaminophen / hydrocodone Oral Product
1151550,SCDG,acetaminophen / hydrocodone Pill
2673872,SCDG,acetaminophen / ibuprofen Injectable Product
1151551,SCDG,acetaminophen / ibuprofen Oral Liquid Product
1151552,SCDG,acetaminophen / ibuprofen Oral Product
1151553,SCDG,acetaminophen / ibuprofen Pill
1152541,SCDG,acetaminophen / isometheptene Oral Product
1152542,SCDG,acetaminophen / isometheptene Pill
1151563,SCDG,acetaminophen / melatonin Oral Product
1151564,SCDG,acetaminophen / melatonin Pill
1151571,SCDG,acetaminophen / methionine Oral Product
1151572,SCDG,acetaminophen / methionine Pill
1151575,SCDG,acetaminophen / metoclopramide Oral Product
1151576,SCDG,acetaminophen / metoclopramide Pill
1152551,SCDG,acetaminophen / pamabrom Oral Product
1152552,SCDG,acetaminophen / pamabrom Pill
1151902,SCDG,acetaminophen / pentazocine Oral Product
1151903,SCDG,acetaminophen / pentazocine Pill
1295491,SCDG,acetaminophen / phenylephrine Chewable Product
1151913,SCDG,acetaminophen / phenylephrine Oral Product
1151914,SCDG,acetaminophen / phenylephrine Pill
1152831,SCDG,acetaminophen / phenyltoloxamine Oral Liquid Product
1151922,SCDG,acetaminophen / promethazine Oral Liquid Product
1151923,SCDG,acetaminophen / promethazine Oral Product
1151927,SCDG,acetaminophen / propoxyphene Oral Product
1151928,SCDG,acetaminophen / propoxyphene Pill
1151933,SCDG,acetaminophen / pseudoephedrine Oral Product
1151934,SCDG,acetaminophen / pseudoephedrine Pill
1151935,SCDG,acetaminophen / pyrilamine Oral Product
1151936,SCDG,acetaminophen / pyrilamine Pill
1151937,SCDG,acetaminophen / racemethionine Oral Product
1152225,SCDG,acetaminophen / racemethionine Pill
1152836,SCDG,acetaminophen / salicylamide Oral Product
1152837,SCDG,acetaminophen / salicylamide Pill
1152226,SCDG,acetaminophen / salicylic acid Oral Product
1152227,SCDG,acetaminophen / salicylic acid Pill
1295251,SCDG,acetaminophen / aspirin / caffeine Oral Powder Product
1154257,SCDG,acetaminophen / aspirin / caffeine Oral Product
1154258,SCDG,acetaminophen / aspirin / caffeine Pill
1593106,SCDG,acetaminophen / aspirin / diphenhydramine Oral Product
1593107,SCDG,acetaminophen / aspirin / diphenhydramine Pill
1154282,SCDG,acetaminophen / brompheniramine / pseudoephedrine Oral Liquid Product
1154283,SCDG,acetaminophen / brompheniramine / pseudoephedrine Oral Product
1152254,SCDG,acetaminophen / butalbital / caffeine Oral Liquid Product
1303247,SCDG,acetaminophen / caffeine / chlorpheniramine Oral Product
1303248,SCDG,acetaminophen / caffeine / chlorpheniramine Pill
1154570,SCDG,acetaminophen / caffeine / codeine Oral Product
1154590,SCDG,acetaminophen / caffeine / dihydrocodeine Oral Product
1154591,SCDG,acetaminophen / caffeine / dihydrocodeine Pill
1154594,SCDG,acetaminophen / caffeine / isometheptene Oral Product
1154595,SCDG,acetaminophen / caffeine / isometheptene Pill
1154578,SCDG,acetaminophen / caffeine / magnesium salicylate Oral Product
1154579,SCDG,acetaminophen / caffeine / magnesium salicylate Pill
1154580,SCDG,acetaminophen / caffeine / phenylephrine Oral Product
1154581,SCDG,acetaminophen / caffeine / phenylephrine Pill
1154586,SCDG,acetaminophen / caffeine / pyrilamine Oral Product
1154587,SCDG,acetaminophen / caffeine / pyrilamine Pill
1593762,SCDG,acetaminophen / chlophedianol / pyrilamine Oral Liquid Product
1593763,SCDG,acetaminophen / chlophedianol / pyrilamine Oral Product
1295087,SCDG,acetaminophen / chlorpheniramine / phenylephrine Chewable Product
1155248,SCDG,acetaminophen / chlorpheniramine / phenylephrine Oral Liquid Product
1295565,SCDG,acetaminophen / chlorpheniramine / phenylephrine Oral Powder Product
1155249,SCDG,acetaminophen / chlorpheniramine / phenylephrine Oral Product
1155250,SCDG,acetaminophen / chlorpheniramine / phenylephrine Pill
1155571,SCDG,acetaminophen / chlorpheniramine / pseudoephedrine Oral Product
1155572,SCDG,acetaminophen / chlorpheniramine / pseudoephedrine Pill
1155580,SCDG,acetaminophen / clemastine / phenylpropanolamine Oral Product
1155581,SCDG,acetaminophen / clemastine / phenylpropanolamine Pill
1152535,SCDG,acetaminophen / dichloralphenazone / isometheptene Oral Product
1152536,SCDG,acetaminophen / dichloralphenazone / isometheptene Pill
1659958,SCDG,acetaminophen / diphenhydramine / phenylephrine Granule Product
1151195,SCDG,acetaminophen / diphenhydramine / phenylephrine Oral Liquid Product
1804046,SCDG,acetaminophen / diphenhydramine / phenylephrine Oral Powder Product
1151196,SCDG,acetaminophen / diphenhydramine / phenylephrine Oral Product
1151197,SCDG,acetaminophen / diphenhydramine / phenylephrine Pill
1151201,SCDG,acetaminophen / diphenhydramine / pseudoephedrine Oral Product
1151202,SCDG,acetaminophen / diphenhydramine / pseudoephedrine Pill
1151211,SCDG,acetaminophen / doxylamine / phenylephrine Oral Product
1151212,SCDG,acetaminophen / doxylamine / phenylephrine Pill
1151215,SCDG,acetaminophen / doxylamine / salicylamide Oral Product
1151216,SCDG,acetaminophen / doxylamine / salicylamide Pill
1151222,SCDG,acetaminophen / guaifenesin / phenylephrine Oral Liquid Product
1151223,SCDG,acetaminophen / guaifenesin / phenylephrine Oral Product
1151224,SCDG,acetaminophen / guaifenesin / phenylephrine Pill
1151542,SCDG,acetaminophen / guaifenesin / pseudoephedrine Oral Product
1151543,SCDG,acetaminophen / guaifenesin / pseudoephedrine Pill
1151559,SCDG,acetaminophen / magnesium salicylate / pamabrom Oral Product
1151560,SCDG,acetaminophen / magnesium salicylate / pamabrom Pill
1152545,SCDG,acetaminophen / pamabrom / pyrilamine Oral Product
1152546,SCDG,acetaminophen / pamabrom / pyrilamine Pill
1152547,SCDG,acetaminophen / pamabrom / vitamin B6 Oral Product
1152548,SCDG,acetaminophen / pamabrom / vitamin B6 Pill
1659962,SCDG,acetaminophen / pheniramine / phenylephrine Oral Powder Product
1151905,SCDG,acetaminophen / pheniramine / phenylephrine Oral Product
1241825,SCDG,acetaminophen / phenylephrine / pyrilamine Oral Product
1241826,SCDG,acetaminophen / phenylephrine / pyrilamine Pill
1152553,SCDG,acetaminophen / phenyltoloxamine / salicylamide Oral Product
1152830,SCDG,acetaminophen / phenyltoloxamine / salicylamide Pill
1153987,SCDG,acetaminophen / aspirin / caffeine / salicylamide Oral Product
1153988,SCDG,acetaminophen / aspirin / caffeine / salicylamide Pill
1152250,SCDG,acetaminophen / butalbital / caffeine / codeine Oral Product
1152251,SCDG,acetaminophen / butalbital / caffeine / codeine Pill
1154289,SCDG,acetaminophen / caffeine / chlorpheniramine / phenylephrine Oral Product
1154290,SCDG,acetaminophen / caffeine / chlorpheniramine / phenylephrine Pill
1168402,SBDG,Acephen Rectal Product
1168411,SBDG,Acetadryl Oral Product
1168412,SBDG,Acetadryl Pill
2279005,SBDG,Allzital Oral Product
2279006,SBDG,Allzital Pill
1174220,SBDG,Anabar Oral Product
1174221,SBDG,Anabar Pill
1174226,SBDG,Anacin Advanced Headache Formula Oral Product
1174227,SBDG,Anacin Advanced Headache Formula Pill
2001362,SBDG,Apadaz Oral Product
2001363,SBDG,Apadaz Pill
1303157,SBDG,Arthriten Inflammatory Pain Oral Product
1303158,SBDG,Arthriten Inflammatory Pain Pill
1356078,SBDG,Backaid Oral Product
1361400,SBDG,Backaid IPF Oral Product
1361401,SBDG,Backaid IPF Pill
1356079,SBDG,Backaid Pill
1167275,SBDG,Backprin Oral Product
1167276,SBDG,Backprin Pill
1167290,SBDG,Bactimicina Oral Liquid Product
1167291,SBDG,Bactimicina Oral Product
1168683,SBDG,Bupap Oral Product
1168684,SBDG,Bupap Pill
1169411,SBDG,By Ache Oral Product
1169412,SBDG,By Ache Pill
1172961,SBDG,Capacet Oral Product
1172962,SBDG,Capacet Pill
2673878,SBDG,Combogesic Injectable Product
2675762,SBDG,Combogesic Oral Product
2675763,SBDG,Combogesic Pill
1168109,SBDG,Comtrex Sore Throat Relief Oral Liquid Product
1168110,SBDG,Comtrex Sore Throat Relief Oral Product
1174565,SBDG,Dologesic Oral Liquid Product
1174566,SBDG,Dologesic Oral Product
1174567,SBDG,Dologesic Pill
1172540,SBDG,Ed Flex Oral Product
1172541,SBDG,Ed Flex Pill
1358851,SBDG,Exaprin Oral Product
1358852,SBDG,Exaprin Pill
2723565,SBDG,Exaprin Plus Oral Product
2723566,SBDG,Exaprin Plus Pill
1172559,SBDG,Excedrin Oral Product
1591932,SBDG,Excedrin Mild Headache Oral Product
1591933,SBDG,Excedrin Mild Headache Pill
1172562,SBDG,Excedrin Pill
1172560,SBDG,Excedrin PM Oral Product
1172561,SBDG,Excedrin PM Pill
1593114,SBDG,Excedrin PM Triple Action Oral Product
1593115,SBDG,Excedrin PM Triple Action Pill
1296955,SBDG,Excedrin Quick Tab Disintegrating Oral Product
1172563,SBDG,Excedrin Quick Tab Oral Product
1172564,SBDG,Excedrin Quick Tab Pill
1172569,SBDG,Excedrin Tension Headache Oral Product
1172570,SBDG,Excedrin Tension Headache Pill
2639349,SBDG,Feverall Oral Liquid Product
1168295,SBDG,Feverall Oral Product
1168297,SBDG,Feverall Rectal Product
1168322,SBDG,Fioricet Oral Product
1168323,SBDG,Fioricet Pill
1168324,SBDG,Fioricet with Codeine Oral Product
1168325,SBDG,Fioricet with Codeine Pill
1173313,SBDG,Frenadol Oral Product
1173314,SBDG,Frenadol Pill
1172717,SBDG,Hycet Oral Liquid Product
1172718,SBDG,Hycet Oral Product
1166047,SBDG,Legatrin PM Oral Product
1166048,SBDG,Legatrin PM Pill
1179123,SBDG,Little Fevers Oral Liquid Product
1179124,SBDG,Little Fevers Oral Product
1296986,SBDG,Mapap Chewable Product
1180390,SBDG,Mapap Oral Liquid Product
1181027,SBDG,Marten-Tab Oral Product
1181028,SBDG,Marten-Tab Pill
1593769,SBDG,Ninjacof A Oral Liquid Product
1593770,SBDG,Ninjacof A Oral Product
1185115,SBDG,Norco Oral Product
1185116,SBDG,Norco Pill
1185724,SBDG,Nortemp Oral Liquid Product
1185725,SBDG,Nortemp Oral Product
1179444,SBDG,Pamprin Cramp Formula Oral Product
1179445,SBDG,Pamprin Cramp Formula Pill
1179446,SBDG,Pamprin Max Formula Oral Product
1179447,SBDG,Pamprin Max Formula Pill
1179907,SBDG,Pamprin Multi-Symptom Oral Product
1179908,SBDG,Pamprin Multi-Symptom Pill
1179922,SBDG,Panadol Oral Liquid Product
1872073,SBDG,Panadol Extra Oral Product
1872074,SBDG,Panadol Extra Pill
1179924,SBDG,Panadol PM Oral Product
1179925,SBDG,Panadol PM Pill
1185797,SBDG,Percogesic Reformulated Jan 2011 Oral Product
1185798,SBDG,Percogesic Reformulated Jan 2011 Pill
1185851,SBDG,Premsyn PMS Oral Product
1185852,SBDG,Premsyn PMS Pill
1179570,SBDG,Redutemp Oral Liquid Product
1179571,SBDG,Redutemp Oral Product
1180095,SBDG,Relagesic Oral Product
1180096,SBDG,Relagesic Pill
1184781,SBDG,Saleto Oral Product
1184782,SBDG,Saleto Pill
1866141,SBDG,Sed-Max Oral Product
1866142,SBDG,Sed-Max Pill
1296787,SBDG,Tempra Quicklets Chewable Product
1181430,SBDG,Tempra Quicklets Oral Product
1181431,SBDG,Tempra Quicklets Pill
1181444,SBDG,Tencon Oral Product
1181445,SBDG,Tencon Pill
1179687,SBDG,Trezix Oral Product
1179688,SBDG,Trezix Pill
1296526,SBDG,Tylenol Chewable Product
1187310,SBDG,Tylenol Oral Liquid Product
2178757,SBDG,Tylenol Oral Powder Product
1187312,SBDG,Tylenol PM Oral Liquid Product
1187313,SBDG,Tylenol PM Oral Product
1187314,SBDG,Tylenol PM Pill
1187505,SBDG,Tylenol with Codeine Oral Product
1187503,SBDG,Tylenol with Codeine Pill
1186355,SBDG,Unisom with Pain Relief Oral Product
1186356,SBDG,Unisom with Pain Relief Pill
1648582,SBDG,Vanatol Oral Liquid Product
1648583,SBDG,Vanatol Oral Product
1187555,SBDG,Vanquish Oral Product
1187556,SBDG,Vanquish Pill
1542979,SBDG,Verdrocet Oral Product
1542980,SBDG,Verdrocet Pill
2261401,SBDG,Vtol Oral Liquid Product
2261402,SBDG,Vtol Oral Product
1187058,SBDG,Zebutal Oral Product
1187059,SBDG,Zebutal Pill
2662424,SCDGP,acetaminophen / chlorpheniramine maleate Oral Liquid Product
2662441,SCDGP,acetaminophen / chlorpheniramine maleate Oral Product
2662611,SCDGP,acetaminophen / chlorpheniramine maleate Pill
2662988,SCDGP,acetaminophen / codeine phosphate Oral Liquid Product
2662072,SCDGP,acetaminophen / codeine phosphate Oral Product
2659145,SCDGP,acetaminophen / codeine phosphate Pill
2728418,SCDGP,acetaminophen / dexbrompheniramine maleate Oral Liquid Product
2663660,SCDGP,acetaminophen / dexbrompheniramine maleate Oral Product
2660781,SCDGP,acetaminophen / dexbrompheniramine maleate Pill
2660307,SCDGP,acetaminophen / dihydrocodeine bitartrate Oral Product
2662676,SCDGP,acetaminophen / dihydrocodeine bitartrate Pill
2661629,SCDGP,acetaminophen / diphenhydramine citrate Oral Powder Product
2662615,SCDGP,acetaminophen / diphenhydramine citrate Oral Product
2663140,SCDGP,acetaminophen / diphenhydramine citrate Pill
2691687,SCDGP,acetaminophen / diphenhydramine hydrochloride Chewable Product
2679423,SCDGP,acetaminophen / diphenhydramine hydrochloride Granule Product
2660960,SCDGP,acetaminophen / diphenhydramine hydrochloride Oral Liquid Product
2670675,SCDGP,acetaminophen / diphenhydramine hydrochloride Oral Powder Product
2662609,SCDGP,acetaminophen / diphenhydramine hydrochloride Oral Product
2662105,SCDGP,acetaminophen / diphenhydramine hydrochloride Pill
2663318,SCDGP,acetaminophen / hydrocodone bitartrate Oral Liquid Product
2661100,SCDGP,acetaminophen / hydrocodone bitartrate Oral Product
2661624,SCDGP,acetaminophen / hydrocodone bitartrate Pill
2660903,SCDGP,acetaminophen / phenylephrine hydrochloride Chewable Product
2663092,SCDGP,acetaminophen / phenylephrine hydrochloride Oral Product
2662558,SCDGP,acetaminophen / phenylephrine hydrochloride Pill
2661009,SCDGP,acetaminophen / phenyltoloxamine citrate Oral Liquid Product
2660732,SCDGP,acetaminophen / promethazine hydrochloride Oral Liquid Product
2661204,SCDGP,acetaminophen / promethazine hydrochloride Oral Product
2659356,SCDGP,acetaminophen / propoxyphene hydrochloride Oral Product
2659365,SCDGP,acetaminophen / propoxyphene hydrochloride Pill
2662779,SCDGP,acetaminophen / propoxyphene napsylate Oral Product
2663543,SCDGP,acetaminophen / propoxyphene napsylate Pill
2662153,SCDGP,acetaminophen / pseudoephedrine hydrochloride Oral Product
2663255,SCDGP,acetaminophen / pseudoephedrine hydrochloride Pill
2662090,SCDGP,acetaminophen / pyrilamine maleate Oral Product
2660176,SCDGP,acetaminophen / pyrilamine maleate Pill
2662506,SCDGP,acetaminophen / sodium salicylate Oral Product
2661881,SCDGP,acetaminophen / sodium salicylate Pill
2663199,SCDGP,acetaminophen / aspirin / diphenhydramine citrate Oral Product
2662638,SCDGP,acetaminophen / aspirin / diphenhydramine citrate Pill
2660676,SCDGP,acetaminophen / brompheniramine maleate / pseudoephedrine hydrochloride Oral Liquid Product
2662895,SCDGP,acetaminophen / brompheniramine maleate / pseudoephedrine hydrochloride Oral Product
2660522,SCDGP,acetaminophen / caffeine / chlorpheniramine maleate Oral Product
2661331,SCDGP,acetaminophen / caffeine / chlorpheniramine maleate Pill
2663452,SCDGP,acetaminophen / caffeine / dihydrocodeine bitartrate Oral Product
2659189,SCDGP,acetaminophen / caffeine / dihydrocodeine bitartrate Pill
2661229,SCDGP,acetaminophen / caffeine / phenylephrine hydrochloride Oral Product
2659908,SCDGP,acetaminophen / caffeine / phenylephrine hydrochloride Pill
2661345,SCDGP,acetaminophen / caffeine / pyrilamine maleate Oral Product
2659749,SCDGP,acetaminophen / caffeine / pyrilamine maleate Pill
2660355,SCDGP,acetaminophen / chlophedianol hydrochloride / pyrilamine maleate Oral Liquid Product
2661238,SCDGP,acetaminophen / chlophedianol hydrochloride / pyrilamine maleate Oral Product
2659424,SCDGP,acetaminophen / chlorpheniramine maleate / phenylephrine hydrochloride Chewable Product
2662065,SCDGP,acetaminophen / chlorpheniramine maleate / phenylephrine hydrochloride Oral Liquid Product
2662989,SCDGP,acetaminophen / chlorpheniramine maleate / phenylephrine hydrochloride Oral Powder Product
2663536,SCDGP,acetaminophen / chlorpheniramine maleate / phenylephrine hydrochloride Oral Product
2662311,SCDGP,acetaminophen / chlorpheniramine maleate / phenylephrine hydrochloride Pill
2663046,SCDGP,acetaminophen / chlorpheniramine maleate / pseudoephedrine hydrochloride Oral Product
2661675,SCDGP,acetaminophen / chlorpheniramine maleate / pseudoephedrine hydrochloride Pill
2661942,SCDGP,acetaminophen / clemastine fumarate / phenylpropanolamine hydrochloride Oral Product
2660391,SCDGP,acetaminophen / clemastine fumarate / phenylpropanolamine hydrochloride Pill
2659146,SCDGP,acetaminophen / diphenhydramine hydrochloride / phenylephrine hydrochloride Granule Product
2661848,SCDGP,acetaminophen / diphenhydramine hydrochloride / phenylephrine hydrochloride Oral Liquid Product
2662398,SCDGP,acetaminophen / diphenhydramine hydrochloride / phenylephrine hydrochloride Oral Powder Product
2659765,SCDGP,acetaminophen / diphenhydramine hydrochloride / phenylephrine hydrochloride Oral Product
2661678,SCDGP,acetaminophen / diphenhydramine hydrochloride / phenylephrine hydrochloride Pill
2662325,SCDGP,acetaminophen / diphenhydramine hydrochloride / pseudoephedrine hydrochloride Oral Product
2662274,SCDGP,acetaminophen / diphenhydramine hydrochloride / pseudoephedrine hydrochloride Pill
2661656,SCDGP,acetaminophen / doxylamine succinate / phenylephrine hydrochloride Oral Product
2661918,SCDGP,acetaminophen / doxylamine succinate / phenylephrine hydrochloride Pill
2662574,SCDGP,acetaminophen / doxylamine succinate / salicylamide Oral Product
2662997,SCDGP,acetaminophen / doxylamine succinate / salicylamide Pill
2659601,SCDGP,acetaminophen / guaifenesin / phenylephrine hydrochloride Oral Liquid Product
2663602,SCDGP,acetaminophen / guaifenesin / phenylephrine hydrochloride Oral Product
2663122,SCDGP,acetaminophen / guaifenesin / phenylephrine hydrochloride Pill
2661235,SCDGP,acetaminophen / guaifenesin / pseudoephedrine hydrochloride Oral Product
2660334,SCDGP,acetaminophen / guaifenesin / pseudoephedrine hydrochloride Pill
2662301,SCDGP,acetaminophen / pamabrom / pyrilamine maleate Oral Product
2659904,SCDGP,acetaminophen / pamabrom / pyrilamine maleate Pill
2660564,SCDGP,acetaminophen / pheniramine maleate / phenylephrine hydrochloride Oral Powder Product
2660876,SCDGP,acetaminophen / pheniramine maleate / phenylephrine hydrochloride Oral Product
2660014,SCDGP,acetaminophen / phenylephrine hydrochloride / pyrilamine maleate Oral Product
2663202,SCDGP,acetaminophen / phenylephrine hydrochloride / pyrilamine maleate Pill
2661699,SCDGP,acetaminophen / phenyltoloxamine citrate / salicylamide Oral Product
2659106,SCDGP,acetaminophen / phenyltoloxamine citrate / salicylamide Pill
2660619,SCDGP,acetaminophen / butalbital / caffeine / codeine phosphate Oral Product
2661139,SCDGP,acetaminophen / butalbital / caffeine / codeine phosphate Pill
2662493,SCDGP,acetaminophen / caffeine / chlorpheniramine maleate / phenylephrine hydrochloride Oral Product
2662591,SCDGP,acetaminophen / caffeine / chlorpheniramine maleate / phenylephrine hydrochloride Pill
1148399,SCD,8 HR acetaminophen 650 MG Extended Release Oral Tablet
437160,SCD,acetaminophen 20 MG/ML Oral Suspension
250650,SCD,acetaminophen 24 MG/ML Oral Suspension
422626,SCD,acetaminophen 25 MG/ML Oral Suspension
307668,SCD,acetaminophen 32 MG/ML Oral Suspension
250649,SCD,acetaminophen 50 MG/ML Oral Suspension
2480095,SCD,50 ML acetaminophen 10 MG/ML Injection
226882,SCD,acetaminophen 60 MG Rectal Suppository
2715604,SCD,65 ML acetaminophen 10 MG/ML Injection
307696,SCD,acetaminophen 80 MG Chewable Tablet
251374,SCD,acetaminophen 80 MG Disintegrating Oral Tablet
2705808,SCD,acetaminophen 80 MG Oral Film
198445,SCD,acetaminophen 80 MG Rectal Suppository
421071,SCD,acetaminophen 100 MG Rectal Suppository
243675,SCD,acetaminophen 100 MG/ML Oral Suspension
483017,SCD,100 ML acetaminophen 10 MG/ML Injection
198434,SCD,acetaminophen 120 MG Rectal Suppository
307666,SCD,acetaminophen 125 MG Rectal Suppository
313820,SCD,acetaminophen 160 MG Chewable Tablet
477282,SCD,acetaminophen 160 MG Disintegrating Oral Tablet
2178755,SCD,acetaminophen 160 MG Oral Powder
152620,SCD,acetaminophen 240 MG Rectal Suppository
2683419,SCD,acetaminophen 250 MG Chewable Tablet
388081,SCD,acetaminophen 250 MG Disintegrating Oral Tablet
249875,SCD,acetaminophen 250 MG Rectal Suppository
251698,SCD,acetaminophen 300 MG Rectal Suppository
2264779,SCD,acetaminophen 325 MG Chewable Tablet
603136,SCD,acetaminophen 325 MG Disintegrating Oral Tablet
198437,SCD,acetaminophen 325 MG Rectal Suppository
665056,SCD,acetaminophen 500 MG Chewable Tablet
349113,SCD,acetaminophen 500 MG Delayed Release Oral Capsule
1536880,SCD,acetaminophen 500 MG Effervescent Oral Tablet
2374360,SCD,acetaminophen 500 MG Oral Powder
250651,SCD,acetaminophen 500 MG Rectal Suppository
198443,SCD,acetaminophen 650 MG Rectal Suppository
2668206,SCD,acetaminophen 500 MG Granules for Oral Solution
763111,SCD,acetaminophen 325 MG / aspirin 500 MG Oral Powder
2118728,SCD,acetaminophen 325 MG / benzhydrocodone 4.08 MG Oral Tablet
2001358,SCD,acetaminophen 325 MG / benzhydrocodone 6.12 MG Oral Tablet
2118732,SCD,acetaminophen 325 MG / benzhydrocodone 8.16 MG Oral Tablet
1995136,SCD,acetaminophen 300 MG / butalbital 50 MG Oral Capsule
1249617,SCD,acetaminophen 300 MG / butalbital 50 MG Oral Tablet
1724446,SCD,acetaminophen 325 MG / butalbital 25 MG Oral Tablet
197425,SCD,acetaminophen 325 MG / butalbital 50 MG Oral Capsule
197426,SCD,acetaminophen 325 MG / butalbital 50 MG Oral Tablet
197427,SCD,acetaminophen 650 MG / butalbital 50 MG Oral Capsule
197428,SCD,acetaminophen 650 MG / butalbital 50 MG Oral Tablet
106818,SCD,acetaminophen 5 MG/ML / caffeine 0.65 MG/ML Oral Solution
1370285,SCD,acetaminophen 16.7 MG/ML / caffeine 1.08 MG/ML Oral Solution
247816,SCD,acetaminophen 325 MG / caffeine 65 MG Oral Tablet
106815,SCD,acetaminophen 450 MG / caffeine 25 MG Oral Tablet
106814,SCD,acetaminophen 450 MG / caffeine 30 MG Oral Tablet
250420,SCD,acetaminophen 500 MG / caffeine 32 MG Oral Capsule
403937,SCD,acetaminophen 500 MG / caffeine 65 MG Disintegrating Oral Tablet
410226,SCD,acetaminophen 500 MG / caffeine 65 MG Oral Capsule
307686,SCD,acetaminophen 500 MG / caffeine 65 MG Oral Tablet
1543072,SCD,acetaminophen 650 MG / caffeine 50 MG Oral Powder
2645106,SCD,acetaminophen 10 MG/ML / chlorpheniramine maleate 0.125 MG/ML Oral Solution
1599133,SCD,acetaminophen 60 MG / chlorpheniramine maleate 0.667 MG Oral Tablet
1112864,SCD,acetaminophen 325 MG / chlorpheniramine maleate 2 MG Oral Tablet
993755,SCD,acetaminophen 24 MG/ML / codeine phosphate 2.4 MG/ML Oral Solution
993770,SCD,acetaminophen 300 MG / codeine phosphate 15 MG Oral Tablet
993781,SCD,acetaminophen 300 MG / codeine phosphate 30 MG Oral Tablet
993890,SCD,acetaminophen 300 MG / codeine phosphate 60 MG Oral Tablet
1536457,SCD,acetaminophen 500 MG / codeine phosphate 8 MG Effervescent Oral Tablet
996981,SCD,acetaminophen 500 MG / codeine phosphate 8 MG Oral Capsule
996982,SCD,acetaminophen 500 MG / codeine phosphate 8 MG Oral Tablet
996976,SCD,acetaminophen 500 MG / codeine phosphate 12.8 MG Oral Tablet
996978,SCD,acetaminophen 500 MG / codeine phosphate 13.5 MG Oral Tablet
994043,SCD,acetaminophen 500 MG / codeine phosphate 15 MG Oral Tablet
1536459,SCD,acetaminophen 500 MG / codeine phosphate 30 MG Effervescent Oral Tablet
996979,SCD,acetaminophen 500 MG / codeine phosphate 30 MG Oral Capsule
994046,SCD,acetaminophen 500 MG / codeine phosphate 30 MG Oral Tablet
2728420,SCD,acetaminophen 33.3 MG/ML / dexbrompheniramine maleate 0.0667 MG/ML Oral Solution
1546700,SCD,acetaminophen 325 MG / dexbrompheniramine maleate 1 MG Oral Tablet
1798453,SCD,acetaminophen 500 MG / dexbrompheniramine maleate 1 MG Oral Tablet
2729424,SCD,acetaminophen 500 MG / dexbrompheniramine maleate 2 MG Oral Tablet
1190931,SCD,acetaminophen 650 MG / dexbrompheniramine maleate 2 MG Oral Tablet
1234999,SCD,acetaminophen 500 MG / dihydrocodeine bitartrate 10 MG Oral Tablet
1235009,SCD,acetaminophen 500 MG / dihydrocodeine bitartrate 20 MG Oral Tablet
1235011,SCD,acetaminophen 500 MG / dihydrocodeine bitartrate 30 MG Oral Tablet
1297947,SCD,acetaminophen 500 MG / diphenhydramine citrate 38 MG Oral Powder
1099872,SCD,acetaminophen 500 MG / diphenhydramine citrate 38 MG Oral Tablet
1294607,SCD,acetaminophen 21.7 MG/ML / diphenhydramine hydrochloride 0.833 MG/ML Oral Solution
1291948,SCD,acetaminophen 24 MG/ML / diphenhydramine hydrochloride 2.5 MG/ML Oral Solution
2683420,SCD,acetaminophen 32 MG/ML / diphenhydramine hydrochloride 1.25 MG/ML Oral Solution
2374554,SCD,acetaminophen 32.5 MG/ML / diphenhydramine hydrochloride 1.25 MG/ML Oral Solution
2693775,SCD,acetaminophen 32.5 MG/ML / diphenhydramine hydrochloride 1.25 MG/ML Oral Suspension
1092373,SCD,acetaminophen 33.3 MG/ML / diphenhydramine hydrochloride 1.67 MG/ML Oral Solution
2691689,SCD,acetaminophen 325 MG / diphenhydramine hydrochloride 12.5 MG Chewable Tablet
1052462,SCD,acetaminophen 325 MG / diphenhydramine hydrochloride 12.5 MG Oral Tablet
2729789,SCD,acetaminophen 325 MG / diphenhydramine hydrochloride 25 MG Oral Tablet
1093075,SCD,acetaminophen 325 MG / diphenhydramine hydrochloride 50 MG Oral Tablet
1052467,SCD,acetaminophen 500 MG / diphenhydramine hydrochloride 12.5 MG Oral Tablet
1117245,SCD,acetaminophen 500 MG / diphenhydramine hydrochloride 25 MG Oral Capsule
1092189,SCD,acetaminophen 500 MG / diphenhydramine hydrochloride 25 MG Oral Tablet
1087607,SCD,acetaminophen 500 MG / diphenhydramine hydrochloride 50 MG Oral Tablet
2670677,SCD,acetaminophen 650 MG / diphenhydramine hydrochloride 25 MG Powder for Oral Solution
1093083,SCD,acetaminophen 650 MG / diphenhydramine hydrochloride 50 MG Oral Tablet
2679425,SCD,acetaminophen 650 MG / diphenhydramine hydrochloride 25 MG Granules for Oral Solution
153830,SCD,acetaminophen 500 MG / domperidone 10 MG Oral Tablet
2739993,SCD,acetaminophen 162.5 MG / guaifenesin 100 MG Oral Granules
707195,SCD,acetaminophen 325 MG / guaifenesin 200 MG Oral Capsule
602617,SCD,acetaminophen 325 MG / guaifenesin 200 MG Oral Tablet
1044427,SCD,acetaminophen 20 MG/ML / hydrocodone bitartrate 0.667 MG/ML Oral Solution
856940,SCD,acetaminophen 21.7 MG/ML / hydrocodone bitartrate 0.5 MG/ML Oral Solution
856944,SCD,acetaminophen 21.7 MG/ML / hydrocodone bitartrate 0.67 MG/ML Oral Solution
857076,SCD,acetaminophen 33.3 MG/ML / hydrocodone bitartrate 0.333 MG/ML Oral Solution
857099,SCD,acetaminophen 33.3 MG/ML / hydrocodone bitartrate 0.5 MG/ML Oral Solution
856987,SCD,acetaminophen 300 MG / hydrocodone bitartrate 5 MG Oral Tablet
856992,SCD,acetaminophen 300 MG / hydrocodone bitartrate 7.5 MG Oral Tablet
856980,SCD,acetaminophen 300 MG / hydrocodone bitartrate 10 MG Oral Tablet
857391,SCD,acetaminophen 325 MG / hydrocodone bitartrate 2.5 MG Oral Tablet
857002,SCD,acetaminophen 325 MG / hydrocodone bitartrate 5 MG Oral Tablet
857005,SCD,acetaminophen 325 MG / hydrocodone bitartrate 7.5 MG Oral Tablet
856999,SCD,acetaminophen 325 MG / hydrocodone bitartrate 10 MG Oral Tablet
857131,SCD,acetaminophen 400 MG / hydrocodone bitartrate 5 MG Oral Tablet
857134,SCD,acetaminophen 400 MG / hydrocodone bitartrate 7.5 MG Oral Tablet
857128,SCD,acetaminophen 400 MG / hydrocodone bitartrate 10 MG Oral Tablet
857111,SCD,acetaminophen 500 MG / hydrocodone bitartrate 2.5 MG Oral Tablet
856962,SCD,acetaminophen 500 MG / hydrocodone bitartrate 5 MG Oral Capsule
856903,SCD,acetaminophen 500 MG / hydrocodone bitartrate 5 MG Oral Tablet
857118,SCD,acetaminophen 500 MG / hydrocodone bitartrate 7.5 MG Oral Tablet
857107,SCD,acetaminophen 500 MG / hydrocodone bitartrate 10 MG Oral Tablet
857501,SCD,acetaminophen 556 MG / hydrocodone bitartrate 5 MG Oral Tablet
857083,SCD,acetaminophen 650 MG / hydrocodone bitartrate 7.5 MG Oral Tablet
857383,SCD,acetaminophen 650 MG / hydrocodone bitartrate 10 MG Oral Tablet
856908,SCD,acetaminophen 660 MG / hydrocodone bitartrate 10 MG Oral Tablet
833036,SCD,acetaminophen 750 MG / hydrocodone bitartrate 7.5 MG Oral Tablet
250085,SCD,acetaminophen 25 MG/ML / ibuprofen 20 MG/ML Oral Suspension
2673874,SCD,100 ML acetaminophen 10 MG/ML / ibuprofen 3 MG/ML Injection
2387532,SCD,acetaminophen 250 MG / ibuprofen 125 MG Oral Tablet
2675760,SCD,acetaminophen 325 MG / ibuprofen 97.5 MG Oral Tablet
251169,SCD,acetaminophen 325 MG / isometheptene 65 MG Oral Capsule
252650,SCD,acetaminophen 500 MG / melatonin 1.5 MG Oral Tablet
152596,SCD,acetaminophen 500 MG / methionine 100 MG Oral Tablet
104908,SCD,acetaminophen 500 MG / methionine 250 MG Oral Tablet
251454,SCD,acetaminophen 500 MG / metoclopramide 5 MG Oral Tablet
198449,SCD,acetaminophen 500 MG / pamabrom 25 MG Oral Tablet
312288,SCD,acetaminophen 650 MG / pentazocine 25 MG Oral Tablet
1539545,SCD,acetaminophen 80 MG / phenylephrine hydrochloride 2.5 MG Chewable Tablet
1536882,SCD,acetaminophen 250 MG / phenylephrine hydrochloride 5 MG Effervescent Oral Tablet
1052670,SCD,acetaminophen 325 MG / phenylephrine hydrochloride 5 MG Oral Capsule
1046378,SCD,acetaminophen 325 MG / phenylephrine hydrochloride 5 MG Oral Tablet
1101534,SCD,acetaminophen 500 MG / phenylephrine hydrochloride 5 MG Oral Tablet
1088758,SCD,acetaminophen 33.3 MG/ML / phenyltoloxamine citrate 2 MG/ML Oral Solution
992908,SCD,acetaminophen 24 MG/ML / promethazine hydrochloride 0.3 MG/ML Oral Suspension
849293,SCD,acetaminophen 325 MG / propoxyphene hydrochloride 32.5 MG Oral Tablet
849295,SCD,acetaminophen 325 MG / propoxyphene napsylate 50 MG Oral Tablet
827751,SCD,acetaminophen 325 MG / propoxyphene napsylate 100 MG Oral Tablet
849304,SCD,acetaminophen 500 MG / propoxyphene napsylate 100 MG Oral Tablet
828576,SCD,acetaminophen 650 MG / propoxyphene napsylate 100 MG Oral Tablet
1049179,SCD,acetaminophen 325 MG / pseudoephedrine hydrochloride 30 MG Oral Tablet
1090743,SCD,acetaminophen 500 MG / pseudoephedrine hydrochloride 30 MG Oral Tablet
1538456,SCD,acetaminophen 325 MG / pyrilamine maleate 25 MG Oral Tablet
432736,SCD,acetaminophen 500 MG / racemethionine 250 MG Oral Tablet
198204,SCD,acetaminophen 250 MG / salicylamide 600 MG Oral Tablet
106821,SCD,acetaminophen 150 MG / sodium salicylate 100 MG Oral Tablet
205251,SCD,acetaminophen 160 MG / aspirin 230 MG / caffeine 33 MG Oral Tablet
243694,SCD,acetaminophen 194 MG / aspirin 227 MG / caffeine 33 MG Oral Tablet
827318,SCD,acetaminophen 250 MG / aspirin 250 MG / caffeine 65 MG Oral Capsule
308297,SCD,acetaminophen 250 MG / aspirin 250 MG / caffeine 65 MG Oral Tablet
763116,SCD,acetaminophen 260 MG / aspirin 520 MG / caffeine 32.5 MG Oral Powder
692836,SCD,acetaminophen 325 MG / aspirin 500 MG / caffeine 65 MG Oral Powder
2360605,SCD,acetaminophen 500 MG / aspirin 500 MG / caffeine 65 MG Oral Powder
2734143,SCD,acetaminophen 500 MG / aspirin 500 MG / caffeine 130 MG Oral Powder
1593110,SCD,acetaminophen 250 MG / aspirin 250 MG / diphenhydramine citrate 38 MG Oral Tablet
1304853,SCD,acetaminophen 33.3 MG/ML / brompheniramine maleate 0.133 MG/ML / pseudoephedrine hydrochloride 2 MG/ML Oral Solution
756245,SCD,acetaminophen 21.7 MG/ML / butalbital 3.33 MG/ML / caffeine 2.67 MG/ML Oral Solution
889520,SCD,acetaminophen 300 MG / butalbital 50 MG / caffeine 40 MG Oral Capsule
238153,SCD,acetaminophen 325 MG / butalbital 50 MG / caffeine 40 MG Oral Capsule
308322,SCD,acetaminophen 500 MG / butalbital 50 MG / caffeine 40 MG Oral Capsule
1303251,SCD,acetaminophen 100 MG / caffeine 2 MG / chlorpheniramine maleate 2 MG Oral Capsule
1596108,SCD,acetaminophen 320.5 MG / caffeine 30 MG / dihydrocodeine bitartrate 16 MG Oral Capsule
1812164,SCD,acetaminophen 325 MG / caffeine 30 MG / dihydrocodeine bitartrate 16 MG Oral Tablet
1234871,SCD,acetaminophen 356.4 MG / caffeine 30 MG / dihydrocodeine bitartrate 16 MG Oral Capsule
1234978,SCD,acetaminophen 712.8 MG / caffeine 60 MG / dihydrocodeine bitartrate 32 MG Oral Tablet
308310,SCD,acetaminophen 325 MG / caffeine 100 MG / isometheptene 65 MG Oral Capsule
672601,SCD,acetaminophen 250 MG / caffeine 32.5 MG / magnesium salicylate 310 MG Oral Tablet
283274,SCD,acetaminophen 250 MG / caffeine 50 MG / magnesium salicylate 290 MG Oral Tablet
1367210,SCD,acetaminophen 500 MG / caffeine 32.5 MG / phenylephrine hydrochloride 5 MG Oral Tablet
701913,SCD,acetaminophen 500 MG / caffeine 60 MG / pyrilamine maleate 15 MG Oral Capsule
1597298,SCD,acetaminophen 500 MG / caffeine 60 MG / pyrilamine maleate 15 MG Oral Tablet
1593765,SCD,acetaminophen 32 MG/ML / chlophedianol hydrochloride 2.5 MG/ML / pyrilamine maleate 2.5 MG/ML Oral Solution
1372312,SCD,acetaminophen 32 MG/ML / chlorpheniramine maleate 0.2 MG/ML / phenylephrine hydrochloride 0.5 MG/ML Oral Suspension
1540507,SCD,acetaminophen 80 MG / chlorpheniramine maleate 0.5 MG / phenylephrine hydrochloride 1.25 MG Chewable Tablet
1536931,SCD,acetaminophen 250 MG / chlorpheniramine maleate 2 MG / phenylephrine hydrochloride 5 MG Effervescent Oral Tablet
2691098,SCD,acetaminophen 325 MG / chlorpheniramine maleate 2 MG / phenylephrine hydrochloride 5 MG Effervescent Oral Tablet
1313969,SCD,acetaminophen 325 MG / chlorpheniramine maleate 2 MG / phenylephrine hydrochloride 5 MG Oral Capsule
1046781,SCD,acetaminophen 325 MG / chlorpheniramine maleate 2 MG / phenylephrine hydrochloride 5 MG Oral Tablet
2599517,SCD,acetaminophen 325 MG / chlorpheniramine maleate 4 MG / phenylephrine hydrochloride 10 MG Oral Capsule
1193293,SCD,acetaminophen 325 MG / chlorpheniramine maleate 4 MG / phenylephrine hydrochloride 10 MG Oral Tablet
1052679,SCD,acetaminophen 500 MG / chlorpheniramine maleate 2 MG / phenylephrine hydrochloride 5 MG Oral Tablet
2463332,SCD,acetaminophen 500 MG / chlorpheniramine maleate 4 MG / phenylephrine hydrochloride 10 MG Oral Tablet
1741529,SCD,acetaminophen 650 MG / chlorpheniramine maleate 4 MG / phenylephrine hydrochloride 10 MG Oral Powder
1294201,SCD,acetaminophen 325 MG / chlorpheniramine maleate 2 MG / pseudoephedrine hydrochloride 30 MG Oral Capsule
1293344,SCD,acetaminophen 325 MG / chlorpheniramine maleate 2 MG / pseudoephedrine hydrochloride 30 MG Oral Tablet
1251928,SCD,acetaminophen 500 MG / chlorpheniramine maleate 2 MG / pseudoephedrine hydrochloride 30 MG Oral Tablet
857452,SCD,acetaminophen 500 MG / clemastine fumarate 0.335 MG / phenylpropanolamine hydrochloride 30 MG Oral Tablet
606947,SCD,acetaminophen 325 MG / dichloralphenazone 100 MG / isometheptene 65 MG Oral Capsule
1298348,SCD,acetaminophen 21.7 MG/ML / diphenhydramine hydrochloride 0.833 MG/ML / phenylephrine hydrochloride 0.333 MG/ML Oral Solution
1050385,SCD,acetaminophen 32 MG/ML / diphenhydramine hydrochloride 1.25 MG/ML / phenylephrine hydrochloride 0.5 MG/ML Oral Solution
1375932,SCD,acetaminophen 32.5 MG/ML / diphenhydramine hydrochloride 1.25 MG/ML / phenylephrine hydrochloride 0.5 MG/ML Oral Solution
1233575,SCD,acetaminophen 325 MG / diphenhydramine hydrochloride 12.5 MG / phenylephrine hydrochloride 5 MG Oral Tablet
1046751,SCD,acetaminophen 325 MG / diphenhydramine hydrochloride 25 MG / phenylephrine hydrochloride 5 MG Oral Tablet
1659175,SCD,acetaminophen 500 MG / diphenhydramine hydrochloride 25 MG / phenylephrine hydrochloride 10 MG Powder for Oral Solution
1147619,SCD,acetaminophen 650 MG / diphenhydramine hydrochloride 25 MG / phenylephrine hydrochloride 10 MG Oral Tablet
1659960,SCD,acetaminophen 650 MG / diphenhydramine hydrochloride 25 MG / phenylephrine hydrochloride 10 MG Granules for Oral Solution
1291711,SCD,acetaminophen 500 MG / diphenhydramine hydrochloride 25 MG / pseudoephedrine hydrochloride 30 MG Oral Tablet
1052647,SCD,acetaminophen 325 MG / doxylamine succinate 6.25 MG / phenylephrine hydrochloride 5 MG Oral Capsule
1242618,SCD,acetaminophen 250 MG / doxylamine succinate 25 MG / salicylamide 150 MG Oral Tablet
827757,SCD,acetaminophen 21.7 MG/ML / guaifenesin 13.3 MG/ML / phenylephrine hydrochloride 0.333 MG/ML Oral Solution
1116568,SCD,acetaminophen 32.5 MG/ML / guaifenesin 20 MG/ML / phenylephrine hydrochloride 0.5 MG/ML Oral Solution
2712156,SCD,acetaminophen 32.5 MG/ML / guaifenesin 20 MG/ML / phenylephrine hydrochloride 1 MG/ML Oral Solution
1309062,SCD,acetaminophen 325 MG / guaifenesin 100 MG / phenylephrine hydrochloride 5 MG Oral Tablet
2049223,SCD,acetaminophen 325 MG / guaifenesin 200 MG / phenylephrine hydrochloride 5 MG Oral Capsule
1243679,SCD,acetaminophen 325 MG / guaifenesin 200 MG / phenylephrine hydrochloride 5 MG Oral Tablet
1367206,SCD,acetaminophen 325 MG / guaifenesin 200 MG / phenylephrine hydrochloride 10 MG Oral Tablet
1294019,SCD,acetaminophen 325 MG / guaifenesin 200 MG / pseudoephedrine hydrochloride 30 MG Oral Tablet
647877,SCD,acetaminophen 250 MG / magnesium salicylate 250 MG / pamabrom 25 MG Oral Tablet
1052637,SCD,acetaminophen 500 MG / pamabrom 25 MG / pyrilamine maleate 15 MG Oral Tablet
647888,SCD,acetaminophen 325 MG / pamabrom 25 MG / vitamin B6 1 MG Oral Tablet
1796460,SCD,acetaminophen 325 MG / pheniramine maleate 20 MG / phenylephrine hydrochloride 10 MG Powder for Oral Solution
1659964,SCD,acetaminophen 650 MG / pheniramine maleate 20 MG / phenylephrine hydrochloride 10 MG Powder for Oral Solution
1241829,SCD,acetaminophen 325 MG / phenylephrine hydrochloride 5 MG / pyrilamine maleate 25 MG Oral Tablet
880326,SCD,acetaminophen 300 MG / phenyltoloxamine citrate 20 MG / salicylamide 200 MG Oral Capsule
1037273,SCD,acetaminophen 300 MG / phenyltoloxamine citrate 20 MG / salicylamide 200 MG Oral Tablet
359221,SCD,acetaminophen 110 MG / aspirin 162 MG / caffeine 32.4 MG / salicylamide 152 MG Oral Tablet
308278,SCD,acetaminophen 115 MG / aspirin 210 MG / caffeine 16 MG / salicylamide 65 MG Oral Tablet
1431286,SCD,acetaminophen 300 MG / butalbital 50 MG / caffeine 40 MG / codeine phosphate 30 MG Oral Capsule
993943,SCD,acetaminophen 325 MG / butalbital 50 MG / caffeine 40 MG / codeine phosphate 30 MG Oral Capsule
2181307,SCD,acetaminophen 325 MG / caffeine 45 MG / chlorpheniramine maleate 2 MG / phenylephrine hydrochloride 5 MG Oral Tablet
1243439,SBD,8 HR acetaminophen 650 MG Extended Release Oral Tablet [Mapap]
1243440,SBD,8 HR acetaminophen 650 MG Extended Release Oral Tablet [Tylenol]
2639351,SBD,acetaminophen 32 MG/ML Oral Suspension [Feverall]
1301882,SBD,acetaminophen 32 MG/ML Oral Suspension [Little Fevers]
828555,SBD,acetaminophen 32 MG/ML Oral Suspension [Tylenol]
209495,SBD,acetaminophen 80 MG Chewable Tablet [Mapap]
209501,SBD,acetaminophen 80 MG Chewable Tablet [Tempra Quicklets]
209531,SBD,acetaminophen 80 MG Rectal Suppository [Feverall]
209352,SBD,acetaminophen 120 MG Rectal Suppository [Acephen]
209353,SBD,acetaminophen 120 MG Rectal Suppository [Feverall]
209870,SBD,acetaminophen 160 MG Chewable Tablet [Mapap]
209873,SBD,acetaminophen 160 MG Chewable Tablet [Tempra Quicklets]
828557,SBD,acetaminophen 160 MG Chewable Tablet [Tylenol]
2178758,SBD,acetaminophen 160 MG Oral Powder [Tylenol]
209360,SBD,acetaminophen 325 MG Rectal Suppository [Acephen]
209361,SBD,acetaminophen 325 MG Rectal Suppository [Feverall]
2374361,SBD,acetaminophen 500 MG Oral Powder [Tylenol]
209363,SBD,acetaminophen 650 MG Rectal Suppository [Acephen]
209364,SBD,acetaminophen 650 MG Rectal Suppository [Feverall]
2118730,SBD,acetaminophen 325 MG / benzhydrocodone 4.08 MG Oral Tablet [Apadaz]
2001364,SBD,acetaminophen 325 MG / benzhydrocodone 6.12 MG Oral Tablet [Apadaz]
2118734,SBD,acetaminophen 325 MG / benzhydrocodone 8.16 MG Oral Tablet [Apadaz]
1428622,SBD,acetaminophen 300 MG / butalbital 50 MG Oral Tablet [Bupap]
2279007,SBD,acetaminophen 325 MG / butalbital 25 MG Oral Tablet [Allzital]
209826,SBD,acetaminophen 325 MG / butalbital 50 MG Oral Tablet [Marten-Tab]
1483329,SBD,acetaminophen 325 MG / butalbital 50 MG Oral Tablet [Tencon]
1591934,SBD,acetaminophen 325 MG / caffeine 65 MG Oral Tablet [Excedrin Mild Headache]
702615,SBD,acetaminophen 500 MG / caffeine 65 MG Disintegrating Oral Tablet [Excedrin Quick Tab]
404172,SBD,acetaminophen 500 MG / caffeine 65 MG Oral Tablet [Excedrin Tension Headache]
1872075,SBD,acetaminophen 500 MG / caffeine 65 MG Oral Tablet [Panadol Extra]
1866143,SBD,acetaminophen 500 MG / caffeine 65 MG Oral Tablet [Sed-Max]
993837,SBD,acetaminophen 300 MG / codeine phosphate 30 MG Oral Tablet [Tylenol with Codeine]
1117539,SBD,acetaminophen 500 MG / diphenhydramine citrate 38 MG Oral Tablet [Excedrin PM]
1092375,SBD,acetaminophen 33.3 MG/ML / diphenhydramine hydrochloride 1.67 MG/ML Oral Solution [Tylenol PM]
1052466,SBD,acetaminophen 325 MG / diphenhydramine hydrochloride 12.5 MG Oral Tablet [Percogesic Reformulated Jan 2011]
1093077,SBD,acetaminophen 325 MG / diphenhydramine hydrochloride 50 MG Oral Tablet [Unisom with Pain Relief]
1052469,SBD,acetaminophen 500 MG / diphenhydramine hydrochloride 12.5 MG Oral Tablet [Percogesic Reformulated Jan 2011]
1116532,SBD,acetaminophen 500 MG / diphenhydramine hydrochloride 25 MG Oral Tablet [Acetadryl]
1094718,SBD,acetaminophen 500 MG / diphenhydramine hydrochloride 25 MG Oral Tablet [Panadol PM]
1092378,SBD,acetaminophen 500 MG / diphenhydramine hydrochloride 25 MG Oral Tablet [Tylenol PM]
1087609,SBD,acetaminophen 500 MG / diphenhydramine hydrochloride 50 MG Oral Tablet [Legatrin PM]
856942,SBD,acetaminophen 21.7 MG/ML / hydrocodone bitartrate 0.5 MG/ML Oral Solution [Hycet]
1542981,SBD,acetaminophen 325 MG / hydrocodone bitartrate 2.5 MG Oral Tablet [Verdrocet]
857004,SBD,acetaminophen 325 MG / hydrocodone bitartrate 5 MG Oral Tablet [Norco]
857007,SBD,acetaminophen 325 MG / hydrocodone bitartrate 7.5 MG Oral Tablet [Norco]
857001,SBD,acetaminophen 325 MG / hydrocodone bitartrate 10 MG Oral Tablet [Norco]
2673880,SBD,100 ML acetaminophen 10 MG/ML / ibuprofen 3 MG/ML Injection [Combogesic]
2675765,SBD,acetaminophen 325 MG / ibuprofen 97.5 MG Oral Tablet [Combogesic]
1356080,SBD,acetaminophen 500 MG / pamabrom 25 MG Oral Tablet [Backaid]
1088761,SBD,acetaminophen 33.3 MG/ML / phenyltoloxamine citrate 2 MG/ML Oral Solution [Dologesic]
540434,SBD,acetaminophen 250 MG / salicylamide 600 MG Oral Tablet [Frenadol]
1101754,SBD,acetaminophen 194 MG / aspirin 227 MG / caffeine 33 MG Oral Tablet [Vanquish]
723533,SBD,acetaminophen 250 MG / aspirin 250 MG / caffeine 65 MG Oral Tablet [Anacin Advanced Headache Formula]
1303159,SBD,acetaminophen 250 MG / aspirin 250 MG / caffeine 65 MG Oral Tablet [Arthriten Inflammatory Pain]
1361402,SBD,acetaminophen 250 MG / aspirin 250 MG / caffeine 65 MG Oral Tablet [Backaid IPF]
2723568,SBD,acetaminophen 250 MG / aspirin 250 MG / caffeine 65 MG Oral Tablet [Exaprin Plus]
209468,SBD,acetaminophen 250 MG / aspirin 250 MG / caffeine 65 MG Oral Tablet [Excedrin]
1052416,SBD,acetaminophen 250 MG / aspirin 250 MG / caffeine 65 MG Oral Tablet [Pamprin Max Formula]
1593116,SBD,acetaminophen 250 MG / aspirin 250 MG / diphenhydramine citrate 38 MG Oral Tablet [Excedrin PM Triple Action]
1648584,SBD,acetaminophen 21.7 MG/ML / butalbital 3.33 MG/ML / caffeine 2.67 MG/ML Oral Solution [Vanatol]
2261403,SBD,acetaminophen 21.7 MG/ML / butalbital 3.33 MG/ML / caffeine 2.67 MG/ML Oral Solution [Vtol]
1432261,SBD,acetaminophen 300 MG / butalbital 50 MG / caffeine 40 MG Oral Capsule [Fioricet]
1100907,SBD,acetaminophen 325 MG / butalbital 50 MG / caffeine 40 MG Oral Capsule [Capacet]
211161,SBD,acetaminophen 325 MG / butalbital 50 MG / caffeine 40 MG Oral Capsule [Esgic]
1487251,SBD,acetaminophen 325 MG / butalbital 50 MG / caffeine 40 MG Oral Capsule [Zebutal]
1190201,SBD,acetaminophen 320.5 MG / caffeine 30 MG / dihydrocodeine bitartrate 16 MG Oral Capsule [Trezix]
884770,SBD,acetaminophen 250 MG / caffeine 50 MG / magnesium salicylate 290 MG Oral Tablet [Backprin]
1593771,SBD,acetaminophen 32 MG/ML / chlophedianol hydrochloride 2.5 MG/ML / pyrilamine maleate 2.5 MG/ML Oral Solution [Ninjacof A]
1052445,SBD,acetaminophen 250 MG / magnesium salicylate 250 MG / pamabrom 25 MG Oral Tablet [Pamprin Cramp Formula]
1053852,SBD,acetaminophen 500 MG / pamabrom 25 MG / pyrilamine maleate 15 MG Oral Tablet [Pamprin Multi-Symptom]
1052641,SBD,acetaminophen 500 MG / pamabrom 25 MG / pyrilamine maleate 15 MG Oral Tablet [Premsyn PMS]
1037240,SBD,acetaminophen 300 MG / phenyltoloxamine citrate 20 MG / salicylamide 200 MG Oral Capsule [By Ache]
998706,SBD,acetaminophen 300 MG / phenyltoloxamine citrate 20 MG / salicylamide 200 MG Oral Capsule [Ed Flex]
1037274,SBD,acetaminophen 300 MG / phenyltoloxamine citrate 20 MG / salicylamide 200 MG Oral Tablet [Anabar]
1358853,SBD,acetaminophen 110 MG / aspirin 162 MG / caffeine 32.4 MG / salicylamide 152 MG Oral Tablet [Exaprin]
210864,SBD,acetaminophen 115 MG / aspirin 210 MG / caffeine 16 MG / salicylamide 65 MG Oral Tablet [Saleto]
1433802,SBD,acetaminophen 300 MG / butalbital 50 MG / caffeine 40 MG / codeine phosphate 30 MG Oral Capsule [Fioricet with Codeine]
2681010,GPCK,{1 (acetaminophen 33.3 MG/ML / diphenhydramine hydrochloride 1.67 MG/ML Oral Solution) / 1 (acetaminophen 33.3 MG/ML Oral Solution) } Pack
2634561,GPCK,{1 (acetaminophen 325 MG / chlorpheniramine maleate 2 MG / phenylephrine hydrochloride 5 MG Oral Tablet) / 1 (acetaminophen 325 MG / phenylephrine hydrochloride 5 MG Oral Tablet) } Pack
1101555,GPCK,{1 (acetaminophen 500 MG / chlorpheniramine maleate 2 MG / phenylephrine hydrochloride 5 MG Oral Tablet) / 1 (acetaminophen 500 MG / phenylephrine hydrochloride 5 MG Oral Tablet) } Pack
2744979,GPCK,{1 (acetaminophen 500 MG / diphenhydramine hydrochloride 25 MG / pseudoephedrine hydrochloride 30 MG Oral Tablet) / 1 (acetaminophen 500 MG / pseudoephedrine hydrochloride 30 MG Oral Tablet) } Pack
2634822,GPCK,{1 (acetaminophen 325 MG / doxylamine succinate 6.25 MG / phenylephrine hydrochloride 5 MG Oral Capsule) / 1 (acetaminophen 325 MG / phenylephrine hydrochloride 5 MG Oral Capsule) } Pack
2634398,GPCK,{1 (acetaminophen 325 MG / diphenhydramine hydrochloride 12.5 MG / phenylephrine hydrochloride 5 MG Oral Tablet) / 1 (acetaminophen 325 MG / guaifenesin 200 MG / phenylephrine hydrochloride 5 MG Oral Tablet) } Pack
2634818,GPCK,{1 (acetaminophen 325 MG / diphenhydramine hydrochloride 25 MG / phenylephrine hydrochloride 5 MG Oral Tablet) / 1 (acetaminophen 325 MG / guaifenesin 200 MG / phenylephrine hydrochloride 5 MG Oral Tablet) } Pack
2047427,GPCK,{100 (acetaminophen 250 MG / aspirin 250 MG / caffeine 65 MG Oral Tablet) / 24 (acetaminophen 250 MG / aspirin 250 MG / diphenhydramine citrate 38 MG Oral Tablet) } Pack
2047428,BPCK,{100 (acetaminophen 250 MG / aspirin 250 MG / caffeine 65 MG Oral Tablet [Excedrin]) / 24 (acetaminophen 250 MG / aspirin 250 MG / diphenhydramine citrate 38 MG Oral Tablet [Excedrin PM Triple Action]) } Pack [Excedrin PM Triple Action Caplets and Excedrin Extra Strength Pain Reliever]
2108211,SCDF,acetylcysteine Inhalation Solution
1742774,SCDF,acetylcysteine Injection
377405,SCDF,acetylcysteine Ophthalmic Solution
437272,SCDF,acetylcysteine Oral Capsule
370532,SCDF,acetylcysteine Oral Tablet
724858,SCDF,armodafinil Oral Tablet
2702935,SCDF,levacetylleucine Granules for Oral Suspension
372944,SCDF,modafinil Oral Tablet
544671,SCDF,sulfacetamide Medicated Liquid Soap
702362,SCDF,sulfacetamide Medicated Shampoo
378996,SCDF,sulfacetamide Ophthalmic Ointment
377432,SCDF,sulfacetamide Ophthalmic Solution
451669,SCDF,sulfacetamide Topical Cream
406196,SCDF,sulfacetamide Topical Foam
451670,SCDF,sulfacetamide Topical Gel
377819,SCDF,sulfacetamide Topical Lotion
378988,SCDF,fluorometholone / sulfacetamide Ophthalmic Suspension
373972,SCDF,prednisolone / sulfacetamide Ophthalmic Ointment
373973,SCDF,prednisolone / sulfacetamide Ophthalmic Solution
451904,SCDF,sulfacetamide / sulfur Medicated Liquid Soap
797906,SCDF,sulfacetamide / sulfur Medicated Pad
378677,SCDF,sulfacetamide / sulfur Topical Cream
705821,SCDF,sulfacetamide / sulfur Topical Foam
377818,SCDF,sulfacetamide / sulfur Topical Lotion
384501,SCDF,sulfacetamide / sulfur Topical Solution
377933,SCDF,sulfabenzamide / sulfacetamide / sulfathiazole Vaginal Cream
2109031,SCDF,sulfabenzamide / sulfacetamide / sulfathiazole Vaginal Insert
1742776,SBDF,acetylcysteine Injection [Acetadote]
805658,SBDF,armodafinil Oral Tablet [Nuvigil]
2702938,SBDF,levacetylleucine Granules for Oral Suspension [Aqneursa]
368252,SBDF,modafinil Oral Tablet [Provigil]
619305,SBDF,sulfacetamide Medicated Liquid Soap [Ovace]
901037,SBDF,sulfacetamide Medicated Shampoo [Ovace]
363692,SBDF,sulfacetamide Ophthalmic Solution [Bleph-10]
580318,SBDF,sulfacetamide Topical Cream [Ovace]
582988,SBDF,sulfacetamide Topical Foam [Ovace]
636220,SBDF,sulfacetamide Topical Lotion [Carmol Scalp]
365766,SBDF,sulfacetamide Topical Lotion [Klaron]
1542379,SBDF,sulfacetamide Topical Lotion [Ovace]
856820,SBDF,prednisolone / sulfacetamide Ophthalmic Ointment [Blephamide]
759413,SBDF,sulfacetamide / sulfur Medicated Liquid Soap [Avar]
807763,SBDF,sulfacetamide / sulfur Medicated Liquid Soap [BP 10-Wash]
806610,SBDF,sulfacetamide / sulfur Medicated Liquid Soap [BP Cleansing Wash]
979256,SBDF,sulfacetamide / sulfur Medicated Liquid Soap [Clenia]
999563,SBDF,sulfacetamide / sulfur Medicated Liquid Soap [Plexion]
1006056,SBDF,sulfacetamide / sulfur Medicated Liquid Soap [Rosanil]
1013027,SBDF,sulfacetamide / sulfur Medicated Liquid Soap [Rosula]
1115897,SBDF,sulfacetamide / sulfur Medicated Liquid Soap [Sumadan Wash]
904779,SBDF,sulfacetamide / sulfur Medicated Liquid Soap [Sumaxin]
797908,SBDF,sulfacetamide / sulfur Medicated Pad [Plexion]
1605850,SBDF,sulfacetamide / sulfur Medicated Pad [Rosula]
828329,SBDF,sulfacetamide / sulfur Medicated Pad [Sumaxin]
707203,SBDF,sulfacetamide / sulfur Topical Cream [Avar]
1005843,SBDF,sulfacetamide / sulfur Topical Cream [Plexion]
543659,SBDF,sulfacetamide / sulfur Topical Lotion [Plexion]
2649295,SCDFP,sulfacetamide sodium Medicated Liquid Soap
2646053,SCDFP,sulfacetamide sodium Medicated Shampoo
2647820,SCDFP,sulfacetamide sodium Ophthalmic Ointment
2645419,SCDFP,sulfacetamide sodium Ophthalmic Solution
2647912,SCDFP,sulfacetamide sodium Topical Cream
2648900,SCDFP,sulfacetamide sodium Topical Foam
2648617,SCDFP,sulfacetamide sodium Topical Gel
2648184,SCDFP,sulfacetamide sodium Topical Lotion
2646821,SCDFP,fluorometholone / sulfacetamide sodium Ophthalmic Suspension
2648388,SCDFP,prednisolone acetate / sulfacetamide sodium Ophthalmic Ointment
2645363,SCDFP,prednisolone sodium phosphate / sulfacetamide sodium Ophthalmic Solution
2649239,SCDFP,sulfacetamide sodium / sulfur Medicated Liquid Soap
2648785,SCDFP,sulfacetamide sodium / sulfur Medicated Pad
2649139,SCDFP,sulfacetamide sodium / sulfur Topical Cream
2645896,SCDFP,sulfacetamide sodium / sulfur Topical Foam
2649118,SCDFP,sulfacetamide sodium / sulfur Topical Lotion
2649096,SCDFP,sulfacetamide sodium / sulfur Topical Solution
2647372,SCDFP,sulfabenzamide / sulfacetamide sodium / sulfathiazole Vaginal Cream
2648883,SCDFP,sulfabenzamide / sulfacetamide sodium / sulfathiazole Vaginal Insert
2656647,SBDFP,sulfacetamide sodium Medicated Liquid Soap [Ovace]
2659038,SBDFP,sulfacetamide sodium Medicated Shampoo [Ovace]
2655125,SBDFP,sulfacetamide sodium Ophthalmic Solution [Bleph-10]
2657715,SBDFP,sulfacetamide sodium Topical Cream [Ovace]
2655082,SBDFP,sulfacetamide sodium Topical Foam [Ovace]
2657636,SBDFP,sulfacetamide sodium Topical Lotion [Carmol Scalp]
2655151,SBDFP,sulfacetamide sodium Topical Lotion [Klaron]
2658919,SBDFP,sulfacetamide sodium Topical Lotion [Ovace]
2658073,SBDFP,prednisolone acetate / sulfacetamide sodium Ophthalmic Ointment [Blephamide]
2654886,SBDFP,sulfacetamide sodium / sulfur Medicated Liquid Soap [Avar]
2655898,SBDFP,sulfacetamide sodium / sulfur Medicated Liquid Soap [BP 10-Wash]
2655817,SBDFP,sulfacetamide sodium / sulfur Medicated Liquid Soap [BP Cleansing Wash]
2658741,SBDFP,sulfacetamide sodium / sulfur Medicated Liquid Soap [Clenia]
2654902,SBDFP,sulfacetamide sodium / sulfur Medicated Liquid Soap [Plexion]
2657788,SBDFP,sulfacetamide sodium / sulfur Medicated Liquid Soap [Rosanil]
2654987,SBDFP,sulfacetamide sodium / sulfur Medicated Liquid Soap [Rosula]
2654576,SBDFP,sulfacetamide sodium / sulfur Medicated Liquid Soap [Sumadan Wash]
2658737,SBDFP,sulfacetamide sodium / sulfur Medicated Liquid Soap [Sumaxin]
2656244,SBDFP,sulfacetamide sodium / sulfur Medicated Pad [Plexion]
2654441,SBDFP,sulfacetamide sodium / sulfur Medicated Pad [Rosula]
2658162,SBDFP,sulfacetamide sodium / sulfur Medicated Pad [Sumaxin]
2654198,SBDFP,sulfacetamide sodium / sulfur Topical Cream [Avar]
2657794,SBDFP,sulfacetamide sodium / sulfur Topical Cream [Plexion]
2656786,SBDFP,sulfacetamide sodium / sulfur Topical Lotion [Plexion]
1153149,SCDG,acetylcysteine Injectable Product
1153150,SCDG,acetylcysteine Ophthalmic Product
1153152,SCDG,acetylcysteine Oral Product
1153148,SCDG,acetylcysteine Inhalant Product
1153153,SCDG,acetylcysteine Pill
1158263,SCDG,armodafinil Oral Product
1158264,SCDG,armodafinil Pill
1152432,SCDG,cephalothin Injectable Product
2702934,SCDG,levacetylleucine Granule Product
2702933,SCDG,levacetylleucine Oral Product
1157285,SCDG,modafinil Oral Product
1157286,SCDG,modafinil Pill
1162336,SCDG,sulfacetamide Ophthalmic Product
1294762,SCDG,sulfacetamide Shampoo Product
1162338,SCDG,sulfacetamide Topical Product
1294744,SCDG,sulfacetamide Soap Product
1160825,SCDG,fluorometholone / sulfacetamide Ophthalmic Product
1165752,SCDG,prednisolone / sulfacetamide Ophthalmic Product
1162330,SCDG,sulfacetamide / sulfur Medicated Pad or Tape
1162333,SCDG,sulfacetamide / sulfur Topical Product
1294875,SCDG,sulfacetamide / sulfur Soap Product
1160275,SCDG,sulfabenzamide / sulfacetamide / sulfathiazole Vaginal Product
1168410,SBDG,Acetadote Injectable Product
2693621,SBDG,Aqneursa Granule Product
2693620,SBDG,Aqneursa Oral Product
1175673,SBDG,Avar Topical Product
1297071,SBDG,Avar Soap Product
1175058,SBDG,Bleph-10 Ophthalmic Product
1175059,SBDG,Blephamide Ophthalmic Product
1296135,SBDG,BP 10-Wash Soap Product
1296434,SBDG,BP Cleansing Wash Soap Product
1175779,SBDG,Carmol Scalp Topical Product
1296058,SBDG,Clenia Soap Product
1171413,SBDG,Klaron Topical Product
1179387,SBDG,Nuvigil Oral Product
1179388,SBDG,Nuvigil Pill
1295867,SBDG,Ovace Shampoo Product
1185739,SBDG,Ovace Topical Product
1296905,SBDG,Ovace Soap Product
1181805,SBDG,Plexion Medicated Pad or Tape
1181807,SBDG,Plexion Topical Product
1295771,SBDG,Plexion Soap Product
1182479,SBDG,Provigil Oral Product
1182480,SBDG,Provigil Pill
1296402,SBDG,Rosanil Soap Product
1605851,SBDG,Rosula Medicated Pad or Tape
1182559,SBDG,Rosula Topical Product
1296059,SBDG,Rosula Soap Product
1297035,SBDG,Sumadan Wash Soap Product
1184290,SBDG,Sumaxin Medicated Pad or Tape
1295888,SBDG,Sumaxin Topical Product
1296343,SBDG,Sumaxin Soap Product
2662324,SCDGP,sulfacetamide sodium Ophthalmic Product
2659295,SCDGP,sulfacetamide sodium Shampoo Product
2663047,SCDGP,sulfacetamide sodium Topical Product
2660422,SCDGP,sulfacetamide sodium Soap Product
2659707,SCDGP,fluorometholone / sulfacetamide sodium Ophthalmic Product
2659927,SCDGP,prednisolone acetate / sulfacetamide sodium Ophthalmic Product
2661578,SCDGP,prednisolone sodium phosphate / sulfacetamide sodium Ophthalmic Product
2660430,SCDGP,sulfacetamide sodium / sulfur Medicated Pad or Tape
2662055,SCDGP,sulfacetamide sodium / sulfur Topical Product
2661347,SCDGP,sulfacetamide sodium / sulfur Soap Product
2663175,SCDGP,sulfabenzamide / sulfacetamide sodium / sulfathiazole Vaginal Product
2693999,SCD,acetylcysteine 25 MG/ML Ophthalmic Solution
465377,SCD,30 ML acetylcysteine 200 MG/ML Injection
106781,SCD,acetylcysteine 50 MG/ML Ophthalmic Solution
307718,SCD,acetylcysteine 100 MG/ML Inhalation Solution
307719,SCD,acetylcysteine 200 MG/ML Inhalation Solution
106783,SCD,acetylcysteine 200 MG/ML Ophthalmic Solution
664732,SCD,acetylcysteine 500 MG Oral Capsule
606971,SCD,acetylcysteine 600 MG Oral Capsule
429042,SCD,acetylcysteine 600 MG Oral Tablet
724863,SCD,armodafinil 50 MG Oral Tablet
724859,SCD,armodafinil 150 MG Oral Tablet
861960,SCD,armodafinil 200 MG Oral Tablet
724861,SCD,armodafinil 250 MG Oral Tablet
2693617,SCD,levacetylleucine 1000 MG Granules for Oral Suspension
260218,SCD,modafinil 100 MG Oral Tablet
205324,SCD,modafinil 200 MG Oral Tablet
1000868,SCD,sulfacetamide sodium 0.025 MG/MG Ophthalmic Ointment
1000874,SCD,sulfacetamide sodium 0.06 MG/MG Ophthalmic Ointment
1000673,SCD,sulfacetamide sodium 0.1 MG/MG Ophthalmic Ointment
1000713,SCD,sulfacetamide sodium 0.1 MG/MG Topical Gel
2571664,SCD,sulfacetamide sodium 98 MG/ML Medicated Shampoo
1655061,SCD,sulfacetamide sodium 98 MG/ML Topical Foam
1542377,SCD,sulfacetamide sodium 98 MG/ML Topical Lotion
1006107,SCD,sulfacetamide sodium 100 MG/ML Medicated Liquid Soap
832864,SCD,sulfacetamide sodium 100 MG/ML Medicated Shampoo
1006120,SCD,sulfacetamide sodium 100 MG/ML Ophthalmic Solution
1006683,SCD,sulfacetamide sodium 100 MG/ML Topical Cream
1006688,SCD,sulfacetamide sodium 100 MG/ML Topical Lotion
1006710,SCD,sulfacetamide sodium 150 MG/ML Ophthalmic Solution
1006727,SCD,sulfacetamide sodium 200 MG/ML Ophthalmic Solution
1006729,SCD,sulfacetamide sodium 300 MG/ML Ophthalmic Solution
260006,SCD,urea 100 MG/ML Medicated Shampoo
1000556,SCD,fluorometholone 1 MG/ML / sulfacetamide sodium 100 MG/ML Ophthalmic Suspension
1011985,SCD,prednisolone acetate 0.002 MG/MG / sulfacetamide sodium 0.1 MG/MG Ophthalmic Ointment
1011979,SCD,prednisolone acetate 0.0025 MG/MG / sulfacetamide sodium 0.1 MG/MG Ophthalmic Ointment
1012021,SCD,prednisolone sodium phosphate 2.5 MG/ML / sulfacetamide sodium 100 MG/ML Ophthalmic Solution
1010234,SCD,sulfacetamide sodium 80 MG/ML / sulfur 40 MG/ML Medicated Liquid Soap
1001714,SCD,sulfacetamide sodium 90 MG/ML / sulfur 40 MG/ML Medicated Liquid Soap
904773,SCD,sulfacetamide sodium 90 MG/ML / sulfur 40 MG/ML Topical Solution
2531383,SCD,sulfacetamide sodium 90 MG/ML / sulfur 42.5 MG/ML Medicated Liquid Soap
1115894,SCD,sulfacetamide sodium 90 MG/ML / sulfur 45 MG/ML Medicated Liquid Soap
1125494,SCD,sulfacetamide sodium 90 MG/ML / sulfur 45 MG/ML Topical Solution
1442081,SCD,sulfacetamide sodium 95 MG/ML / sulfur 50 MG/ML Medicated Pad
1494169,SCD,sulfacetamide sodium 98 MG/ML / sulfur 48 MG/ML Medicated Liquid Soap
1494170,SCD,sulfacetamide sodium 98 MG/ML / sulfur 48 MG/ML Medicated Pad
1494173,SCD,sulfacetamide sodium 98 MG/ML / sulfur 48 MG/ML Topical Cream
1494174,SCD,sulfacetamide sodium 98 MG/ML / sulfur 48 MG/ML Topical Lotion
1543308,SCD,sulfacetamide sodium 98 MG/ML / sulfur 48 MG/ML Topical Solution
999604,SCD,sulfacetamide sodium 100 MG/ML / sulfur 10 MG/ML Medicated Liquid Soap
1000895,SCD,sulfacetamide sodium 100 MG/ML / sulfur 20 MG/ML Medicated Liquid Soap
1442079,SCD,sulfacetamide sodium 100 MG/ML / sulfur 20 MG/ML Medicated Pad
1000731,SCD,sulfacetamide sodium 100 MG/ML / sulfur 20 MG/ML Topical Cream
1798995,SCD,sulfacetamide sodium 100 MG/ML / sulfur 20 MG/ML Topical Foam
1000859,SCD,sulfacetamide sodium 100 MG/ML / sulfur 40 MG/ML Medicated Liquid Soap
1000946,SCD,sulfacetamide sodium 100 MG/ML / sulfur 40 MG/ML Medicated Pad
1014123,SCD,sulfacetamide sodium 100 MG/ML / sulfur 40 MG/ML Topical Foam
1602354,SCD,sulfacetamide sodium 100 MG/ML / sulfur 45 MG/ML Medicated Liquid Soap
999613,SCD,sulfacetamide sodium 100 MG/ML / sulfur 50 MG/ML Medicated Liquid Soap
1005819,SCD,sulfacetamide sodium 100 MG/ML / sulfur 50 MG/ML Medicated Pad
1005834,SCD,sulfacetamide sodium 100 MG/ML / sulfur 50 MG/ML Topical Cream
1005853,SCD,sulfacetamide sodium 100 MG/ML / sulfur 50 MG/ML Topical Foam
1005856,SCD,sulfacetamide sodium 100 MG/ML / sulfur 50 MG/ML Topical Lotion
562395,SCD,sulfabenzamide 37 MG/ML / sulfacetamide sodium 28.6 MG/ML / sulfathiazole 34.2 MG/ML Vaginal Cream
1012228,SCD,sulfabenzamide 184 MG / sulfacetamide sodium 144 MG / sulfathiazole 172 MG Vaginal Insert
582119,SBD,30 ML acetylcysteine 200 MG/ML Injection [Acetadote]
805663,SBD,armodafinil 50 MG Oral Tablet [Nuvigil]
805659,SBD,armodafinil 150 MG Oral Tablet [Nuvigil]
861962,SBD,armodafinil 200 MG Oral Tablet [Nuvigil]
805661,SBD,armodafinil 250 MG Oral Tablet [Nuvigil]
2693623,SBD,levacetylleucine 1000 MG Granules for Oral Suspension [Aqneursa]
226426,SBD,modafinil 100 MG Oral Tablet [Provigil]
213471,SBD,modafinil 200 MG Oral Tablet [Provigil]
1655062,SBD,sulfacetamide sodium 98 MG/ML Topical Foam [Ovace]
1542380,SBD,sulfacetamide sodium 98 MG/ML Topical Lotion [Ovace]
1006110,SBD,sulfacetamide sodium 100 MG/ML Medicated Liquid Soap [Ovace]
901038,SBD,sulfacetamide sodium 100 MG/ML Medicated Shampoo [Ovace]
1006122,SBD,sulfacetamide sodium 100 MG/ML Ophthalmic Solution [Bleph-10]
1006684,SBD,sulfacetamide sodium 100 MG/ML Topical Cream [Ovace]
1006689,SBD,sulfacetamide sodium 100 MG/ML Topical Lotion [Carmol Scalp]
1006693,SBD,sulfacetamide sodium 100 MG/ML Topical Lotion [Klaron]
352340,SBD,urea 100 MG/ML Medicated Shampoo [Carmol]
1011987,SBD,prednisolone acetate 0.002 MG/MG / sulfacetamide sodium 0.1 MG/MG Ophthalmic Ointment [Blephamide]
1010238,SBD,sulfacetamide sodium 80 MG/ML / sulfur 40 MG/ML Medicated Liquid Soap [Sumaxin]
1011875,SBD,sulfacetamide sodium 90 MG/ML / sulfur 40 MG/ML Medicated Liquid Soap [Sumaxin]
2531385,SBD,sulfacetamide sodium 90 MG/ML / sulfur 42.5 MG/ML Medicated Liquid Soap [Clenia]
1115898,SBD,sulfacetamide sodium 90 MG/ML / sulfur 45 MG/ML Medicated Liquid Soap [Sumadan Wash]
1494825,SBD,sulfacetamide sodium 98 MG/ML / sulfur 48 MG/ML Medicated Liquid Soap [Plexion]
1494827,SBD,sulfacetamide sodium 98 MG/ML / sulfur 48 MG/ML Medicated Pad [Plexion]
1494826,SBD,sulfacetamide sodium 98 MG/ML / sulfur 48 MG/ML Topical Cream [Plexion]
1494824,SBD,sulfacetamide sodium 98 MG/ML / sulfur 48 MG/ML Topical Lotion [Plexion]
1000720,SBD,sulfacetamide sodium 100 MG/ML / sulfur 10 MG/ML Medicated Liquid Soap [BP 10-Wash]
1006105,SBD,sulfacetamide sodium 100 MG/ML / sulfur 20 MG/ML Medicated Liquid Soap [Avar]
1000736,SBD,sulfacetamide sodium 100 MG/ML / sulfur 20 MG/ML Topical Cream [Avar]
1000861,SBD,sulfacetamide sodium 100 MG/ML / sulfur 40 MG/ML Medicated Liquid Soap [BP Cleansing Wash]
1000976,SBD,sulfacetamide sodium 100 MG/ML / sulfur 40 MG/ML Medicated Pad [Sumaxin]
1602356,SBD,sulfacetamide sodium 100 MG/ML / sulfur 45 MG/ML Medicated Liquid Soap [Rosula]
1005767,SBD,sulfacetamide sodium 100 MG/ML / sulfur 50 MG/ML Medicated Liquid Soap [Avar]
1006057,SBD,sulfacetamide sodium 100 MG/ML / sulfur 50 MG/ML Medicated Liquid Soap [Rosanil]
1605852,SBD,sulfacetamide sodium 100 MG/ML / sulfur 50 MG/ML Medicated Pad [Rosula]
1005835,SBD,sulfacetamide sodium 100 MG/ML / sulfur 50 MG/ML Topical Cream [Avar]
904617,GPCK,{1 (85 ML) (sulfacetamide sodium 100 MG/ML Topical Lotion) / 1 (120 ML) (urea 100 MG/ML Medicated Shampoo) } Pack
904620,BPCK,{1 (85 ML) (sulfacetamide sodium 100 MG/ML Topical Lotion [Carmol Scalp]) / 1 (120 ML) (urea 100 MG/ML Medicated Shampoo [Carmol]) } Pack [Carmol Scalp Treatment Kit]
1657065,SCDF,bevacizumab Injection
2599048,SBDF,bevacizumab Injection [Alymsys]
1657067,SBDF,bevacizumab Injection [Avastin]
2700740,SBDF,bevacizumab Injection [Avzivi]
2712053,SBDF,bevacizumab Injection [Jobevne]
2046143,SBDF,bevacizumab Injection [Mvasi]
2627655,SBDF,bevacizumab Injection [Vegzelma]
2268042,SBDF,bevacizumab Injection [Zirabev]
2648078,SCDFP,bevacizumab-adcd Injection
2647183,SCDFP,bevacizumab-awwb Injection
2646576,SCDFP,bevacizumab-bvzr Injection
2646080,SCDFP,bevacizumab-maly Injection
2712047,SCDFP,bevacizumab-nwgd Injection
2700734,SCDFP,bevacizumab-tnjn Injection
2656811,SBDFP,bevacizumab-adcd Injection [Vegzelma]
2658024,SBDFP,bevacizumab-awwb Injection [Mvasi]
2658120,SBDFP,bevacizumab-bvzr Injection [Zirabev]
2658765,SBDFP,bevacizumab-maly Injection [Alymsys]
2712054,SBDFP,bevacizumab-nwgd Injection [Jobevne]
2700741,SBDFP,bevacizumab-tnjn Injection [Avzivi]
1161185,SCDG,bevacizumab Injectable Product
2599047,SBDG,Alymsys Injectable Product
1175674,SBDG,Avastin Injectable Product
2700739,SBDG,Avzivi Injectable Product
2712052,SBDG,Jobevne Injectable Product
2046144,SBDG,Mvasi Injectable Product
2627654,SBDG,Vegzelma Injectable Product
2268043,SBDG,Zirabev Injectable Product
2660232,SCDGP,bevacizumab-adcd Injectable Product
2660526,SCDGP,bevacizumab-awwb Injectable Product
2663568,SCDGP,bevacizumab-bvzr Injectable Product
2660704,SCDGP,bevacizumab-maly Injectable Product
2712046,SCDGP,bevacizumab-nwgd Injectable Product
2700733,SCDGP,bevacizumab-tnjn Injectable Product
1657066,SCD,4 ML bevacizumab 25 MG/ML Injection
1657073,SCD,16 ML bevacizumab 25 MG/ML Injection
2627650,SCD,4 ML bevacizumab-adcd 25 MG/ML Injection
2627658,SCD,16 ML bevacizumab-adcd 25 MG/ML Injection
2046148,SCD,4 ML bevacizumab-awwb 25 MG/ML Injection
2046140,SCD,16 ML bevacizumab-awwb 25 MG/ML Injection
2268039,SCD,4 ML bevacizumab-bvzr 25 MG/ML Injection
2268047,SCD,16 ML bevacizumab-bvzr 25 MG/ML Injection
2599043,SCD,4 ML bevacizumab-maly 25 MG/ML Injection
2599051,SCD,16 ML bevacizumab-maly 25 MG/ML Injection
2712048,SCD,4 ML bevacizumab-nwgd 25 MG/ML Injection
2712057,SCD,16 ML bevacizumab-nwgd 25 MG/ML Injection
2700735,SCD,4 ML bevacizumab-tnjn 25 MG/ML Injection
2700744,SCD,16 ML bevacizumab-tnjn 25 MG/ML Injection
1657068,SBD,4 ML bevacizumab 25 MG/ML Injection [Avastin]
1657074,SBD,16 ML bevacizumab 25 MG/ML Injection [Avastin]
2627656,SBD,4 ML bevacizumab-adcd 25 MG/ML Injection [Vegzelma]
2627659,SBD,16 ML bevacizumab-adcd 25 MG/ML Injection [Vegzelma]
2046149,SBD,4 ML bevacizumab-awwb 25 MG/ML Injection [Mvasi]
2046145,SBD,16 ML bevacizumab-awwb 25 MG/ML Injection [Mvasi]
2268044,SBD,4 ML bevacizumab-bvzr 25 MG/ML Injection [Zirabev]
2268048,SBD,16 ML bevacizumab-bvzr 25 MG/ML Injection [Zirabev]
2599049,SBD,4 ML bevacizumab-maly 25 MG/ML Injection [Alymsys]
2599052,SBD,16 ML bevacizumab-maly 25 MG/ML Injection [Alymsys]
2712055,SBD,4 ML bevacizumab-nwgd 25 MG/ML Injection [Jobevne]
2712058,SBD,16 ML bevacizumab-nwgd 25 MG/ML Injection [Jobevne]
2700742,SBD,4 ML bevacizumab-tnjn 25 MG/ML Injection [Avzivi]
2700745,SBD,16 ML bevacizumab-tnjn 25 MG/ML Injection [Avzivi]
103328,SCDF,chlorhexidine Mouthwash
1869719,SBDF,chlorhexidine Mouthwash [Nupro Chlorhexidine]
2648055,SCDFP,chlorhexidine gluconate Mouthwash
2657035,SBDFP,bupropion hydrochloride Extended Release Oral Tablet [Buproban]
2656420,SBDFP,chlorhexidine gluconate Mouthwash [Nupro Chlorhexidine]
1294768,SCDG,chlorhexidine Mouthwash Product
1153354,SCDG,chlorhexidine Dental Product
1869722,SBDG,Nupro Chlorhexidine Mouthwash Product
1869720,SBDG,Nupro Chlorhexidine Dental Product
2659950,SCDGP,chlorhexidine gluconate Mouthwash Product
2661913,SCDGP,chlorhexidine gluconate Dental Product
2611503,SCD,chlorhexidine acetate 1 MG/ML Mouthwash
834127,SCD,chlorhexidine gluconate 1.2 MG/ML Mouthwash
834211,SCD,chlorhexidine gluconate 2 MG/ML Mouthwash
2611510,SBD,chlorhexidine acetate 1 MG/ML Mouthwash [Nolvadent]
1869723,SBD,chlorhexidine gluconate 1.2 MG/ML Mouthwash [Nupro Chlorhexidine]
848755,SBD,chlorhexidine gluconate 1.2 MG/ML Mouthwash [Oro Clense]
1437966,SBD,chlorhexidine gluconate 1.2 MG/ML Mouthwash [Paroex]
834135,SBD,chlorhexidine gluconate 1.2 MG/ML Mouthwash [Peridex]
834137,SBD,chlorhexidine gluconate 1.2 MG/ML Mouthwash [Periogard]
1810996,SCDF,canagliflozin / metformin Extended Release Oral Tablet
1593057,SCDF,dapagliflozin / metformin Extended Release Oral Tablet
1796088,SCDF,linagliptin / metformin Extended Release Oral Tablet
1810998,SBDF,canagliflozin / metformin Extended Release Oral Tablet [Invokamet]
1593774,SBDF,dapagliflozin / metformin Extended Release Oral Tablet [Xigduo]
1796090,SBDF,linagliptin / metformin Extended Release Oral Tablet [Jentadueto]
2646125,SCDFP,canagliflozin / metformin hydrochloride Extended Release Oral Tablet
2648119,SCDFP,dapagliflozin / metformin hydrochloride Extended Release Oral Tablet
2648864,SCDFP,linagliptin / metformin hydrochloride Extended Release Oral Tablet
2658152,SBDFP,metformin hydrochloride Oral Tablet [Metforming]
2656115,SBDFP,canagliflozin / metformin hydrochloride Extended Release Oral Tablet [Invokamet]
2658093,SBDFP,dapagliflozin / metformin hydrochloride Extended Release Oral Tablet [Xigduo]
2655663,SBDFP,linagliptin / metformin hydrochloride Extended Release Oral Tablet [Jentadueto]
1545146,SCDG,canagliflozin / metformin Oral Product
1545147,SCDG,canagliflozin / metformin Pill
1592709,SCDG,dapagliflozin / metformin Oral Product
1592710,SCDG,dapagliflozin / metformin Pill
1243016,SCDG,linagliptin / metformin Oral Product
1243017,SCDG,linagliptin / metformin Pill
1545154,SBDG,Invokamet Oral Product
1545155,SBDG,Invokamet Pill
1243038,SBDG,Jentadueto Oral Product
1243039,SBDG,Jentadueto Pill
1592716,SBDG,Xigduo Oral Product
1592717,SBDG,Xigduo Pill
2663420,SCDGP,canagliflozin / metformin hydrochloride Oral Product
2659101,SCDGP,canagliflozin / metformin hydrochloride Pill
2661155,SCDGP,dapagliflozin / metformin hydrochloride Oral Product
2661611,SCDGP,dapagliflozin / metformin hydrochloride Pill
2661905,SCDGP,linagliptin / metformin hydrochloride Oral Product
2659615,SCDGP,linagliptin / metformin hydrochloride Pill
1811010,SCD,24 HR canagliflozin 50 MG / metformin hydrochloride 500 MG Extended Release Oral Tablet
1811006,SCD,24 HR canagliflozin 50 MG / metformin hydrochloride 1000 MG Extended Release Oral Tablet
1811002,SCD,24 HR canagliflozin 150 MG / metformin hydrochloride 500 MG Extended Release Oral Tablet
1810997,SCD,24 HR canagliflozin 150 MG / metformin hydrochloride 1000 MG Extended Release Oral Tablet
1940496,SCD,24 HR dapagliflozin 2.5 MG / metformin hydrochloride 1000 MG Extended Release Oral Tablet
1593072,SCD,24 HR dapagliflozin 5 MG / metformin hydrochloride 500 MG Extended Release Oral Tablet
1593070,SCD,24 HR dapagliflozin 5 MG / metformin hydrochloride 1000 MG Extended Release Oral Tablet
1593068,SCD,24 HR dapagliflozin 10 MG / metformin hydrochloride 500 MG Extended Release Oral Tablet
1593058,SCD,24 HR dapagliflozin 10 MG / metformin hydrochloride 1000 MG Extended Release Oral Tablet
1796089,SCD,24 HR linagliptin 2.5 MG / metformin hydrochloride 1000 MG Extended Release Oral Tablet
1796094,SCD,24 HR linagliptin 5 MG / metformin hydrochloride 1000 MG Extended Release Oral Tablet
1811011,SBD,24 HR canagliflozin 50 MG / metformin hydrochloride 500 MG Extended Release Oral Tablet [Invokamet]
1811007,SBD,24 HR canagliflozin 50 MG / metformin hydrochloride 1000 MG Extended Release Oral Tablet [Invokamet]
1811003,SBD,24 HR canagliflozin 150 MG / metformin hydrochloride 500 MG Extended Release Oral Tablet [Invokamet]
1810999,SBD,24 HR canagliflozin 150 MG / metformin hydrochloride 1000 MG Extended Release Oral Tablet [Invokamet]
1940498,SBD,24 HR dapagliflozin 2.5 MG / metformin hydrochloride 1000 MG Extended Release Oral Tablet [Xigduo]
1593831,SBD,24 HR dapagliflozin 5 MG / metformin hydrochloride 500 MG Extended Release Oral Tablet [Xigduo]
1593833,SBD,24 HR dapagliflozin 5 MG / metformin hydrochloride 1000 MG Extended Release Oral Tablet [Xigduo]
1593835,SBD,24 HR dapagliflozin 10 MG / metformin hydrochloride 500 MG Extended Release Oral Tablet [Xigduo]
1593775,SBD,24 HR dapagliflozin 10 MG / metformin hydrochloride 1000 MG Extended Release Oral Tablet [Xigduo]
1796091,SBD,24 HR linagliptin 2.5 MG / metformin hydrochloride 1000 MG Extended Release Oral Tablet [Jentadueto]
1796096,SBD,24 HR linagliptin 5 MG / metformin hydrochloride 1000 MG Extended Release Oral Tablet [Jentadueto]
372804,SCDF,metformin Extended Release Oral Tablet
2200517,SCDF,metformin Extended Release Suspension
406082,SCDF,metformin Oral Solution
372803,SCDF,metformin Oral Tablet
1368383,SCDF,alogliptin / metformin Oral Tablet
1545148,SCDF,canagliflozin / metformin Oral Tablet
1862684,SCDF,empagliflozin / metformin Extended Release Oral Tablet
1664313,SCDF,empagliflozin / metformin Oral Tablet
1992683,SCDF,ertugliflozin / metformin Oral Tablet
378730,SCDF,glipizide / metformin Oral Tablet
374635,SCDF,glyburide / metformin Oral Tablet
1243018,SCDF,linagliptin / metformin Oral Tablet
577093,SCDF,metformin / pioglitazone Oral Tablet
802742,SCDF,metformin / repaglinide Oral Tablet
378729,SCDF,metformin / rosiglitazone Oral Tablet
1043561,SCDF,metformin / saxagliptin Extended Release Oral Tablet
1243826,SCDF,metformin / sitagliptin Extended Release Oral Tablet
700516,SCDF,metformin / sitagliptin Oral Tablet
2359278,SCDF,empagliflozin / linagliptin / metformin Extended Release Oral Tablet
802051,SBDF,metformin Extended Release Oral Tablet [Glucophage]
647241,SBDF,metformin Extended Release Oral Tablet [Glumetza]
2200519,SBDF,metformin Extended Release Suspension [Riomet]
406257,SBDF,metformin Oral Solution [Riomet]
368254,SBDF,metformin Oral Tablet [Glucophage]
1368395,SBDF,alogliptin / metformin Oral Tablet [Kazano]
1545153,SBDF,canagliflozin / metformin Oral Tablet [Invokamet]
1862687,SBDF,empagliflozin / metformin Extended Release Oral Tablet [Synjardy]
1664318,SBDF,empagliflozin / metformin Oral Tablet [Synjardy]
1992688,SBDF,ertugliflozin / metformin Oral Tablet [Segluromet]
1243037,SBDF,linagliptin / metformin Oral Tablet [Jentadueto]
731442,SBDF,metformin / pioglitazone Oral Tablet [Actoplus Met]
1043566,SBDF,metformin / saxagliptin Extended Release Oral Tablet [Kombiglyze]
1243839,SBDF,metformin / sitagliptin Extended Release Oral Tablet [Janumet]
2696280,SBDF,metformin / sitagliptin Extended Release Oral Tablet [Zituvimet]
757603,SBDF,metformin / sitagliptin Oral Tablet [Janumet]
2677160,SBDF,metformin / sitagliptin Oral Tablet [Zituvimet]
2359282,SBDF,empagliflozin / linagliptin / metformin Extended Release Oral Tablet [Trijardy]
2646435,SCDFP,metformin hydrochloride Extended Release Oral Tablet
2645770,SCDFP,metformin hydrochloride Extended Release Suspension
2645946,SCDFP,metformin hydrochloride Oral Solution
2646570,SCDFP,metformin hydrochloride Oral Tablet
2647239,SCDFP,alogliptin / metformin hydrochloride Oral Tablet
2647565,SCDFP,canagliflozin / metformin hydrochloride Oral Tablet
2645846,SCDFP,empagliflozin / metformin hydrochloride Extended Release Oral Tablet
2645330,SCDFP,empagliflozin / metformin hydrochloride Oral Tablet
2646142,SCDFP,ertugliflozin / metformin hydrochloride Oral Tablet
2646330,SCDFP,glipizide / metformin hydrochloride Oral Tablet
2646768,SCDFP,glyburide / metformin hydrochloride Oral Tablet
2647786,SCDFP,linagliptin / metformin hydrochloride Oral Tablet
2647189,SCDFP,metformin hydrochloride / pioglitazone Oral Tablet
2646038,SCDFP,metformin hydrochloride / repaglinide Oral Tablet
2646954,SCDFP,metformin hydrochloride / rosiglitazone Oral Tablet
2648588,SCDFP,metformin hydrochloride / saxagliptin Extended Release Oral Tablet
2648313,SCDFP,metformin hydrochloride / sitagliptin Extended Release Oral Tablet
2648457,SCDFP,metformin hydrochloride / sitagliptin Oral Tablet
2709469,SCDFP,metformin hydrochloride / sitagliptin phosphate Extended Release Oral Tablet
2709487,SCDFP,metformin hydrochloride / sitagliptin phosphate Oral Tablet
2646947,SCDFP,empagliflozin / linagliptin / metformin hydrochloride Extended Release Oral Tablet
2654357,SBDFP,metformin hydrochloride Extended Release Oral Tablet [Glucophage]
2656303,SBDFP,metformin hydrochloride Extended Release Oral Tablet [Glumetza]
2658944,SBDFP,metformin hydrochloride Extended Release Suspension [Riomet]
2656878,SBDFP,metformin hydrochloride Oral Solution [Riomet]
2656131,SBDFP,metformin hydrochloride Oral Tablet [Glucophage]
2658568,SBDFP,alogliptin / metformin hydrochloride Oral Tablet [Kazano]
2654503,SBDFP,canagliflozin / metformin hydrochloride Oral Tablet [Invokamet]
2655509,SBDFP,empagliflozin / metformin hydrochloride Extended Release Oral Tablet [Synjardy]
2656735,SBDFP,empagliflozin / metformin hydrochloride Oral Tablet [Synjardy]
2657345,SBDFP,ertugliflozin / metformin hydrochloride Oral Tablet [Segluromet]
2654999,SBDFP,linagliptin / metformin hydrochloride Oral Tablet [Jentadueto]
2655947,SBDFP,metformin hydrochloride / pioglitazone Oral Tablet [Actoplus Met]
2656899,SBDFP,metformin hydrochloride / saxagliptin Extended Release Oral Tablet [Kombiglyze]
2696281,SBDFP,metformin hydrochloride / sitagliptin Extended Release Oral Tablet [Zituvimet]
2677161,SBDFP,metformin hydrochloride / sitagliptin Oral Tablet [Zituvimet]
2709473,SBDFP,metformin hydrochloride / sitagliptin phosphate Extended Release Oral Tablet [Janumet]
2709489,SBDFP,metformin hydrochloride / sitagliptin phosphate Oral Tablet [Janumet]
2658588,SBDFP,empagliflozin / linagliptin / metformin hydrochloride Extended Release Oral Tablet [Trijardy]
1161609,SCDG,metformin Oral Liquid Product
1161610,SCDG,metformin Oral Product
1161611,SCDG,metformin Pill
1368381,SCDG,alogliptin / metformin Oral Product
1368382,SCDG,alogliptin / metformin Pill
1664311,SCDG,empagliflozin / metformin Oral Product
1664312,SCDG,empagliflozin / metformin Pill
1992681,SCDG,ertugliflozin / metformin Oral Product
1992682,SCDG,ertugliflozin / metformin Pill
1165205,SCDG,glipizide / metformin Oral Product
1165206,SCDG,glipizide / metformin Pill
1165845,SCDG,glyburide / metformin Oral Product
1156197,SCDG,glyburide / metformin Pill
1161597,SCDG,metformin / pioglitazone Oral Product
1161598,SCDG,metformin / pioglitazone Pill
1161599,SCDG,metformin / repaglinide Oral Product
1161600,SCDG,metformin / repaglinide Pill
1161603,SCDG,metformin / rosiglitazone Oral Product
1161604,SCDG,metformin / rosiglitazone Pill
1161605,SCDG,metformin / saxagliptin Oral Product
1161606,SCDG,metformin / saxagliptin Pill
1161607,SCDG,metformin / sitagliptin Oral Product
1161608,SCDG,metformin / sitagliptin Pill
2371722,SCDG,dapagliflozin / metformin / saxagliptin Oral Product
2359276,SCDG,empagliflozin / linagliptin / metformin Oral Product
2359277,SCDG,empagliflozin / linagliptin / metformin Pill
1169920,SBDG,Actoplus Met Oral Product
1169923,SBDG,Actoplus Met Pill
1171244,SBDG,Glucophage Oral Product
1171245,SBDG,Glucophage Pill
1171254,SBDG,Glumetza Oral Product
1171255,SBDG,Glumetza Pill
1167810,SBDG,Janumet Oral Product
1167811,SBDG,Janumet Pill
1368396,SBDG,Kazano Oral Product
1368397,SBDG,Kazano Pill
1172861,SBDG,Kombiglyze Oral Product
1172860,SBDG,Kombiglyze Pill
1185325,SBDG,Riomet Oral Liquid Product
1185326,SBDG,Riomet Oral Product
1992689,SBDG,Segluromet Oral Product
1992690,SBDG,Segluromet Pill
1664319,SBDG,Synjardy Oral Product
1664320,SBDG,Synjardy Pill
2359283,SBDG,Trijardy Oral Product
2359284,SBDG,Trijardy Pill
2677158,SBDG,Zituvimet Oral Product
2677159,SBDG,Zituvimet Pill
2660213,SCDGP,metformin hydrochloride Oral Liquid Product
2662334,SCDGP,metformin hydrochloride Oral Product
2661451,SCDGP,metformin hydrochloride Pill
2663139,SCDGP,alogliptin / metformin hydrochloride Oral Product
2662620,SCDGP,alogliptin / metformin hydrochloride Pill
2662684,SCDGP,empagliflozin / metformin hydrochloride Oral Product
2663631,SCDGP,empagliflozin / metformin hydrochloride Pill
2663509,SCDGP,ertugliflozin / metformin hydrochloride Oral Product
2660038,SCDGP,ertugliflozin / metformin hydrochloride Pill
2660588,SCDGP,glipizide / metformin hydrochloride Oral Product
2661987,SCDGP,glipizide / metformin hydrochloride Pill
2659882,SCDGP,glyburide / metformin hydrochloride Oral Product
2663215,SCDGP,glyburide / metformin hydrochloride Pill
2661623,SCDGP,metformin hydrochloride / pioglitazone Oral Product
2659523,SCDGP,metformin hydrochloride / pioglitazone Pill
2659963,SCDGP,metformin hydrochloride / repaglinide Oral Product
2659771,SCDGP,metformin hydrochloride / repaglinide Pill
2660209,SCDGP,metformin hydrochloride / rosiglitazone Oral Product
2663355,SCDGP,metformin hydrochloride / rosiglitazone Pill
2659764,SCDGP,metformin hydrochloride / saxagliptin Oral Product
2663373,SCDGP,metformin hydrochloride / saxagliptin Pill
2662635,SCDGP,metformin hydrochloride / sitagliptin Oral Product
2709467,SCDGP,metformin hydrochloride / sitagliptin phosphate Oral Product
2709468,SCDGP,metformin hydrochloride / sitagliptin phosphate Pill
2659839,SCDGP,metformin hydrochloride / sitagliptin Pill
2663153,SCDGP,empagliflozin / linagliptin / metformin hydrochloride Oral Product
2661199,SCDGP,empagliflozin / linagliptin / metformin hydrochloride Pill
860975,SCD,24 HR metformin hydrochloride 500 MG Extended Release Oral Tablet
860981,SCD,24 HR metformin hydrochloride 750 MG Extended Release Oral Tablet
2200518,SCD,metformin hydrochloride 100 MG/ML Extended Release Suspension
861025,SCD,metformin hydrochloride 100 MG/ML Oral Solution
861007,SCD,metformin hydrochloride 500 MG Oral Tablet
861021,SCD,metformin hydrochloride 625 MG Oral Tablet
2703582,SCD,metformin hydrochloride 750 MG Oral Tablet
861010,SCD,metformin hydrochloride 850 MG Oral Tablet
861004,SCD,metformin hydrochloride 1000 MG Oral Tablet
1807915,SCD,Modified 24 HR metformin hydrochloride 500 MG Extended Release Oral Tablet
1807888,SCD,Modified 24 HR metformin hydrochloride 1000 MG Extended Release Oral Tablet
1807917,SCD,Osmotic 24 HR metformin hydrochloride 500 MG Extended Release Oral Tablet
1807894,SCD,Osmotic 24 HR metformin hydrochloride 1000 MG Extended Release Oral Tablet
1368392,SCD,alogliptin 12.5 MG / metformin hydrochloride 500 MG Oral Tablet
1368385,SCD,alogliptin 12.5 MG / metformin hydrochloride 1000 MG Oral Tablet
1545164,SCD,canagliflozin 50 MG / metformin hydrochloride 500 MG Oral Tablet
1545161,SCD,canagliflozin 50 MG / metformin hydrochloride 1000 MG Oral Tablet
1545157,SCD,canagliflozin 150 MG / metformin hydrochloride 500 MG Oral Tablet
1545150,SCD,canagliflozin 150 MG / metformin hydrochloride 1000 MG Oral Tablet
1664315,SCD,empagliflozin 5 MG / metformin hydrochloride 500 MG Oral Tablet
1664326,SCD,empagliflozin 5 MG / metformin hydrochloride 1000 MG Oral Tablet
1664323,SCD,empagliflozin 12.5 MG / metformin hydrochloride 500 MG Oral Tablet
1665367,SCD,empagliflozin 12.5 MG / metformin hydrochloride 1000 MG Oral Tablet
1862700,SCD,24 HR empagliflozin 5 MG / metformin hydrochloride 1000 MG Extended Release Oral Tablet
1862685,SCD,24 HR empagliflozin 10 MG / metformin hydrochloride 1000 MG Extended Release Oral Tablet
1862691,SCD,24 HR empagliflozin 12.5 MG / metformin hydrochloride 1000 MG Extended Release Oral Tablet
1862695,SCD,24 HR empagliflozin 25 MG / metformin hydrochloride 1000 MG Extended Release Oral Tablet
1992693,SCD,ertugliflozin 2.5 MG / metformin hydrochloride 500 MG Oral Tablet
1992685,SCD,ertugliflozin 2.5 MG / metformin hydrochloride 1000 MG Oral Tablet
1992701,SCD,ertugliflozin 7.5 MG / metformin hydrochloride 500 MG Oral Tablet
1992698,SCD,ertugliflozin 7.5 MG / metformin hydrochloride 1000 MG Oral Tablet
861731,SCD,glipizide 2.5 MG / metformin hydrochloride 250 MG Oral Tablet
861736,SCD,glipizide 2.5 MG / metformin hydrochloride 500 MG Oral Tablet
861740,SCD,glipizide 5 MG / metformin hydrochloride 500 MG Oral Tablet
861743,SCD,glyburide 1.25 MG / metformin hydrochloride 250 MG Oral Tablet
861748,SCD,glyburide 2.5 MG / metformin hydrochloride 500 MG Oral Tablet
861753,SCD,glyburide 5 MG / metformin hydrochloride 500 MG Oral Tablet
1243027,SCD,linagliptin 2.5 MG / metformin hydrochloride 500 MG Oral Tablet
1243034,SCD,linagliptin 2.5 MG / metformin hydrochloride 850 MG Oral Tablet
1243020,SCD,linagliptin 2.5 MG / metformin hydrochloride 1000 MG Oral Tablet
861783,SCD,metformin hydrochloride 500 MG / pioglitazone 15 MG Oral Tablet
861822,SCD,metformin hydrochloride 850 MG / pioglitazone 15 MG Oral Tablet
861787,SCD,metformin hydrochloride 500 MG / repaglinide 1 MG Oral Tablet
861790,SCD,metformin hydrochloride 500 MG / repaglinide 2 MG Oral Tablet
861795,SCD,metformin hydrochloride 500 MG / rosiglitazone 1 MG Oral Tablet
861806,SCD,metformin hydrochloride 500 MG / rosiglitazone 2 MG Oral Tablet
861816,SCD,metformin hydrochloride 500 MG / rosiglitazone 4 MG Oral Tablet
861760,SCD,metformin hydrochloride 1000 MG / rosiglitazone 2 MG Oral Tablet
861763,SCD,metformin hydrochloride 1000 MG / rosiglitazone 4 MG Oral Tablet
1043578,SCD,24 HR metformin hydrochloride 500 MG / saxagliptin 5 MG Extended Release Oral Tablet
1043563,SCD,24 HR metformin hydrochloride 1000 MG / saxagliptin 2.5 MG Extended Release Oral Tablet
1043570,SCD,24 HR metformin hydrochloride 1000 MG / saxagliptin 5 MG Extended Release Oral Tablet
1243846,SCD,24 HR metformin hydrochloride 500 MG / sitagliptin 50 MG Extended Release Oral Tablet
1243842,SCD,24 HR metformin hydrochloride 1000 MG / sitagliptin 50 MG Extended Release Oral Tablet
1243827,SCD,24 HR metformin hydrochloride 1000 MG / sitagliptin 100 MG Extended Release Oral Tablet
861819,SCD,metformin hydrochloride 500 MG / sitagliptin 50 MG Oral Tablet
861769,SCD,metformin hydrochloride 1000 MG / sitagliptin 50 MG Oral Tablet
2709482,SCD,24 HR metformin hydrochloride 500 MG / sitagliptin phosphate 50 MG Extended Release Oral Tablet
2709477,SCD,24 HR metformin hydrochloride 1000 MG / sitagliptin phosphate 50 MG Extended Release Oral Tablet
2709470,SCD,24 HR metformin hydrochloride 1000 MG / sitagliptin phosphate 100 MG Extended Release Oral Tablet
2709491,SCD,metformin hydrochloride 500 MG / sitagliptin phosphate 50 MG Oral Tablet
2709488,SCD,metformin hydrochloride 1000 MG / sitagliptin phosphate 50 MG Oral Tablet
2359356,SCD,24 HR empagliflozin 5 MG / linagliptin 2.5 MG / metformin hydrochloride 1000 MG Extended Release Oral Tablet
2359279,SCD,24 HR empagliflozin 10 MG / linagliptin 5 MG / metformin hydrochloride 1000 MG Extended Release Oral Tablet
2359288,SCD,24 HR empagliflozin 12.5 MG / linagliptin 2.5 MG / metformin hydrochloride 1000 MG Extended Release Oral Tablet
2359351,SCD,24 HR empagliflozin 25 MG / linagliptin 5 MG / metformin hydrochloride 1000 MG Extended Release Oral Tablet
860977,SBD,24 HR metformin hydrochloride 500 MG Extended Release Oral Tablet [Glucophage]
860983,SBD,24 HR metformin hydrochloride 750 MG Extended Release Oral Tablet [Glucophage]
2200520,SBD,metformin hydrochloride 100 MG/ML Extended Release Suspension [Riomet]
861027,SBD,metformin hydrochloride 100 MG/ML Oral Solution [Riomet]
861008,SBD,metformin hydrochloride 500 MG Oral Tablet [Glucophage]
861012,SBD,metformin hydrochloride 850 MG Oral Tablet [Glucophage]
861006,SBD,metformin hydrochloride 1000 MG Oral Tablet [Glucophage]
861018,SBD,Modified 24 HR metformin hydrochloride 500 MG Extended Release Oral Tablet [Glumetza]
861015,SBD,Modified 24 HR metformin hydrochloride 1000 MG Extended Release Oral Tablet [Glumetza]
1368398,SBD,alogliptin 12.5 MG / metformin hydrochloride 500 MG Oral Tablet [Kazano]
1368391,SBD,alogliptin 12.5 MG / metformin hydrochloride 1000 MG Oral Tablet [Kazano]
1545166,SBD,canagliflozin 50 MG / metformin hydrochloride 500 MG Oral Tablet [Invokamet]
1545163,SBD,canagliflozin 50 MG / metformin hydrochloride 1000 MG Oral Tablet [Invokamet]
1545159,SBD,canagliflozin 150 MG / metformin hydrochloride 500 MG Oral Tablet [Invokamet]
1545156,SBD,canagliflozin 150 MG / metformin hydrochloride 1000 MG Oral Tablet [Invokamet]
1664321,SBD,empagliflozin 5 MG / metformin hydrochloride 500 MG Oral Tablet [Synjardy]
1664328,SBD,empagliflozin 5 MG / metformin hydrochloride 1000 MG Oral Tablet [Synjardy]
1664325,SBD,empagliflozin 12.5 MG / metformin hydrochloride 500 MG Oral Tablet [Synjardy]
1665369,SBD,empagliflozin 12.5 MG / metformin hydrochloride 1000 MG Oral Tablet [Synjardy]
1862701,SBD,24 HR empagliflozin 5 MG / metformin hydrochloride 1000 MG Extended Release Oral Tablet [Synjardy]
1862688,SBD,24 HR empagliflozin 10 MG / metformin hydrochloride 1000 MG Extended Release Oral Tablet [Synjardy]
1862692,SBD,24 HR empagliflozin 12.5 MG / metformin hydrochloride 1000 MG Extended Release Oral Tablet [Synjardy]
1862697,SBD,24 HR empagliflozin 25 MG / metformin hydrochloride 1000 MG Extended Release Oral Tablet [Synjardy]
1992695,SBD,ertugliflozin 2.5 MG / metformin hydrochloride 500 MG Oral Tablet [Segluromet]
1992691,SBD,ertugliflozin 2.5 MG / metformin hydrochloride 1000 MG Oral Tablet [Segluromet]
1992703,SBD,ertugliflozin 7.5 MG / metformin hydrochloride 500 MG Oral Tablet [Segluromet]
1992700,SBD,ertugliflozin 7.5 MG / metformin hydrochloride 1000 MG Oral Tablet [Segluromet]
1243033,SBD,linagliptin 2.5 MG / metformin hydrochloride 500 MG Oral Tablet [Jentadueto]
1243040,SBD,linagliptin 2.5 MG / metformin hydrochloride 850 MG Oral Tablet [Jentadueto]
1243026,SBD,linagliptin 2.5 MG / metformin hydrochloride 1000 MG Oral Tablet [Jentadueto]
861785,SBD,metformin hydrochloride 500 MG / pioglitazone 15 MG Oral Tablet [Actoplus Met]
861824,SBD,metformin hydrochloride 850 MG / pioglitazone 15 MG Oral Tablet [Actoplus Met]
1043582,SBD,24 HR metformin hydrochloride 500 MG / saxagliptin 5 MG Extended Release Oral Tablet [Kombiglyze]
1043567,SBD,24 HR metformin hydrochloride 1000 MG / saxagliptin 2.5 MG Extended Release Oral Tablet [Kombiglyze]
1043574,SBD,24 HR metformin hydrochloride 1000 MG / saxagliptin 5 MG Extended Release Oral Tablet [Kombiglyze]
2696284,SBD,24 HR metformin hydrochloride 500 MG / sitagliptin 50 MG Extended Release Oral Tablet [Zituvimet]
2696282,SBD,24 HR metformin hydrochloride 1000 MG / sitagliptin 50 MG Extended Release Oral Tablet [Zituvimet]
2696287,SBD,24 HR metformin hydrochloride 1000 MG / sitagliptin 100 MG Extended Release Oral Tablet [Zituvimet]
2677164,SBD,metformin hydrochloride 500 MG / sitagliptin 50 MG Oral Tablet [Zituvimet]
2677162,SBD,metformin hydrochloride 1000 MG / sitagliptin 50 MG Oral Tablet [Zituvimet]
1243848,SBD,24 HR metformin hydrochloride 500 MG / sitagliptin phosphate 50 MG Extended Release Oral Tablet [Janumet]
1243843,SBD,24 HR metformin hydrochloride 1000 MG / sitagliptin phosphate 50 MG Extended Release Oral Tablet [Janumet]
1243833,SBD,24 HR metformin hydrochloride 1000 MG / sitagliptin phosphate 100 MG Extended Release Oral Tablet [Janumet]
861821,SBD,metformin hydrochloride 500 MG / sitagliptin phosphate 50 MG Oral Tablet [Janumet]
861771,SBD,metformin hydrochloride 1000 MG / sitagliptin phosphate 50 MG Oral Tablet [Janumet]
2359358,SBD,24 HR empagliflozin 5 MG / linagliptin 2.5 MG / metformin hydrochloride 1000 MG Extended Release Oral Tablet [Trijardy]
2359285,SBD,24 HR empagliflozin 10 MG / linagliptin 5 MG / metformin hydrochloride 1000 MG Extended Release Oral Tablet [Trijardy]
2359290,SBD,24 HR empagliflozin 12.5 MG / linagliptin 2.5 MG / metformin hydrochloride 1000 MG Extended Release Oral Tablet [Trijardy]
2359353,SBD,24 HR empagliflozin 25 MG / linagliptin 5 MG / metformin hydrochloride 1000 MG Extended Release Oral Tablet [Trijardy]
375098,SCDF,glucosamine Oral Tablet
204569,SCDF,immunoglobulin G Injectable Solution
1809031,SCDF,immunoglobulin G Injection
2268102,SCDF,immunoglobulin G Prefilled Syringe
372683,SCDF,magnesium gluconate Oral Tablet
373262,SCDF,penicillin G Injectable Solution
373260,SCDF,penicillin G Injectable Suspension
1719795,SCDF,penicillin G Injection
373259,SCDF,penicillin G Oral Tablet
727620,SCDF,penicillin G Prefilled Syringe
1549544,SCDF,dihydrostreptomycin / penicillin G Prefilled Syringe
1484755,SCDF,novobiocin / penicillin G Prefilled Syringe
1150299,SBDF,glucosamine Oral Tablet [Optiflex-G]
2672103,SBDF,immunoglobulin G Injection [Alyglo]
2123040,SBDF,immunoglobulin G Injection [Asceniv]
1809415,SBDF,immunoglobulin G Injection [Bivigam]
2167150,SBDF,immunoglobulin G Injection [Cutaquig]
1813409,SBDF,immunoglobulin G Injection [Cuvitru]
1809428,SBDF,immunoglobulin G Injection [Flebogamma]
1809033,SBDF,immunoglobulin G Injection [GamaSTAN]
2733843,SBDF,immunoglobulin G Injection [Gammagard ERC]
1809664,SBDF,immunoglobulin G Injection [Gammagard]
1809435,SBDF,immunoglobulin G Injection [Gammaked]
1809507,SBDF,immunoglobulin G Injection [Gammaplex]
1809577,SBDF,immunoglobulin G Injection [Gamunex]
1809062,SBDF,immunoglobulin G Injection [Hizentra]
1809498,SBDF,immunoglobulin G Injection [Octagam]
2102438,SBDF,immunoglobulin G Injection [Panzyga]
1809516,SBDF,immunoglobulin G Injection [Privigen]
2726021,SBDF,immunoglobulin G Injection [Qivigy]
2196295,SBDF,immunoglobulin G Injection [Xembify]
2706391,SBDF,immunoglobulin G Injection [Yimmugo]
2268104,SBDF,immunoglobulin G Prefilled Syringe [Hizentra]
367885,SBDF,magnesium gluconate Oral Tablet [Mag-G]
93752,SBDF,penicillin G Injectable Solution [Pfizerpen]
1050110,SBDF,penicillin G Injectable Suspension [Bactracillin G]
1050114,SBDF,penicillin G Injectable Suspension [Norocillin]
2671691,SBDF,penicillin G Injection [Extencilline]
2684989,SBDF,penicillin G Injection [Lentocilin]
730595,SBDF,penicillin G Prefilled Syringe [Bicillin L-A]
731540,SBDF,penicillin G Prefilled Syringe [Bicillin]
1549549,SBDF,dihydrostreptomycin / penicillin G Prefilled Syringe [Quartermaster]
1484871,SBDF,novobiocin / penicillin G Prefilled Syringe [Albadry]
2706385,SCDFP,immune globulin intravenous (human) - dira Injection
2646101,SCDFP,immune globulin intravenous (human) - ifas Injection
2726015,SCDFP,immune globulin intravenous (human) - kthm Injection
2649109,SCDFP,immune globulin intravenous (human) - slra Injection
2672097,SCDFP,immune globulin intravenous (human) - stwk Injection
2646692,SCDFP,immune globulin subcutaneous (human) - hipp Injection
2646532,SCDFP,immune globulin subcutaneous (human) - klhw Injection
2648857,SCDFP,"immunoglobulin G, human Injectable Solution"
2649070,SCDFP,"immunoglobulin G, human Injection"
2648246,SCDFP,"immunoglobulin G, human Prefilled Syringe"
2647209,SCDFP,penicillin G benzathine Injectable Suspension
2671686,SCDFP,penicillin G benzathine Injection
2645729,SCDFP,penicillin G benzathine Prefilled Syringe
2647493,SCDFP,penicillin G potassium Injectable Solution
2648047,SCDFP,penicillin G potassium Injection
2648052,SCDFP,penicillin G potassium Oral Tablet
2647763,SCDFP,penicillin G procaine Injectable Suspension
2647298,SCDFP,penicillin G sodium Injectable Solution
2645349,SCDFP,dihydrostreptomycin / penicillin G procaine Prefilled Syringe
2647863,SCDFP,novobiocin / penicillin G procaine Prefilled Syringe
2649246,SCDFP,penicillin G benzathine / penicillin G procaine Injectable Suspension
2647533,SCDFP,penicillin G benzathine / penicillin G procaine Prefilled Syringe
2706392,SBDFP,immune globulin intravenous (human) - dira Injection [Yimmugo]
2654294,SBDFP,immune globulin intravenous (human) - ifas Injection [Panzyga]
2726022,SBDFP,immune globulin intravenous (human) - kthm Injection [Qivigy]
2656829,SBDFP,immune globulin intravenous (human) - slra Injection [Asceniv]
2672104,SBDFP,immune globulin intravenous (human) - stwk Injection [Alyglo]
2658026,SBDFP,immune globulin subcutaneous (human) - hipp Injection [Cutaquig]
2655635,SBDFP,immune globulin subcutaneous (human) - klhw Injection [Xembify]
2655283,SBDFP,"immunoglobulin G, human Injection [Bivigam]"
2656739,SBDFP,"immunoglobulin G, human Injection [Cuvitru]"
2658536,SBDFP,"immunoglobulin G, human Injection [Flebogamma]"
2655700,SBDFP,"immunoglobulin G, human Injection [GamaSTAN]"
2733844,SBDFP,"immunoglobulin G, human Injection [Gammagard ERC]"
2658728,SBDFP,"immunoglobulin G, human Injection [Gammagard]"
2654414,SBDFP,"immunoglobulin G, human Injection [Gammaked]"
2655472,SBDFP,"immunoglobulin G, human Injection [Gammaplex]"
2658537,SBDFP,"immunoglobulin G, human Injection [Gamunex]"
2654223,SBDFP,"immunoglobulin G, human Injection [Hizentra]"
2656737,SBDFP,"immunoglobulin G, human Injection [Octagam]"
2656736,SBDFP,"immunoglobulin G, human Injection [Privigen]"
2657707,SBDFP,"immunoglobulin G, human Prefilled Syringe [Hizentra]"
2671692,SBDFP,penicillin G benzathine Injection [Extencilline]
2684990,SBDFP,penicillin G benzathine Injection [Lentocilin]
2657299,SBDFP,penicillin G benzathine Prefilled Syringe [Bicillin L-A]
2657690,SBDFP,penicillin G potassium Injectable Solution [Pfizerpen]
2655180,SBDFP,penicillin G procaine Injectable Suspension [Bactracillin G]
2656061,SBDFP,penicillin G procaine Injectable Suspension [Norocillin]
2657378,SBDFP,dihydrostreptomycin / penicillin G procaine Prefilled Syringe [Quartermaster]
2655617,SBDFP,novobiocin / penicillin G procaine Prefilled Syringe [Albadry]
2654286,SBDFP,penicillin G benzathine / penicillin G procaine Prefilled Syringe [Bicillin]
1165223,SCDG,glucosamine Oral Product
1165224,SCDG,glucosamine Pill
1156296,SCDG,immunoglobulin G Injectable Product
1156343,SCDG,magnesium gluconate Oral Product
1156344,SCDG,magnesium gluconate Pill
1164764,SCDG,penicillin G Injectable Product
1164766,SCDG,penicillin G Oral Product
1164767,SCDG,penicillin G Pill
1549543,SCDG,dihydrostreptomycin / penicillin G Injectable Product
1484754,SCDG,novobiocin / penicillin G Injectable Product
1484872,SBDG,Albadry Injectable Product
2672102,SBDG,Alyglo Injectable Product
2123041,SBDG,Asceniv Injectable Product
1167952,SBDG,Bactracillin G Injectable Product
1173631,SBDG,Bicillin Injectable Product
1173632,SBDG,Bicillin L-A Injectable Product
1364427,SBDG,Bivigam Injectable Product
2167151,SBDG,Cutaquig Injectable Product
1813410,SBDG,Cuvitru Injectable Product
2671690,SBDG,Extencilline Injectable Product
1169034,SBDG,Flebogamma Injectable Product
1175381,SBDG,GamaSTAN Injectable Product
1175386,SBDG,Gammagard Injectable Product
2733842,SBDG,Gammagard ERC Injectable Product
1175388,SBDG,Gammaked Injectable Product
1175389,SBDG,Gammaplex Injectable Product
1175395,SBDG,Gamunex Injectable Product
1171272,SBDG,Hizentra Injectable Product
2684988,SBDG,Lentocilin Injectable Product
1177436,SBDG,Mag-G Oral Product
1177437,SBDG,Mag-G Pill
1185709,SBDG,Norocillin Injectable Product
1180526,SBDG,Octagam Injectable Product
1182322,SBDG,Optiflex-G Oral Product
1182323,SBDG,Optiflex-G Pill
2102439,SBDG,Panzyga Injectable Product
1178225,SBDG,Pfizerpen Injectable Product
1178922,SBDG,Privigen Injectable Product
2726020,SBDG,Qivigy Injectable Product
1549550,SBDG,Quartermaster Injectable Product
2196296,SBDG,Xembify Injectable Product
2706390,SBDG,Yimmugo Injectable Product
2706384,SCDGP,immune globulin intravenous (human) - dira Injectable Product
2663606,SCDGP,immune globulin intravenous (human) - ifas Injectable Product
2726014,SCDGP,immune globulin intravenous (human) - kthm Injectable Product
2660104,SCDGP,immune globulin intravenous (human) - slra Injectable Product
2672096,SCDGP,immune globulin intravenous (human) - stwk Injectable Product
2662549,SCDGP,immune globulin subcutaneous (human) - hipp Injectable Product
2660365,SCDGP,immune globulin subcutaneous (human) - klhw Injectable Product
2662302,SCDGP,"immunoglobulin G, human Injectable Product"
2659432,SCDGP,penicillin G benzathine Injectable Product
2660986,SCDGP,penicillin G potassium Injectable Product
2661680,SCDGP,penicillin G potassium Oral Product
2660978,SCDGP,penicillin G potassium Pill
2660178,SCDGP,penicillin G procaine Injectable Product
2663361,SCDGP,penicillin G sodium Injectable Product
2661135,SCDGP,dihydrostreptomycin / penicillin G procaine Injectable Product
2659736,SCDGP,novobiocin / penicillin G procaine Injectable Product
2659930,SCDGP,penicillin G benzathine / penicillin G procaine Injectable Product
648024,SCD,glucosamine 500 MG Oral Tablet
759524,SCD,glucosamine 625 MG Oral Tablet
483561,SCD,glucosamine 750 MG Oral Tablet
487064,SCD,glucosamine 1000 MG Oral Tablet
1291244,SCD,glucosamine hydrochloride 750 MG Oral Tablet
723832,SCD,glucosamine hydrochloride 1500 MG Oral Tablet
199389,SCD,glucosamine sulfate 500 MG Oral Tablet
1245017,SCD,glucosamine sulfate 750 MG Oral Tablet
1809531,SCD,"1.25 ML hyaluronidase, human recombinant 160 UNT/ML Injection"
1809542,SCD,"2.5 ML hyaluronidase, human recombinant 160 UNT/ML Injection"
1809545,SCD,"5 ML hyaluronidase, human recombinant 160 UNT/ML Injection"
1809535,SCD,"10 ML hyaluronidase, human recombinant 160 UNT/ML Injection"
1809538,SCD,"15 ML hyaluronidase, human recombinant 160 UNT/ML Injection"
2706386,SCD,50 ML immune globulin intravenous (human) - dira 100 MG/ML Injection
2706395,SCD,100 ML immune globulin intravenous (human) - dira 100 MG/ML Injection
2706397,SCD,200 ML immune globulin intravenous (human) - dira 100 MG/ML Injection
2102435,SCD,10 ML immune globulin intravenous (human) - ifas 100 MG/ML Injection
2102455,SCD,25 ML immune globulin intravenous (human) - ifas 100 MG/ML Injection
2102459,SCD,50 ML immune globulin intravenous (human) - ifas 100 MG/ML Injection
2102463,SCD,100 ML immune globulin intravenous (human) - ifas 100 MG/ML Injection
2102469,SCD,200 ML immune globulin intravenous (human) - ifas 100 MG/ML Injection
2102471,SCD,300 ML immune globulin intravenous (human) - ifas 100 MG/ML Injection
2726016,SCD,50 ML immune globulin intravenous (human) - kthm 100 MG/ML Injection
2726025,SCD,100 ML immune globulin intravenous (human) - kthm 100 MG/ML Injection
2123037,SCD,50 ML immune globulin intravenous (human) - slra 100 MG/ML Injection
2672098,SCD,50 ML immune globulin intravenous (human) - stwk 100 MG/ML Injection
2672107,SCD,100 ML immune globulin intravenous (human) - stwk 100 MG/ML Injection
2672109,SCD,200 ML immune globulin intravenous (human) - stwk 100 MG/ML Injection
2167147,SCD,6 ML immune globulin subcutaneous (human) - hipp 165 MG/ML Injection
2167158,SCD,10 ML immune globulin subcutaneous (human) - hipp 165 MG/ML Injection
2167156,SCD,12 ML immune globulin subcutaneous (human) - hipp 165 MG/ML Injection
2167160,SCD,20 ML immune globulin subcutaneous (human) - hipp 165 MG/ML Injection
2167162,SCD,24 ML immune globulin subcutaneous (human) - hipp 165 MG/ML Injection
2167164,SCD,48 ML immune globulin subcutaneous (human) - hipp 165 MG/ML Injection
2196292,SCD,5 ML immune globulin subcutaneous (human) - klhw 200 MG/ML Injection
2196390,SCD,10 ML immune globulin subcutaneous (human) - klhw 200 MG/ML Injection
2196490,SCD,20 ML immune globulin subcutaneous (human) - klhw 200 MG/ML Injection
2196492,SCD,50 ML immune globulin subcutaneous (human) - klhw 200 MG/ML Injection
1809032,SCD,"2 ML immunoglobulin G, human 180 MG/ML Injection"
1809076,SCD,"5 ML immunoglobulin G, human 200 MG/ML Injection"
2268103,SCD,"5 ML immunoglobulin G, human 200 MG/ML Prefilled Syringe"
1809427,SCD,"10 ML immunoglobulin G, human 50 MG/ML Injection"
1809434,SCD,"10 ML immunoglobulin G, human 100 MG/ML Injection"
1809037,SCD,"10 ML immunoglobulin G, human 180 MG/ML Injection"
1809068,SCD,"10 ML immunoglobulin G, human 200 MG/ML Injection"
2268108,SCD,"10 ML immunoglobulin G, human 200 MG/ML Prefilled Syringe"
1809642,SCD,"20 ML immunoglobulin G, human 50 MG/ML Injection"
1809497,SCD,"20 ML immunoglobulin G, human 100 MG/ML Injection"
1809066,SCD,"20 ML immunoglobulin G, human 200 MG/ML Injection"
2287158,SCD,"20 ML immunoglobulin G, human 200 MG/ML Prefilled Syringe"
1809438,SCD,"25 ML immunoglobulin G, human 100 MG/ML Injection"
1813423,SCD,"40 ML immunoglobulin G, human 200 MG/ML Injection"
1809447,SCD,"50 ML immunoglobulin G, human 50 MG/ML Injection"
1809414,SCD,"50 ML immunoglobulin G, human 100 MG/ML Injection"
1809061,SCD,"50 ML immunoglobulin G, human 200 MG/ML Injection"
2670628,SCD,"50 ML immunoglobulin G, human 200 MG/ML Prefilled Syringe"
1809456,SCD,"100 ML immunoglobulin G, human 50 MG/ML Injection"
1809421,SCD,"100 ML immunoglobulin G, human 100 MG/ML Injection"
142061,SCD,"immunoglobulin G, human 160 MG/ML Injectable Solution"
1809463,SCD,"200 ML immunoglobulin G, human 50 MG/ML Injection"
1809444,SCD,"200 ML immunoglobulin G, human 100 MG/ML Injection"
1809539,SCD,"300 ML immunoglobulin G, human 100 MG/ML Injection"
1809474,SCD,"400 ML immunoglobulin G, human 50 MG/ML Injection"
1809524,SCD,"400 ML immunoglobulin G, human 100 MG/ML Injection"
1809651,SCD,"500 ML immunoglobulin G, human 50 MG/ML Injection"
1809745,SCD,"immunoglobulin G, human 2500 MG Injection"
1809206,SCD,"immunoglobulin G, human 3000 MG Injection"
1809728,SCD,"immunoglobulin G, human 5000 MG Injection"
1809218,SCD,"immunoglobulin G, human 6000 MG Injection"
1809736,SCD,"immunoglobulin G, human 10000 MG Injection"
242181,SCD,magnesium gluconate 250 MG Oral Tablet
311425,SCD,magnesium gluconate 500 MG Oral Tablet
240488,SCD,magnesium gluconate 550 MG Oral Tablet
731564,SCD,1 ML penicillin G benzathine 600000 UNT/ML Prefilled Syringe
731567,SCD,2 ML penicillin G benzathine 600000 UNT/ML Prefilled Syringe
731570,SCD,4 ML penicillin G benzathine 600000 UNT/ML Prefilled Syringe
731575,SCD,penicillin G benzathine 300000 UNT/ML Injectable Suspension
731572,SCD,penicillin G benzathine 600000 UNT/ML Injectable Suspension
2671687,SCD,penicillin G benzathine 1200000 UNT Injection
2671695,SCD,penicillin G benzathine 2400000 UNT Injection
207390,SCD,50 ML penicillin G potassium 20000 UNT/ML Injection
204466,SCD,50 ML penicillin G potassium 40000 UNT/ML Injection
207391,SCD,50 ML penicillin G potassium 60000 UNT/ML Injection
745286,SCD,penicillin G potassium 250000 UNT Oral Tablet
745292,SCD,penicillin G potassium 400000 UNT Oral Tablet
863538,SCD,penicillin G potassium 1000000 UNT/ML Injectable Solution
745303,SCD,penicillin G procaine 300000 UNT/ML Injectable Suspension
745561,SCD,penicillin G procaine 600000 UNT/ML Injectable Suspension
745302,SCD,penicillin G sodium 100000 UNT/ML Injectable Solution
1549546,SCD,10 ML dihydrostreptomycin 100 MG/ML / penicillin G procaine 100000 UNT/ML Prefilled Syringe
259029,SCD,glucosamine hydrochloride 200 MG / glucosamine sulfate 300 MG Oral Tablet
1484757,SCD,10 ML novobiocin 40 MG/ML / penicillin G procaine 20000 UNT/ML Prefilled Syringe
731538,SCD,2 ML penicillin G benzathine 300000 UNT/ML / penicillin G procaine 300000 UNT/ML Prefilled Syringe
836306,SCD,2 ML penicillin G benzathine 450000 UNT/ML / penicillin G procaine 150000 UNT/ML Prefilled Syringe
623695,SCD,penicillin G benzathine 150000 UNT/ML / penicillin G procaine 150000 UNT/ML Injectable Suspension
623677,SCD,penicillin G benzathine 300000 UNT/ML / penicillin G procaine 300000 UNT/ML Injectable Suspension
745477,SCD,penicillin G benzathine 900000 UNT/ML / penicillin G procaine 300000 UNT/ML Injectable Suspension
1150300,SBD,glucosamine 750 MG Oral Tablet [Optiflex-G]
2706393,SBD,50 ML immune globulin intravenous (human) - dira 100 MG/ML Injection [Yimmugo]
2706396,SBD,100 ML immune globulin intravenous (human) - dira 100 MG/ML Injection [Yimmugo]
2706398,SBD,200 ML immune globulin intravenous (human) - dira 100 MG/ML Injection [Yimmugo]
2102440,SBD,10 ML immune globulin intravenous (human) - ifas 100 MG/ML Injection [Panzyga]
2102456,SBD,25 ML immune globulin intravenous (human) - ifas 100 MG/ML Injection [Panzyga]
2102460,SBD,50 ML immune globulin intravenous (human) - ifas 100 MG/ML Injection [Panzyga]
2102464,SBD,100 ML immune globulin intravenous (human) - ifas 100 MG/ML Injection [Panzyga]
2102470,SBD,200 ML immune globulin intravenous (human) - ifas 100 MG/ML Injection [Panzyga]
2102472,SBD,300 ML immune globulin intravenous (human) - ifas 100 MG/ML Injection [Panzyga]
2726023,SBD,50 ML immune globulin intravenous (human) - kthm 100 MG/ML Injection [Qivigy]
2726026,SBD,100 ML immune globulin intravenous (human) - kthm 100 MG/ML Injection [Qivigy]
2123042,SBD,50 ML immune globulin intravenous (human) - slra 100 MG/ML Injection [Asceniv]
2672105,SBD,50 ML immune globulin intravenous (human) - stwk 100 MG/ML Injection [Alyglo]
2672108,SBD,100 ML immune globulin intravenous (human) - stwk 100 MG/ML Injection [Alyglo]
2672110,SBD,200 ML immune globulin intravenous (human) - stwk 100 MG/ML Injection [Alyglo]
2167152,SBD,6 ML immune globulin subcutaneous (human) - hipp 165 MG/ML Injection [Cutaquig]
2167159,SBD,10 ML immune globulin subcutaneous (human) - hipp 165 MG/ML Injection [Cutaquig]
2167157,SBD,12 ML immune globulin subcutaneous (human) - hipp 165 MG/ML Injection [Cutaquig]
2167161,SBD,20 ML immune globulin subcutaneous (human) - hipp 165 MG/ML Injection [Cutaquig]
2167163,SBD,24 ML immune globulin subcutaneous (human) - hipp 165 MG/ML Injection [Cutaquig]
2167165,SBD,48 ML immune globulin subcutaneous (human) - hipp 165 MG/ML Injection [Cutaquig]
2196297,SBD,5 ML immune globulin subcutaneous (human) - klhw 200 MG/ML Injection [Xembify]
2196391,SBD,10 ML immune globulin subcutaneous (human) - klhw 200 MG/ML Injection [Xembify]
2196491,SBD,20 ML immune globulin subcutaneous (human) - klhw 200 MG/ML Injection [Xembify]
2196493,SBD,50 ML immune globulin subcutaneous (human) - klhw 200 MG/ML Injection [Xembify]
1809034,SBD,"2 ML immunoglobulin G, human 180 MG/ML Injection [GamaSTAN]"
1813415,SBD,"5 ML immunoglobulin G, human 200 MG/ML Injection [Cuvitru]"
1809077,SBD,"5 ML immunoglobulin G, human 200 MG/ML Injection [Hizentra]"
2268105,SBD,"5 ML immunoglobulin G, human 200 MG/ML Prefilled Syringe [Hizentra]"
1809429,SBD,"10 ML immunoglobulin G, human 50 MG/ML Injection [Flebogamma]"
1809665,SBD,"10 ML immunoglobulin G, human 100 MG/ML Injection [Gammagard]"
1809436,SBD,"10 ML immunoglobulin G, human 100 MG/ML Injection [Gammaked]"
1809580,SBD,"10 ML immunoglobulin G, human 100 MG/ML Injection [Gamunex]"
1809038,SBD,"10 ML immunoglobulin G, human 180 MG/ML Injection [GamaSTAN]"
1813417,SBD,"10 ML immunoglobulin G, human 200 MG/ML Injection [Cuvitru]"
1809069,SBD,"10 ML immunoglobulin G, human 200 MG/ML Injection [Hizentra]"
2268109,SBD,"10 ML immunoglobulin G, human 200 MG/ML Prefilled Syringe [Hizentra]"
1809643,SBD,"20 ML immunoglobulin G, human 50 MG/ML Injection [Octagam]"
1809499,SBD,"20 ML immunoglobulin G, human 100 MG/ML Injection [Octagam]"
1813420,SBD,"20 ML immunoglobulin G, human 200 MG/ML Injection [Cuvitru]"
1809067,SBD,"20 ML immunoglobulin G, human 200 MG/ML Injection [Hizentra]"
2287159,SBD,"20 ML immunoglobulin G, human 200 MG/ML Prefilled Syringe [Hizentra]"
1809667,SBD,"25 ML immunoglobulin G, human 100 MG/ML Injection [Gammagard]"
1809439,SBD,"25 ML immunoglobulin G, human 100 MG/ML Injection [Gammaked]"
1809581,SBD,"25 ML immunoglobulin G, human 100 MG/ML Injection [Gamunex]"
1813424,SBD,"40 ML immunoglobulin G, human 200 MG/ML Injection [Cuvitru]"
1809448,SBD,"50 ML immunoglobulin G, human 50 MG/ML Injection [Flebogamma]"
1809647,SBD,"50 ML immunoglobulin G, human 50 MG/ML Injection [Octagam]"
1809416,SBD,"50 ML immunoglobulin G, human 100 MG/ML Injection [Bivigam]"
1809471,SBD,"50 ML immunoglobulin G, human 100 MG/ML Injection [Flebogamma]"
2733845,SBD,"50 ML immunoglobulin G, human 100 MG/ML Injection [Gammagard ERC]"
1809668,SBD,"50 ML immunoglobulin G, human 100 MG/ML Injection [Gammagard]"
1809440,SBD,"50 ML immunoglobulin G, human 100 MG/ML Injection [Gammaked]"
1876671,SBD,"50 ML immunoglobulin G, human 100 MG/ML Injection [Gammaplex]"
1809578,SBD,"50 ML immunoglobulin G, human 100 MG/ML Injection [Gamunex]"
1809501,SBD,"50 ML immunoglobulin G, human 100 MG/ML Injection [Octagam]"
1809521,SBD,"50 ML immunoglobulin G, human 100 MG/ML Injection [Privigen]"
2117971,SBD,"50 ML immunoglobulin G, human 200 MG/ML Injection [Cuvitru]"
1809063,SBD,"50 ML immunoglobulin G, human 200 MG/ML Injection [Hizentra]"
2670629,SBD,"50 ML immunoglobulin G, human 200 MG/ML Prefilled Syringe [Hizentra]"
1809457,SBD,"100 ML immunoglobulin G, human 50 MG/ML Injection [Flebogamma]"
1809511,SBD,"100 ML immunoglobulin G, human 50 MG/ML Injection [Gammaplex]"
1809648,SBD,"100 ML immunoglobulin G, human 50 MG/ML Injection [Octagam]"
1809422,SBD,"100 ML immunoglobulin G, human 100 MG/ML Injection [Bivigam]"
1809477,SBD,"100 ML immunoglobulin G, human 100 MG/ML Injection [Flebogamma]"
2733847,SBD,"100 ML immunoglobulin G, human 100 MG/ML Injection [Gammagard ERC]"
1809670,SBD,"100 ML immunoglobulin G, human 100 MG/ML Injection [Gammagard]"
1809441,SBD,"100 ML immunoglobulin G, human 100 MG/ML Injection [Gammaked]"
1876673,SBD,"100 ML immunoglobulin G, human 100 MG/ML Injection [Gammaplex]"
1809582,SBD,"100 ML immunoglobulin G, human 100 MG/ML Injection [Gamunex]"
1809502,SBD,"100 ML immunoglobulin G, human 100 MG/ML Injection [Octagam]"
1809517,SBD,"100 ML immunoglobulin G, human 100 MG/ML Injection [Privigen]"
1809464,SBD,"200 ML immunoglobulin G, human 50 MG/ML Injection [Flebogamma]"
1809513,SBD,"200 ML immunoglobulin G, human 50 MG/ML Injection [Gammaplex]"
1809649,SBD,"200 ML immunoglobulin G, human 50 MG/ML Injection [Octagam]"
1809479,SBD,"200 ML immunoglobulin G, human 100 MG/ML Injection [Flebogamma]"
1809671,SBD,"200 ML immunoglobulin G, human 100 MG/ML Injection [Gammagard]"
1809445,SBD,"200 ML immunoglobulin G, human 100 MG/ML Injection [Gammaked]"
1876674,SBD,"200 ML immunoglobulin G, human 100 MG/ML Injection [Gammaplex]"
1809583,SBD,"200 ML immunoglobulin G, human 100 MG/ML Injection [Gamunex]"
1809503,SBD,"200 ML immunoglobulin G, human 100 MG/ML Injection [Octagam]"
1809520,SBD,"200 ML immunoglobulin G, human 100 MG/ML Injection [Privigen]"
1809672,SBD,"300 ML immunoglobulin G, human 100 MG/ML Injection [Gammagard]"
2170634,SBD,"300 ML immunoglobulin G, human 100 MG/ML Injection [Octagam]"
1809475,SBD,"400 ML immunoglobulin G, human 50 MG/ML Injection [Flebogamma]"
1809514,SBD,"400 ML immunoglobulin G, human 50 MG/ML Injection [Gammaplex]"
1809584,SBD,"400 ML immunoglobulin G, human 100 MG/ML Injection [Gamunex]"
1809525,SBD,"400 ML immunoglobulin G, human 100 MG/ML Injection [Privigen]"
1809652,SBD,"500 ML immunoglobulin G, human 50 MG/ML Injection [Octagam]"
1809730,SBD,"immunoglobulin G, human 5000 MG Injection [Gammagard]"
1809738,SBD,"immunoglobulin G, human 10000 MG Injection [Gammagard]"
210756,SBD,magnesium gluconate 500 MG Oral Tablet [Mag-G]
210759,SBD,magnesium gluconate 500 MG Oral Tablet [Magtrate]
731566,SBD,1 ML penicillin G benzathine 600000 UNT/ML Prefilled Syringe [Bicillin L-A]
731568,SBD,2 ML penicillin G benzathine 600000 UNT/ML Prefilled Syringe [Bicillin L-A]
731571,SBD,4 ML penicillin G benzathine 600000 UNT/ML Prefilled Syringe [Bicillin L-A]
2671693,SBD,penicillin G benzathine 1200000 UNT Injection [Extencilline]
2684991,SBD,penicillin G benzathine 1200000 UNT Injection [Lentocilin]
2671697,SBD,penicillin G benzathine 2400000 UNT Injection [Extencilline]
995906,SBD,penicillin G potassium 1000000 UNT/ML Injectable Solution [Pfizerpen]
1050111,SBD,penicillin G procaine 300000 UNT/ML Injectable Suspension [Bactracillin G]
1050115,SBD,penicillin G procaine 300000 UNT/ML Injectable Suspension [Norocillin]
1549551,SBD,10 ML dihydrostreptomycin 100 MG/ML / penicillin G procaine 100000 UNT/ML Prefilled Syringe [Quartermaster]
1484873,SBD,10 ML novobiocin 40 MG/ML / penicillin G procaine 20000 UNT/ML Prefilled Syringe [Albadry]
731541,SBD,2 ML penicillin G benzathine 300000 UNT/ML / penicillin G procaine 300000 UNT/ML Prefilled Syringe [Bicillin]
836307,SBD,2 ML penicillin G benzathine 450000 UNT/ML / penicillin G procaine 150000 UNT/ML Prefilled Syringe [Bicillin]
1549689,GPCK,"{1 (1.25 ML hyaluronidase, human recombinant 160 UNT/ML Injection) / 1 (25 ML immunoglobulin G, human 100 MG/ML Injection) } Pack"
1549691,GPCK,"{1 (2.5 ML hyaluronidase, human recombinant 160 UNT/ML Injection) / 1 (50 ML immunoglobulin G, human 100 MG/ML Injection) } Pack"
1549695,GPCK,"{1 (10 ML hyaluronidase, human recombinant 160 UNT/ML Injection) / 1 (200 ML immunoglobulin G, human 100 MG/ML Injection) } Pack"
1549687,GPCK,"{1 (15 ML hyaluronidase, human recombinant 160 UNT/ML Injection) / 1 (300 ML immunoglobulin G, human 100 MG/ML Injection) } Pack"
1549693,GPCK,"{1 (100 ML immunoglobulin G, human 100 MG/ML Injection) / 1 (5 ML hyaluronidase, human recombinant 160 UNT/ML Injection) } Pack"
1549690,BPCK,"{1 (1.25 ML hyaluronidase, human recombinant 160 UNT/ML Injection) / 1 (25 ML immunoglobulin G, human 100 MG/ML Injection) } Pack [Hyqvia 2.5 G / 25 ML Kit]"
1549692,BPCK,"{1 (2.5 ML hyaluronidase, human recombinant 160 UNT/ML Injection) / 1 (50 ML immunoglobulin G, human 100 MG/ML Injection) } Pack [Hyqvia 5 G / 50 ML Kit]"
1549696,BPCK,"{1 (10 ML hyaluronidase, human recombinant 160 UNT/ML Injection) / 1 (200 ML immunoglobulin G, human 100 MG/ML Injection) } Pack [Hyqvia 20 G / 200 ML Kit]"
1549688,BPCK,"{1 (15 ML hyaluronidase, human recombinant 160 UNT/ML Injection) / 1 (300 ML immunoglobulin G, human 100 MG/ML Injection) } Pack [Hyqvia 30 G / 300 ML Kit]"
1549694,BPCK,"{1 (100 ML immunoglobulin G, human 100 MG/ML Injection) / 1 (5 ML hyaluronidase, human recombinant 160 UNT/ML Injection) } Pack [Hyqvia 10 G / 100 ML Kit]"
1653594,SCDF,liraglutide Pen Injector
373534,SCDF,potassium gluconate Oral Tablet
1860166,SCDF,insulin degludec / liraglutide Pen Injector
1653600,SBDF,liraglutide Pen Injector [Saxenda]
1653597,SBDF,liraglutide Pen Injector [Victoza]
1860170,SBDF,insulin degludec / liraglutide Pen Injector [Xultophy]
1163230,SCDG,liraglutide Injectable Product
1161072,SCDG,potassium gluconate Oral Product
1161073,SCDG,potassium gluconate Pill
1860165,SCDG,insulin degludec / liraglutide Injectable Product
1598267,SBDG,Saxenda Injectable Product
1186578,SBDG,Victoza Injectable Product
1860171,SBDG,Xultophy Injectable Product
897122,SCD,3 ML liraglutide 6 MG/ML Pen Injector
237393,SCD,potassium gluconate 2 MEQ Oral Tablet
1249528,SCD,potassium gluconate 2.13 MEQ Oral Tablet
1248210,SCD,potassium gluconate 2.35 MEQ Oral Tablet
240060,SCD,potassium gluconate 2.5 MEQ Oral Tablet
430425,SCD,potassium gluconate 99 MG Oral Tablet
2735350,SCD,Weight Management 3 ML liraglutide 6 MG/ML Pen Injector
1860167,SCD,3 ML insulin degludec 100 UNT/ML / liraglutide 3.6 MG/ML Pen Injector
897126,SBD,3 ML liraglutide 6 MG/ML Pen Injector [Victoza]
1423313,SBD,potassium gluconate 2 MEQ Oral Tablet [RenaKare]
1593632,SBD,potassium gluconate 2 MEQ Oral Tablet [Renaplus]
1598268,SBD,Weight Management 3 ML liraglutide 6 MG/ML Pen Injector [Saxenda]
1860172,SBD,3 ML insulin degludec 100 UNT/ML / liraglutide 3.6 MG/ML Pen Injector [Xultophy]
371226,SCDF,calcium gluconate Injectable Solution
1668247,SCDF,calcium gluconate Injection
376372,SCDF,boron / calcium carbonate Oral Tablet
1191170,SCDF,chlorhexidine / isopropyl alcohol Medicated Pad
545702,SBDF,chlorhexidine Mouthwash [Oro Clense]
1437962,SBDF,chlorhexidine Mouthwash [Paroex]
544425,SBDF,chlorhexidine Mouthwash [Peridex]
545705,SBDF,chlorhexidine Mouthwash [Periogard]
1366733,SBDF,chlorhexidine / isopropyl alcohol Medicated Pad [Prevantics]
2645911,SCDFP,chlorhexidine gluconate / isopropyl alcohol Medicated Pad
2658328,SBDFP,chlorhexidine gluconate Mouthwash [Oro Clense]
2656345,SBDFP,chlorhexidine gluconate Mouthwash [Paroex]
2658264,SBDFP,chlorhexidine gluconate Mouthwash [Peridex]
2657587,SBDFP,chlorhexidine gluconate Mouthwash [Periogard]
2657571,SBDFP,chlorhexidine gluconate / isopropyl alcohol Medicated Pad [Prevantics]
1154744,SCDG,calcium gluconate Injectable Product
1153586,SCDG,chlorhexidine Oral Liquid Product
1154728,SCDG,boron / calcium carbonate Oral Product
1154729,SCDG,boron / calcium carbonate Pill
1191169,SCDG,chlorhexidine / isopropyl alcohol Medicated Pad or Tape
1153330,SCDG,chlorhexidine / isopropyl alcohol Topical Product
1869721,SBDG,Nupro Chlorhexidine Oral Liquid Product
1295956,SBDG,Oro Clense Mouthwash Product
1184512,SBDG,Oro Clense Oral Liquid Product
1184511,SBDG,Oro Clense Dental Product
1437965,SBDG,Paroex Mouthwash Product
1437964,SBDG,Paroex Oral Liquid Product
1437963,SBDG,Paroex Dental Product
1296977,SBDG,Peridex Mouthwash Product
1177052,SBDG,Peridex Oral Liquid Product
1177051,SBDG,Peridex Dental Product
1296539,SBDG,Periogard Mouthwash Product
1177067,SBDG,Periogard Oral Liquid Product
1177066,SBDG,Periogard Dental Product
1366735,SBDG,Prevantics Medicated Pad or Tape
1366734,SBDG,Prevantics Topical Product
2663690,SCDGP,chlorhexidine gluconate Oral Liquid Product
2659959,SCDGP,chlorhexidine gluconate / isopropyl alcohol Medicated Pad or Tape
2660148,SCDGP,chlorhexidine gluconate / isopropyl alcohol Topical Product
1668250,SCD,10 ML calcium gluconate 100 MG/ML Injection
2117610,SCD,50 ML calcium gluconate 20 MG/ML Injection
1668248,SCD,50 ML calcium gluconate 100 MG/ML Injection
197435,SCD,calcium gluconate 100 MG/ML Injectable Solution
2562542,SCD,100 ML calcium gluconate 10 MG/ML Injection
2117608,SCD,100 ML calcium gluconate 20 MG/ML Injection
1010723,SCD,calcium gluconate 230 MG/ML Injectable Solution
259590,SCD,boron 1.5 MG / calcium carbonate 500 MG Oral Tablet
1918214,SCD,chlorhexidine gluconate 20 MG/ML / isopropyl alcohol 0.7 ML/ML Medicated Pad
1191171,SCD,chlorhexidine gluconate 31.5 MG/ML / isopropyl alcohol 0.7 ML/ML Medicated Pad
1366736,SBD,chlorhexidine gluconate 31.5 MG/ML / isopropyl alcohol 0.7 ML/ML Medicated Pad [Prevantics]
372828,SCDF,methionine Oral Capsule
372829,SCDF,methionine Oral Tablet
1162227,SCDG,methionine Oral Product
1162228,SCDG,methionine Pill
239233,SCD,methionine 200 MG Oral Capsule
102679,SCD,methionine 250 MG Oral Tablet
311621,SCD,methionine 500 MG Oral Capsule
2464826,SCDF,vaccinia virus Injection
2464830,SBDF,vaccinia virus Injection [Jynneos]
2648845,SCDFP,modified Vaccinia Ankara-Bavarian Nordic Injection
2656805,SBDFP,modified Vaccinia Ankara-Bavarian Nordic Injection [Jynneos]
2464825,SCDG,vaccinia virus Injectable Product
2464831,SBDG,Jynneos Injectable Product
2659233,SCDGP,modified Vaccinia Ankara-Bavarian Nordic Injectable Product
2464827,SCD,0.5 ML modified Vaccinia Ankara-Bavarian Nordic 198000000 UNT/ML Injection
2464832,SBD,0.5 ML modified Vaccinia Ankara-Bavarian Nordic 198000000 UNT/ML Injection [Jynneos]
2588076,SCDF,cabotegravir Injection
2594979,SCDF,rilpivirine Injection
2588079,SBDF,cabotegravir Injection [Apretude]
2475408,SCDG,cabotegravir Injectable Product
2475412,SCDG,rilpivirine Injectable Product
2588046,SBDG,Apretude Injectable Product
2594978,SCD,2 ML cabotegravir 200 MG/ML Injection
2588077,SCD,3 ML cabotegravir 200 MG/ML Injection
2594982,SCD,2 ML rilpivirine 300 MG/ML Injection
2594980,SCD,3 ML rilpivirine 300 MG/ML Injection
2588080,SBD,3 ML cabotegravir 200 MG/ML Injection [Apretude]
2475417,GPCK,{1 (2 ML cabotegravir 200 MG/ML Injection) / 1 (2 ML rilpivirine 300 MG/ML Injection) } Pack
2475415,GPCK,{1 (3 ML cabotegravir 200 MG/ML Injection) / 1 (3 ML rilpivirine 300 MG/ML Injection) } Pack
2475418,BPCK,{1 (2 ML cabotegravir 200 MG/ML Injection) / 1 (2 ML rilpivirine 300 MG/ML Injection) } Pack [CABENUVA 400 MG / 600 MG]
2475416,BPCK,{1 (3 ML cabotegravir 200 MG/ML Injection) / 1 (3 ML rilpivirine 300 MG/ML Injection) } Pack [CABENUVA 600 MG / 900 MG]
1658939,SCDF,sildenafil Injection
2735814,SCDF,sildenafil Oral Film
1307426,SCDF,sildenafil Oral Suspension
373871,SCDF,sildenafil Oral Tablet
1658941,SBDF,sildenafil Injection [Revatio]
2735820,SBDF,sildenafil Oral Film [Vybrique]
2637055,SBDF,sildenafil Oral Suspension [Liqrev]
1307429,SBDF,sildenafil Oral Suspension [Revatio]
581644,SBDF,sildenafil Oral Tablet [Revatio]
368283,SBDF,sildenafil Oral Tablet [Viagra]
2648492,SCDFP,sildenafil citrate Oral Suspension
2656625,SBDFP,sildenafil citrate Oral Suspension [Liqrev]
1159090,SCDG,sildenafil Injectable Product
2735813,SCDG,sildenafil Oral Film Product
1307425,SCDG,sildenafil Oral Liquid Product
1159091,SCDG,sildenafil Oral Product
1159092,SCDG,sildenafil Pill
2637054,SBDG,Liqrev Oral Liquid Product
2637053,SBDG,Liqrev Oral Product
1182546,SBDG,Revatio Injectable Product
1307430,SBDG,Revatio Oral Liquid Product
1182547,SBDG,Revatio Oral Product
1182548,SBDG,Revatio Pill
1188096,SBDG,Viagra Oral Product
1188097,SBDG,Viagra Pill
2735819,SBDG,Vybrique Oral Film Product
2735818,SBDG,Vybrique Oral Product
2661580,SCDGP,sildenafil citrate Oral Liquid Product
2663570,SCDGP,sildenafil citrate Oral Product
1307427,SCD,sildenafil 10 MG/ML Oral Suspension
882527,SCD,12.5 ML sildenafil 0.8 MG/ML Injection
577033,SCD,sildenafil 20 MG Oral Tablet
2735822,SCD,sildenafil 25 MG Oral Film
314228,SCD,sildenafil 25 MG Oral Tablet
2735825,SCD,sildenafil 50 MG Oral Film
312950,SCD,sildenafil 50 MG Oral Tablet
2735829,SCD,sildenafil 75 MG Oral Film
2735815,SCD,sildenafil 100 MG Oral Film
314229,SCD,sildenafil 100 MG Oral Tablet
2637050,SCD,sildenafil citrate 10 MG/ML Oral Suspension
1307431,SBD,sildenafil 10 MG/ML Oral Suspension [Revatio]
882530,SBD,12.5 ML sildenafil 0.8 MG/ML Injection [Revatio]
581645,SBD,sildenafil 20 MG Oral Tablet [Revatio]
2735824,SBD,sildenafil 25 MG Oral Film [Vybrique]
213269,SBD,sildenafil 25 MG Oral Tablet [Viagra]
2735827,SBD,sildenafil 50 MG Oral Film [Vybrique]
213270,SBD,sildenafil 50 MG Oral Tablet [Viagra]
2735831,SBD,sildenafil 75 MG Oral Film [Vybrique]
2735821,SBD,sildenafil 100 MG Oral Film [Vybrique]
213271,SBD,sildenafil 100 MG Oral Tablet [Viagra]
2637056,SBD,sildenafil citrate 10 MG/ML Oral Suspension [Liqrev]
2613562,SCDF,tadalafil Oral Suspension
402452,SCDF,tadalafil Oral Tablet
2587740,SCDF,finasteride / tadalafil Oral Capsule
2677764,SCDF,macitentan / tadalafil Oral Tablet
2613568,SBDF,tadalafil Oral Suspension [Tadliq]
849865,SBDF,tadalafil Oral Tablet [Adcirca]
2110452,SBDF,tadalafil Oral Tablet [Alyq]
402437,SBDF,tadalafil Oral Tablet [Cialis]
2587746,SBDF,finasteride / tadalafil Oral Capsule [Entadfi]
2677770,SBDF,macitentan / tadalafil Oral Tablet [Opsynvi]
2613561,SCDG,tadalafil Oral Liquid Product
1160859,SCDG,tadalafil Oral Product
1160860,SCDG,tadalafil Pill
2587738,SCDG,finasteride / tadalafil Oral Product
2587739,SCDG,finasteride / tadalafil Pill
2677762,SCDG,macitentan / tadalafil Oral Product
2677763,SCDG,macitentan / tadalafil Pill
1170612,SBDG,Adcirca Oral Product
1170613,SBDG,Adcirca Pill
2110453,SBDG,Alyq Oral Product
2110454,SBDG,Alyq Pill
1170243,SBDG,Cialis Oral Product
1170244,SBDG,Cialis Pill
2587744,SBDG,Entadfi Oral Product
2587745,SBDG,Entadfi Pill
2677768,SBDG,Opsynvi Oral Product
2677769,SBDG,Opsynvi Pill
2613567,SBDG,Tadliq Oral Liquid Product
2613566,SBDG,Tadliq Oral Product
2123194,SCD,Pulmonary Hypertension tadalafil 20 MG Oral Tablet
757707,SCD,tadalafil 2.5 MG Oral Tablet
2613563,SCD,tadalafil 4 MG/ML Oral Suspension
403957,SCD,tadalafil 5 MG Oral Tablet
484814,SCD,tadalafil 10 MG Oral Tablet
402019,SCD,tadalafil 20 MG Oral Tablet
2587741,SCD,finasteride 5 MG / tadalafil 5 MG Oral Capsule
2677765,SCD,macitentan 10 MG / tadalafil 20 MG Oral Tablet
2677773,SCD,macitentan 10 MG / tadalafil 40 MG Oral Tablet
849866,SBD,Pulmonary Hypertension tadalafil 20 MG Oral Tablet [Adcirca]
2110455,SBD,Pulmonary Hypertension tadalafil 20 MG Oral Tablet [Alyq]
762660,SBD,tadalafil 2.5 MG Oral Tablet [Cialis]
2613569,SBD,tadalafil 4 MG/ML Oral Suspension [Tadliq]
404711,SBD,tadalafil 5 MG Oral Tablet [Cialis]
402096,SBD,tadalafil 10 MG Oral Tablet [Cialis]
402097,SBD,tadalafil 20 MG Oral Tablet [Cialis]
2587747,SBD,finasteride 5 MG / tadalafil 5 MG Oral Capsule [Entadfi]
2677771,SBD,macitentan 10 MG / tadalafil 20 MG Oral Tablet [Opsynvi]
2677775,SBD,macitentan 10 MG / tadalafil 40 MG Oral Tablet [Opsynvi]
1442136,SCDF,macitentan Oral Tablet
1442140,SBDF,macitentan Oral Tablet [Opsumit]
1442134,SCDG,macitentan Oral Product
1442135,SCDG,macitentan Pill
1442141,SBDG,Opsumit Oral Product
1442142,SBDG,Opsumit Pill
1442137,SCD,macitentan 10 MG Oral Tablet
1442143,SBD,macitentan 10 MG Oral Tablet [Opsumit]