ndc,rxcui
00480329001,583214
00517430001,583214
00781353191,583214
24979071051,583214
60505623004,583214
67457093750,583214
68001065137,583214
69097039878,583214
71288018350,583214
72603040801,583214
75007004101,583214
68817013450,583218
00143178701,238154
00143178705,238154
00527169501,238154
00527169505,238154
00591336901,238154
00591336905,238154
00603254421,238154
00603254428,238154
00904693806,238154
10702025301,238154
10702025350,238154
33358005930,238154
33358005960,238154
43063036910,238154
43063036915,238154
43063036920,238154
43063036930,238154
43063036960,238154
45865035230,238154
45865035251,238154
45865035260,238154
45865035290,238154
46672005310,238154
46672005350,238154
47781062501,238154
47781062505,238154
50090210500,238154
50090210503,238154
50090256400,238154
50090256403,238154
50090704200,238154
50090704203,238154
50090751900,238154
50268055311,238154
50268055313,238154
50436169501,238154
50436485601,238154
50436485602,238154
51407055601,238154
51407055605,238154
51655059029,238154
51655059050,238154
51862054001,238154
51862054005,238154
52959037000,238154
52959037002,238154
52959037012,238154
52959037020,238154
52959037025,238154
52959037030,238154
52959037050,238154
52959037060,238154
52959037090,238154
55154335600,238154
55700066230,238154
58864085730,238154
60429058901,238154
60429058905,238154
60687067211,238154
60687067265,238154
60760086512,238154
61919002230,238154
61919002260,238154
61919002290,238154
62135075101,238154
63187052030,238154
63187052060,238154
63187052090,238154
63187093314,238154
63187093330,238154
63187093360,238154
63187093390,238154
63629177402,238154
63629177403,238154
63629177405,238154
63629214001,238154
63629215101,238154
63629839200,238154
63629839201,238154
63629839202,238154
63629839203,238154
63629839204,238154
63629839205,238154
63629839206,238154
63629839207,238154
63629839208,238154
63629839209,238154
64380015701,238154
64380015702,238154
66267003912,238154
66267003984,238154
67296220401,238154
67544038330,238154
68071324900,238154
68071324902,238154
68071324903,238154
68071324906,238154
68788412602,238154
68788412603,238154
68788813702,238154
68788813703,238154
68788879402,238154
68788879403,238154
69367020301,238154
69367020305,238154
70010014901,238154
70010014905,238154
70518113400,238154
70518113401,238154
70518113402,238154
70518430900,238154
70518430901,238154
70518446700,238154
70518446701,238154
70518446702,238154
70518446703,238154
70518460100,238154
70518460101,238154
70518460102,238154
70752014210,238154
70752014214,238154
71205051014,238154
71205051030,238154
71205051060,238154
71205051090,238154
71205098100,238154
71205098130,238154
71205098155,238154
71205098160,238154
71205098172,238154
71205098190,238154
71335034700,238154
71335034701,238154
71335034702,238154
71335034703,238154
71335034704,238154
71335034705,238154
71335034706,238154
71335034707,238154
71335034708,238154
71335034709,238154
71335036500,238154
71335036501,238154
71335036502,238154
71335036503,238154
71335036504,238154
71335036505,238154
71335036506,238154
71335036507,238154
71335036508,238154
71335036509,238154
71335176400,238154
71335176401,238154
71335176402,238154
71335176403,238154
71335176404,238154
71335176405,238154
71335176406,238154
71335176407,238154
71335176408,238154
71335176409,238154
71335176700,238154
71335176701,238154
71335176702,238154
71335176703,238154
71335176704,238154
71335176705,238154
71335176706,238154
71335176707,238154
71335176708,238154
71335176709,238154
71335227000,238154
71335227001,238154
71335227002,238154
71335227003,238154
71335227004,238154
71335227005,238154
71335227006,238154
71335227007,238154
71335227008,238154
71335227009,238154
71335227200,238154
71335227201,238154
71335227202,238154
71335227203,238154
71335227204,238154
71335227205,238154
71335227206,238154
71335227207,238154
71335227208,238154
71335227209,238154
71335254600,238154
71335254601,238154
71335254602,238154
71335254603,238154
71335254604,238154
71335254605,238154
71335254606,238154
71335254607,238154
71335254608,238154
71335254609,238154
71335263000,238154
71335263001,238154
71335263002,238154
71335263003,238154
71335263004,238154
71335263005,238154
71335263006,238154
71335263007,238154
71335263008,238154
71335263009,238154
71335960300,238154
71335960301,238154
71335960302,238154
71335960303,238154
71335960304,238154
71335960305,238154
71335960306,238154
71335960307,238154
71335960308,238154
71335960309,238154
71610004230,238154
71610004253,238154
71610004260,238154
71610004270,238154
72189044112,238154
72189044130,238154
72189044160,238154
72189060012,238154
72189060030,238154
72189060060,238154
76420080201,238154
76420080205,238154
76420080210,238154
76420080212,238154
76420080220,238154
76420080230,238154
76420080260,238154
76420080290,238154
79739732001,238154
79739732005,238154
80425056701,238154
80425056702,238154
80425056703,238154
80425057001,238154
80425057002,238154
80425057003,238154
68308022001,211189
00642016210,211194
00264937988,1724784
00409361301,1724784
00409361311,1724784
36000009210,1724784
71351002202,1724784
71351002210,1724784
71351002250,1724784
73293000201,1724784
73293000202,1724784
00143932801,1012396
00143932810,1012396
00404982650,1012396
00409116001,1012396
00409116018,1012396
51662158102,1012396
51662158103,1012396
51662160602,1012396
51662160603,1012396
55150024950,1012396
70069075201,1012396
70069075210,1012396
70069075225,1012396
70594011601,1012396
71288072352,1012396
71872713301,1012396
71872721701,1012396
72603027901,1012396
72603027925,1012396
83270016801,1012396
84549025902,1012396
00143932901,1012404
00143932910,1012404
00247108250,1012404
00404982750,1012404
00409116301,1012404
00409116318,1012404
50090451600,1012404
51662139601,1012404
51662139602,1012404
51662139603,1012404
51662163802,1012404
51662163803,1012404
55150025050,1012404
70069075301,1012404
70069075310,1012404
70069075325,1012404
70594011901,1012404
71288072652,1012404
71872727001,1012404
72603028701,1012404
72603028725,1012404
83270016901,1012404
83854000601,1012404
59923071705,2178759
59923071805,2178760
00143933001,1725078
00143933010,1725078
00409115901,1725078
00409115918,1725078
31722027510,1725078
31722027531,1725078
31722027532,1725078
55150016710,1725078
70594011401,1725078
70594011402,1725078
71288072111,1725078
72266026301,1725078
72266026310,1725078
72603032701,1725078
72603032710,1725078
72603032725,1725078
76420001810,1725078
83270016210,1725078
83854000401,1725078
83854000410,1725078
85766007401,1725078
85766007425,1725078
00143933101,1724880
00143933110,1724880
00409116201,1724880
00409116218,1724880
31722027610,1724880
31722027631,1724880
31722027632,1724880
55150016910,1724880
70594011701,1724880
70594011702,1724880
71288072411,1724880
72266026401,1724880
72266026410,1724880
72603050601,1724880
72603050610,1724880
72603050625,1724880
76420000810,1724880
76420056110,1724880
76420057910,1724880
83270016310,1724880
85766001310,1724880
00143933201,1724787
00143933210,1724787
00409116501,1724787
00409116518,1724787
31722027710,1724787
31722027731,1724787
31722027732,1724787
55150017110,1724787
70594012001,1724787
70594012002,1724787
71288072711,1724787
72603070001,1724787
72603070010,1724787
72603070025,1724787
83270016410,1724787
00143933301,1725082
00143933310,1725082
00409115902,1725082
00409115909,1725082
00409115910,1725082
00409115919,1725082
31722027530,1725082
31722027533,1725082
31722027534,1725082
31722027535,1725082
55150016830,1725082
55154697005,1725082
70594011501,1725082
71288072232,1725082
72603041501,1725082
72603041510,1725082
72603041525,1725082
83270016501,1725082
00143933401,1724884
00143933410,1724884
00409116202,1724884
00409116209,1724884
00409116210,1724884
00409116219,1724884
31722027630,1724884
31722027633,1724884
31722027634,1724884
55150017030,1724884
70594011801,1724884
71288072532,1724884
72603060201,1724884
72603060225,1724884
83270016601,1724884
84549016202,1724884
00143933501,1724786
00143933510,1724786
00409116401,1724786
00409116502,1724786
00409116519,1724786
31722027730,1724786
31722027733,1724786
31722027734,1724786
55150017230,1724786
70594012101,1724786
71288072832,1724786
72603080001,1724786
72603080025,1724786
83270016701,1724786
83854000501,1724786
83854000510,1724786
57884325101,1745061
57884325201,1191508
00404982830,1012377
00409904301,1012377
00409904311,1012377
51662139701,1012377
51662139702,1012377
51662139703,1012377
00409904601,1012384
00409904611,1012384
00409904201,1867594
00409904211,1867594
00409904501,1672917
00409904511,1672917
00404990830,1867596
00409904216,1867596
00409904217,1867596
00409904516,1672919
00409904517,1672919
51715066001,2563417
51715066010,2563417
54274000101,2563417
00074361352,1724792
00409176102,1724792
00409176105,1724792
00409176110,1724792
00409176118,1724792
00409176119,1724792
00409176162,1724792
63323047302,1724807
00409158750,1012400
00404994550,1012455
63323046501,1012455
63323046557,1012455
00409052501,1012406
00409052525,1012406
00409161050,1012406
00404994750,1012457
63323046701,1012457
63323046757,1012457
00404977010,1725079
00409155910,1725079
00409155918,1725079
00409251001,1725079
00409251025,1725079
63323046401,1725175
63323046408,1725175
63323046417,1725175
63323046438,1725175
00409156010,1725044
00409156018,1725044
00409501001,1725044
00409501025,1725044
00404994610,1724881
63323046603,1724881
63323046608,1724881
63323046617,1724881
63323046638,1724881
00409158210,1724796
00409158218,1724796
63323047203,1724809
63323047217,1724809
00409155919,1725083
00409155930,1725083
00409753501,1725083
00409753525,1725083
63323046402,1725177
63323046403,1725177
63323046409,1725177
63323046431,1725177
63323046437,1725177
63323046439,1725177
00404976830,1725046
00409153001,1725046
00409153025,1725046
00409156019,1725046
00409156029,1725046
00186103391,1724885
63323046601,1724885
63323046602,1724885
63323046609,1724885
63323046631,1724885
63323046637,1724885
63323046639,1724885
00409158219,1724794
00409158229,1724794
00409225301,1724794
00409225325,1724794
00186103701,1724810
63323047201,1724810
63323047237,1724810
65250013304,1745062
65250013309,1745062
65250013310,1745062
58198553101,2566190
58198553102,2566190
58198553103,2566190
58198553104,2566190
65250026604,1191513
65250026609,1191513
65250026620,1191513
47426030301,2560306
47426030303,2560306
47426030305,2560306
47426050301,2560306
47426050303,2560306
47426030102,2560308
47426030104,2560308
47426030106,2560308
47426050102,2560308
47426050104,2560308
00362055705,1673142
31382055705,1673142
00362901150,1012461
00409175250,1012381
00409381201,1012381
63323046101,1012413
63323046157,1012413
00409175550,1012388
00409658101,1012388
58472023050,1012388
63323046301,1012417
63323046357,1012417
00409174610,1867612
00409174670,1867612
00409573801,1867612
00409573810,1867612
63323046801,1867618
63323046817,1867618
00409174910,1673242
00409174970,1673242
00409812601,1673242
00409812610,1673242
63323046204,1673296
63323046217,1673296
00409154101,1867614
00409154110,1867614
00409174630,1867614
00409174671,1867614
63323046802,1867620
63323046808,1867620
63323046837,1867620
63323046838,1867620
00409174929,1673243
00409174971,1673243
00409420801,1673243
00409420810,1673243
63323046201,1673298
63323046202,1673298
63323046203,1673298
63323046231,1673298
63323046237,1673298
63323046238,1673298
63323046001,1012421
63323046037,1012421
51715010003,2395798
51715010004,2395798
51715010010,2395798
00409930010,1734203
68462077710,1734203
68462077735,1734203
70069006101,1734203
70069006110,1734203
70069006125,1734203
71288073210,1734203
71288073211,1734203
00409930310,1734090
55150020010,1734090
70069006601,1734090
70069006610,1734090
70069006625,1734090
71288073710,1734090
71288073711,1734090
00143926301,1734207
00143926310,1734207
43066001501,1734207
43066001510,1734207
55150019520,1734207
65145010701,1734207
65145010710,1734207
68462079320,1734207
68462079355,1734207
68462079374,1734207
70069006201,1734207
70069006210,1734207
70069006225,1734207
71288073320,1734207
71288073321,1734207
72603021601,1734207
72603021625,1734207
83854001301,1734207
83854001302,1734207
83854001310,1734207
83854001325,1734207
83854001326,1734207
43066001901,1734483
43066001910,1734483
55150019720,1734483
65145010801,1734483
65145010810,1734483
68462077820,1734483
68462077855,1734483
68462077874,1734483
70069006301,1734483
70069006325,1734483
71288073420,1734483
71288073421,1734483
72603021701,1734483
72603021725,1734483
00143926501,905189
00143926510,905189
00409930220,905189
55150019920,905189
70069006501,905189
70069006525,905189
71288073620,905189
71288073621,905189
00143926601,1734084
00143926610,1734084
00781314214,1734084
00781314280,1734084
43066002701,1734084
43066002710,1734084
55150020120,1734084
65145011001,1734084
65145011010,1734084
67457087700,1734084
67457087720,1734084
68462079520,1734084
68462079555,1734084
70069006701,1734084
70069006710,1734084
70069006725,1734084
71288073820,1734084
71288073821,1734084
72603021901,1734084
72603021925,1734084
83854001501,1734084
83854001525,1734084
00143926401,1734475
00143926410,1734475
00409930130,1734475
00781314030,1734475
43066002301,1734475
43066002310,1734475
55150019830,1734475
65145010901,1734475
65145010910,1734475
67457087630,1734475
67457087699,1734475
68462079430,1734475
68462079462,1734475
68462079484,1734475
70069006401,1734475
70069006410,1734475
70069006425,1734475
71288073530,1734475
71288073531,1734475
72485051901,1734475
72485051910,1734475
72572070701,1734475
72572070710,1734475
72603021801,1734475
72603021825,1734475
83854001401,1734475
83854001402,1734475
83854001405,1734475
83854001406,1734475
83854001410,1734475
83854001425,1734475
83854001426,1734475
84549016425,1734475
85766009730,1734475
85766009801,1734475
85766009825,1734475
00143919501,1734347
00143919524,1734347
25021067166,1734347
25021067182,1734347
43066015201,1734347
43066015210,1734347
55150019699,1734347
65145016501,1734347
65145016510,1734347
65219063202,1734347
65219063210,1734347
67457079810,1734347
67457079899,1734347
68083026201,1734347
70121173201,1734347
70121173203,1734347
70121173209,1734347
70512079701,1734347
70512079724,1734347
00143919701,1734479
00143919724,1734479
25021065282,1734479
70121173401,1734479
70121173403,1734479
70121173407,1734479
00143919601,1734355
00143919612,1734355
25021067167,1734355
25021067187,1734355
43066015401,1734355
43066015410,1734355
65145016601,1734355
65145016610,1734355
65219063204,1734355
65219063220,1734355
67457079920,1734355
67457079999,1734355
68083026301,1734355
70121173301,1734355
70121173303,1734355
70121173309,1734355
70512079801,1734355
70512079824,1734355
25021065287,1734481
70121173503,1734481
70121173507,1734481
63323028501,1734204
63323028503,1734204
63323028510,1734204
63323028513,1734204
63323028801,1734091
63323028803,1734091
63323028810,1734091
63323028811,1734091
63323028506,1734208
63323028507,1734208
63323028520,1734208
63323028523,1734208
63323028528,1734208
63323028541,1734208
63323028601,1734484
63323028605,1734484
63323028620,1734484
63323028623,1734484
63323028627,1734484
63323028641,1734484
63323028701,905191
63323028703,905191
63323028720,905191
63323028721,905191
63323028806,1734086
63323028807,1734086
63323028820,1734086
63323028821,1734086
63323028823,1734086
63323028825,1734086
63323028827,1734086
63323028829,1734086
00404992430,1734476
63323028609,1734476
63323028611,1734476
63323028630,1734476
63323028631,1734476
63323028635,1734476
63323028638,1734476
63323028643,1734476
63323028693,1734476
63323028695,1734476
63323028502,1734348
63323028551,1734348
63323028553,1734348
63323028555,1734348
63323028561,1734348
63323028565,1734348
63323028567,1734348
63323028568,1734348
63323028600,1734480
63323028603,1734480
63323028504,1734356
63323028557,1734356
63323028559,1734356
63323028563,1734356
63323028564,1734356
63323028573,1734356
63323028633,1734482
63323028663,1734482
10135069461,861064
16714060101,861064
16714060102,861064
59762006701,861064
63304084005,861064
63629877401,861064
64980040906,861064
65862022420,861064
65862022460,861064
71093014311,861064
00378418601,312940
00378418605,312940
00378418693,312940
00378801101,312940
00378801105,312940
00615859605,312940
00615859639,312940
00904692461,312940
16714061101,312940
16714061102,312940
16714061103,312940
16714061104,312940
16714061105,312940
16714061106,312940
16729021510,312940
16729021511,312940
16729021515,312940
16729021516,312940
16729021543,312940
23155075703,312940
23155075705,312940
23155075709,312940
31722014505,312940
31722014530,312940
31722014590,312940
31722021205,312940
31722021230,312940
31722021290,312940
33358032130,312940
43353081230,312940
43602097915,312940
43602097916,312940
50090297600,312940
50090297601,312940
50090394700,312940
50090394701,312940
50090584800,312940
50090584801,312940
50090661300,312940
50090661301,312940
50090661400,312940
50090723000,312940
50090739500,312940
50090739501,312940
50090739600,312940
50090761400,312940
50090761401,312940
50090761500,312940
50090769800,312940
50090769801,312940
50090769900,312940
50111093010,312940
50228046705,312940
50228046730,312940
50228046790,312940
50268076811,312940
50268076815,312940
50268082311,312940
50268082315,312940
50436630601,312940
51079014901,312940
51079014920,312940
51655034526,312940
52959087230,312940
52959087238,312940
52959087260,312940
55700022230,312940
55700056230,312940
55700056290,312940
59762496001,312940
59762634701,312940
60505018008,312940
60687023101,312940
60687023111,312940
63187047830,312940
63187047860,312940
63187047890,312940
63187085930,312940
63187085960,312940
63187085990,312940
63304016430,312940
63629331301,312940
63629331302,312940
63629331303,312940
65862001101,312940
65862001105,312940
65862001130,312940
65862001150,312940
65862001151,312940
65862001160,312940
65862001190,312940
65862001199,312940
67046166503,312940
68071395103,312940
68071446203,312940
68071446206,312940
68084018001,312940
68084018011,312940
68180035101,312940
68180035103,312940
68180035106,312940
68180035108,312940
68180035109,312940
68180097801,312940
68180097802,312940
68180097803,312940
68645048770,312940
68645052154,312940
68788404501,312940
68788404503,312940
68788404506,312940
68788404509,312940
68788643701,312940
68788643703,312940
68788643706,312940
68788643709,312940
68788792801,312940
68788792803,312940
68788792806,312940
68788792809,312940
68788868901,312940
68788868903,312940
68788868906,312940
68788868909,312940
69097083302,312940
69097083305,312940
69097083307,312940
69097083312,312940
70010020303,312940
70010020305,312940
70010020309,312940
70010020310,312940
70010020350,312940
70010020353,312940
70010020363,312940
70518093800,312940
70518174800,312940
70518174801,312940
70518417100,312940
70518430700,312940
70518430701,312940
70518442500,312940
70518460600,312940
70518460601,312940
71093012901,312940
71093012903,312940
71093012905,312940
71205034330,312940
71205034360,312940
71205034390,312940
71335032801,312940
71335032802,312940
71335032803,312940
71335032804,312940
71335032805,312940
71335032806,312940
71335080801,312940
71335080802,312940
71335080803,312940
71335080804,312940
71335080805,312940
71335080806,312940
71335107801,312940
71335107802,312940
71335107803,312940
71335107804,312940
71335107805,312940
71335107806,312940
71335107807,312940
71335258701,312940
71335258702,312940
71335258703,312940
71335258704,312940
71335258705,312940
71335258706,312940
71335258707,312940
71335265901,312940
71335265902,312940
71335265903,312940
71335265904,312940
71335265905,312940
71335265906,312940
71335265907,312940
72789034690,312940
72865020505,312940
72865020518,312940
72865020530,312940
72865020590,312940
76282021201,312940
76282021205,312940
76282021218,312940
76282021230,312940
76282021260,312940
76282021290,312940
76420077901,312940
76420077930,312940
76420077960,312940
76420077990,312940
84386009701,312940
84386009705,312940
84386009730,312940
84386009750,312940
84386009751,312940
84386009760,312940
84386009790,312940
84386009799,312940
00378418701,312941
00378418705,312941
00378418793,312941
00378812101,312941
00378812105,312941
00615860305,312941
00615860328,312941
00615860339,312941
00904692561,312941
12634090471,312941
16714061201,312941
16714061202,312941
16714061203,312941
16714061204,312941
16714061205,312941
16714061206,312941
16729021601,312941
16729021610,312941
16729021615,312941
16729021616,312941
16729021643,312941
23155075803,312941
23155075805,312941
23155075809,312941
23155075869,312941
31722014605,312941
31722014630,312941
31722014690,312941
31722021305,312941
31722021330,312941
31722021390,312941
33358032230,312941
42708009230,312941
42708012430,312941
43063003301,312941
43063003330,312941
43063003360,312941
43063003390,312941
43063085530,312941
43063085560,312941
43063085590,312941
43353081715,312941
43353081730,312941
43353081745,312941
43353081760,312941
43602098015,312941
43602098016,312941
50090098900,312941
50090098901,312941
50090098902,312941
50090207100,312941
50090207101,312941
50090207102,312941
50090315300,312941
50090637900,312941
50090637901,312941
50090637902,312941
50090686100,312941
50090766100,312941
50090766101,312941
50090766102,312941
50090766200,312941
50090769100,312941
50090769101,312941
50090769102,312941
50090769200,312941
50090783000,312941
50111093101,312941
50111093102,312941
50111093110,312941
50228046805,312941
50228046830,312941
50228046890,312941
50268076911,312941
50268076915,312941
50268082411,312941
50268082415,312941
50436352001,312941
50436630401,312941
51655026526,312941
51655035226,312941
52959087530,312941
52959087560,312941
52959087590,312941
55045356601,312941
55154356900,312941
55154468700,312941
55700022530,312941
55700034030,312941
55700034060,312941
55700034090,312941
55887016860,312941
55887016890,312941
59762490001,312941
59762490002,312941
59762490003,312941
59762490004,312941
59762490005,312941
59762644301,312941
59762644302,312941
59762644303,312941
60505018103,312941
60687024201,312941
60687024211,312941
60760061290,312941
60760068390,312941
60760073790,312941
60760098890,312941
61919001460,312941
61919034530,312941
61919034560,312941
61919034590,312941
61919045730,312941
61919045760,312941
61919045790,312941
63187005530,312941
63187005560,312941
63187005590,312941
63187076730,312941
63187076760,312941
63187076790,312941
63304016501,312941
63304016505,312941
63304016530,312941
63629330901,312941
63629330902,312941
63629330903,312941
63629330904,312941
63629330905,312941
65862001201,312941
65862001205,312941
65862001230,312941
65862001250,312941
65862001251,312941
65862001260,312941
65862001290,312941
65862001299,312941
67046055503,312941
67046148303,312941
68071054828,312941
68071054856,312941
68071054860,312941
68071131700,312941
68071362603,312941
68071449402,312941
68071449403,312941
68071449405,312941
68071449406,312941
68071449408,312941
68071449409,312941
68071499303,312941
68084018101,312941
68084018111,312941
68180035201,312941
68180035202,312941
68180035203,312941
68180035205,312941
68180035206,312941
68180035209,312941
68180035211,312941
68180098601,312941
68180098602,312941
68180098603,312941
68180098604,312941
68645048870,312941
68645049901,312941
68645052254,312941
68788642901,312941
68788642902,312941
68788642903,312941
68788642906,312941
68788642908,312941
68788642909,312941
68788810901,312941
68788810903,312941
68788810906,312941
68788810909,312941
68788861201,312941
68788861203,312941
68788861206,312941
68788861209,312941
68788873201,312941
68788873203,312941
68788873206,312941
68788873209,312941
69097083402,312941
69097083405,312941
69097083407,312941
69097083412,312941
70010020401,312941
70010020403,312941
70010020405,312941
70010020409,312941
70010020410,312941
70010020453,312941
70010020463,312941
70518015300,312941
70518015301,312941
70518015302,312941
70518161700,312941
70518161701,312941
70518281200,312941
70518281201,312941
70518281202,312941
70518281203,312941
70518281204,312941
70518281205,312941
70518415700,312941
70518415701,312941
70518451800,312941
70518451801,312941
70518451802,312941
70518451803,312941
70518451804,312941
70518451805,312941
70934016990,312941
71093013001,312941
71093013003,312941
71093013005,312941
71205002830,312941
71205002860,312941
71205002890,312941
71205020530,312941
71205020560,312941
71205020590,312941
71335040301,312941
71335040302,312941
71335040303,312941
71335040304,312941
71335040305,312941
71335040306,312941
71335040307,312941
71335040308,312941
71335040309,312941
71335041501,312941
71335041502,312941
71335041503,312941
71335041504,312941
71335041505,312941
71335041506,312941
71335041507,312941
71335041508,312941
71335041509,312941
71335071801,312941
71335071802,312941
71335071803,312941
71335071804,312941
71335071805,312941
71335071806,312941
71335071807,312941
71335071808,312941
71335071809,312941
71335230001,312941
71335230002,312941
71335230003,312941
71335230004,312941
71335230005,312941
71335295501,312941
71335295502,312941
71335971401,312941
71335971402,312941
71335971403,312941
71335971404,312941
71335971405,312941
71335971406,312941
71335971407,312941
71335971408,312941
71335971409,312941
71610081815,312941
71610081830,312941
71610081845,312941
71610081860,312941
72162237001,312941
72162237003,312941
72162237006,312941
72162237008,312941
72162237009,312941
72189055130,312941
72189055190,312941
72789001330,312941
72789001360,312941
72789001390,312941
72865020605,312941
72865020618,312941
72865020630,312941
72865020690,312941
76282021301,312941
76282021305,312941
76282021318,312941
76282021330,312941
76282021360,312941
76282021390,312941
76420078101,312941
76420078130,312941
76420078160,312941
76420078190,312941
80425020001,312941
80425020002,312941
80425020003,312941
82009004905,312941
82868010090,312941
84386009801,312941
84386009805,312941
84386009830,312941
84386009850,312941
84386009851,312941
84386009860,312941
84386009890,312941
84386009899,312941
00378418801,312938
00378418805,312938
00378418893,312938
00378812701,312938
00378812705,312938
00615860405,312938
00615860428,312938
00615860439,312938
00904692661,312938
16714061301,312938
16714061302,312938
16714061303,312938
16714061304,312938
16714061305,312938
16714061306,312938
16729021701,312938
16729021710,312938
16729021715,312938
16729021716,312938
16729021743,312938
23155075903,312938
23155075905,312938
23155075909,312938
31722014705,312938
31722014730,312938
31722014790,312938
31722021405,312938
31722021430,312938
31722021490,312938
33358032330,312938
35356083230,312938
35356083260,312938
35356083290,312938
43063075430,312938
43063075460,312938
43063075490,312938
43353036215,312938
43353036415,312938
43353044715,312938
43353044730,312938
43353044745,312938
43353044753,312938
43353044773,312938
43353080915,312938
43353080930,312938
43353080945,312938
43353080953,312938
43353080960,312938
43353080973,312938
43353080980,312938
43602098115,312938
43602098116,312938
45865052430,312938
45865052451,312938
45865052460,312938
45865052490,312938
50090099100,312938
50090099101,312938
50090099102,312938
50090208000,312938
50090208001,312938
50090208002,312938
50090320300,312938
50090320301,312938
50090320302,312938
50090321700,312938
50090691700,312938
50090729500,312938
50090769300,312938
50090769301,312938
50090769302,312938
50090769400,312938
50090770000,312938
50090770001,312938
50090770002,312938
50090770100,312938
50111093201,312938
50111093202,312938
50111093210,312938
50228046905,312938
50228046930,312938
50228046990,312938
50268077011,312938
50268077015,312938
50268082511,312938
50268082515,312938
50436630501,312938
51079015101,312938
51079015120,312938
51079076401,312938
51079076420,312938
51655017326,312938
51655017352,312938
51655097945,312938
52959087600,312938
52959087630,312938
52959087660,312938
55045356201,312938
55154357000,312938
55154469200,312938
55700036200,312938
55700036230,312938
55700036260,312938
55700036290,312938
59762491002,312938
59762491003,312938
59762491004,312938
59762516001,312938
59762516002,312938
59762516003,312938
60505018208,312938
60687025301,312938
60687025311,312938
60760009190,312938
60760073890,312938
61919008620,312938
61919008630,312938
61919008660,312938
61919008690,312938
61919041630,312938
61919041660,312938
61919041690,312938
63187021230,312938
63187021260,312938
63187021290,312938
63187079530,312938
63187079560,312938
63187079590,312938
63304016601,312938
63304016605,312938
63304016630,312938
63629328901,312938
63629328902,312938
63629328903,312938
63629328904,312938
65862001301,312938
65862001305,312938
65862001325,312938
65862001330,312938
65862001350,312938
65862001360,312938
65862001390,312938
65862001399,312938
67046055403,312938
67046168203,312938
67544090815,312938
68071070228,312938
68071070260,312938
68071131800,312938
68071353403,312938
68071465803,312938
68071497306,312938
68084018201,312938
68084018211,312938
68180035301,312938
68180035302,312938
68180035303,312938
68180035305,312938
68180035306,312938
68180035309,312938
68180035311,312938
68180099201,312938
68180099202,312938
68180099203,312938
68180099204,312938
68645050001,312938
68645052354,312938
68645058954,312938
68788683501,312938
68788683502,312938
68788683503,312938
68788683506,312938
68788683508,312938
68788683509,312938
68788821003,312938
68788821006,312938
68788821009,312938
68788866901,312938
68788866902,312938
68788866903,312938
68788866906,312938
68788866908,312938
68788866909,312938
69097083502,312938
69097083505,312938
69097083507,312938
69097083512,312938
70010020501,312938
70010020503,312938
70010020505,312938
70010020509,312938
70010020510,312938
70010020553,312938
70010020563,312938
70518104000,312938
70518244800,312938
70518244801,312938
70518244802,312938
70518244803,312938
70518244804,312938
70518244805,312938
70518244806,312938
70518244807,312938
70518244808,312938
70518459000,312938
71093013101,312938
71093013103,312938
71093013105,312938
71205004730,312938
71205004760,312938
71205004790,312938
71205045530,312938
71205045560,312938
71205045590,312938
71335021001,312938
71335021002,312938
71335021003,312938
71335021004,312938
71335021005,312938
71335021006,312938
71335021007,312938
71335021008,312938
71335021009,312938
71335051001,312938
71335051002,312938
71335051003,312938
71335051004,312938
71335051005,312938
71335051006,312938
71335051007,312938
71335051008,312938
71335051009,312938
71335089601,312938
71335089602,312938
71335089603,312938
71335089604,312938
71335089605,312938
71335089606,312938
71335089607,312938
71335089608,312938
71335089609,312938
71335311001,312938
71335311002,312938
71335311003,312938
71335311004,312938
71335311005,312938
71335311006,312938
71335311007,312938
71335311008,312938
71335311009,312938
71335311501,312938
71335311502,312938
71335311503,312938
71335311504,312938
71335311505,312938
71335311506,312938
71335311507,312938
71335311508,312938
71335311509,312938
71610043315,312938
71610043545,312938
71610043553,312938
71610043560,312938
71610043573,312938
71610043580,312938
71610065115,312938
71610065130,312938
71610065145,312938
71610065153,312938
71610065160,312938
71610065173,312938
71610065180,312938
71610076915,312938
71610076930,312938
71610076945,312938
71610076953,312938
71610076960,312938
71610076973,312938
71610076980,312938
71610088615,312938
71610088645,312938
71610088660,312938
71610088673,312938
71610088680,312938
72162240703,312938
72162241100,312938
72162241101,312938
72162241105,312938
72189012230,312938
72189012260,312938
72189012290,312938
72789008860,312938
72789009230,312938
72789009260,312938
72789009290,312938
72789027301,312938
72865020705,312938
72865020718,312938
72865020730,312938
72865020790,312938
76282021401,312938
76282021405,312938
76282021418,312938
76282021430,312938
76282021460,312938
76282021490,312938
76420078601,312938
76420078630,312938
76420078660,312938
76420078690,312938
80425031001,312938
80425031002,312938
80425031003,312938
82009005005,312938
84386009901,312938
84386009905,312938
84386009925,312938
84386009930,312938
84386009950,312938
84386009960,312938
84386009990,312938
84386009999,312938
47781095130,410584
52427066430,410584
69097043802,410584
69238278901,410584
70377012811,410584
70710194803,410584
70771191303,410584
70954089910,410584
75907031030,410584
47781096230,251201
52427067230,251201
69097045102,251201
69238279101,251201
70377012911,251201
70710194903,251201
70771191403,251201
70954090010,251201
75907031130,251201
00049005001,861066
58151060135,861066
00049496030,212233
52959078730,212233
58151057493,212233
00049490030,208161
00049490041,208161
00049490073,208161
00049490094,208161
13411015201,208161
13411015203,208161
13411015206,208161
13411015209,208161
13411015215,208161
52959036100,208161
52959036114,208161
52959036130,208161
52959036160,208161
58151057532,208161
58151057588,208161
58151057593,208161
58864070730,208161
66105056010,208161
00049491030,208149
00049491041,208149
13411015301,208149
13411015303,208149
13411015306,208149
13411015309,208149
13411015315,208149
52959078130,208149
52959078160,208149
55289055015,208149
55289055030,208149
58151057632,208149
58151057688,208149
58151057693,208149
58864062715,208149
58864062730,208149
66105056110,208149
10432001301,313841
60142013301,313841
10135038327,602127
10432006702,198893
54629006601,198893
57896084216,308377
69618001854,308377
76518001204,308377
81033000805,308377
81033000850,308377
17856002201,2707116
84781086702,2707116
75376010230,199834
93595203701,199834
27917001920,1441371
81131011120,1441371
33674013607,245473
84781086601,245473
87701042638,245473
10432001201,141991
10432001202,141991
00904052560,308384
49348008110,308384
52735005401,308384
54629007001,308384
54629087001,308384
60142013401,308384
68016032510,308384
80681012900,308384
10135038427,602135
10135014101,199083
10135014110,199083
10432007501,199083
10432007503,199083
11917004632,199083
17856052202,199083
20555000100,199083
43292032128,199083
49348008010,199083
49348008019,199083
50268086011,199083
50268086015,199083
50428049435,199083
52735005301,199083
54629006901,199083
54629008502,199083
57896083101,199083
57896083110,199083
58487000751,199083
58487000753,199083
68016038900,199083
74312001820,199083
83035183801,199083
50989042912,312969
50989042915,312969
57319049605,312969
57319049606,312969
57561034804,312969
57561034805,312969
58005034804,312969
58005034805,312969
59051907705,312969
60270034213,312969
10135023703,313803
10135023761,313803
10432015701,313803
10432015702,313803
10939060144,313803
11383002826,313803
11917007523,313803
11917014673,313803
24385025758,313803
31604001496,313803
31604001879,313803
31604002456,313803
31604112509,313803
40093010168,313803
40093010324,313803
43292022323,313803
43292055574,313803
49348038810,313803
50268086111,313803
50268086115,313803
52735005601,313803
54629030820,313803
54629070001,313803
54629087301,313803
58526000536,313803
60142013501,313803
60142013505,313803
68016001777,313803
74312000500,313803
74312003880,313803
79854013082,313803
81131057371,313803
81131074913,313803
10006070039,308391
54629092001,308391
74312004750,308391
10432008401,308392
10432008402,308392
10432008403,308392
11845018111,308392
31604001645,308392
54629009701,308392
68016002075,308392
31604002509,198896
33674040310,198896
33674040311,198896
57896083908,2121705
00536329201,282402
00536329210,282402
00761009420,282402
00761009450,282402
00904052360,282402
00904052361,282402
00904052372,282402
00904052380,282402
10135014201,282402
10135014203,282402
10135014205,282402
10135014210,282402
10135014230,282402
10135014260,282402
10135014269,282402
10135016513,282402
10135023901,282402
10135023969,282402
10432009601,282402
10432009602,282402
10432025001,282402
10432025002,282402
10432025003,282402
11383003025,282402
11383003026,282402
11845005171,282402
11845051701,282402
11917007521,282402
11917007522,282402
11917017091,282402
16103035508,282402
16103035511,282402
31604001484,282402
31604001485,282402
31604001486,282402
31604001881,282402
35046000176,282402
35046000193,282402
37205008978,282402
37205008985,282402
37864092099,282402
40093010604,282402
40985021002,282402
43292022325,282402
47469007760,282402
47469007762,282402
49348007410,282402
49348008310,282402
49348008410,282402
49348038510,282402
49348046610,282402
49523008401,282402
50428028693,282402
50428028842,282402
50428038158,282402
51645092001,282402
51645092099,282402
52735005501,282402
52735005507,282402
52735005901,282402
53191004101,282402
54629007601,282402
54629008602,282402
54629009605,282402
54629045003,282402
54629050001,282402
57896084101,282402
57896084110,282402
57896084120,282402
57896084150,282402
60142011510,282402
60258014101,282402
63629298801,282402
63629298802,282402
63629298803,282402
63629298804,282402
63629298805,282402
68016001773,282402
68016001775,282402
68016001776,282402
68016053800,282402
68094011359,282402
68094011361,282402
71335972801,282402
71335972802,282402
71335972803,282402
71335972804,282402
71335972805,282402
71335972806,282402
73057035508,282402
74312001474,282402
74312001510,282402
74312001515,282402
74312014765,282402
74312700408,282402
78742043619,282402
78742043620,282402
79854030035,282402
83035183901,282402
83035183905,282402
87701040739,282402
54629037475,237722
65219002705,308395
65219002750,308395
65219002755,308395
67457011850,308395
71414011501,308395
71149000047,2603482
10432017401,308382
10432017402,308382
10432017403,308382
30727044707,308382
31604001264,308382
35046000185,308382
35046000201,308382
37205013372,308382
54629093106,308382
60142011601,308382
81131092886,308382
33674040312,245462
33674040313,245462
00761037920,198897
10432007601,198897
10432007602,198897
10432007603,198897
10432020801,198897
10432020802,198897
11383003226,198897
11383009326,198897
11917004625,198897
31604001780,198897
35046000200,198897
37205012978,198897
40093010391,198897
40093010603,198897
40985022383,198897
43292022327,198897
49348032710,198897
49348039010,198897
49348040912,198897
50268086211,198897
50268086215,198897
50428027221,198897
50428029391,198897
50428041181,198897
52735005101,198897
54022100901,198897
54022100902,198897
54629009301,198897
54629051101,198897
54629093002,198897
57896083001,198897
68016001770,198897
68016001771,198897
68016002045,198897
68016002046,198897
68016044000,198897
74312000690,198897
74312006883,198897
80681016600,198897
83035184001,198897
83035184005,198897
10432018601,846045
10432018603,846045
35046000202,237718
54629093205,237718
60142011801,237718
60142011806,237718
10432015001,282737
00536440601,1100457
10135011901,1100457
10135011910,1100457
10135011930,1100457
10175011910,1100457
61748009201,1100457
61748009210,1100457
61748009230,1100457
83035182701,1100457
83035182705,1100457
40093010110,2603517
57629030010,242668
60258009901,242668
80681017600,242668
58198079201,1648169
71399750405,1537233
52959096750,313599
76518002050,2713891
44946103508,1365980
52959024250,1365980
58657032350,1365980
61269016450,1365980
81542074350,1365980
44946103608,1365984
58657032450,1365984
61269016750,1365984
63629114101,1365984
72162165902,1365984
13811051810,348689
57629040010,1087414
60258010101,1087414
68016002228,891706
63044063510,999799
54629075506,1090824
00093356019,800915
00093356026,800915
68682020175,800915
13811060990,1087406
13811054330,1485531
13811059830,1043300
63044062201,891522
63044062230,891522
63044062290,891522
72287012130,348025
00247044650,1234482
44946200508,1234482
44946201708,1234482
44946201808,1234482
52959059350,1234482
52959086350,1234482
58657032550,1234482
58657032650,1234482
61269016150,1234482
61269016250,1234482
62542080550,1234482
58657016301,1235389
62542020030,1235389
58657016401,1364854
58657016501,1364855
58657016590,1364855
61269015701,1364855
63629113801,1364855
63629113901,1364855
72162165701,1364855
72162165709,1364855
13925011601,1313925
42937070610,1313925
60258019601,1313925
00093722193,1248142
13811052990,1248142
63736085958,212360
49483000701,211855
49483000710,211855
67157010150,2002739
67157010151,2002739
00944417601,728491
00944417705,728491
00944417802,728491
00944417910,728491
63736000046,1799178
63736012301,1799178
63717009901,1088869
51991070390,808085
54771390301,1648174
54771390302,1648174
54771390201,2612086
00087040303,876679
64980017303,861072
63044063321,999783
63044063217,999749
63717010001,1087418
24208043262,891815
24208043272,891815
24208053210,891793
24208053220,891793
24208053230,891793
24208053293,891793
24208040319,891709
24208063210,891820
24208063211,891820
24208063261,891820
00178008990,836270
13811001290,1087238
51991063501,1087208
13811053890,1087302
52747071130,999826
52747071160,999826
65649020175,800918
65649020176,800918
63833038602,1484963
63833038702,1484963
63833039601,1484963
63833039701,1484963
68982026101,2643209
68982026102,2643209
68982026181,2643209
68982026182,2643209
54629040766,1090975
24208038760,891719
24208038762,891719
24208038819,891719
67555013050,1087410
67555013590,1087410
10542007010,826860
60258016001,877466
17856615102,1090972
54838000870,1090972
54838000880,1090972
00087040203,876861
76413033701,876861
10542007510,826865
10542001510,826653
10542005010,1114342
44946101401,1428828
44946102205,1428828
54643564901,1304564
54643565002,1304564
54643786201,1304564
54643787402,1304564
54643900701,1304564
54643901502,1304564
54643564601,1305222
54643564700,1305222
54643788601,1305222
54643789800,1305222
54643902301,1305222
54643903100,1305222
52747062004,1314672
52747062010,1314672
52747062030,1314672
00642007001,1119573
00642007003,1119573
00642007030,1119573
00277017901,1116183
00178083230,1100471
65649040001,2045245
65649040002,2045245
50967012630,1102207
00363047340,1090946
32390003916,1090946
36800047338,1090946
68163077104,1090946
68163077404,1090946
68163077408,1090946
69423080912,1090946
00031869412,1370211
00043635004,1370211
00395912694,2373441
00395912698,2373441
11169004908,2373441
45728044494,2373441
45728044498,2373441
00363015904,1090496
00363030026,1090496
24385026226,1090496
24385026326,1090496
24385049326,1090496
36800030026,1090496
36800050904,1090496
46122032426,1090496
46122078429,1090496
49348090334,1090496
49580038304,1090496
55910030904,1090496
58552014304,1090496
58552014404,1090496
58552014904,1090496
58552015004,1090496
59779043326,1090496
63868007004,1090496
63868095704,1090496
63941030904,1090496
63941045504,1090496
65852000404,1090496
65852000704,1090496
68016002192,1090496
68016015604,1090496
68016015904,1090496
68016062304,1090496
68016074204,1090496
68163074204,1090496
69842063404,1090496
75663000210,1090496
76206000210,1090496
83324013404,1090496
72854026720,1370219
72854026740,1370219
00363025402,1440908
00363935816,2683424
72854008116,2683424
79903033716,2683424
49873030101,1861935
71598010240,2002003
00031034068,2173731
00031034077,2173731
00031931010,2173731
00031931020,2173731
00031874320,1090487
00031930201,1090487
00363044209,1090487
00363661009,1090487
00363899020,1090487
00536133434,1090487
00536148034,1090487
35916046101,1090487
35916046102,1090487
35916046103,1090487
35916046104,1090487
46122042660,1090487
46122067960,1090487
51316077823,1090487
51316087723,1090487
53345001101,1090487
53345002801,1090487
55629001102,1090487
59779066209,1090487
63868082420,1090487
68016030120,1090487
70692077806,1090487
70692077885,1090487
72090006301,1090487
73629000510,1090487
80513031106,1090487
82725101001,1090487
82725401001,1090487
82725401002,1090487
82725411001,1090487
82725411002,1090487
83059002701,1090487
83059011008,1090487
83059011606,1090487
83324030320,1090487
84324003701,1090487
71598015200,2173733
71598020015,2173733
72854035120,2173733
71598010030,2173856
00031865510,1373045
00031872510,1373045
00031872610,1373045
00031875303,1373045
00031875415,1373045
00031875515,1373045
00113038421,1373045
00113038428,1373045
00113095821,1373045
00113095828,1373045
00363038421,1373045
00363038428,1373045
00363049421,1373045
00363049428,1373045
00363089921,1373045
00363089928,1373045
00363095821,1373045
00363095828,1373045
00904631256,1373045
11673011421,1373045
11673011428,1373045
11822038401,1373045
11822038402,1373045
11822049401,1373045
11822049402,1373045
11822095801,1373045
17856631201,1373045
17856631202,1373045
21130001221,1373045
21130052021,1373045
21130053821,1373045
21130089021,1373045
30142038421,1373045
30142049421,1373045
30142095821,1373045
36800049421,1373045
36800049428,1373045
36800055221,1373045
36800055228,1373045
37205069721,1373045
37205069821,1373045
37808038421,1373045
37808038428,1373045
41163038421,1373045
41250038428,1373045
41250049428,1373045
41250089928,1373045
41250095828,1373045
41520038421,1373045
41520095821,1373045
42507038400,1373045
42507038401,1373045
42507038421,1373045
42507038428,1373045
42507049421,1373045
42507049489,1373045
45802043321,1373045
46122014121,1373045
46122014125,1373045
46122029321,1373045
46122029421,1373045
49035038421,1373045
49035038428,1373045
49035089928,1373045
49035095828,1373045
51316026321,1373045
51316026328,1373045
51316042921,1373045
51316042928,1373045
55910038421,1373045
55910095821,1373045
56062038421,1373045
58602061005,1373045
58602061006,1373045
58602061105,1373045
58602061106,1373045
58602061705,1373045
58602061706,1373045
58602061805,1373045
58602061806,1373045
59779038421,1373045
59779038428,1373045
59779070921,1373045
59779070928,1373045
59779095821,1373045
59779095828,1373045
62011017601,1373045
62011025101,1373045
65162070076,1373045
65162070077,1373045
65162079976,1373045
65162079977,1373045
70000018701,1373045
70000019501,1373045
70000030201,1373045
70000030202,1373045
70677102501,1373045
70677102601,1373045
72162228102,1373045
72288038428,1373045
72288049428,1373045
72288089928,1373045
72288095828,1373045
00113530540,2604561
00363619008,2604561
00363621916,2604561
00363810012,2604561
41100059786,2604561
42507053240,2604561
51316042112,2604561
51316066506,2604561
55319095412,2604561
55758041506,2604561
55910014240,2604561
69230033108,2604561
69423084312,2604561
69423097206,2604561
69423097208,2604561
76162048340,2604561
82706001101,2604561
82706002201,2604561
84126030408,2604561
84126030712,2604561
69676009609,2693770
00043634804,1796708
00363650404,1370113
50580019401,1370113
51316065004,1370113
59779019626,1370113
00031875012,1919076
00031875018,1919076
00031877112,1919076
00031877118,1919076
51316063108,1919076
51316066203,1919076
63824022166,1919076
63824022264,1919076
68163074908,1919076
69842094708,1919076
72854006404,1919076
72854007004,1919076
87078033101,1919076
87078033116,1919076
69676009309,2693772
00067298190,1359455
00067820401,1359455
00363069834,1359455
36800069834,1359455
50580014008,1359455
50580021301,1359455
79481011000,1359455
84126035608,1359455
84126035612,1359455
00067635818,2122363
00280015201,2678223
00280015202,2678223
00280827924,2678223
00067011101,2685209
00067011102,2685209
00067434942,2685209
00067435023,2685209
35916221101,1867684
50580013008,1867684
50580013024,1867684
51013066601,1867684
51013066701,1867684
51316089716,1867684
53345005601,1867684
69168047429,1867684
69168047451,1867684
69168047493,1867684
69423080324,1867684
69729005610,1867684
69729080810,1867684
69729080910,1867684
72854017108,1867684
72854017110,1867684
72854017116,1867684
72854021416,1867684
76281060903,1867684
82706001501,1867684
82706001502,1867684
82706001503,1867684
82706001504,1867684
23900003496,2709673
50269055401,2709673
51316067662,2709673
51316080309,2709673
66715620402,2709673
66715680402,2709673
66715960402,2709673
70000074701,2709673
70677131301,2709673
72854016102,2709673
72854016104,2709673
72854016110,2709673
72854016120,2709673
72854021520,2709673
79903043320,2709673
79903044712,2709673
84126035202,2709673
84126035224,2709673
00067816201,247324
00135703320,247324
00135703350,247324
50580044601,247324
50580058601,247324
51316098301,247324
00067000711,2670598
00067010006,2670598
00067010099,2670598
58933055201,2670598
58933055208,2670598
70264004701,2670598
79903035501,2670598
79903043606,2670598
00067000710,2670678
00067000720,2670678
00067010306,2670678
00067010606,2670678
00067327240,2636656
00067792102,2636656
00363530906,2636656
00363539006,2636656
46122084159,2636656
51316053906,2636656
51316055806,2636656
51316060405,2636656
76162053906,2636656
82442055806,2636656
00363111318,1039251
36800083618,1039251
37808006218,1039251
41250006618,1039251
69842037718,1039251
79903004218,1039251
00113601926,2683421
00363361126,2683421
00904753120,2683421
30142078026,2683421
41163026026,2683421
42507072700,2683421
42507072726,2683421
46122081329,2683421
50026066036,2683421
51316051326,2683421
51316051334,2683421
51316063204,2683421
56062050226,2683421
59640020026,2683421
68788409401,2683421
69536031504,2683421
69536031508,2683421
70000071501,2683421
70677128701,2683421
72476019926,2683421
76162009926,2683421
79481120000,2683421
79903034904,2683421
82442036608,2683421
82442065404,2683421
58593000106,2676758
58593000206,2676758
65852001306,2676758
00363075208,1114361
23900001433,1114361
37000055608,1114361
37000093708,1114361
49035054508,1114361
51316075208,1114361
69423077908,1114361
49348075434,636568
65131041809,636568
00031866012,1111440
00031869213,1111440
00031869312,1111440
00363756004,1111440
00363757204,1111440
24286155104,1111440
51316074504,1111440
55319075404,1111440
69676008809,1111440
00372003604,1370125
15187003604,1370125
00067635718,1251811
00363968921,1421985
00904663444,1421985
11523000801,1421985
11523360101,1421985
11523432601,1421985
11822068902,1421985
21130068921,1421985
36800068921,1421985
41100081138,1421985
41163069821,1421985
46122070573,1421985
50090553400,1421985
50804068921,1421985
50844068921,1421985
53943068921,1421985
55301068921,1421985
55319068921,1421985
55910068921,1421985
63868017901,1421985
63868017916,1421985
63868017999,1421985
63941098921,1421985
69732001201,1421985
69842068921,1421985
70000032401,1421985
83324007216,1421985
83324007224,1421985
50991027115,2741371
50991027116,2741371
79903041308,2743624
00113066834,1234386
00113066840,1234386
00363001940,1234386
00363066830,1234386
00363066834,1234386
00363066838,1234386
00363066840,1234386
00363499012,1234386
21130049912,1234386
23900001431,1234386
23900001432,1234386
24385046134,1234386
24385046140,1234386
30142066840,1234386
37000055008,1234386
37000055012,1234386
41163055140,1234386
51316049912,1234386
53943050828,1234386
59779066840,1234386
63868023712,1234386
63868029208,1234386
63868080808,1234386
63941049908,1234386
68016007201,1234386
68016007206,1234386
70000019301,1234386
83324015308,1234386
68163066008,2629973
00031871813,1115329
00031871818,1115329
00031871824,1115329
00031875812,1115329
00031875818,1115329
00031876212,1115329
00363075804,1115329
00363104319,1115329
11822600500,1115329
36800078826,1115329
41250075804,1115329
41520082626,1115329
42507068900,1115329
42507068926,1115329
46122054234,1115329
49035094319,1115329
50844004336,1115329
51316006226,1115329
51316043036,1115329
51316043136,1115329
55505017333,1115329
55505022133,1115329
55505022136,1115329
55910070926,1115329
68163066104,1115329
69842069926,1115329
72288058704,1115329
46122037534,1371196
59779014504,1371196
00363936016,2683423
51316008116,2683423
72854008216,2683423
00031034074,2685210
00031931120,2685210
53113051406,2719927
53113051506,2719927
53145008008,1298228
53145032204,1298228
53145040206,1298228
65131018098,1298228
79903041208,1298228
23900001438,1014005
23900003917,1014005
37000069012,1014005
37000095908,1014005
69423081012,1014005
69423081024,1014005
84126031006,1014005
84126035512,1014005
00031870213,1790650
00031871513,1790650
00031875712,1790650
00031875718,1790650
00031875912,1790650
00031876012,1790650
00113172526,1790650
00113172534,1790650
00363160326,1790650
00363160334,1790650
00363744008,1790650
00363747004,1790650
00363757104,1790650
00536134897,1790650
00904722320,1790650
00904722359,1790650
00904744120,1790650
11822163000,1790650
11822163001,1790650
41163081326,1790650
41163081334,1790650
43122078334,1790650
46122070426,1790650
46122070434,1790650
46122078229,1790650
46122078234,1790650
46122078334,1790650
50090674700,1790650
50090725700,1790650
51316008234,1790650
51316047334,1790650
51316074408,1790650
55910077626,1790650
56062060726,1790650
56062060734,1790650
59640010026,1790650
59640010034,1790650
68016074404,1790650
68163074704,1790650
68788826801,1790650
68788830001,1790650
68788830301,1790650
69842051326,1790650
69842051334,1790650
70000059601,1790650
70000059602,1790650
70000067001,1790650
70000071301,1790650
70677013901,1790650
70677013902,1790650
70677103501,1790650
70677103502,1790650
70677118501,1790650
70677118502,1790650
70677126101,1790650
70677126102,1790650
72288063126,1790650
72288063134,1790650
72476063026,1790650
76162060026,1790650
76162060034,1790650
79481006300,1790650
79481747008,1790650
79903009508,1790650
83324002304,1790650
83324002308,1790650
83324002504,1790650
83324032704,1790650
00031209701,1020138
00031209702,1020138
00031209801,1020138
00031301850,1020138
00031301860,1020138
00031301870,1020138
00031871510,1020138
00031873912,1020138
00031873918,1020138
00031873942,1020138
00031875612,1020138
00031875618,1020138
00113041926,1020138
00113092726,1020138
00113092734,1020138
00363023206,1020138
00363023208,1020138
00363041706,1020138
00363041926,1020138
00363050506,1020138
00363050606,1020138
00363102326,1020138
00363102334,1020138
00363114426,1020138
00363114434,1020138
00363338006,1020138
00363552704,1020138
00363600506,1020138
00363729606,1020138
00363739006,1020138
00363755004,1020138
00363775404,1020138
00363803145,1020138
10202074004,1020138
11673062726,1020138
11673062734,1020138
11822133201,1020138
11822133202,1020138
11822505006,1020138
21130050506,1020138
21130070726,1020138
21130070734,1020138
30142041926,1020138
30142050806,1020138
30142084326,1020138
36800041926,1020138
36800060506,1020138
36800084726,1020138
36800084734,1020138
37205099326,1020138
37808051825,1020138
37808059404,1020138
37808063926,1020138
37808063934,1020138
41163070426,1020138
41163070434,1020138
41226073906,1020138
41250026134,1020138
41250074806,1020138
41520093126,1020138
41520093134,1020138
42507063058,1020138
46122021830,1020138
46122037130,1020138
46122054134,1020138
46122078629,1020138
46122084029,1020138
49035055203,1020138
49035070526,1020138
49035077303,1020138
49035083906,1020138
49035093000,1020138
49035093019,1020138
49348082834,1020138
50001080573,1020138
50428033399,1020138
50428052219,1020138
51316030419,1020138
51316030436,1020138
51316030519,1020138
51316030536,1020138
51316031045,1020138
51316038945,1020138
51316050019,1020138
51316055203,1020138
51316074004,1020138
51316074008,1020138
51316077508,1020138
51316082600,1020138
51316082626,1020138
52412099201,1020138
53041062858,1020138
53942051825,1020138
53943051224,1020138
53943051825,1020138
55319073145,1020138
55319074004,1020138
55319092403,1020138
55758001304,1020138
55758030702,1020138
55910014695,1020138
55910050508,1020138
55910075526,1020138
57896059108,1020138
59779041926,1020138
59779090724,1020138
62011037201,1020138
63824001922,1020138
63824001966,1020138
63824021366,1020138
63824021464,1020138
63824021466,1020138
63824028664,1020138
63824053566,1020138
63824094603,1020138
63824094634,1020138
63824095764,1020138
63868023506,1020138
63868077104,1020138
63941051825,1020138
67091034206,1020138
68016015804,1020138
68016022200,1020138
68016074004,1020138
68163060506,1020138
68391029934,1020138
68391071100,1020138
68391071134,1020138
69256050506,1020138
69618007258,1020138
69676003709,1020138
69842057704,1020138
69842081926,1020138
69842081934,1020138
69842090406,1020138
69842092606,1020138
69842093706,1020138
70000000801,1020138
70000012901,1020138
70000038701,1020138
70000056501,1020138
70000062801,1020138
70000062802,1020138
70000063001,1020138
70000070701,1020138
70677004801,1020138
70677103601,1020138
72288029334,1020138
72854015966,1020138
73282252301,1020138
73282252302,1020138
73282252303,1020138
76162029404,1020138
76162062858,1020138
76162075104,1020138
76281051224,1020138
81033021305,1020138
81033021310,1020138
81033021350,1020138
81033021351,1020138
82442075104,1020138
82673010204,1020138
82706001301,1020138
82706002401,1020138
83324002606,1020138
83324032306,1020138
83324032404,1020138
83324032408,1020138
85786060404,1020138
84379027404,2692303
58809018708,2671189
00113035926,996520
00113035934,996520
00113057826,996520
00121063800,996520
00121063804,996520
00121063805,996520
00121063808,996520
00121063816,996520
00121127600,996520
00121127610,996520
00363035926,996520
00363035934,996520
00363035940,996520
00363039640,996520
00363057826,996520
00363057834,996520
00536131385,996520
00904713470,996520
00904713572,996520
00904751241,996520
00904751270,996520
00904751366,996520
00904751372,996520
11383017808,996520
11383025408,996520
11383031108,996520
11673077508,996520
11822030400,996520
11917010135,996520
11917010136,996520
17856013401,996520
17856013402,996520
17856100601,996520
17856100603,996520
17856100604,996520
17856112601,996520
17856112602,996520
17856112603,996520
17856112604,996520
17856630601,996520
21130038504,996520
21130038508,996520
21130058304,996520
21130058308,996520
23558550400,996520
23558550401,996520
23558550402,996520
23558550403,996520
24385035926,996520
24385035934,996520
24385057826,996520
30142035934,996520
30142057826,996520
36800035926,996520
36800035934,996520
36800035940,996520
36800057826,996520
37808035926,996520
37808035934,996520
41163035926,996520
41163035934,996520
42213016286,996520
42961012101,996520
45737020916,996520
49035035926,996520
49035035934,996520
49348001734,996520
49348001737,996520
49348086134,996520
49348086137,996520
49580083404,996520
50066050504,996520
50090265700,996520
50383006205,996520
50383006210,996520
52083066016,996520
52959075004,996520
52959075008,996520
53145003904,996520
53145005902,996520
53145032304,996520
53163011316,996520
53942050326,996520
53943050326,996520
54859001104,996520
54859050504,996520
54859050516,996520
54859050604,996520
54859050916,996520
54859083304,996520
55154578305,996520
55154578505,996520
55505011112,996520
55505011133,996520
56062035926,996520
56062035934,996520
57237031205,996520
57237031251,996520
57237031301,996520
57237031318,996520
57237036012,996520
57237036016,996520
57243050324,996520
57896029116,996520
57896066016,996520
57896066108,996520
57896066116,996520
57896073604,996520
57896073904,996520
57896075604,996520
58552013204,996520
58552013304,996520
58552013404,996520
58552014004,996520
58552014104,996520
58593027504,996520
58593027506,996520
58593027508,996520
58593027510,996520
58593027604,996520
58605031116,996520
58657050408,996520
58657050508,996520
59390000535,996520
59390000541,996520
59390000546,996520
59390000547,996520
59779035926,996520
59779035934,996520
59779035940,996520
59779057826,996520
59779091926,996520
59779091934,996520
60687081717,996520
60687081740,996520
60687081746,996520
60687082842,996520
60687082848,996520
60687082856,996520
61787006204,996520
61787051304,996520
62011009101,996520
62011009201,996520
62011009202,996520
63102014016,996520
63187004004,996520
63187085304,996520
63629115501,996520
63739050501,996520
63739050510,996520
63739050601,996520
63739050610,996520
63868084652,996520
63868086854,996520
63868086856,996520
63868086904,996520
63941081704,996520
65852000304,996520
65852000504,996520
65852000604,996520
65852000904,996520
65852001904,996520
66424056516,996520
66715685804,996520
67091026518,996520
67091046904,996520
68016001804,996520
68016010004,996520
68016062504,996520
68016085557,996520
68071393804,996520
68436012016,996520
68788693301,996520
69168047766,996520
69256038508,996520
69339014905,996520
69339014919,996520
69339015001,996520
69339015019,996520
69729003504,996520
69729003604,996520
69729006904,996520
69729081204,996520
69822020204,996520
70000031901,996520
70000031902,996520
71085010719,996520
71399002504,996520
71399002506,996520
71399002508,996520
71399002604,996520
71399002606,996520
71399002608,996520
71399100404,996520
71399100406,996520
71399100408,996520
71399100604,996520
71399100606,996520
71399100608,996520
71800005705,996520
72162167002,996520
72162227702,996520
73564080204,996520
73564080208,996520
73564080216,996520
75663000110,996520
76206000110,996520
76281050324,996520
81033010305,996520
81033010310,996520
81033010350,996520
81033010351,996520
82568001404,996520
82568001406,996520
82568001408,996520
82568001504,996520
82568001506,996520
82568001508,996520
84379031616,996520
84415001101,996520
84415001401,996520
84447010201,996520
85111080216,996520
85722000104,996520
85722000106,996520
85722000108,996520
15127080604,1605844
49580038502,1605844
49580038504,1605844
49580038508,1605844
63941038504,1605844
63941038508,1605844
52083063016,1441364
58238022704,1441364
58238022902,1441364
15127086408,1046631
46122001726,1046631
49035079926,1046631
58605031216,1046631
60569006408,1046631
61787006404,1046631
61787006408,1046631
61787051504,1046631
61787051508,1046631
65131010091,1046631
68016017704,1046631
68016017708,1046631
83720050504,1046631
83720050516,1046631
00363079926,1542452
00363079934,1542452
00363093426,1542452
36800079926,1542452
36800079934,1542452
37205068626,1542452
46122013926,1542452
49873030201,1234473
65131009108,1234473
00372005004,1150129
15187005004,1150129
11383023604,1117394
11383023608,1117394
37205061001,1117394
37205061026,1117394
69729002004,1117394
69729004004,1117394
69729006204,1117394
85722000204,1117394
85722000206,1117394
85722000208,1117394
45737025116,1113368
52083040001,1113368
52083040004,1113368
52083040016,1113368
52083060016,1113368
52083005801,1439992
63824025612,2122356
63824094302,2122356
63824094312,2122356
12539055501,1147924
12539055516,1147924
53809020101,1147924
53809020104,1147924
53413001110,1300539
53413001125,1300539
00280008901,2598125
00280008902,2598125
00031871910,1111663
00031871920,1111663
00363011520,1111663
00363668101,1111663
11523422101,1111663
11523715802,1111663
35916076001,1111663
41100080743,1111663
51316083002,1111663
53345003401,1111663
55301060102,1111663
69842078320,1111663
72854013716,1111663
72854015316,1111663
76281060102,1111663
51316080809,2173726
55505023124,2173726
72854015720,2173726
00113221901,1298324
00113221949,1298324
00363047401,1298324
00363047467,1298324
00363073320,1298324
00363073340,1298324
00363321901,1298324
00363321949,1298324
00536116134,1298324
00536116137,1298324
00536116144,1298324
00536144634,1298324
11673071601,1298324
11673071649,1298324
11822073302,1298324
11822073304,1298324
11822073306,1298324
11822221900,1298324
11822221901,1298324
17856116201,1298324
21130099767,1298324
30142027620,1298324
30142027640,1298324
30142094820,1298324
30142094840,1298324
36800021901,1298324
36800021949,1298324
37808073320,1298324
37808073340,1298324
41163059901,1298324
41250043601,1298324
41250043649,1298324
41415099820,1298324
42507022201,1298324
42507022220,1298324
43598011401,1298324
43598011420,1298324
43598011440,1298324
43598023101,1298324
46122081761,1298324
49035082520,1298324
49035096012,1298324
49035096073,1298324
50090107700,1298324
50090107800,1298324
51316000901,1298324
51316006567,1298324
51316085878,1298324
51660030121,1298324
51660030141,1298324
51660030161,1298324
53746009905,1298324
55887064060,1298324
55910073306,1298324
55910073320,1298324
55910074601,1298324
55910074691,1298324
58602071403,1298324
58602071405,1298324
58602071407,1298324
58602071408,1298324
58602071409,1298324
58602071412,1298324
58602071415,1298324
58602071466,1298324
58602071467,1298324
58602071473,1298324
58602082408,1298324
58602082467,1298324
58602087183,1298324
59726073306,1298324
59726073320,1298324
59726073340,1298324
60000005867,1298324
60687065111,1298324
60687065121,1298324
62011042401,1298324
63304010621,1298324
63824005601,1298324
63824005611,1298324
63824005632,1298324
63824005634,1298324
63824005636,1298324
63824005650,1298324
63824005669,1298324
63824005672,1298324
63824005673,1298324
63824005674,1298324
63824005680,1298324
63824005689,1298324
63941073320,1298324
65162003803,1298324
65162003806,1298324
65162003817,1298324
66715642401,1298324
66715652401,1298324
66715972401,1298324
67091031420,1298324
67091034420,1298324
67751017101,1298324
69842005711,1298324
69842005767,1298324
69842093320,1298324
69842093340,1298324
69842096301,1298324
69842096349,1298324
70000049101,1298324
70000072201,1298324
70677105001,1298324
72036001220,1298324
72288021949,1298324
72288022008,1298324
72476073320,1298324
79903006501,1298324
79903006549,1298324
85237165001,1298324
85237165002,1298324
85766015014,1298324
85766017220,1298324
85766017230,1298324
85766017240,1298324
85766017260,1298324
85766017290,1298324
85766017620,1298324
85766017640,1298324
85766017660,1298324
65224011024,485709
68025002310,1357923
00031876504,1099074
00031876508,1099074
00031876516,1099074
00113081203,1099074
00113081266,1099074
00363007614,1099074
00363007628,1099074
00363043714,1099074
00363043728,1099074
00363043742,1099074
00363051065,1099074
00363051070,1099074
00363051099,1099074
00363073530,1099074
00363681230,1099074
00363681255,1099074
00363681266,1099074
00536121388,1099074
00536144788,1099074
11673026705,1099074
11673026757,1099074
11673026760,1099074
11822181200,1099074
11822181201,1099074
11822181202,1099074
11822734004,1099074
11822999601,1099074
11822999602,1099074
21130098903,1099074
21130098965,1099074
30142027505,1099074
30142027514,1099074
30142070628,1099074
30142096314,1099074
30142096328,1099074
36800059230,1099074
36800059266,1099074
37808073042,1099074
37808081266,1099074
37808083414,1099074
41163078166,1099074
41250081230,1099074
41250081255,1099074
41250081266,1099074
41415099914,1099074
42507081214,1099074
42507081266,1099074
43598011528,1099074
43598011532,1099074
43598011537,1099074
43598011542,1099074
43598011556,1099074
43598011570,1099074
43598011574,1099074
43598023237,1099074
46122034874,1099074
46122042003,1099074
46122042074,1099074
46122063703,1099074
46122063774,1099074
49035007728,1099074
49035082428,1099074
49035095661,1099074
49035095665,1099074
50090602000,1099074
50090654900,1099074
50090725800,1099074
50090789100,1099074
51316006065,1099074
51316060070,1099074
51316067155,1099074
51316067166,1099074
51660007354,1099074
51660007386,1099074
51660011054,1099074
51660011058,1099074
51660011086,1099074
55301081266,1099074
55319073407,1099074
55319074114,1099074
55910057503,1099074
55910057566,1099074
58602071505,1099074
58602071506,1099074
58602071509,1099074
58602071510,1099074
58602071515,1099074
58602071557,1099074
58602071560,1099074
58602071564,1099074
58602071565,1099074
58602071568,1099074
58602071569,1099074
58602071570,1099074
58602082506,1099074
58602082565,1099074
58602084911,1099074
58602084915,1099074
58602084957,1099074
58602084964,1099074
58602084965,1099074
60000005765,1099074
62011042301,1099074
63304011054,1099074
63824007202,1099074
63824007207,1099074
63824007214,1099074
63824007218,1099074
63824007235,1099074
63824007236,1099074
63824007246,1099074
63824007248,1099074
63824007256,1099074
63868087014,1099074
63941073414,1099074
63981081201,1099074
64543017101,1099074
65162003903,1099074
65162003906,1099074
65162003917,1099074
67091031514,1099074
67091034514,1099074
68016067414,1099074
68016067428,1099074
68196081245,1099074
68196099956,1099074
68391081201,1099074
68391081245,1099074
69842005910,1099074
69842005965,1099074
69842005970,1099074
69842081230,1099074
69842081255,1099074
69842081266,1099074
70000037202,1099074
70000046401,1099074
70000046402,1099074
70677104901,1099074
71179001121,1099074
72036098065,1099074
72036098070,1099074
72288081255,1099074
72288081266,1099074
72476073414,1099074
73581040598,1099074
73581040601,1099074
73581040605,1099074
76162003256,1099074
81522073414,1099074
83324013714,1099074
85766004628,1099074
62441041510,1861926
00363901330,1661740
35916075902,1661740
35916075903,1661740
35916075904,1661740
55758050701,1661740
69729010820,1661740
69729078102,1661740
69729078302,1661740
69729078820,1661740
00363053301,1147685
00363053311,1147685
00363053325,1147685
00363053332,1147685
00536131208,1147685
10956000330,1147685
10956000360,1147685
10956000390,1147685
10956002011,1147685
10956013550,1147685
10956076150,1147685
10956084630,1147685
10956084650,1147685
11383023850,1147685
15127017050,1147685
15127047124,1147685
16103038104,1147685
16103038199,1147685
17714015060,1147685
24385002671,1147685
24689012301,1147685
24689012302,1147685
30142047230,1147685
36800098850,1147685
37205053801,1147685
37205053871,1147685
37205067501,1147685
37205067562,1147685
37835040340,1147685
41163011450,1147685
41226028003,1147685
41250053311,1147685
43063080130,1147685
43063080160,1147685
43063080190,1147685
46122005862,1147685
46122079061,1147685
47682034550,1147685
47682043246,1147685
47682043250,1147685
49348072809,1147685
49483028000,1147685
49483028006,1147685
49483028020,1147685
50804010930,1147685
50804043230,1147685
50804085830,1147685
50844063311,1147685
52083041060,1147685
54257027701,1147685
54738098530,1147685
54738098560,1147685
55301053301,1147685
55319089030,1147685
55910027230,1147685
55910027260,1147685
55910053301,1147685
55910053311,1147685
57631001310,1147685
62011006101,1147685
62441042010,1147685
63654034220,1147685
63654034230,1147685
63868075350,1147685
63941098550,1147685
68016017950,1147685
68998011450,1147685
69168043206,1147685
69168043207,1147685
69168043226,1147685
69168043230,1147685
69168043250,1147685
69168043298,1147685
69842099630,1147685
69842099660,1147685
70000005601,1147685
70000027801,1147685
70000027802,1147685
70677105501,1147685
70692018125,1147685
70692018181,1147685
71335020702,1147685
71335192801,1147685
71335192802,1147685
71335192803,1147685
71335221601,1147685
71335221602,1147685
71335221603,1147685
71335221604,1147685
72090002701,1147685
72476087150,1147685
73057038104,1147685
76095001220,1147685
76095001230,1147685
76162000801,1147685
79481533001,1147685
80513040709,1147685
83324019550,1147685
84324003501,1147685
72854026320,2566823
72854026340,2566823
00031034003,1301246
00031034006,1301246
00031034009,1301246
00031930601,1301246
00031930602,1301246
00031930701,1301246
00067634534,1544873
24385098126,1544873
36800044426,1544873
50580078504,1544873
58605030816,1544873
21130037804,1535366
55910037804,1535366
53145002634,1435918
61941100306,1111087
00116402416,991528
00121107004,991528
00121107016,991528
00713078075,991528
17856015501,991528
17856060405,991528
17856158601,991528
17856402401,991528
27808005701,991528
31722069211,991528
31722069247,991528
50090022500,991528
50090493400,991528
50090646700,991528
50090646701,991528
50090658500,991528
50090675500,991528
50090675501,991528
50090765800,991528
50090765801,991528
52959070004,991528
52959070006,991528
52959070008,991528
60432060416,991528
61919029204,991528
62559075804,991528
62559075816,991528
63187035516,991528
64679060416,991528
65162068086,991528
65162068090,991528
68071355104,991528
68788810001,991528
70436015541,991528
70436015542,991528
71205027216,991528
71205065404,991528
72162203902,991528
76420033504,991528
76420033516,991528
23900000022,1313298
23900000202,1313298
29978012715,1423307
29978012716,1423307
69367039816,1423307
65131003580,2679777
29978012316,2716698
65131011035,2712157
29978012810,1923362
31722069360,1040054
50991013605,2637485
50991013615,2637485
50991013616,2637485
72988002701,2588212
49873010801,1236070
37000069912,1046384
69423089912,1046384
00363029704,1086750
00363792004,1086750
36800029704,1086750
50580024501,1086750
50580024502,1086750
50580024512,1086750
50580024904,1086750
55910029704,1086750
68016013004,1086750
69842079204,1086750
76162079204,1086750
00043639404,1113522
00067634904,1113522
00067298240,2604562
00067820501,2604562
00672098200,2604562
69423081112,1292342
00280015101,2678231
00280015102,2678231
00280826924,2678231
00280828016,2744312
00363738008,2049841
00363738009,2049841
11523003801,2049841
11523003802,2049841
11822073808,2049841
11822738009,2049841
41100058964,2049841
41250063809,2049841
51316073808,2049841
51316073809,2049841
63868056720,2049841
70000005001,2049841
83324006225,2049841
46084012320,1425315
00067816301,1098496
00135703420,1098496
00363046109,1098496
11523130502,1098496
11523411101,1098496
41100057463,1098496
51316045101,1098496
59779046109,1098496
00067328520,2636658
00067792202,2636658
00363549006,2636658
51316054906,2636658
51316056006,2636658
51316060505,2636658
51316094506,2636658
76162054906,2636658
82442056006,2636658
61787045204,1094131
61787045208,1094131
61787047104,1094131
00113601240,1042675
42507081140,1042675
55910075340,1042675
58593000306,1042675
69423084412,1042675
76162059940,1042675
84126030508,1042675
84126030812,1042675
00113033530,1043400
00113033534,1043400
00113033538,1043400
00113033540,1043400
00113045930,1043400
00113045934,1043400
00113045938,1043400
00113045940,1043400
00363033534,1043400
00363040134,1043400
00363040140,1043400
00363045934,1043400
00363045940,1043400
00363045943,1043400
00363045950,1043400
00363056540,1043400
00363056634,1043400
00363056640,1043400
00363056643,1043400
00363056650,1043400
00363087240,1043400
00363087250,1043400
00363343012,1043400
00363621008,1043400
00363622116,1043400
00363991302,1043400
00363991396,1043400
00363991399,1043400
00363997508,1043400
00363997608,1043400
00904646509,1043400
11523435801,1043400
11523721402,1043400
11673001940,1043400
11673028701,1043400
11673031201,1043400
11822331800,1043400
11822331801,1043400
11822331805,1043400
11822583201,1043400
11822583202,1043400
11822583203,1043400
21130004408,1043400
21130004412,1043400
21130034308,1043400
21130034312,1043400
21130034324,1043400
21130060340,1043400
21130090701,1043400
21130090702,1043400
21130090706,1043400
21130095106,1043400
23900001424,1043400
23900001426,1043400
23900001429,1043400
23900001430,1043400
24385031634,1043400
24385031640,1043400
30142029212,1043400
30142033530,1043400
30142033534,1043400
30142033538,1043400
30142033540,1043400
30142045940,1043400
30142063412,1043400
30142087240,1043400
36800033534,1043400
36800033540,1043400
36800045930,1043400
36800045934,1043400
36800045938,1043400
36800045940,1043400
37000080708,1043400
37000080712,1043400
37000080808,1043400
37000080812,1043400
37000080912,1043400
37205058634,1043400
37205058640,1043400
37205058734,1043400
37205058740,1043400
37808033534,1043400
37808033540,1043400
37808045938,1043400
37808045940,1043400
37808045950,1043400
37835052402,1043400
37835052430,1043400
37835052512,1043400
41100080884,1043400
41163033534,1043400
41163033538,1043400
41163033540,1043400
41163045940,1043400
41163087240,1043400
41226075001,1043400
41226078201,1043400
41250033540,1043400
41250045940,1043400
41250045943,1043400
41520008434,1043400
41520008440,1043400
41520071234,1043400
41520071240,1043400
42507000140,1043400
42507040140,1043400
46122013634,1043400
46122013640,1043400
46122019830,1043400
46122019834,1043400
46122019838,1043400
46122019840,1043400
46122040440,1043400
49035004412,1043400
49035004424,1043400
49035032434,1043400
49035032440,1043400
49035032450,1043400
49035033540,1043400
49035045934,1043400
49035045940,1043400
49035045950,1043400
49035060940,1043400
49348006137,1043400
49348006139,1043400
49348097539,1043400
49580034302,1043400
49580034304,1043400
49580034306,1043400
49580034308,1043400
49580034602,1043400
49580034604,1043400
49580034608,1043400
50066030304,1043400
50844025202,1043400
50844025245,1043400
51316013002,1043400
51316034308,1043400
51316034312,1043400
51316034412,1043400
51316061912,1043400
51316066406,1043400
51316069212,1043400
51316088440,1043400
53942050128,1043400
53942050228,1043400
53943050128,1043400
53943050228,1043400
55301031002,1043400
55319009608,1043400
55319069212,1043400
55319092612,1043400
55758005625,1043400
55758041606,1043400
55910033534,1043400
55910033538,1043400
55910033540,1043400
55910044312,1043400
55910045934,1043400
55910045938,1043400
55910045940,1043400
56062033540,1043400
56062045940,1043400
57243050125,1043400
57243050225,1043400
59779033530,1043400
59779033534,1043400
59779033538,1043400
59779033540,1043400
59779033550,1043400
59779045930,1043400
59779045934,1043400
59779045938,1043400
59779045940,1043400
59779045950,1043400
62011008202,1043400
62011008302,1043400
63868014008,1043400
63868014012,1043400
63868023408,1043400
63868023412,1043400
63941034308,1043400
63941034312,1043400
63941034408,1043400
63941034412,1043400
66715553404,1043400
66715641604,1043400
66715661604,1043400
66715693404,1043400
67091025823,1043400
67091025854,1043400
67091026023,1043400
67091026054,1043400
69256034312,1043400
69256034412,1043400
69423078908,1043400
69423078912,1043400
69423078924,1043400
69423079108,1043400
69423079112,1043400
69423079124,1043400
69423079136,1043400
69423097306,1043400
69423097308,1043400
69842008602,1043400
70000018301,1043400
70000018302,1043400
70000018401,1043400
70000018402,1043400
70000067301,1043400
70677103201,1043400
70677103301,1043400
70677103302,1043400
71141018032,1043400
72288033534,1043400
72288033540,1043400
72288045934,1043400
72288045940,1043400
72288067000,1043400
72288099001,1043400
76281030528,1043400
76281030725,1043400
76281050125,1043400
76281050128,1043400
76281050224,1043400
76281050225,1043400
76281050228,1043400
79481692102,1043400
79903017308,1043400
79903017312,1043400
79903017324,1043400
81660055501,1043400
81660077701,1043400
82501045900,1043400
82706001201,1043400
82706002301,1043400
83324015812,1043400
83324015908,1043400
83324016312,1043400
83324016408,1043400
84126031404,1043400
84126034204,1043400
84379027604,1043400
84379044406,1043400
84379044412,1043400
85766017724,1043400
85766017736,1043400
85828075001,1043400
69676009409,2692302
00113066634,1042684
00363004130,1042684
00363004138,1042684
00363004143,1042684
00363019326,1042684
00363090830,1042684
00363090838,1042684
00363090843,1042684
36800004130,1042684
36800004138,1042684
36800066634,1042684
36800099038,1042684
46017002608,1042684
46122027734,1042684
50580024301,1042684
50580035008,1042684
50580055908,1042684
56062004138,1042684
56062090838,1042684
59779029334,1042684
68016011201,1042684
68016011206,1042684
68016011301,1042684
68016011302,1042684
84126035708,1042684
84126035712,1042684
50580021201,2744316
72854008516,2715863
00363175678,1426334
35916018502,1426334
35916018503,1426334
35916018504,1426334
35916018901,1426334
51013066801,1426334
69423080148,1426334
69423080424,1426334
23900003497,2713312
66715620502,2713312
66715680502,2713312
66715960502,2713312
84126035302,2713312
84126035324,2713312
00031874410,1094549
00113005651,1094549
00113005662,1094549
00113005667,1094549
00113005673,1094549
00113100000,1094549
00363053502,1094549
00363053509,1094549
00363053510,1094549
00363085007,1094549
00363085024,1094549
00363100504,1094549
00363114101,1094549
00363114102,1094549
00363116816,1094549
00363116924,1094549
00363660008,1094549
00363899924,1094549
00904699644,1094549
10135059324,1094549
10135059374,1094549
10135059386,1094549
11673097624,1094549
11822198700,1094549
11822198709,1094549
11822333505,1094549
11822339200,1094549
21130084924,1094549
21130089924,1094549
21130094024,1094549
23900000031,1094549
23900001439,1094549
23900001440,1094549
23900001441,1094549
23900003843,1094549
30142008648,1094549
30142097762,1094549
30142097767,1094549
35916015401,1094549
36800014362,1094549
36800014373,1094549
36800097753,1094549
36800097760,1094549
37000055708,1094549
37000055716,1094549
37000055724,1094549
37000055748,1094549
37000055772,1094549
37205070762,1094549
37205070773,1094549
37808005662,1094549
37808009516,1094549
37835052224,1094549
37835052296,1094549
41163048024,1094549
41163084924,1094549
41163089924,1094549
41226069424,1094549
42507005662,1094549
46122018373,1094549
46122024562,1094549
46122032673,1094549
49035097804,1094549
50580013124,1094549
53345000601,1094549
53345002601,1094549
53943060303,1094549
55301060303,1094549
55319096808,1094549
55319096816,1094549
55319096824,1094549
55629001402,1094549
55758051008,1094549
55910014948,1094549
55910030051,1094549
55910030060,1094549
55910030062,1094549
55910059948,1094549
55910091008,1094549
56062005662,1094549
56062005673,1094549
56062097753,1094549
56062097760,1094549
57243060303,1094549
58602076978,1094549
58602076979,1094549
59450004748,1094549
59726089908,1094549
59726089916,1094549
59779044524,1094549
59779046548,1094549
59779067116,1094549
62011041001,1094549
63868041824,1094549
63868073724,1094549
66715557208,1094549
66715671608,1094549
66715681608,1094549
67091033824,1094549
67091039524,1094549
68016020216,1094549
68016020224,1094549
68016059916,1094549
68016059924,1094549
68016079816,1094549
68016087816,1094549
68016087824,1094549
68163006210,1094549
69168041829,1094549
69168041851,1094549
69168041886,1094549
69256089924,1094549
69423099502,1094549
69423099508,1094549
69423099516,1094549
69423099524,1094549
69423099548,1094549
69517016110,1094549
69729000310,1094549
69729004110,1094549
69729005410,1094549
69729005710,1094549
69729015310,1094549
69842084716,1094549
69842084724,1094549
69842084748,1094549
69842089916,1094549
69842089924,1094549
69842089948,1094549
70000042701,1094549
70000042702,1094549
70000051601,1094549
70000051602,1094549
71179000308,1094549
71179000324,1094549
71679010200,1094549
71679010250,1094549
72288005600,1094549
72288005662,1094549
72288005667,1094549
72476089924,1094549
76162002616,1094549
76168005602,1094549
76281060303,1094549
79481080804,1094549
79481082804,1094549
80513030250,1094549
80513030450,1094549
80513031650,1094549
81179004401,1094549
81522089916,1094549
82501005600,1094549
82706001601,1094549
82706001602,1094549
82706001603,1094549
82706001604,1094549
83059002401,1094549
83059011201,1094549
83324014824,1094549
84324001901,1094549
84324002401,1094549
85786060224,1094549
85828041893,1094549
55758051508,2739790
00067000712,1042695
00067010408,1042695
11523007601,1042695
55505021736,1042695
00031010004,2680300
00031010008,2680300
00031209466,2680300
00031209467,2680300
00113200900,2680300
00113200934,2680300
42507058100,2680300
42507058126,2680300
51316008908,2680300
51316018926,2680300
51316018934,2680300
57896059608,2680300
58593000508,2680300
70000073901,2680300
76162019826,2680300
35916018402,2377385
35916018403,2377385
35916018404,2377385
41100058930,2377385
55505023024,2684921
00043046108,1113705
00067812708,1113705
00113065630,1113705
00113065634,1113705
00113065638,1113705
00113065640,1113705
00363065630,1113705
00363065634,1113705
00363065638,1113705
00363065640,1113705
00363066634,1113705
00363066640,1113705
00363466112,1113705
00363991202,1113705
00363997408,1113705
11673076501,1113705
11822158301,1113705
11822158302,1113705
15127080810,1113705
21130058008,1113705
21130058012,1113705
21130086608,1113705
21130086612,1113705
21130094706,1113705
23900001435,1113705
23900001436,1113705
23900001577,1113705
24385000530,1113705
24385000534,1113705
24385000538,1113705
24385000540,1113705
30142065640,1113705
30142066612,1113705
36800052234,1113705
36800052238,1113705
36800052240,1113705
36800065630,1113705
36800065638,1113705
37000055508,1113705
37000055512,1113705
37205071934,1113705
37205071940,1113705
37808065638,1113705
37808065640,1113705
37808071883,1113705
37835052602,1113705
37835052630,1113705
37835052712,1113705
41163065634,1113705
41163065638,1113705
41163065640,1113705
41226077201,1113705
41250065640,1113705
41520003234,1113705
41520003240,1113705
42507052240,1113705
46122001533,1113705
49035014202,1113705
49035046612,1113705
49035072640,1113705
49348075337,1113705
49580046601,1113705
49580046602,1113705
49580046604,1113705
49580046606,1113705
49580050108,1113705
50066030204,1113705
50844025102,1113705
50844025145,1113705
51316012002,1113705
51316035034,1113705
51316035040,1113705
51316046608,1113705
51316046612,1113705
51316061712,1113705
51316062012,1113705
53942050628,1113705
53943050628,1113705
55301071202,1113705
55319003608,1113705
55319064612,1113705
55319096008,1113705
55758005525,1113705
55910036612,1113705
55910065634,1113705
55910065638,1113705
55910065640,1113705
55910080108,1113705
56062065640,1113705
57243050625,1113705
59779065630,1113705
59779065634,1113705
59779065638,1113705
59779065640,1113705
59779069108,1113705
60816015508,1113705
62011006502,1113705
63868002008,1113705
63868002012,1113705
63941046606,1113705
63941046608,1113705
63941046610,1113705
63941046612,1113705
66715553104,1113705
66715641504,1113705
66715661504,1113705
66715693104,1113705
67091028754,1113705
67091047112,1113705
68016014201,1113705
68016014206,1113705
69256046612,1113705
69423078804,1113705
69423078806,1113705
69423078808,1113705
69423078812,1113705
70000019101,1113705
70000019102,1113705
70677103101,1113705
71141017932,1113705
72288065634,1113705
72288065640,1113705
76281030428,1113705
76281030625,1113705
76281050625,1113705
76281050628,1113705
82501065600,1113705
83324016712,1113705
83324016808,1113705
84126031504,1113705
84379027504,1113705
84379044106,1113705
84379044112,1113705
85828077201,1113705
70134040308,1996081
55758050172,2691101
00031872102,1086997
00031872120,1086997
00113099451,1086997
00113099453,1086997
00113099460,1086997
00113099462,1086997
00113099473,1086997
00113210100,1086997
00280009501,1086997
00280009502,1086997
00280113420,1086997
00280159020,1086997
00280163016,1086997
00280163024,1086997
00280827524,1086997
00280828124,1086997
00363053402,1086997
00363053409,1086997
00363053410,1086997
00363085307,1086997
00363085316,1086997
00363085324,1086997
00363100001,1086997
00363100002,1086997
00363100303,1086997
00363114001,1086997
00363114002,1086997
00363116616,1086997
00363116724,1086997
00363659008,1086997
00363659021,1086997
00363899816,1086997
00363899824,1086997
00363901916,1086997
00904699544,1086997
11673084348,1086997
11673097524,1086997
11822198900,1086997
11822198909,1086997
11822339108,1086997
11822339109,1086997
11822385509,1086997
21130059824,1086997
21130065024,1086997
21130090024,1086997
23900001442,1086997
23900001443,1086997
23900001444,1086997
23900001446,1086997
23900003844,1086997
24385003662,1086997
30142008748,1086997
30142070462,1086997
30142070467,1086997
35916015501,1086997
35916018801,1086997
35916018802,1086997
35916018803,1086997
35916018804,1086997
35916091701,1086997
36800021553,1086997
36800021560,1086997
36800070062,1086997
36800070073,1086997
37000055808,1086997
37000055816,1086997
37000055824,1086997
37000055848,1086997
37000055872,1086997
37000058816,1086997
37205070562,1086997
37205070573,1086997
37808009316,1086997
37808084816,1086997
37808086416,1086997
37808099460,1086997
37808099462,1086997
37835052024,1086997
37835052096,1086997
41163084824,1086997
41163099824,1086997
41226069324,1086997
41520006824,1086997
42507070062,1086997
46122018473,1086997
46122033973,1086997
49035019324,1086997
49035019348,1086997
49035053422,1086997
49483069348,1086997
50066000143,1086997
50090647600,1086997
50804046816,1086997
50804046824,1086997
50804089816,1086997
51316089624,1086997
53345000401,1086997
53345002501,1086997
53345005201,1086997
55301060403,1086997
55319093322,1086997
55319096708,1086997
55319096716,1086997
55319096724,1086997
55629001202,1086997
55758050808,1086997
55758051408,1086997
55910098208,1086997
55910099451,1086997
55910099460,1086997
55910099462,1086997
56062021553,1086997
56062041762,1086997
56062041773,1086997
57243060403,1086997
58602076815,1086997
59450004648,1086997
59726085024,1086997
59726085048,1086997
59726089808,1086997
59726089816,1086997
59779047216,1086997
59779047248,1086997
59779099462,1086997
62011035501,1086997
63824069216,1086997
63868073624,1086997
66715557108,1086997
66715681508,1086997
67091039424,1086997
68016019916,1086997
68016019924,1086997
68016059816,1086997
68016059824,1086997
68016079716,1086997
68016087716,1086997
68016087724,1086997
68210505301,1086997
69168041729,1086997
69168041751,1086997
69168041793,1086997
69256089824,1086997
69423080048,1086997
69423099402,1086997
69423099408,1086997
69423099416,1086997
69423099424,1086997
69423099448,1086997
69517016010,1086997
69729000810,1086997
69729012010,1086997
69729012110,1086997
69729015210,1086997
69729080210,1086997
69842084816,1086997
69842084824,1086997
69842084848,1086997
69842089716,1086997
69842089724,1086997
69842089748,1086997
70000051501,1086997
70000075201,1086997
70677003701,1086997
71679010100,1086997
72090000501,1086997
72090006201,1086997
72288099400,1086997
72288099462,1086997
72288099467,1086997
72476084824,1086997
72476089824,1086997
72854012816,1086997
72854020316,1086997
76162006516,1086997
76162091224,1086997
76281060403,1086997
79481080704,1086997
79481082704,1086997
79903024512,1086997
80513030350,1086997
81179008801,1086997
81522089816,1086997
82501099400,1086997
83059002301,1086997
83059005001,1086997
83059009401,1086997
83059011301,1086997
83059011401,1086997
83059012801,1086997
83324014524,1086997
83558002101,1086997
84324001801,1086997
84324002301,1086997
85786060112,1086997
85828041793,1086997
00045027125,1094538
00067207720,1094538
00067813610,1094538
00067813620,1094538
00113006462,1094538
00363047008,1094538
00363047608,1094538
00363056007,1094538
00904578624,1094538
30142047008,1094538
36800037162,1094538
36800040262,1094538
36800051402,1094538
36800052105,1094538
36800092105,1094538
36800092402,1094538
37205075662,1094538
41163090708,1094538
41520013805,1094538
41520060302,1094538
46084012220,1094538
46122007362,1094538
46122041062,1094538
47682010836,1094538
47682010880,1094538
47682010899,1094538
49035056008,1094538
50580051501,1094538
53943013805,1094538
55301047008,1094538
56062040262,1094538
59779055508,1094538
59779087008,1094538
63187065224,1094538
63941047008,1094538
66715562803,1094538
67510215601,1094538
67510415601,1094538
68016002602,1094538
68998023805,1094538
69168032486,1094538
70000016801,1094538
70000065201,1094538
72036013805,1094538
85766016236,1094538
85766016280,1094538
66715671508,1312260
69517015506,1367205
69517015572,1367205
00067642601,1189316
00067642606,1189316
00067680202,1189316
00113002391,1189316
00363110406,1189316
00363547006,1189316
00363547906,1189316
46122031613,1189316
49035090791,1189316
55910050991,1189316
58933055001,1189316
58933055008,1189316
68163054706,1189316
70000015601,1189316
72288030391,1189316
72288080991,1189316
79903054101,1189316
82442012200,1189316
00043625706,1659967
00067377610,1659967
00067609401,1659967
00067609402,1659967
00067609403,1659967
00067680002,1659967
00067791701,1659967
00067791706,1659967
00067821101,1659967
00113009691,1659967
00363110006,1659967
11673054006,1659967
30142009691,1659967
30142011207,1659967
36800009691,1659967
36800054006,1659967
46122002213,1659967
55758038406,1659967
59779051291,1659967
67091032206,1659967
68163054006,1659967
49580141604,1291951
49580141606,1291951
00067011501,1369927
00182111511,1236419
37205042853,1236435
56062020060,1236435
50580034401,1250743
00067012101,2722932
00363698006,2173667
00363806345,2173667
11673069806,2173667
41250086906,2173667
51316006345,2173667
51316096345,2173667
63824021367,2173667
63824022366,2173667
63824050364,2173667
63824050366,2173667
63824050369,2173667
68163069806,2173667
69842088606,2173667
72854006304,2173667
72854014366,2173667
72854016766,2173667
79903011945,2173667
82442069806,2173667
72854016320,2549034
72854020920,2549034
72854023320,2549034
79903044808,2549034
00280002401,1536498
00280002402,1536498
71992015420,1536498
61787007015,1045532
00031223413,1090463
00031223419,1090463
00113098726,1090463
00363098726,1090463
00485020404,1090463
00485020416,1090463
00904646320,1090463
11673061304,1090463
21130008226,1090463
24385051926,1090463
30142098726,1090463
36800098726,1090463
37205096926,1090463
37808098726,1090463
41163098726,1090463
41520098726,1090463
49035008234,1090463
49348077534,1090463
49348077537,1090463
51316057803,1090463
51316064508,1090463
51316091603,1090463
52412092001,1090463
53041057703,1090463
56062098726,1090463
58605032016,1090463
59779036326,1090463
62011006301,1090463
63868077504,1090463
68016012804,1090463
68047014316,1090463
68788813401,1090463
68788833101,1090463
70000018901,1090463
70000063101,1090463
70030014816,1090463
70677012101,1090463
70677104401,1090463
80070031004,1090463
80070031008,1090463
82442046404,1090463
82442064504,1090463
68047012916,1423702
70147023016,1423702
28595080016,1486964
51991066016,1486964
58657053016,1486964
68047035016,1486964
75834006016,1486964
52083023701,1148155
52083023704,1148155
52083023705,1148155
52083023716,1148155
52083063716,1148155
53163010116,1148155
70147022316,1148155
42819010201,1304105
00363026326,1098497
45737020316,1245722
00121093304,1357010
00121093316,1357010
00527530264,1357010
00527530270,1357010
00574110404,1357010
00574110416,1357010
42192060704,1357010
42192060705,1357010
42192060716,1357010
42192060740,1357010
42192063004,1357010
42192063016,1357010
42192063040,1357010
50090562500,1357010
51672416508,1357010
51672416509,1357010
51991084704,1357010
51991084716,1357010
60432027504,1357010
60432027516,1357010
62135030205,1357010
62135030224,1357010
62135030247,1357010
62135030248,1357010
63187066404,1357010
63187093004,1357010
63187093016,1357010
63629205801,1357010
63629205901,1357010
63629208501,1357010
63629208601,1357010
63629861501,1357010
63629861601,1357010
67877055816,1357010
67877055817,1357010
68788797501,1357010
68999030205,1357010
68999030224,1357010
69452047855,1357010
69452047888,1357010
70518452600,1357010
70518452601,1357010
70518452602,1357010
70518452603,1357010
70518452604,1357010
70518452605,1357010
71930002618,1357010
71930002643,1357010
72162112302,1357010
72162112304,1357010
75907020704,1357010
75907020716,1357010
58605044101,1356812
45728044594,2167740
45737025016,1363752
52083065016,1363752
53809022204,1363752
58552013804,1363752
58552013904,1363752
65852000204,1363752
65852001704,1363752
65852001804,1363752
65852002116,1363752
76117000116,1363752
68047032116,1190174
49963011801,700949
49963053204,1291266
00485017116,1086443
51991013116,1086443
58605032116,1086443
68047018616,1086443
16477018601,1489310
12539077901,2167750
12539077916,2167750
16500050592,1536862
58552033701,2603661
58552033702,2603661
00485024001,1593105
58605011101,1593105
58605010301,2003130
53809024001,2167752
68025003310,1357894
64543010504,1423711
64543010516,1423711
58605044301,1359114
58809021708,2670541
50991012116,1812101
50991082616,1812101
69367035316,1812101
71321070016,1812101
83521011116,1812101
11026266202,1300195
52083005701,1303797
65852002001,1303797
50991078490,1946979
12830081616,1190600
12830081630,1190600
50991014216,2727430
50991014220,2727430
50991049216,1990881
69367033416,1990881
52083062516,1298433
58238022504,1298433
00363624808,2566814
69423098308,2566814
69423099908,2566814
69423099912,2566814
69036012016,1094350
70147023316,1094350
72854000116,2744506
72854000132,2744506
72854000150,2744506
58809095008,1808192
00363623808,2566816
69423077808,2566816
69423077816,2566816
69423094608,2566816
23900004024,2166123
69423092212,2166123
69423098206,2166123
00031209149,1370205
00031871612,1370205
50066030804,1370205
50066053624,1370205
53145069104,1370205
45737010516,1119541
52083023201,1119541
52083023204,1119541
52083023205,1119541
52083023216,1119541
52083065316,1119541
53163010316,1119541
54859060416,1119541
63102013016,1119541
00113083926,1043543
00363023408,1043543
00363033706,1043543
00363033709,1043543
00363051206,1043543
00363061503,1043543
00363068106,1043543
00363105688,1043543
00363407004,1043543
00363738909,1043543
00363776006,1043543
00363800445,1043543
00363905736,1043543
00363983926,1043543
11673033706,1043543
11673070404,1043543
11673073806,1043543
21130016204,1043543
21130073806,1043543
30142073806,1043543
30142083926,1043543
36800003706,1043543
36800083926,1043543
37808031725,1043543
41163004706,1043543
41163073806,1043543
41226093705,1043543
41250044606,1043543
41250077606,1043543
46122021930,1043543
46122023526,1043543
46122030530,1043543
46122036030,1043543
49035071503,1043543
49035077406,1043543
49035077409,1043543
49035097606,1043543
49348008834,1043543
50066051725,1043543
50428034565,1043543
50804033702,1043543
50804033706,1043543
50844000445,1043543
51316000445,1043543
51316081503,1043543
53041061503,1043543
53041061758,1043543
53145069706,1043543
53942051725,1043543
53943051725,1043543
55319020445,1043543
55758032206,1043543
55910003709,1043543
55910053706,1043543
59779063426,1043543
63824001465,1043543
63824028222,1043543
63824028264,1043543
63824028267,1043543
63824054066,1043543
63824054069,1043543
63824054081,1043543
63824054166,1043543
63824093966,1043543
63824094711,1043543
63824094901,1043543
63824094915,1043543
63824095664,1043543
63868074506,1043543
63941051725,1043543
68016013400,1043543
68016022100,1043543
68163073809,1043543
69256033706,1043543
69842057088,1043543
69842060704,1043543
69842075688,1043543
69842076706,1043543
69842094245,1043543
70000026101,1043543
70000062901,1043543
72288064904,1043543
72854013466,1043543
76162004045,1043543
76162005788,1043543
76281051725,1043543
79903017606,1043543
79903017699,1043543
79903027003,1043543
82442046904,1043543
83324007706,1043543
83324014406,1043543
58809055508,1429362
69367018408,1429362
58809085008,2265849
00031874214,1044949
00031874220,1044949
00113051626,1044949
00113051634,1044949
00113070326,1044949
00113070334,1044949
00363051626,1044949
00363051634,1044949
00363051640,1044949
00904653720,1044949
11584104604,1044949
11584104706,1044949
24286154604,1044949
24385090426,1044949
24385090434,1044949
30142051634,1044949
36800051626,1044949
36800051634,1044949
37205070926,1044949
37205070934,1044949
37808051634,1044949
41163051626,1044949
41163051634,1044949
49035051626,1044949
49035051634,1044949
49348073734,1044949
49348073737,1044949
50066030104,1044949
50066050424,1044949
50066051004,1044949
50066053324,1044949
50066053404,1044949
50804025604,1044949
52083064616,1044949
52959088304,1044949
53145069304,1044949
53145069504,1044949
53942050426,1044949
53943050426,1044949
55319020136,1044949
55758051208,1044949
55758051209,1044949
56062051626,1044949
56062051634,1044949
58593023504,1044949
58593023506,1044949
58593023508,1044949
58593023510,1044949
58593023529,1044949
59779051634,1044949
59779051640,1044949
62011009001,1044949
63868024404,1044949
63868024408,1044949
63941038204,1044949
63941082304,1044949
67091026618,1044949
67091047004,1044949
67091069104,1044949
68016012604,1044949
68016012608,1044949
70000013301,1044949
70000013302,1044949
70677118701,1044949
76281050424,1044949
83324015504,1044949
52083023104,1098647
52083023110,1098647
52083023116,1098647
52083063216,1098647
53163010416,1098647
59779041204,1098647
59779041208,1098647
37205069626,1486140
46122013826,1486140
46122013834,1486140
49035022908,1486140
54859060601,2268062
45737022116,1358620
45737020516,1251031
49963038104,1251031
49963081304,1251031
58407081016,1251031
58552010808,1251031
58552013004,1251031
58552013104,1251031
65852001104,1251031
65852001204,1251031
11026278004,1372451
52083067816,1372451
53145033315,1661314
52083062416,2728493
45737024916,1091331
52083023901,1091331
52083023904,1091331
52083023916,1091331
52083063916,1091331
54859051716,1091331
63102010416,1091331
11584111001,1095503
52083005501,1095503
52083064101,1095503
52083065501,1095503
58552010702,1095503
11026279002,1372459
52083067901,1372459
52083062216,880359
53163010616,880359
58552012516,880359
58552012904,1741944
12539089916,1000502
53809020301,1364914
53809020304,1364914
53809020316,1364914
63102011016,1364914
52083062301,1487369
58809019860,1874730
00363604809,1372652
00363604819,1372652
59779064801,1372652
59779064895,1372652
63824019320,1372652
63824019321,1372652
63824019330,1372652
63824051501,1372652
63824051520,1372652
68025001810,1357905
00642064510,1251401
49873030601,1245616
68025003510,1113490
75834004060,1603294
28595090660,1490000
29978058701,1552200
69367019890,1808604
50991074001,2172190
50991074002,2172190
52083023960,1305214
52083028960,1305214
58552031701,2167784
58552033120,2167784
58552033501,2603662
58552033502,2603662
45737020716,1098911
54859054404,1098911
54859054416,1098911
63102010216,1098911
52083062816,1435143
58238022804,1435143
58238023002,1435143
63102012016,1435143
54859060302,1241674
42192052316,1424919
45737020616,1098227
54859050206,1098227
54859050210,1098227
54859050216,1098227
63102010116,1098227
00363041502,1090468
11584110101,1114896
52083064810,1114896
68047024001,1424849
68047015301,2167676
60258026801,1430404
65224056001,1094460
29978060130,1426660
29978060190,1426660
29978058890,2368128
50991021401,1427998
50991021402,1427998
58605041701,2167782
58605041501,1300017
68047024201,2167783
68047024701,2167783
58605040701,1307253
68047015501,1307253
54859080160,1251296
50991044415,2639752
50991044416,2639752
50991013215,2639753
50991013216,2639753
50991022016,1427392
54859050816,2268058
28595080416,1492052
70868070416,1492052
70868074016,1492052
54859051416,2699313
28595031016,2707699
00363003404,1113397
24385098426,1113397
30142090326,1113397
30142098804,1113397
36800090326,1113397
46122003626,1113397
46122031026,1113397
50580029901,1113397
50580045601,1113397
55910003104,1113397
59779014004,1113397
68016014504,1113397
69842049426,1113397
76864020801,1370440
58552013604,2121065
58552013704,2121065
49873011301,1242747
49873011401,1245169
00280002203,1536477
00280002204,1536477
00280002205,1536477
00280008801,1536477
00280008802,1536477
00280826801,1536477
00280826816,1536477
00280826824,1536477
00280826848,1536477
00280826872,1536477
00280827124,1536477
16500058763,1536477
53145032002,1536477
66715653102,1536477
66715783102,1536477
66715983102,1536477
66715983108,1536477
66715983109,1536477
67751021701,1536477
67751021702,1536477
70264001601,1536477
48201000112,1193292
55758040712,1193292
63654080006,1193292
63654080012,1193292
00280005501,2557336
00280005502,2557336
55758050272,2557336
00280009201,1042688
00280009202,1042688
00280157010,1042688
00280157020,1042688
00280157040,1042688
16500055534,1042688
53345004501,1042688
00067208120,1086991
00067208124,1086991
00363047308,1086991
00363059108,1086991
11822475309,1086991
24385019562,1086991
36800001462,1086991
36800039362,1086991
36800091402,1086991
36800092502,1086991
37205095862,1086991
46122040962,1086991
49781001124,1086991
51467000701,1086991
51467000702,1086991
51467001201,1086991
51467001202,1086991
53943023902,1086991
56062039362,1086991
63941047308,1086991
67510115601,1086991
67510315601,1086991
68016002589,1086991
68016002604,1086991
68998013902,1086991
69168031986,1086991
72476023902,1086991
65131011195,1744049
65131010111,2709229
00067011401,2049283
00363014862,1366825
00182117716,1299662
00280119720,1299662
16500005401,1299662
16500005402,1299662
00927018707,1147795
23900000106,1299646
00067013624,1089968
00067611112,1089968
70134040208,1996098
00113001934,1431245
00113001940,1431245
00113076334,1431245
00113076340,1431245
00113250140,1431245
00363024108,1431245
00363033126,1431245
00363062334,1431245
00363062340,1431245
00363062350,1431245
00363076340,1431245
00363202940,1431245
00363590040,1431245
00363610412,1431245
00363614212,1431245
11673001240,1431245
11673032201,1431245
11673082801,1431245
11822051101,1431245
11822076301,1431245
11822409900,1431245
21130012940,1431245
23900003814,1431245
23900003815,1431245
23900003816,1431245
23900003822,1431245
23900003841,1431245
23900003842,1431245
23900003941,1431245
23900004161,1431245
23900004163,1431245
30142076340,1431245
36800029140,1431245
37000081201,1431245
37000081204,1431245
37000081208,1431245
37000081212,1431245
37000081224,1431245
37000081508,1431245
37000081512,1431245
37000081536,1431245
37808076340,1431245
41163076340,1431245
41226076701,1431245
41226077501,1431245
41250076340,1431245
41250076350,1431245
41250081140,1431245
41520056140,1431245
42507002040,1431245
42507076340,1431245
42507086140,1431245
46122003434,1431245
46122023334,1431245
46122029834,1431245
46122030034,1431245
49035080740,1431245
49580041608,1431245
49580416008,1431245
50580036901,1431245
50580057101,1431245
51316017940,1431245
51316053340,1431245
51316064112,1431245
51316071212,1431245
55319064108,1431245
55910071608,1431245
55910090034,1431245
55910090040,1431245
55910092840,1431245
56062076340,1431245
58593083006,1431245
59640042340,1431245
59779076334,1431245
59779076340,1431245
59779076350,1431245
68016031108,1431245
69423080708,1431245
69423080712,1431245
69423096806,1431245
69423096808,1431245
69423096812,1431245
69423098908,1431245
69423098912,1431245
69842080040,1431245
70000045301,1431245
70677016101,1431245
70677103001,1431245
72288018940,1431245
72288060140,1431245
72288063940,1431245
76162020240,1431245
79481899900,1431245
79903012212,1431245
79903019112,1431245
85828077501,1431245
87078087203,2733907
87078087232,2733907
16500050590,1536999
16500050591,1536999
00280009701,1297288
00280009702,1297288
00280119520,1297288
00280119540,1297288
00280160020,1297288
00280162020,1297288
00280164016,1297288
00280164024,1297288
00280827616,1297288
00280827624,1297288
00280828224,1297288
00363011424,1297288
00363101124,1297288
00363899724,1297288
11673098308,1297288
11673098324,1297288
11822385308,1297288
11822385608,1297288
16500057683,1297288
35916016701,1297288
35916018601,1297288
35916018602,1297288
35916018603,1297288
36800041104,1297288
37000051802,1297288
37000051808,1297288
37000051824,1297288
46122027260,1297288
51013016908,1297288
51013017504,1297288
51316052624,1297288
53345002001,1297288
53345005301,1297288
55319093408,1297288
55629001602,1297288
63868046824,1297288
68210421001,1297288
69842029008,1297288
69842038208,1297288
70692083784,1297288
72476099814,1297288
76162063724,1297288
76162081224,1297288
79903013424,1297288
79903024604,1297288
79903038724,1297288
81179000400,1297288
83324003824,1297288
83324022424,1297288
11822067708,1546881
23900003838,1546881
23900003839,1546881
29485505306,1546881
36800030762,1546881
37000052302,1546881
37000052324,1546881
37000081324,1546881
41250087708,1546881
46122030162,1546881
49035070862,1546881
50844067721,1546881
55910072500,1546881
66715640502,1546881
66715650503,1546881
66715651608,1546881
66715658102,1546881
66715990502,1546881
69423098624,1546881
72288072100,1546881
72288072162,1546881
79481009900,1546881
55758038201,2677914
55758038218,2677914
83059012901,2734621
00280092206,1534835
00280827206,1534835
16500055939,1534835
24385053060,1089822
84126036412,2723021
00067813208,1369842
00113060334,1369842
00113060340,1369842
00113229940,1369842
00363060334,1369842
00363060340,1369842
00363194040,1369842
00363415008,1369842
00363500140,1369842
00363610612,1369842
00363727012,1369842
11673060340,1369842
11822071001,1369842
11822312000,1369842
21130009140,1369842
21130043640,1369842
23900003812,1369842
23900003813,1369842
23900004162,1369842
30142060340,1369842
30142072212,1369842
36800060334,1369842
36800060340,1369842
37000053212,1369842
37000081001,1369842
37000081004,1369842
37000081008,1369842
37000081012,1369842
37000081024,1369842
37808060340,1369842
41163060340,1369842
41226076601,1369842
41226077401,1369842
41226078001,1369842
41250060340,1369842
41520071340,1369842
42507051140,1369842
42507060340,1369842
46122023434,1369842
49035047640,1369842
49580041508,1369842
50580025808,1369842
50580040308,1369842
50580051101,1369842
51316029340,1369842
51316041212,1369842
51316061340,1369842
51316068140,1369842
51316072712,1369842
55319014508,1369842
55910051508,1369842
55910057640,1369842
55910073734,1369842
59640030840,1369842
59779060334,1369842
59779060340,1369842
59779094108,1369842
69423075906,1369842
69423075908,1369842
69423075912,1369842
69423080608,1369842
69423080612,1369842
69423096408,1369842
69423099008,1369842
69423099012,1369842
70000019201,1369842
70677016001,1369842
70677102901,1369842
72288051540,1369842
72288055734,1369842
72288055740,1369842
72288060334,1369842
72288060340,1369842
76162050040,1369842
79481510000,1369842
79903012312,1369842
79903019012,1369842
82442011940,1369842
85828077401,1369842
69729005106,1790651
69729007006,1790651
69729078406,1790651
69729078506,1790651
69729078606,1790651
69729078706,1790651
69729078906,1790651
69729079006,1790651
00031875112,1116572
00031875118,1116572
00113101126,1116572
00113900726,1116572
00363041006,1116572
00363078206,1116572
00363088606,1116572
00363120930,1116572
00363336006,1116572
00363336106,1116572
00363405004,1116572
00363630008,1116572
00363800545,1116572
00363904245,1116572
11673029503,1116572
11673041006,1116572
11673077306,1116572
11822140000,1116572
21130003606,1116572
21130090903,1116572
27854029900,1116572
30142073106,1116572
37808031625,1116572
37808081140,1116572
41163003506,1116572
41163073706,1116572
46122021730,1116572
46122030330,1116572
46122044726,1116572
46122044734,1116572
49035033606,1116572
49035077109,1116572
50066031306,1116572
50066051625,1116572
50066051924,1116572
50428033768,1116572
51316032326,1116572
51316032334,1116572
51316063004,1116572
51316063008,1116572
53041061858,1116572
53145069606,1116572
53942051625,1116572
55319070545,1116572
55758044304,1116572
55910033609,1116572
55910039826,1116572
55910088606,1116572
59640001026,1116572
63824001566,1116572
63824001569,1116572
63824001764,1116572
63824027864,1116572
63824052703,1116572
63824054266,1116572
63824054833,1116572
63824054864,1116572
63824054866,1116572
63824054869,1116572
63824093766,1116572
63824094827,1116572
63824095217,1116572
63824095404,1116572
63824095864,1116572
63868074607,1116572
67091045706,1116572
68016022400,1116572
68163073709,1116572
69842000624,1116572
69842047536,1116572
69842056606,1116572
69842090306,1116572
69842090309,1116572
70000031301,1116572
70000062301,1116572
70134040108,1116572
72288046334,1116572
72854013366,1116572
72854013866,1116572
76162000026,1116572
76162000034,1116572
76162005045,1116572
79481630008,1116572
82442073706,1116572
83324014306,1116572
49035077203,1593450
53041062203,1593450
55758031106,1593450
58593082808,1593450
76281051924,1593450
65131001168,2712155
00280050520,1432488
00280050720,1432488
00363054609,1098435
00363546001,1098435
00363546008,1098435
00924014200,1098435
00924014201,1098435
11822546209,1098435
27854035001,1098435
36800047402,1098435
37808057402,1098435
41163071302,1098435
41250057402,1098435
47682004747,1098435
47682004780,1098435
47682004799,1098435
47682043536,1098435
47682043580,1098435
47682043599,1098435
47682073533,1098435
47682073599,1098435
47682083536,1098435
47682083580,1098435
47682083599,1098435
47682083636,1098435
47682083680,1098435
47682083699,1098435
50332014103,1098435
50332014104,1098435
50332014107,1098435
50580045001,1098435
50804017402,1098435
50804027402,1098435
51316054608,1098435
53809020501,1098435
53943027402,1098435
63868010224,1098435
63868072124,1098435
63941027402,1098435
72036027402,1098435
72476017402,1098435
73408083580,1098435
84269255601,1098435
84269255602,1098435
85766017401,1098435
00280006101,1656815
00280006102,1656815
00280829424,1656815
00363010924,1656815
00363052416,1656815
00363071916,1656815
00363117116,1656815
00363899624,1656815
00363901616,1656815
00363901716,1656815
00363979016,1656815
11673097216,1656815
11673097224,1656815
11673097816,1656815
11822385409,1656815
35916016601,1656815
37000051702,1656815
37000051708,1656815
37000051716,1656815
37000051724,1656815
41226062524,1656815
41226062816,1656815
41520098414,1656815
41520098514,1656815
51013011604,1656815
51013017404,1656815
51316052524,1656815
53345002101,1656815
55319062816,1656815
55629001502,1656815
63824051808,1656815
63824051816,1656815
63824059116,1656815
63824069308,1656815
63824069316,1656815
63868046724,1656815
63868067116,1656815
69729078210,1656815
69842009416,1656815
69842050516,1656815
69842061616,1656815
69842061716,1656815
69842078916,1656815
69842096916,1656815
70692083684,1656815
72854012608,1656815
72854012610,1656815
72854012616,1656815
72854012624,1656815
72854012716,1656815
72854020208,1656815
72854020216,1656815
76162063624,1656815
76162081124,1656815
79903016224,1656815
79903038624,1656815
81179000800,1656815
83324003724,1656815
83324016224,1656815
00067814501,1110988
00113023462,1110988
00113029962,1110988
00113030862,1110988
00113054862,1110988
00113450053,1110988
00113450062,1110988
00363037201,1110988
00363050307,1110988
00363050308,1110988
00363050322,1110988
00363064008,1110988
00363083962,1110988
00363617109,1110988
11673034702,1110988
11673096109,1110988
11822064008,1110988
11822503108,1110988
11822534709,1110988
11822617908,1110988
11822617909,1110988
23900003808,1110988
23900003809,1110988
23900003811,1110988
30142054862,1110988
30142070739,1110988
30142088839,1110988
36800023462,1110988
36800029802,1110988
36800029804,1110988
36800030862,1110988
36800050205,1110988
36800058162,1110988
36800069704,1110988
37000052402,1110988
37000052424,1110988
37000081124,1110988
37000081172,1110988
37205082862,1110988
37808017803,1110988
37808049704,1110988
37808059804,1110988
37808066305,1110988
41163005308,1110988
41163050308,1110988
41163081709,1110988
41226067524,1110988
41250019702,1110988
41250019704,1110988
41250056900,1110988
41250064308,1110988
41250066305,1110988
41250097902,1110988
41250098102,1110988
41250098104,1110988
42507016305,1110988
42507027803,1110988
46122007262,1110988
46122012662,1110988
46122019260,1110988
46122019360,1110988
46122023062,1110988
46122023262,1110988
46122029560,1110988
46122041862,1110988
46122046062,1110988
49035005308,1110988
49035005342,1110988
49035081362,1110988
49348010404,1110988
50269040225,1110988
50269055001,1110988
50580040201,1110988
50580040202,1110988
50580040226,1110988
50580040272,1110988
50804050308,1110988
50844064021,1110988
51316053008,1110988
51316062709,1110988
51316073162,1110988
53209100301,1110988
53209100302,1110988
53943016305,1110988
53943017803,1110988
53943019704,1110988
53943019804,1110988
53943019902,1110988
55910043200,1110988
55910043253,1110988
55910061309,1110988
55959013301,1110988
56062019702,1110988
56062019704,1110988
56062019802,1110988
56062019804,1110988
56062023462,1110988
56062030862,1110988
56062039902,1110988
57344016305,1110988
59779063162,1110988
59779088908,1110988
62011040601,1110988
62011044201,1110988
63824023720,1110988
63824023721,1110988
63824023744,1110988
63824023772,1110988
63824024220,1110988
63824051401,1110988
63824057504,1110988
63824057510,1110988
63824057520,1110988
63824057521,1110988
63824057544,1110988
63824057572,1110988
63868000324,1110988
63868058720,1110988
63868058820,1110988
63868058920,1110988
63941026305,1110988
63941039902,1110988
63941049704,1110988
63941049804,1110988
63941050908,1110988
66715630403,1110988
66715631508,1110988
66715640402,1110988
66715645607,1110988
66715645608,1110988
66715650403,1110988
66715651508,1110988
66715655602,1110988
66715658002,1110988
66715785602,1110988
66715975602,1110988
66715975603,1110988
66715990402,1110988
66715990403,1110988
66715990407,1110988
67091028824,1110988
67091029902,1110988
67414040200,1110988
67414040202,1110988
67751024001,1110988
67751024002,1110988
68016002588,1110988
68016054624,1110988
68016054720,1110988
68016054820,1110988
68016062520,1110988
68998026305,1110988
69423098724,1110988
69732000301,1110988
69842050308,1110988
69842072362,1110988
69842079602,1110988
70000028901,1110988
70000052501,1110988
70000063601,1110988
70264002502,1110988
70677010001,1110988
70677102701,1110988
72036015505,1110988
72036019902,1110988
72036029704,1110988
72036029804,1110988
72288035700,1110988
72288035762,1110988
72476016305,1110988
72476019702,1110988
72476019704,1110988
73097001102,1110988
73097001140,1110988
73097001150,1110988
79481503008,1110988
79481617009,1110988
79481617109,1110988
79481617209,1110988
79903021820,1110988
79903023510,1110988
83324010420,1110988
83324010520,1110988
83324010620,1110988
83324011124,1110988
85766017912,1110988
55758038101,2677915
55758038118,2677915
47682013999,1367204
47682042513,1367204
47682042533,1367204
47682082213,1367204
47682082233,1367204
47682082248,1367204
50332012904,1367204
50332012907,1367204
55670014313,1367204
55758036102,1367204
55758036199,1367204
69729014302,1367204
69729014306,1367204
69729014372,1367204
82652003201,1367204
58605043501,1484879
00280092106,1550968
00280827306,1550968
16500055942,1550968
00363045102,1090476
84126036312,2723022
50991053501,1673869
50991053502,1673869
58605043201,1359154
00363807845,2173662
11673087203,2173662
63824026966,2173662
63824027066,2173662
63824050166,2173662
63824050466,2173662
63824093866,2173662
63824095964,2173662
63854050466,2173662
69842096606,2173662
72854014066,2173662
72854025066,2173662
72854023808,2608082
72854023816,2608082
72854023916,2608082
72854023402,2549037
72854023420,2549037
72854024020,2549037
00280002301,1537029
00280002302,1537029
00280002303,1537029
00280012101,1537029
00280012102,1537029
00280155520,1537029
00280826516,1537029
00280826524,1537029
00280826716,1537029
00280826724,1537029
00280826748,1537029
16500059886,1537029
00280006801,2565491
00280002101,1536503
00280143020,1536503
00280143032,1536503
00280154520,1536503
65131011687,1743369
70893001200,1246254
70893001201,1246254
23900001437,1114041
37000056512,1114041
12090001401,1246340
70893001100,1246340
70893001101,1246340
00927051312,1483723
51672025048,1483726
00372004304,1422935
15187004304,1422935
00372004416,2122389
00043626404,1536157
58593029504,1099285
58593029506,1099285
00536106834,1111766
17856017201,1373128
17856017202,1373128
50090022400,1373128
63824017122,1373128
63824017163,1373128
63824017165,1373128
63824017175,1373128
63824017263,1373128
63824017265,1373128
63824017363,1373128
63824017365,1373128
63824017522,1373128
63824017563,1373128
63824017565,1373128
63824017575,1373128
63824017763,1373128
63824017765,1373128
50090293500,1092424
50580053404,1049908
50580053408,1049908
50580053416,1049908
50580053418,1049908
50580053501,1049908
50580053502,1049908
50580053504,1049908
50580053508,1049908
50580057304,1049908
54838013540,1094393
54838013570,1094393
54838013580,1094393
68071132504,1094393
00363009208,1086767
00363010104,1086767
00363010612,1086767
00363014178,1086767
00363029304,1086767
00363037926,1086767
00363037934,1086767
00363041804,1086767
00363071008,1086767
00363071010,1086767
63824074416,1039255
63824074436,1039255
63824074494,1039255
81968003022,2741703
81968004514,2611266
81968004530,2611266
81968004531,2611266
81968004560,2611266
59148005307,1040058
59148005316,1040058
59148005398,1040058
64597030113,1040058
64597030160,1040058
63736011027,1872897
63736020501,1872897
67172001511,1045541
67172001611,1045541
78112001511,1045541
78112080122,1045541
60432083704,1358993
60432083716,1358993
69437060504,1358993
69437060516,1358993
51316063508,2683422
69536035508,2683422
69536036512,2683422
82442036508,2683422
00363003102,1360638
00363939332,2683425
72854008332,2683425
84126031212,2685490
82673090108,2683226
69676009203,2693776
00067012201,2679426
00067012301,2679426
58933055406,2679426
58933055416,2679426
58933055606,2679426
58933055616,2679426
79903035012,2679426
00031209499,2362250
00031209901,2362250
00363757008,2362250
69842065708,2119625
69676011009,2743069
79903041416,2743625
00031209554,2722413
00031210201,2722413
00031205901,2056073
00031209448,2056073
00031209581,2056073
00031210301,2056073
00031283401,2056073
00363091312,2056073
51316043419,2056073
51316043936,2056073
69842092912,2056073
50428054582,1795585
00067811208,1730190
00363042208,1730190
00067820601,2604635
00280828724,2744508
11523476501,1250983
00067816101,2604579
50580055101,2604579
51316098403,2604579
00067792302,2636659
00363559012,2636659
51316055906,2636659
51316060907,2636659
76162055912,2636659
82442055912,2636659
00363622016,2637756
51316066607,2637756
69423084524,2637756
69676009503,2693777
50580013224,2676954
50580014103,2676954
69168001315,2676954
82706001701,2676954
82706001801,2676954
11523012401,2687211
36800030102,2687211
76162090302,2687211
84126030924,2687211
84126034416,2687211
69676007903,2692304
84126035824,1242575
51316093724,2663936
69423080548,2663936
72854016810,2663936
72854016824,2663936
72854016848,2663936
84126035424,2713313
84126035448,2713313
11523010001,2612689
51316096124,2612689
72854021724,2612689
00067000714,2695452
00067010701,2695452
63824011866,2287760
69842069612,2287760
72854016026,2287760
72854016526,2287760
72854006204,2744509
00363191102,2717875
11673047464,2717875
72854016910,2717875
72854016920,2717875
72854016940,2717875
79903043220,2717875
11673059102,2717656
41226067802,2717656
72854021010,2717656
72854021020,2717656
72854021040,2717656
63824021822,2637730
63824022022,2637730
00363005908,1666116
00363459008,1666116
11673005908,1666116
51316093904,1666116
80070035008,1666116
80070036012,1666116
82442053608,1666116
69423078016,2644878
69423078024,2644878
69423099712,2626497
11673075783,1648203
11673084883,1648203
41226077883,1648203
51316087583,1648203
69423080296,1648203
00067812516,1803669
59779068616,1803669
00113621902,2637726
00363056702,2637726
00363121302,2637726
00363121399,2637726
00363173302,2637726
00363467024,2637726
11673002102,2637726
11673082302,2637726
11673092102,2637726
21130046724,2637726
21130096702,2637726
30142066724,2637726
37000003324,2637726
41163056702,2637726
41226079002,2637726
41250073302,2637726
49035071802,2637726
50066030402,2637726
51316012302,2637726
51316012396,2637726
51316061812,2637726
59779056702,2637726
67091037112,2637726
69256046724,2637726
69423079812,2637726
69423079824,2637726
69423097412,2637726
69423097416,2637726
69423099316,2637726
72288073302,2637726
82501073301,2637726
85828077302,2637726
00363072924,2634564
00363114204,2634564
00363221124,2634564
00363221248,2634564
00363901124,2634564
00363901248,2634564
11673096948,2634564
11822085104,2634564
21130005848,2634564
21130069548,2634564
21130090148,2634564
23900001452,2634564
24689015201,2634564
30142023374,2634564
36800058072,2634564
37808019148,2634564
41163085048,2634564
41163090148,2634564
49035019248,2634564
49483069548,2634564
55301060505,2634564
55319056624,2634564
55910081172,2634564
56062009000,2634564
56062071772,2634564
59450004848,2634564
59726090124,2634564
62011043701,2634564
67091033648,2634564
67091039348,2634564
68016020348,2634564
68016060048,2634564
68016079948,2634564
68016087948,2634564
69168043815,2634564
69256090148,2634564
69423099612,2634564
69423099624,2634564
69423099648,2634564
69423099660,2634564
69423099672,2634564
69842085224,2634564
69842085248,2634564
69842089624,2634564
69842089648,2634564
70677102801,2634564
72288058072,2634564
72476085048,2634564
72476090148,2634564
79481087808,2634564
79481088808,2634564
81522090148,2634564
82501121101,2634564
82706000401,2634564
83558002002,2634564
84324002001,2634564
84324002501,2634564
85828069548,2634564
00067680402,2640034
00067791912,2640034
00067820001,2640034
00363131955,2640034
00363548012,2640034
11673087755,2640034
49035094812,2640034
58933054216,2640034
59779076812,2640034
72288019155,2640034
00067640312,1428880
00363110212,1428880
11673054212,1428880
59779065455,1428880
00363406345,2390630
51316046399,2390630
63824011766,2390630
72854016626,2390630
72854024240,2560238
00363086212,2637728
00363420008,2637728
11673042008,2637728
49035093804,2637728
55910056212,2637728
63824028722,2637728
63824094434,2637728
63824095574,2637728
69842046212,2637728
69842082008,2637728
82442047608,2637728
63824055840,2634815
00067208220,2634560
00067208224,2634560
36800025056,2634560
36800092702,2634560
41163052908,2634560
46122041162,2634560
49035093108,2634560
50580028220,2634560
50580036920,2634560
50804055102,2634560
50844052909,2634560
56062025004,2634560
56062049604,2634560
57344015003,2634560
63868001520,2634560
83324009320,2634560
50580037401,2558505
00280004001,2634363
00280009801,2634363
00280009901,2634363
00280012501,2634363
00280112220,2634363
00280112240,2634363
00280118720,2634363
00280158020,2634363
00280158140,2634363
00280161020,2634363
00280165016,2634363
00280168024,2634363
00280828324,2634363
00280828816,2634363
00280828824,2634363
00363103102,2634363
00363555224,2634363
00363907724,2634363
00363908024,2634363
00363989020,2634363
49035067416,2634363
51013016808,2634363
51316054724,2634363
55319093502,2634363
79903013320,2634363
79903031520,2634363
79903038316,2634363
11673069112,2637729
00031209404,1424850
00363046312,1424850
00363914012,1424850
11673079401,1424850
00363091208,2634562
00363091209,2634562
63824051110,2634816
63824051120,2634816
63824051140,2634816
63824051601,2634816
79903023620,2634816
63824013666,2288826
63824011566,2397132
63824011666,2397132
00280010901,2664074
00280011001,2664074
00280828524,2664074
00280828548,2664074
00280006901,2565492
00280008601,2565492
00280002501,1730187
00280155020,1730187
11822503408,2634819
37808028601,2634819
50580041401,2634819
50580041403,2634819
50580041404,2634819
50844054708,2634819
51316050908,2634819
53943018601,2634819
55301054708,2634819
55910057308,2634819
63868023816,2634819
63981070295,2634819
69842080308,2634819
72036018601,2634819
79481503408,2634819
83324009224,2634819
00113597002,2637731
00363057702,2637731
00363159702,2637731
00363610524,2637731
11673032802,2637731
11673073902,2637731
11673079102,2637731
11673082402,2637731
11822032801,2637731
23900001778,2637731
36800059702,2637731
37000004524,2637731
37000081424,2637731
41226077602,2637731
41250059702,2637731
41250091902,2637731
49035071402,2637731
50580023101,2637731
50580024101,2637731
50580052601,2637731
50580052901,2637731
51316015624,2637731
55319013816,2637731
55910093116,2637731
59779059702,2637731
69423080824,2637731
69423099124,2637731
72288059702,2637731
72288071102,2637731
76162041702,2637731
79903034824,2637731
84126032624,2637731
85828077602,2637731
00280003501,2634364
00280006201,2634364
00280828616,2634364
00280828624,2634364
00363072324,2634364
00363074424,2634364
00363074624,2634364
00363074648,2634364
00363077524,2634364
00363221024,2634364
00363221824,2634364
00363899448,2634364
00363899524,2634364
00363989624,2634364
11673098424,2634364
37000093412,2634364
37000093424,2634364
37000093448,2634364
37000093472,2634364
49035058604,2634364
49035058704,2634364
51316052724,2634364
51316052748,2634364
63824051924,2634364
63824051948,2634364
63824059424,2634364
63824069024,2634364
69842044224,2634364
69842045124,2634364
69842090624,2634364
69842090824,2634364
72854012924,2634364
72854014410,2634364
72854020424,2634364
76162067824,2634364
76162067924,2634364
76162082312,2634364
76162082412,2634364
00363640608,2634817
00363640622,2634817
30142005190,2634817
41250084022,2634817
49035079602,2634817
51316064722,2634817
55301062008,2634817
55910064390,2634817
63981079581,2634817
69423098824,2634817
69423098848,2634817
72288000290,2634817
72288050272,2634817
79481520000,2634817
00363427845,2637727
11673028601,2637727
63824050526,2637727
63824094026,2637727
63824096024,2637727
72854013526,2637727
72854013926,2637727
72854015426,2637727
00280050620,1927849
00363961764,2560237
11673034364,2560237
49483072664,2560237
72584024340,2560237
72854024110,2560237
72854024120,2560237
72854024140,2560237
72854024310,2560237
72854024320,2560237
72854024340,2560237
00280828412,1804384
69842054612,1804384
84126036524,2723023
81968034503,2744513
81968034501,2744515
44567060004,1788947
44567060104,1788947
70069075801,1788947
70069075804,1788947
70069075901,1788947
70069075904,1788947
00143953201,309710
00143953225,309710
00781329772,309710
00781329795,309710
16729023930,309710
16729023993,309710
16729043293,309710
17478005502,309710
36000026201,309710
36000026205,309710
36000026210,309710
36000026225,309710
42023014625,309710
55150020902,309710
57664059640,309710
57664059650,309710
63323042101,309710
63323042102,309710
63323042116,309710
65219064201,309710
65219064202,309710
66794023002,309710
66794023042,309710
66794023302,309710
66794023342,309710
67457025100,309710
67457025102,309710
68083052725,309710
70860060502,309710
70860060503,309710
70860060541,309710
71288050502,309710
71288050503,309710
71872703001,309710
71872703101,309710
71872712201,309710
71872721801,309710
71872732301,309710
83634060002,309710
83634060041,309710
84549023042,309710
84549050503,309710
00781349380,1718900
00781349395,1718900
63323067102,1718900
63323067120,1718900
68094004701,1718900
68094004710,1718900
71225012601,1718900
71225012604,1718900
84549049395,1718900
00143952601,1718906
00143952610,1718906
00338955524,1718906
00781349491,1718906
00781349495,1718906
25021061550,1718906
42023018601,1718906
42023018620,1718906
43066055524,1718906
43066056124,1718906
43598097611,1718906
43598097658,1718906
44567060224,1718906
52536012501,1718906
52536012510,1718906
55150029601,1718906
55150029610,1718906
63323067105,1718906
63323067150,1718906
66794023402,1718906
66794023444,1718906
67457092400,1718906
67457092450,1718906
68083023820,1718906
68094014701,1718906
68094014720,1718906
70121138801,1718906
70121138808,1718906
70121171101,1718906
70121171102,1718906
70121171109,1718906
71225012602,1718906
71225012605,1718906
71225013201,1718906
71225013202,1718906
72572012701,1718906
72572012710,1718906
00143952501,1718909
00143952510,1718909
00338955712,1718909
00781349546,1718909
00781349595,1718909
25021061551,1718909
25021061782,1718909
42023018701,1718909
42023018710,1718909
43066055712,1718909
43066056512,1718909
43598097511,1718909
43598097558,1718909
44567060324,1718909
52536012601,1718909
52536012608,1718909
55150029701,1718909
55150029710,1718909
63323067100,1718909
63323067101,1718909
66794023502,1718909
66794023541,1718909
67457092500,1718909
67457092510,1718909
68083023910,1718909
68083065710,1718909
68094024701,1718909
68094024710,1718909
70121138901,1718909
70121138907,1718909
70121171201,1718909
70121171202,1718909
70121171203,1718909
71225012603,1718909
71225012606,1718909
71225013301,1718909
71225013302,1718909
72572012801,1718909
72572012808,1718909
00143919801,2396891
00143919810,2396891
11695696701,1535228
68504000610,1535228
86101006141,1535228
54771105001,1732674
81092112000,2601126
81092112001,2601126
81092112003,2601126
81092118000,2601131
81092118001,2601131
81092118003,2601131
00404993802,284397
00409163802,284397
00409163832,284397
00409166020,1718902
00409166022,1718902
00409330101,1718902
00409330110,1718902
00409145401,1718907
00409145420,1718907
00409166050,1718907
00409166055,1718907
00409459601,1718907
00409459620,1718907
00409783801,1718907
00409783824,1718907
00409015501,1718910
00409015502,1718910
00409117401,1718910
00409117410,1718910
00409159601,1718910
00409159610,1718910
00409166010,1718910
00409166035,1718910
00409785301,1718910
00409785324,1718910
00409143401,2396892
00409281501,2396892
00409787501,2396892
00409787512,2396892
54771280601,1535226
46066008813,2535256
54771280501,1535230
17033000510,2268610
69043003810,2665898
86136010531,2532532
86136015231,2532532
00093412573,834046
00093412574,834046
00781612046,834046
00781612048,834046
67253020210,834046
67253020220,834046
68788985301,834046
68788985302,834046
00093412773,834040
00093412774,834040
00781612146,834040
00781612148,834040
33261094901,834040
50090040900,834040
63187053300,834040
63187053320,834040
67253020310,834040
67253020320,834040
68071182002,834040
68788985201,834040
68788985202,834040
00093117201,834061
00093117210,834061
00143983701,834061
00143983710,834061
00781120501,834061
00781120510,834061
16714023401,834061
16714023402,834061
33358028420,834061
33358028430,834061
33358028440,834061
33358028460,834061
43063062240,834061
43063070406,834061
43063070420,834061
43063070428,834061
43063070440,834061
49999000240,834061
50090228600,834061
50090228602,834061
50090228603,834061
50090228604,834061
50090228700,834061
50090330700,834061
50090330701,834061
50090337400,834061
50090337402,834061
50090337403,834061
50090337404,834061
50090342500,834061
50090342501,834061
50090350600,834061
50090350602,834061
50090350603,834061
50090350604,834061
52959033320,834061
52959033324,834061
52959033328,834061
52959033330,834061
52959033340,834061
57237004001,834061
57237004099,834061
58864037940,834061
63187067620,834061
63187067630,834061
63187067640,834061
63629273802,834061
63629505001,834061
65862017501,834061
65862017599,834061
66267015906,834061
66267015920,834061
66267015930,834061
66267015940,834061
68071224406,834061
68071317602,834061
68071317603,834061
68071317604,834061
68071317606,834061
68071317608,834061
68071340104,834061
68071342706,834061
68071356204,834061
68071429803,834061
68071429804,834061
68071429806,834061
68071429808,834061
68071429809,834061
68071469704,834061
68071469708,834061
68071475306,834061
68071475308,834061
70518431000,834061
70518431001,834061
71335270201,834061
72789014606,834061
72789014620,834061
72789014628,834061
72789022301,834061
72789024520,834061
72789024528,834061
72789024540,834061
72789036628,834061
00093117401,834102
00093117410,834102
00093519501,834102
00143983601,834102
00143983610,834102
00781165501,834102
00781165510,834102
16714023501,834102
16714023502,834102
33358028520,834102
33358028530,834102
33358028540,834102
33358028560,834102
42708009814,834102
43063009604,834102
43063009606,834102
43063009615,834102
43063009620,834102
43063009628,834102
43063009630,834102
43063009640,834102
43063055704,834102
43063055706,834102
43063055715,834102
43063055720,834102
43063055728,834102
43063055730,834102
43063055740,834102
43063057628,834102
43063057640,834102
43063061440,834102
43063068040,834102
43063078006,834102
43063078015,834102
43063078020,834102
43063078028,834102
43063078030,834102
43063078040,834102
43063099528,834102
43063099540,834102
50090321001,834102
50090321002,834102
50090321004,834102
50090321006,834102
50090465100,834102
50090465101,834102
50090465201,834102
50090465202,834102
50090465204,834102
50090465205,834102
50090465206,834102
50090554300,834102
50090554301,834102
50090554302,834102
50090554304,834102
50090554305,834102
50090554306,834102
50090667500,834102
50090667501,834102
51655001103,834102
51655001120,834102
51655001151,834102
51655001152,834102
52959021301,834102
52959021310,834102
52959021320,834102
52959021324,834102
52959021328,834102
52959021330,834102
52959021340,834102
55700023028,834102
55700057240,834102
55887098021,834102
55887098028,834102
57237004101,834102
57237004105,834102
57237004199,834102
58864061228,834102
61919064928,834102
61919064930,834102
61919064940,834102
63187075620,834102
63187075630,834102
63187075640,834102
63187092620,834102
63187092630,834102
63187092640,834102
63629422801,834102
63629422901,834102
63629423601,834102
63629762301,834102
63629792801,834102
63629911001,834102
65862017601,834102
65862017605,834102
65862017699,834102
66267016020,834102
66267016028,834102
66267016030,834102
66267016040,834102
66336009520,834102
66336009528,834102
66336009530,834102
66336009540,834102
67296226102,834102
67296226104,834102
68071329904,834102
68071329906,834102
68071329909,834102
68071364003,834102
68071364004,834102
68071364008,834102
68071483803,834102
68071483808,834102
68071508106,834102
68788824202,834102
68788824204,834102
70518275800,834102
70518275801,834102
70518275802,834102
70518275803,834102
70518275804,834102
70518275805,834102
70518275806,834102
70518275807,834102
70518275808,834102
70518275809,834102
70518287701,834102
70518344100,834102
70518344101,834102
70518344102,834102
70518344103,834102
70518344104,834102
70518344105,834102
70518465700,834102
70934003520,834102
70934003530,834102
70934003540,834102
70934003591,834102
70934003593,834102
70934003594,834102
72789022201,834102
72789022230,834102
58198566700,584596
17033038204,1789689
00121109155,2727399
14335073010,2727399
00378627045,465355
31722026631,465355
40032003800,465355
40032003860,465355
43386003860,465355
59762093503,465355
65162091322,465355
70436023039,465355
72673011130,465355
00378162693,349435
00781566705,349435
00781566706,349435
00781566710,349435
00781566713,349435
00781566731,349435
00904659604,349435
16714019801,349435
27241006203,349435
40032008830,349435
43386008803,349435
43386008805,349435
43386008830,349435
43386008831,349435
43547037703,349435
43547037750,349435
48433014601,349435
48433014603,349435
51079016401,349435
51079016403,349435
51079016420,349435
59762093401,349435
60687029411,349435
60687029421,349435
64980027403,349435
65841083001,349435
65841083005,349435
65841083006,349435
65841083010,349435
65841083016,349435
65841083030,349435
65841083077,349435
65862089101,349435
65862089103,349435
65862089105,349435
65862089110,349435
65862089130,349435
68462057213,349435
68462057230,349435
68462057290,349435
72578006201,349435
72578006205,349435
72578006206,349435
72578006210,349435
72578006216,349435
72578006230,349435
72578006277,349435
00781341694,351209
31722022431,351209
39822107701,351209
47781046671,351209
55150032101,351209
65219019030,351209
68083032101,351209
70436002980,351209
70594006701,351209
71288002730,351209
72266013101,351209
72572087501,351209
72843044101,351209
00378164093,349434
00781566805,349434
00781566806,349434
00781566810,349434
00781566813,349434
00781566831,349434
00904702404,349434
16714019901,349434
27241006303,349434
40032008930,349434
43386008903,349434
43386008905,349434
43386008930,349434
43386008931,349434
43547037803,349434
43547037850,349434
48433014701,349434
48433014703,349434
50268080311,349434
50268080312,349434
51079016501,349434
51079016503,349434
51079016520,349434
51407013330,349434
59762093601,349434
60687027311,349434
60687027321,349434
63629873401,349434
63739000833,349434
63739070733,349434
64980027503,349434
65841083101,349434
65841083105,349434
65841083106,349434
65841083110,349434
65841083116,349434
65841083130,349434
65841083177,349434
65862089201,349434
65862089203,349434
65862089205,349434
65862089210,349434
65862089230,349434
68084053825,349434
68084053895,349434
68462057313,349434
68462057330,349434
68462057390,349434
71335291101,349434
72162119803,349434
72578006301,349434
72578006305,349434
72578006306,349434
72578006310,349434
72578006316,349434
72578006330,349434
72578006377,349434
00049316044,546624
00049317030,352218
00049319001,352220
00049319028,352220
00049419001,352220
00049318030,352219
10432009101,105686
11917003928,105686
69618007158,1112803
10432007001,199364
00761037220,309595
10135033063,309595
11917003929,309595
11917007928,309595
49348008910,309595
49348039210,309595
50268085211,309595
50268085215,309595
52735004601,309595
54629005801,309595
57896085601,309595
74312001170,309595
80681007100,309595
10432015801,199374
10432015802,199374
00536141638,309604
00904421813,309604
10135033163,309604
43292012349,309604
50268085311,309604
50268085315,309604
54629058001,309604
54738000133,309604
68016002222,309604
79854020055,309604
80681016500,309604
27917027096,2185309
10432024101,199365
10432024102,199365
90011018015,199365
00761044020,313896
10135033263,313896
10939095710,313896
11917006545,313896
11917007930,313896
11917013971,313896
11917013972,313896
20555003200,313896
31604001079,313896
31604001290,313896
37205049178,313896
40093010600,313896
50268085411,313896
50268085415,313896
51645091301,313896
52735004801,313896
54629058501,313896
54738000201,313896
54738000233,313896
57896088601,313896
68016030310,313896
69375001310,313896
74312001370,313896
77333093710,313896
77333093725,313896
79854020060,313896
80681007200,313896
80681012800,313896
83035182001,313896
83035182005,313896
74312003595,636371
43386023760,861113
43386023770,861113
45802049100,861113
45802049184,861113
88395002434,198890
40093010111,1374869
40093010225,1374869
74312071950,1374869
07610022120,237776
10939095711,237776
11917003941,237776
11917006548,237776
11917007931,237776
31604002730,237776
31604002929,237776
40093011099,237776
40985021104,237776
78742000985,237776
31604002732,245557
31604004130,245557
31604002717,242698
00536136601,309593
00904740361,309593
10006070022,309593
10006070163,309593
10006070165,309593
10135032963,309593
10135065201,309593
10135065250,309593
10135065263,309593
11845006935,309593
20555000600,309593
20555001600,309593
31604002731,309593
37205049572,309593
37864091401,309593
40093010137,309593
40093010602,309593
45861006901,309593
50268085511,309593
50268085515,309593
51645091401,309593
52735004713,309593
54629001045,309593
54629058605,309593
54738000301,309593
54738000333,309593
54738000350,309593
57896089601,309593
68016033260,309593
68094011559,309593
68094011561,309593
69375000710,309593
71085011305,309593
74312001380,309593
77333093810,309593
77333093825,309593
83035182101,309593
83035182105,309593
11845009661,237779
35046001130,237779
60142011710,237779
63629438001,237779
63629438002,237779
63629438003,237779
63629438004,237779
63629438005,237779
68016033160,237779
00143961901,309594
00143961910,309594
00143962001,309594
00143962010,309594
00143962101,309594
00143962125,309594
00404978330,309594
00404978610,309594
00517003101,309594
00517003125,309594
00517003201,309594
00517003225,309594
00517013001,309594
00517013005,309594
13985040004,309594
13985040005,309594
13985040006,309594
16714016501,309594
16714016525,309594
16714030201,309594
16714030210,309594
16714060901,309594
16714060905,309594
25021050201,309594
46066020203,309594
46066020204,309594
46066020205,309594
49910002929,309594
50090622900,309594
50989042612,309594
50989042615,309594
51662139401,309594
51662139402,309594
51662139403,309594
51662144001,309594
51662164702,309594
51662164703,309594
51662170301,309594
51662170302,309594
51662170303,309594
55150036401,309594
55150036410,309594
55150036425,309594
57319050205,309594
57319050206,309594
57561001104,309594
57561001105,309594
57561001106,309594
58005040004,309594
58005040005,309594
58005040006,309594
60270033110,309594
60270033113,309594
60270033117,309594
63323004400,309594
63323004401,309594
63323004441,309594
63323004444,309594
67457039910,309594
67457039925,309594
67457040005,309594
67457040031,309594
68001054259,309594
68001054260,309594
68001064059,309594
68001064060,309594
68083044925,309594
68083056125,309594
68083056201,309594
69680011201,309594
69680011210,309594
69680011225,309594
69680011310,309594
69680011399,309594
69680012105,309594
69680012110,309594
69680012130,309594
70069000501,309594
70069000510,309594
70069017101,309594
70069017105,309594
70069017110,309594
70069017201,309594
70069017210,309594
70069017225,309594
70512084001,309594
70512084025,309594
70710166301,309594
70710166307,309594
70710166401,309594
70710166406,309594
70710166407,309594
70710166501,309594
70710166505,309594
70756063510,309594
70756063525,309594
70756063581,309594
70756063610,309594
70756063625,309594
70756063705,309594
70756063710,309594
70756063788,309594
70771168801,309594
70771168807,309594
70771168901,309594
70771168906,309594
70771168907,309594
70771169001,309594
70771169005,309594
71288030001,309594
71288030002,309594
71288030091,309594
71288030092,309594
71288030110,309594
71288030111,309594
71288030230,309594
71288030301,309594
71288030302,309594
71288030391,309594
71288030392,309594
72603065001,309594
72603065025,309594
72843048701,309594
72843048710,309594
72843048725,309594
76420007525,309594
76420011125,309594
76420061825,309594
85766002901,309594
85766002925,309594
87188011101,309594
87188011190,309594
87188011201,309594
87188011301,309594
11917010170,1423423
11917013852,1423423
11917007933,237777
11917013368,237777
02669093320,2171138
33674040440,200165
31604002718,1245015
00761051612,198891
40985027112,198891
54629055100,198891
74312003860,198891
74312058911,198891
31604002719,855213
31604002817,855213
13985042604,1006047
46066022604,1006047
46066022605,1006047
50989042712,1006047
58005042604,1006047
58005042605,1006047
59051908705,1006047
60270033010,1006047
86136001910,1006047
54629898001,1488563
90011018004,1804852
90011018028,1804852
35515096769,1291288
47469006672,1291288
81131071774,1291288
87701019052,1291288
74312053795,1606305
31604002886,1653780
11845014818,199184
40985027113,199184
68016055330,199184
74312001471,199184
74312058912,199184
11695123005,2001499
13985005685,2001499
59051908805,2001499
30768018565,835519
11917015663,797238
10432019801,199240
10432019802,199240
30727043406,808611
30727043506,808513
11694071201,763597
11694071202,763597
52083061210,259711
58607011200,309606
10432035801,748672
69367022209,1145991
69367022409,1146002
54629038382,359541
60010089076,2711570
60010089077,2711570
73352089030,2711570
00245018311,359542
51991025201,359542
68016002125,1244146
42192036860,1193037
58005061004,1314636
58005061005,1314636
29983271301,1314626
30798033213,1314626
30798033217,1314626
46066020604,1314626
46066020605,1314626
46066020606,1314626
50989043112,1314626
50989043115,1314626
50989043116,1314626
58005060604,1314626
58005060605,1314626
58005060606,1314626
49884027052,861115
49884027082,861115
16729053303,2598453
16729053308,2598453
16729053310,2598453
16729053363,2598453
50991032301,542045
66869012210,542045
13349001029,1150291
51991019811,861083
63044019862,1087438
60258018601,979338
60575091390,808534
61269032560,997951
00245019111,1145348
51991008490,644790
51991038490,644794
58526000514,644794
75834008090,1809029
51991007733,1087262
51991054390,802762
66213054360,1193046
00245015560,1087285
51991054490,802748
51991079890,1087249
00259035116,1111752
89411035116,1111752
51991021516,1111750
52747090260,1314685
52747080030,1087399
52747080060,1087399
00185041001,993503
00185041005,993503
00185041060,993503
00378341101,993503
00378341105,993503
00591354001,993503
00591354005,993503
00591354060,993503
00615860139,993503
00904709961,993503
00904727061,993503
31722006601,993503
31722006605,993503
31722006660,993503
33358005360,993503
42806041001,993503
42806041005,993503
42806041060,993503
42806042401,993503
42806042405,993503
42806042460,993503
43353053816,993503
43353053882,993503
43547028806,993503
43547028809,993503
43547028810,993503
43547028850,993503
43598053601,993503
43598053605,993503
43598053660,993503
43598075101,993503
43598075105,993503
43598075160,993503
47335073608,993503
47335073613,993503
47335073686,993503
47335073688,993503
50090713000,993503
50090734900,993503
50228017401,993503
50228017405,993503
50228017410,993503
50228017430,993503
50228017460,993503
51079039101,993503
51079039120,993503
52959080560,993503
55648010108,993503
59651084601,993503
59651084605,993503
63187017630,993503
63187017660,993503
63187017678,993503
63187095214,993503
63187095230,993503
63187095260,993503
63187095290,993503
63629319601,993503
63629319602,993503
63629319603,993503
64679010101,993503
64679010105,993503
64679010107,993503
64679010108,993503
67046157203,993503
68084069701,993503
68084069711,993503
68788781903,993503
68788781906,993503
68788781909,993503
69097087702,993503
69097087703,993503
69097087707,993503
69097087712,993503
70010012503,993503
70010012505,993503
70010012506,993503
70436005801,993503
70436005802,993503
70436005805,993503
70518378700,993503
70518378701,993503
70518409300,993503
70518459100,993503
71205038730,993503
71205038760,993503
71335186601,993503
71335186602,993503
71335186603,993503
71335186604,993503
71335186605,993503
71335186606,993503
71335198601,993503
71335198602,993503
71335198603,993503
71335198604,993503
71335198605,993503
71335198606,993503
71335249601,993503
71335249602,993503
71335249603,993503
71335249604,993503
71335249605,993503
71335249606,993503
71335264901,993503
71335264902,993503
71335264903,993503
71335264904,993503
71335264905,993503
71335264906,993503
71335264907,993503
72189005730,993503
72189005760,993503
72189067660,993503
72789015860,993503
72789067660,993503
77771017405,993503
77771017460,993503
00185041501,993518
00185041505,993518
00185041552,993518
00185041560,993518
00378341201,993518
00378341205,993518
00591354101,993518
00591354105,993518
00591354125,993518
00591354160,993518
00615860239,993518
00904721461,993518
00904746561,993518
31722006701,993518
31722006705,993518
31722006725,993518
31722006760,993518
31722006790,993518
33358036460,993518
42806041501,993518
42806041505,993518
42806041552,993518
42806041560,993518
42806042501,993518
42806042505,993518
42806042552,993518
42806042560,993518
43063074430,993518
43063091330,993518
43353054630,993518
43353054660,993518
43353054680,993518
43547028906,993518
43547028909,993518
43547028910,993518
43547028925,993518
43547028950,993518
43598053701,993518
43598053705,993518
43598053760,993518
43598075201,993518
43598075205,993518
43598075260,993518
47335073708,993518
47335073713,993518
47335073786,993518
47335073788,993518
50090307800,993518
50090345300,993518
50090635300,993518
50090635301,993518
50090635302,993518
50090635303,993518
50090687100,993518
50090687101,993518
50090687102,993518
50090687103,993518
50090687200,993518
50090742200,993518
50090742201,993518
50090742202,993518
50090742203,993518
50090742300,993518
50228017501,993518
50228017505,993518
50228017510,993518
50228017530,993518
50228017560,993518
50436910201,993518
51079039201,993518
51079039220,993518
51655000326,993518
51655000352,993518
51655011525,993518
51655011526,993518
51655011552,993518
51655011583,993518
51655035726,993518
51655035752,993518
52959080630,993518
52959080660,993518
55154018300,993518
55648010507,993518
55700002830,993518
55700002860,993518
55700064430,993518
55700064460,993518
59651084701,993518
59651084705,993518
61919003830,993518
61919003860,993518
61919006360,993518
61919013630,993518
61919013660,993518
63187005230,993518
63187005260,993518
63187005278,993518
63187072630,993518
63187072660,993518
63187072690,993518
63629287301,993518
63629287302,993518
63629287303,993518
63629847301,993518
64679010501,993518
64679010505,993518
64679010507,993518
68071012230,993518
68071012260,993518
68071202203,993518
68071202209,993518
68071289003,993518
68071289006,993518
68084070825,993518
68084070895,993518
68788780701,993518
68788780702,993518
68788780703,993518
68788780706,993518
68788780708,993518
68788780709,993518
68788876901,993518
68788876902,993518
68788876903,993518
68788876906,993518
68788876908,993518
68788876909,993518
69097087802,993518
69097087803,993518
69097087807,993518
69097087812,993518
70010012603,993518
70010012605,993518
70010012606,993518
70436005901,993518
70436005902,993518
70436005905,993518
70436005922,993518
70518405600,993518
70518405601,993518
70518408100,993518
70518408101,993518
70518408102,993518
70518408103,993518
70518408104,993518
70934079130,993518
70934079160,993518
70934079190,993518
71205055030,993518
71205055060,993518
71205055090,993518
71205056530,993518
71205056560,993518
71205056590,993518
71335013501,993518
71335013502,993518
71335013503,993518
71335013504,993518
71335013505,993518
71335013506,993518
71335013507,993518
71335013508,993518
71335013509,993518
71335061201,993518
71335078501,993518
71335078502,993518
71335078503,993518
71335170201,993518
71335170202,993518
71335170203,993518
71335170204,993518
71335170205,993518
71335170206,993518
71335170207,993518
71335170208,993518
71335170209,993518
71335183701,993518
71335183702,993518
71335183703,993518
71335183704,993518
71335183705,993518
71335183706,993518
71335183707,993518
71335183708,993518
71335183709,993518
71335245701,993518
71335245702,993518
71335245703,993518
71335245704,993518
71335245705,993518
71335245706,993518
71335245707,993518
71335245708,993518
71335245709,993518
71610057630,993518
71610057660,993518
71610057680,993518
71610099030,993518
71610099053,993518
71610099060,993518
71610099080,993518
72162152905,993518
72189034930,993518
72189034960,993518
77771017505,993518
77771017560,993518
82868001930,993518
82868001960,993518
82868001990,993518
82868001996,993518
00115544513,993536
00115544519,993536
00185111160,993536
00378341301,993536
00378341305,993536
00591354201,993536
00591354205,993536
00591354260,993536
31722006801,993536
31722006805,993536
31722006860,993536
31722006890,993536
42806041160,993536
42806042601,993536
42806042605,993536
42806042660,993536
43353090083,993536
43547029006,993536
43547029009,993536
43547029010,993536
43547029050,993536
43598053860,993536
43598075360,993536
47335073808,993536
47335073813,993536
47335073886,993536
47335073888,993536
50228017601,993536
50228017610,993536
50228017630,993536
50228017660,993536
55648010707,993536
59651084801,993536
59651084860,993536
60429021806,993536
63187017830,993536
63187017860,993536
63187017890,993536
63187056630,993536
63187056660,993536
63187056690,993536
63629333201,993536
63629333202,993536
63629333203,993536
64679010701,993536
64679010704,993536
64679010705,993536
64679010707,993536
68788779301,993536
68788779302,993536
68788779303,993536
68788779306,993536
68788779308,993536
68788779309,993536
69097087902,993536
69097087903,993536
69097087907,993536
69097087912,993536
70010012703,993536
70010012705,993536
70010012706,993536
70436006001,993536
70436006002,993536
70436006005,993536
71335080101,993536
71335080102,993536
71335080103,993536
71335080104,993536
71335080105,993536
71335080106,993536
71335187001,993536
71335187002,993536
71335187003,993536
71335187004,993536
71335187005,993536
71335187006,993536
71335198401,993536
71335198402,993536
71335198403,993536
71335198404,993536
71335198405,993536
71335198406,993536
71335240001,993536
71335240002,993536
71335240003,993536
71335240004,993536
71335240005,993536
71335240006,993536
71610058283,993536
77771017660,993536
00115681102,993541
00115681108,993541
00115681110,993541
00378200877,993541
00527241532,993541
00527241541,993541
00527241543,993541
00527241546,993541
00591333105,993541
00591333119,993541
00591333130,993541
00615850405,993541
00615850439,993541
00781552810,993541
00781552831,993541
00904708404,993541
00904708461,993541
00904750504,993541
00904750561,993541
10135070305,993541
10135070330,993541
10135070390,993541
10370010100,993541
10370010103,993541
10370010150,993541
16571086203,993541
16571086209,993541
16571086210,993541
16571086212,993541
16571086250,993541
16729044310,993541
16729044315,993541
16729044316,993541
24979010102,993541
24979010106,993541
24979010107,993541
31722048705,993541
31722048730,993541
31722048790,993541
35356062730,993541
42291018230,993541
42291018250,993541
42291018290,993541
42806034805,993541
42806034809,993541
42806034830,993541
42806041405,993541
42806041409,993541
42806041430,993541
43063038790,993541
43598065505,993541
43598065530,993541
43598065590,993541
47335095413,993541
47335095481,993541
47335095483,993541
50090404900,993541
50090404901,993541
50090404902,993541
50090474700,993541
50090474701,993541
50090474702,993541
50090516300,993541
50090516301,993541
50090516302,993541
50090617300,993541
50090617301,993541
50090617302,993541
50090678900,993541
50090710900,993541
50090711000,993541
50090711001,993541
50090711002,993541
50090711200,993541
50090711300,993541
50090711301,993541
50090711302,993541
50090771100,993541
50090771101,993541
50090771102,993541
50090771200,993541
50228014405,993541
50228014430,993541
50228014490,993541
50268013311,993541
50268013313,993541
50268014011,993541
50268014013,993541
51079004701,993541
51079004720,993541
51407020605,993541
51407020630,993541
51407020690,993541
51655009826,993541
51655009852,993541
51655009883,993541
52817034550,993541
52817034590,993541
55700084930,993541
58657071030,993541
58657071050,993541
58657071090,993541
58657071230,993541
58657071250,993541
58657071290,993541
60687031201,993541
60687031211,993541
60687078201,993541
60687078211,993541
61919006960,993541
61919055860,993541
61919055872,993541
61919055890,993541
61919058930,993541
61919058960,993541
61919067430,993541
61919067460,993541
62135087530,993541
63187012430,993541
63187012490,993541
63187071330,993541
63187071360,993541
63187071390,993541
63187076630,993541
63187076660,993541
63187076690,993541
63304072305,993541
63304072330,993541
63304072390,993541
63629213601,993541
63629213701,993541
63629376202,993541
63629376203,993541
63629376204,993541
63629847401,993541
64679010201,993541
64679010202,993541
64679010205,993541
65841083605,993541
65841083606,993541
65841083610,993541
65841083616,993541
67046069903,993541
68001026104,993541
68001028703,993541
68001028704,993541
68001051903,993541
68001051904,993541
68001051905,993541
68001061303,993541
68001061304,993541
68001061305,993541
68071202306,993541
68071355909,993541
68071359403,993541
68071392703,993541
68071393203,993541
68084025101,993541
68084025111,993541
68180031902,993541
68180031906,993541
68180031909,993541
68382035305,993541
68382035306,993541
68382035310,993541
68382035316,993541
68788401001,993541
68788401003,993541
68788401006,993541
68788401009,993541
68788778601,993541
68788778603,993541
68788778606,993541
68788778608,993541
68788778609,993541
69097007112,993541
69097087502,993541
69097087505,993541
69097087512,993541
69367028805,993541
69367028809,993541
69680015730,993541
69680015790,993541
69680015792,993541
69680015793,993541
70010078403,993541
70010078405,993541
70010078409,993541
70436001002,993541
70436001004,993541
70436001006,993541
70518202200,993541
70518202201,993541
70518202202,993541
70518245800,993541
70518245801,993541
70518245802,993541
70518245803,993541
70518245804,993541
70518245805,993541
70518245806,993541
70518245807,993541
70518396300,993541
70518396301,993541
70518396302,993541
70518396303,993541
70518396304,993541
70518418900,993541
70518444800,993541
70518467400,993541
70934072430,993541
70934072490,993541
71205004530,993541
71205004590,993541
71205007690,993541
71205029130,993541
71205029160,993541
71205029190,993541
71205039430,993541
71205039460,993541
71205039490,993541
71205050430,993541
71205050460,993541
71205050490,993541
71205096730,993541
71205096755,993541
71205096790,993541
71335104401,993541
71335104402,993541
71335104403,993541
71335104404,993541
71335104405,993541
71335154201,993541
71335154202,993541
71335154203,993541
71335154204,993541
71335237801,993541
71335237802,993541
71335237803,993541
71335237804,993541
71335237805,993541
71335246901,993541
71335246902,993541
71335246903,993541
71335246904,993541
71335246905,993541
71610054360,993541
72162121803,993541
72162121805,993541
72162152603,993541
72162152605,993541
72189013430,993541
72189013460,993541
72189013472,993541
72189013490,993541
72189025290,993541
72516003503,993541
72516003509,993541
72516003550,993541
72789012090,993541
72789030190,993541
72789037790,993541
76282048005,993541
76282048030,993541
76282048090,993541
76420092301,993541
76420092305,993541
76420092330,993541
76420092360,993541
76420092390,993541
76519102103,993541
77771014405,993541
77771014430,993541
77771014490,993541
80425030001,993541
80425030002,993541
80425030003,993541
80425046101,993541
80425046102,993541
80425046103,993541
82009005105,993541
82804008030,993541
82804008060,993541
82804008090,993541
82804029690,993541
82868009796,993541
83008008230,993541
83301002401,993541
83301002402,993541
83301002403,993541
83301002404,993541
00378200905,993557
00527243032,993557
00527243041,993557
00527243043,993557
00527243046,993557
00615850505,993557
00615850539,993557
00781552910,993557
00781552931,993557
00904657304,993557
00904746904,993557
10135070405,993557
10135070430,993557
10135070490,993557
10370010200,993557
10370010203,993557
10370010250,993557
16571086303,993557
16571086309,993557
16571086310,993557
16571086350,993557
16729044410,993557
16729044415,993557
16729044416,993557
24979010202,993557
24979010206,993557
24979010207,993557
31722048805,993557
31722048830,993557
31722048890,993557
42291018330,993557
42291018350,993557
42806034905,993557
42806034909,993557
42806041605,993557
42806041609,993557
42806041630,993557
42806041660,993557
43063038890,993557
43598065605,993557
43598065630,993557
43598065690,993557
45963014205,993557
45963014230,993557
45963014290,993557
50090105900,993557
50090105901,993557
50090474900,993557
50090474901,993557
50090524500,993557
50090524501,993557
50090533400,993557
50090533401,993557
50090625800,993557
50090625801,993557
50090696100,993557
50090696101,993557
50090696200,993557
50090733400,993557
50090733401,993557
50090733500,993557
50090760200,993557
50228014505,993557
50228014530,993557
50228014590,993557
50268013411,993557
50268013413,993557
50268014111,993557
50268014115,993557
51079010901,993557
51079010903,993557
51407020705,993557
51407020730,993557
51407020790,993557
52817034650,993557
52817034690,993557
55700014630,993557
55700025730,993557
55700025790,993557
55700082030,993557
55700082090,993557
58657071130,993557
58657071150,993557
58657071190,993557
58657071330,993557
58657071350,993557
58657071390,993557
60687079311,993557
60687079321,993557
62135087630,993557
63187052130,993557
63187052160,993557
63187052190,993557
63187081930,993557
63187081960,993557
63187081978,993557
63187081990,993557
63304072405,993557
63304072430,993557
63304072490,993557
63629213801,993557
63629213901,993557
63629331602,993557
63629331603,993557
63629331604,993557
63629847501,993557
63629847601,993557
63739013233,993557
65841078005,993557
65841078006,993557
65841078010,993557
65841078016,993557
67046149703,993557
67046164803,993557
68001052003,993557
68001052004,993557
68001052005,993557
68001061403,993557
68001061404,993557
68001061405,993557
68071131100,993557
68071392809,993557
68084025211,993557
68084025221,993557
68180032002,993557
68180032006,993557
68180032009,993557
68382035405,993557
68382035406,993557
68382035410,993557
68382035416,993557
68788799201,993557
68788799203,993557
68788799206,993557
68788799208,993557
68788799209,993557
68788853701,993557
68788853703,993557
68788853706,993557
68788853708,993557
68788853709,993557
68788858901,993557
68788858903,993557
68788858906,993557
68788858908,993557
68788858909,993557
68788867701,993557
68788867703,993557
68788867706,993557
68788867708,993557
68788867709,993557
68788881501,993557
68788881503,993557
68788881506,993557
68788881508,993557
68788881509,993557
69097007212,993557
69097087602,993557
69097087612,993557
69367028905,993557
69367028909,993557
69680015830,993557
69680015890,993557
69680015892,993557
69680015893,993557
70010078503,993557
70010078505,993557
70010078509,993557
70436001102,993557
70436001104,993557
70436001106,993557
70518277202,993557
70518379000,993557
70518379001,993557
70518379002,993557
70518379003,993557
70518401400,993557
70518401401,993557
70518434300,993557
70518441500,993557
70518444600,993557
70518455100,993557
71205024830,993557
71205046530,993557
71205046560,993557
71205046590,993557
71205096830,993557
71205096855,993557
71205096890,993557
71335068701,993557
71335068702,993557
71335068703,993557
71335068704,993557
71335068705,993557
71335082401,993557
71335082402,993557
71335082403,993557
71335082404,993557
71335082405,993557
71335111401,993557
71335111402,993557
71335111403,993557
71335111404,993557
71335111405,993557
71335111406,993557
71335121401,993557
71335121402,993557
71335121403,993557
71335121404,993557
71335121405,993557
71335121406,993557
71335231201,993557
71335231202,993557
71335231203,993557
71335231204,993557
71335231205,993557
71335231206,993557
71335249901,993557
71335249902,993557
71335249903,993557
71335249904,993557
71335249905,993557
71335249906,993557
72162121903,993557
72162121905,993557
72162127809,993557
72162152703,993557
72162152705,993557
72189012430,993557
72189012472,993557
72189053930,993557
72189053990,993557
72516003603,993557
72516003609,993557
72516003650,993557
72789011290,993557
76282048105,993557
76282048130,993557
76282048190,993557
76420081201,993557
76420081205,993557
76420081230,993557
76420081260,993557
76420081290,993557
77771014505,993557
77771014530,993557
77771014590,993557
80425046801,993557
80425046802,993557
80425046803,993557
80425053901,993557
80425053902,993557
80425053903,993557
82009005205,993557
82804001330,993557
82804001360,993557
82804001390,993557
83301002501,993557
83301002502,993557
83301002503,993557
83301002504,993557
85534000601,993557
85534000603,993557
85534000605,993557
85534000606,993557
85534000609,993557
87441001401,993557
24979024806,1232585
47781063730,1232585
64679083001,1232585
70756083016,1232585
70756083030,1232585
00378043301,993691
00378043305,993691
00615858139,993691
00781105301,993691
00781105310,993691
00904663561,993691
00904752960,993691
23155019101,993691
23155019110,993691
24689011901,993691
42571024101,993691
43063088030,993691
43063088060,993691
45865047330,993691
45865047351,993691
45865047360,993691
45865047390,993691
46708011831,993691
46708011891,993691
50268014211,993691
50268014215,993691
51079094301,993691
51079094320,993691
51079094330,993691
51079094356,993691
52959089830,993691
52959089860,993691
55154415200,993691
55154818000,993691
55887065092,993691
58864079430,993691
59651087401,993691
60429074601,993691
60505015801,993691
60505015803,993691
60505015805,993691
60505015807,993691
60505015809,993691
60687034001,993691
60687034011,993691
61919003760,993691
62135072390,993691
62332011831,993691
62332011891,993691
64980020101,993691
67046087203,993691
67046158703,993691
67046164103,993691
68001030800,993691
68071225601,993691
68387035030,993691
68387035060,993691
69097091702,993691
69097091707,993691
69097091715,993691
69292060101,993691
70518156600,993691
70518426400,993691
71209005205,993691
71209005211,993691
71209005217,993691
71335001301,993691
71335001302,993691
71335001303,993691
71335001304,993691
71335001305,993691
71335001306,993691
71335001307,993691
71335079101,993691
71335079102,993691
71335079103,993691
71335079104,993691
71335079105,993691
71335079106,993691
71335079107,993691
71335155101,993691
71335155102,993691
71335155103,993691
71335155104,993691
71335155105,993691
71335155106,993691
71335155107,993691
71335286701,993691
71610037253,993691
71610037270,993691
71610037280,993691
71610037294,993691
71610077453,993691
71610077470,993691
71610077480,993691
71610077494,993691
71610086653,993691
71610086660,993691
71610086670,993691
71610086680,993691
71610089953,993691
71610089960,993691
71610089980,993691
72162209801,993691
72162240001,993691
72241002005,993691
72241002011,993691
72241002017,993691
82804012730,993691
00378043501,993687
00378043505,993687
00615858239,993687
00781106401,993687
00781106410,993687
00904663661,993687
00904753060,993687
23155019201,993687
23155019210,993687
24689012001,993687
42571024201,993687
43063099430,993687
45865037500,993687
45865037530,993687
45865037551,993687
45865037560,993687
45865037590,993687
46708012731,993687
46708012771,993687
50090186900,993687
50090186903,993687
50090751100,993687
50090751103,993687
50268014311,993687
50268014315,993687
50436910102,993687
51079094401,993687
51079094420,993687
51655039025,993687
51655039026,993687
52959065500,993687
52959065502,993687
52959065530,993687
52959065540,993687
52959065560,993687
52959065590,993687
55289073330,993687
55289073360,993687
58864080890,993687
59651087501,993687
60429074701,993687
60505015701,993687
60505015703,993687
60505015705,993687
60505015707,993687
60505015709,993687
60687035101,993687
60687035111,993687
60760078130,993687
62135072490,993687
62332012731,993687
62332012771,993687
63629323301,993687
63629323302,993687
63629323303,993687
63629323304,993687
63629323305,993687
63629323306,993687
64980020201,993687
66267061430,993687
67046156203,993687
67046167203,993687
67544089753,993687
67544089760,993687
67544089780,993687
67544089783,993687
68001030900,993687
68071257703,993687
68071257709,993687
68387035360,993687
68788798801,993687
68788798803,993687
68788798806,993687
68788798809,993687
69097091802,993687
69097091807,993687
69097091815,993687
69292060201,993687
70518421800,993687
70518421801,993687
71209005305,993687
71209005311,993687
71209005317,993687
71335018201,993687
71335018202,993687
71335018203,993687
71335018204,993687
71335018205,993687
71335018206,993687
71335018207,993687
71335087701,993687
71335087702,993687
71335087703,993687
71335087704,993687
71335087705,993687
71335087706,993687
71335087707,993687
71335265201,993687
71335265202,993687
71335265203,993687
71335265204,993687
71335265205,993687
71335265206,993687
71335265207,993687
71335269001,993687
71335287501,993687
71610016483,993687
71610070880,993687
72162209701,993687
72162240101,993687
72189045730,993687
72241002105,993687
72241002111,993687
72241002117,993687
72789007030,993687
72789007090,993687
72789054490,993687
82804012330,993687
00378552101,1801289
00591354360,1801289
00591354376,1801289
00781152960,1801289
00781516960,1801289
42806041360,1801289
43598086310,1801289
43598086330,1801289
43598086360,1801289
50090115000,1801289
50090115001,1801289
50090510100,1801289
50090510101,1801289
50090732200,1801289
50090732201,1801289
50228033811,1801289
50228033831,1801289
50228033861,1801289
65084041413,1801289
65084041442,1801289
00187581007,993552
00187581030,993552
00187581107,993569
00187581130,993569
00187581207,993683
00187581230,993683
00173094755,993511
58864071530,993511
66105048001,993511
66105048002,993511
66105048003,993511
66105048006,993511
66105048015,993511
00173013555,993528
52959028530,993528
52959028560,993528
55289090530,993528
58864062530,993528
58864062560,993528
66105048101,993528
66105048102,993528
66105048103,993528
66105048106,993528
66105048115,993528
00173072200,993537
00187073007,993545
00187073030,993545
00187073090,993545
52959082060,993545
55289092215,993545
55289092230,993545
00187073107,993564
00187073130,993564
55289090015,993564
55289090030,993564
24979024706,1232591
52427057530,1232591
43063077270,1551474
50090294500,1551474
51267089007,1551474
51267089099,1551474
00143920401,1860480
00409036601,1860480
00409423501,1860480
00955102001,1860480
23155090331,1860480
25021024501,1860480
43598025811,1860480
43598061111,1860480
45963073454,1860480
47335032340,1860480
57884304101,1860480
70121122101,1860480
71288013301,1860480
72485021401,1860480
00409020102,1860619
00409202601,1860619
43066004401,1860619
43066004402,1860619
46708067802,1860619
50742042802,1860619
55150037801,1860619
62332067802,1860619
67457053102,1860619
68083039901,1860619
70700017422,1860619
71288015095,1860619
00143920501,1860485
00955102104,1860485
23155090431,1860485
25021024504,1860485
43598025940,1860485
43598061040,1860485
45963076552,1860485
47335089540,1860485
57884304201,1860485
70121122201,1860485
71288015204,1860485
72485021504,1860485
00955102208,1861411
23155090531,1861411
43598038957,1861411
47335093940,1861411
57884304301,1861411
70121122301,1861411
72485021608,1861411
00409001601,1093280
00409020110,1093280
00409020120,1093280
00409173201,1093280
00409787001,1093280
25021025408,1093280
25021025416,1093280
43066000101,1093280
43066000601,1093280
43066001001,1093280
43066004601,1093280
43066004608,1093280
43066004801,1093280
43066004816,1093280
46708067808,1093280
46708067816,1093280
50742043108,1093280
50742046316,1093280
55150037901,1093280
55150038001,1093280
62332067808,1093280
62332067816,1093280
66758005001,1093280
66758005002,1093280
66758005003,1093280
66758095002,1093280
66758095003,1093280
66758095004,1093280
67457053208,1093280
67457053316,1093280
68083040001,1093280
68083040101,1093280
70700017522,1093280
70700017622,1093280
71288014408,1093280
71288014416,1093280
71288015195,1093280
71288015196,1093280
72078004008,1093280
73358021008,1093280
73358021016,1093280
00409036501,1001405
00409036701,1001405
00409036801,1001405
00409506801,1001405
16729026763,1001405
16729026764,1001405
16729026765,1001405
63739093211,1001405
63739097117,1001405
67457078108,1001405
64208251203,2054170
64208251204,2054170
70710209201,2728902
70710209208,2728902
83513000801,2728902
83831010102,2679786
70710209001,2697044
70710215201,2697044
83513000901,2697044
83513001001,2697044
83831010208,2679788
83831010316,2679784
70710209103,2723664
70710209304,2723666
68982063301,1741290
68209064301,1741375
68982064301,1741375
68982062301,1741410
68982063302,1741295
68209064302,1741380
68982064302,1741380
68982062302,1741420
68982062303,1741423
64208251207,2054174
64208251208,2054174
64208251001,2054223
64208251002,2054223
64208251005,2054227
64208251006,2054227
76125079220,1742331
76125079221,1742331
68516521605,1798549
68516521606,1798549
13533069216,1742400
13533069217,1742400
76125079005,1742038
76125079006,1742038
68516521405,1799326
68516521406,1799326
13533069020,1742329
13533069021,1742329
76125079150,1741292
76125079151,1741292
68516521501,1742217
68516521503,1742217
68516521505,1742217
68516521507,1742217
61953000101,1741301
13533069120,1741311
13533069121,1741311
50090632000,1742029
50090632001,1742029
76125079225,1742029
76125079226,1742029
44206025105,1742404
44206025190,1742404
68516521601,1741377
68516521603,1741377
68516521607,1741377
68516521609,1741377
00944049301,1742401
00944049303,1742401
61953000201,1742225
76179002501,1742222
76179002502,1742222
13533069220,1742395
13533069221,1742395
76125079110,1741296
76125079111,1741296
68516521502,1742220
68516521504,1742220
68516521506,1742220
68516521508,1742220
61953000102,1741304
61953000104,1741304
13533069171,1741313
13533069172,1741313
76125079210,1742031
76125079211,1742031
44206025110,1742406
44206025191,1742406
68516521600,1741381
68516521602,1741381
68516521604,1741381
68516521608,1741381
00944049302,1742403
00944049304,1742403
61953000202,1742227
76179002503,1742224
76179002504,1742224
13533069271,1742399
13533069272,1742399
76125079025,1741974
76125079026,1741974
44206031025,1741899
44206031090,1741899
68516521401,1741421
68516521403,1741421
68516521407,1741421
68516521409,1741421
68516521800,1741421
68516521801,1741421
68516521804,1741421
00944049505,1741986
00944049506,1741986
13533069025,1742228
13533069026,1742228
44206031050,1741903
44206031091,1741903
68516521400,1741424
68516521402,1741424
68516521404,1741424
68516521408,1741424
68516521900,1741424
68516521901,1741424
68516521902,1741424
13533069027,1742330
13533069028,1742330
31604001306,313652
50428033650,313652
54629011001,313652
78742043564,313652
83035183601,313652
00904208560,313638
10135021401,313638
10939096153,313638
11822028832,313638
11845005921,313638
33674040110,313638
39686001100,313638
40093010144,313638
40985021464,313638
50268084911,313638
50268084915,313638
60142074601,313638
68016001758,313638
71149000162,313638
83035183701,313638
87701040725,313638
10432006101,243795
10432006102,243795
10432030101,313653
10432030102,313653
10135012801,313654
53191021801,313654
71149000303,313654
10432023501,313643
10340000601,313656
10340000602,313656
68016001757,705726
37205007078,259287
54629012401,259287
68016002080,259287
13985033202,999793
13985033204,999793
13985033205,999793
30798032710,999793
30798032713,999793
30798032717,999793
46066033204,999793
46066033205,999793
46066033206,999793
50989017812,999793
50989017815,999793
50989017816,999793
57319042406,999793
58005033204,999793
58005033205,999793
58005033206,999793
10432006401,991456
00363965002,1043658
11917003693,1043658
12547049378,1043658
59779036501,1043658
68016040700,1043658
69968036701,1043658
69968036702,1043658
00363043015,1043704
11673043015,1043704
11822055201,1043704
11822055202,1043704
49035043015,1043704
49035043030,1043704
55910055215,1043704
59390017713,1043704
69842044102,1043704
69842044115,1043704
64980072102,210972
70199002611,210972
00065008515,1046266
00065008542,1046266
00065008552,1046266
00247108415,1046266
50090018500,1046266
52959010701,1046266
52959010703,1046266
10119002090,1043708
10119002178,1043708
10119020900,1043708
24208043003,1043708
24208043015,1043708
24208043030,1043708
24208043045,1043708
24208043115,1043708
24208043145,1043708
59007104101,1716031
59007105100,1716036
59007106100,1716042
39822105505,239240
23155059431,967385
55150036501,967385
62756023301,967385
62756023302,967385
62756095401,967385
62756095402,967385
67457092650,967385
67457092699,967385
57665010141,984082
00469305130,967388