rxcui,tty,name
1663181,SCDF,paclitaxel Injection
1663184,SBDF,paclitaxel Injection [Abraxane]
1163532,SCDG,paclitaxel Injectable Product
1165953,SBDG,Abraxane Injectable Product
583214,SCD,paclitaxel 100 MG Injection
583218,SBD,paclitaxel 100 MG Injection [Abraxane]
374751,SCDF,acetaminophen / butalbital / caffeine Oral Tablet
367776,SBDF,acetaminophen / butalbital / caffeine Oral Tablet [Esgic]
367771,SBDF,acetaminophen / butalbital / caffeine Oral Tablet [Repan]
1152255,SCDG,acetaminophen / butalbital / caffeine Oral Product
1152256,SCDG,acetaminophen / butalbital / caffeine Pill
1169698,SBDG,Esgic Oral Product
1169699,SBDG,Esgic Pill
1181337,SBDG,Repan Oral Product
1181338,SBDG,Repan Pill
238154,SCD,acetaminophen 325 MG / butalbital 50 MG / caffeine 40 MG Oral Tablet
240093,SCD,acetaminophen 500 MG / butalbital 50 MG / caffeine 40 MG Oral Tablet
211189,SBD,acetaminophen 325 MG / butalbital 50 MG / caffeine 40 MG Oral Tablet [Esgic]
211194,SBD,acetaminophen 325 MG / butalbital 50 MG / caffeine 40 MG Oral Tablet [Repan]
371160,SCDF,bupivacaine Injectable Solution
1724783,SCDF,bupivacaine Injection
2395790,SCDF,bupivacaine Drug Implant
1670364,SCDF,bupivacaine / epinephrine Cartridge
374372,SCDF,bupivacaine / epinephrine Injectable Solution
1672916,SCDF,bupivacaine / epinephrine Injection
437117,SCDF,bupivacaine / lidocaine Injectable Solution
2560316,SCDF,bupivacaine / meloxicam Injection
1012399,SBDF,bupivacaine Injectable Solution [Marcaine]
94058,SBDF,bupivacaine Injectable Solution [Sensorcaine]
2285805,SBDF,bupivacaine Injection [Exparel]
1724791,SBDF,bupivacaine Injection [Marcaine]
2566189,SBDF,bupivacaine Injection [Nocita]
2563415,SBDF,bupivacaine Injection [Posimir]
1724806,SBDF,bupivacaine Injection [Sensorcaine]
2395795,SBDF,bupivacaine Drug Implant [Xaracoll]
1673141,SBDF,bupivacaine / epinephrine Cartridge [Marcaine with Epinephrine]
1719661,SBDF,bupivacaine / epinephrine Cartridge [Vivacaine]
1012394,SBDF,bupivacaine / epinephrine Injectable Solution [Marcaine with Epinephrine]
1012416,SBDF,bupivacaine / epinephrine Injectable Solution [Sensorcaine with Epinephrine]
1673146,SBDF,bupivacaine / epinephrine Injection [Marcaine with Epinephrine]
1673295,SBDF,bupivacaine / epinephrine Injection [Sensorcaine with Epinephrine]
2560317,SBDF,bupivacaine / meloxicam Injection [Zynrelef]
2648288,SCDFP,bupivacaine hydrochloride Injectable Solution
2645894,SCDFP,bupivacaine hydrochloride Injection
2647866,SCDFP,bupivacaine hydrochloride Drug Implant
2646048,SCDFP,bupivacaine liposome Injection
2648403,SCDFP,bupivacaine hydrochloride / epinephrine Cartridge
2647181,SCDFP,bupivacaine hydrochloride / epinephrine Injectable Solution
2645891,SCDFP,bupivacaine hydrochloride / epinephrine Injection
2646864,SCDFP,bupivacaine hydrochloride / lidocaine hydrochloride Injectable Solution
2654710,SBDFP,bupivacaine hydrochloride Injectable Solution [Marcaine]
2658132,SBDFP,bupivacaine hydrochloride Injectable Solution [Sensorcaine]
2657348,SBDFP,bupivacaine hydrochloride Injection [Marcaine]
2657347,SBDFP,bupivacaine hydrochloride Injection [Sensorcaine]
2659056,SBDFP,bupivacaine hydrochloride Drug Implant [Xaracoll]
2656165,SBDFP,bupivacaine liposome Injection [Exparel]
2658355,SBDFP,bupivacaine liposome Injection [Nocita]
2655637,SBDFP,bupivacaine hydrochloride / epinephrine Cartridge [Marcaine with Epinephrine]
2654572,SBDFP,bupivacaine hydrochloride / epinephrine Cartridge [Vivacaine]
2657226,SBDFP,bupivacaine hydrochloride / epinephrine Injectable Solution [Marcaine with Epinephrine]
2655129,SBDFP,bupivacaine hydrochloride / epinephrine Injectable Solution [Sensorcaine with Epinephrine]
2658029,SBDFP,bupivacaine hydrochloride / epinephrine Injection [Marcaine with Epinephrine]
2658682,SBDFP,bupivacaine hydrochloride / epinephrine Injection [Sensorcaine with Epinephrine]
1151356,SCDG,bupivacaine Injectable Product
2395789,SCDG,bupivacaine Drug Implant Product
1151351,SCDG,bupivacaine / epinephrine Injectable Product
1151354,SCDG,bupivacaine / lidocaine Injectable Product
2560233,SCDG,bupivacaine / meloxicam Injectable Product
1191512,SBDG,Exparel Injectable Product
1180417,SBDG,Marcaine Injectable Product
1180419,SBDG,Marcaine with Epinephrine Injectable Product
2566188,SBDG,Nocita Injectable Product
2563416,SBDG,Posimir Injectable Product
1178964,SBDG,Sensorcaine Injectable Product
1178965,SBDG,Sensorcaine with Epinephrine Injectable Product
1187394,SBDG,Vivacaine Injectable Product
2395796,SBDG,Xaracoll Drug Implant Product
2560305,SBDG,Zynrelef Injectable Product
2661322,SCDGP,bupivacaine hydrochloride Injectable Product
2663553,SCDGP,bupivacaine hydrochloride Drug Implant Product
2659292,SCDGP,bupivacaine liposome Injectable Product
2662588,SCDGP,bupivacaine hydrochloride / epinephrine Injectable Product
2660688,SCDGP,bupivacaine hydrochloride / lidocaine hydrochloride Injectable Product
2563412,SCD,5 ML bupivacaine 132 MG/ML Injection
1012431,SCD,bupivacaine hydrochloride 1.05 MG/ML Injectable Solution
1724784,SCD,2 ML bupivacaine hydrochloride 7.5 MG/ML Injection
1012396,SCD,bupivacaine hydrochloride 2.5 MG/ML Injectable Solution
1012404,SCD,bupivacaine hydrochloride 5 MG/ML Injectable Solution
2178759,SCD,5 ML bupivacaine hydrochloride 2.5 MG/ML Injection
2178760,SCD,5 ML bupivacaine hydrochloride 5 MG/ML Injection
1725078,SCD,10 ML bupivacaine hydrochloride 2.5 MG/ML Injection
1724880,SCD,10 ML bupivacaine hydrochloride 5 MG/ML Injection
1724787,SCD,10 ML bupivacaine hydrochloride 7.5 MG/ML Injection
1725696,SCD,20 ML bupivacaine hydrochloride 2.5 MG/ML Injection
1725082,SCD,30 ML bupivacaine hydrochloride 2.5 MG/ML Injection
1724884,SCD,30 ML bupivacaine hydrochloride 5 MG/ML Injection
1724786,SCD,30 ML bupivacaine hydrochloride 7.5 MG/ML Injection
2395791,SCD,bupivacaine hydrochloride 100 MG Drug Implant
1745061,SCD,10 ML bupivacaine liposome 13.3 MG/ML Injection
1191508,SCD,20 ML bupivacaine liposome 13.3 MG/ML Injection
2560321,SCD,7 ML bupivacaine 29.3 MG/ML / meloxicam 0.88 MG/ML Injection
2560312,SCD,14 ML bupivacaine 29.3 MG/ML / meloxicam 0.88 MG/ML Injection
1670365,SCD,1.8 ML bupivacaine hydrochloride 5 MG/ML / epinephrine 0.005 MG/ML Cartridge
1012377,SCD,bupivacaine hydrochloride 2.5 MG/ML / epinephrine 0.005 MG/ML Injectable Solution
1012384,SCD,bupivacaine hydrochloride 5 MG/ML / epinephrine 0.005 MG/ML Injectable Solution
1867594,SCD,10 ML bupivacaine hydrochloride 2.5 MG/ML / epinephrine 0.005 MG/ML Injection
1672917,SCD,10 ML bupivacaine hydrochloride 5 MG/ML / epinephrine 0.005 MG/ML Injection
1867596,SCD,30 ML bupivacaine hydrochloride 2.5 MG/ML / epinephrine 0.005 MG/ML Injection
1672919,SCD,30 ML bupivacaine hydrochloride 5 MG/ML / epinephrine 0.005 MG/ML Injection
1012391,SCD,30 ML bupivacaine hydrochloride 7.5 MG/ML / epinephrine 0.005 MG/ML Injection
1012108,SCD,bupivacaine hydrochloride 3.75 MG/ML / lidocaine hydrochloride 10 MG/ML Injectable Solution
2563417,SBD,5 ML bupivacaine 132 MG/ML Injection [Posimir]
1724792,SBD,2 ML bupivacaine hydrochloride 7.5 MG/ML Injection [Marcaine]
1724807,SBD,2 ML bupivacaine hydrochloride 7.5 MG/ML Injection [Sensorcaine]
1012400,SBD,bupivacaine hydrochloride 2.5 MG/ML Injectable Solution [Marcaine]
1012455,SBD,bupivacaine hydrochloride 2.5 MG/ML Injectable Solution [Sensorcaine]
1012406,SBD,bupivacaine hydrochloride 5 MG/ML Injectable Solution [Marcaine]
1012457,SBD,bupivacaine hydrochloride 5 MG/ML Injectable Solution [Sensorcaine]
1725079,SBD,10 ML bupivacaine hydrochloride 2.5 MG/ML Injection [Marcaine]
1725175,SBD,10 ML bupivacaine hydrochloride 2.5 MG/ML Injection [Sensorcaine]
1725044,SBD,10 ML bupivacaine hydrochloride 5 MG/ML Injection [Marcaine]
1724881,SBD,10 ML bupivacaine hydrochloride 5 MG/ML Injection [Sensorcaine]
1724796,SBD,10 ML bupivacaine hydrochloride 7.5 MG/ML Injection [Marcaine]
1724809,SBD,10 ML bupivacaine hydrochloride 7.5 MG/ML Injection [Sensorcaine]
1725083,SBD,30 ML bupivacaine hydrochloride 2.5 MG/ML Injection [Marcaine]
1725177,SBD,30 ML bupivacaine hydrochloride 2.5 MG/ML Injection [Sensorcaine]
1725046,SBD,30 ML bupivacaine hydrochloride 5 MG/ML Injection [Marcaine]
1724885,SBD,30 ML bupivacaine hydrochloride 5 MG/ML Injection [Sensorcaine]
1724794,SBD,30 ML bupivacaine hydrochloride 7.5 MG/ML Injection [Marcaine]
1724810,SBD,30 ML bupivacaine hydrochloride 7.5 MG/ML Injection [Sensorcaine]
2395797,SBD,bupivacaine hydrochloride 100 MG Drug Implant [Xaracoll]
1745062,SBD,10 ML bupivacaine liposome 13.3 MG/ML Injection [Exparel]
2566190,SBD,10 ML bupivacaine liposome 13.3 MG/ML Injection [Nocita]
1191513,SBD,20 ML bupivacaine liposome 13.3 MG/ML Injection [Exparel]
2560306,SBD,7 ML bupivacaine 29.3 MG/ML / meloxicam 0.88 MG/ML Injection [Zynrelef]
2560308,SBD,14 ML bupivacaine 29.3 MG/ML / meloxicam 0.88 MG/ML Injection [Zynrelef]
1673142,SBD,1.8 ML bupivacaine hydrochloride 5 MG/ML / epinephrine 0.005 MG/ML Cartridge [Marcaine with Epinephrine]
1012461,SBD,1.8 ML bupivacaine hydrochloride 5 MG/ML / epinephrine 0.005 MG/ML Cartridge [Vivacaine]
1012381,SBD,bupivacaine hydrochloride 2.5 MG/ML / epinephrine 0.005 MG/ML Injectable Solution [Marcaine with Epinephrine]
1012413,SBD,bupivacaine hydrochloride 2.5 MG/ML / epinephrine 0.005 MG/ML Injectable Solution [Sensorcaine with Epinephrine]
1012388,SBD,bupivacaine hydrochloride 5 MG/ML / epinephrine 0.005 MG/ML Injectable Solution [Marcaine with Epinephrine]
1012417,SBD,bupivacaine hydrochloride 5 MG/ML / epinephrine 0.005 MG/ML Injectable Solution [Sensorcaine with Epinephrine]
1867612,SBD,10 ML bupivacaine hydrochloride 2.5 MG/ML / epinephrine 0.005 MG/ML Injection [Marcaine with Epinephrine]
1867618,SBD,10 ML bupivacaine hydrochloride 2.5 MG/ML / epinephrine 0.005 MG/ML Injection [Sensorcaine with Epinephrine]
1673242,SBD,10 ML bupivacaine hydrochloride 5 MG/ML / epinephrine 0.005 MG/ML Injection [Marcaine with Epinephrine]
1673296,SBD,10 ML bupivacaine hydrochloride 5 MG/ML / epinephrine 0.005 MG/ML Injection [Sensorcaine with Epinephrine]
1867614,SBD,30 ML bupivacaine hydrochloride 2.5 MG/ML / epinephrine 0.005 MG/ML Injection [Marcaine with Epinephrine]
1867620,SBD,30 ML bupivacaine hydrochloride 2.5 MG/ML / epinephrine 0.005 MG/ML Injection [Sensorcaine with Epinephrine]
1673243,SBD,30 ML bupivacaine hydrochloride 5 MG/ML / epinephrine 0.005 MG/ML Injection [Marcaine with Epinephrine]
1673298,SBD,30 ML bupivacaine hydrochloride 5 MG/ML / epinephrine 0.005 MG/ML Injection [Sensorcaine with Epinephrine]
1012421,SBD,30 ML bupivacaine hydrochloride 7.5 MG/ML / epinephrine 0.005 MG/ML Injection [Sensorcaine with Epinephrine]
2395792,GPCK,{3 (bupivacaine hydrochloride 100 MG Drug Implant) } Pack
2395798,BPCK,{3 (bupivacaine hydrochloride 100 MG Drug Implant [Xaracoll]) } Pack [Xaracoll 3 Implant Dose]
1734083,SCDF,ropivacaine Injection
1996290,SCDF,ropivacaine Prefilled Syringe
1734085,SBDF,ropivacaine Injection [Naropin]
2646704,SCDFP,ropivacaine hydrochloride Injection
2648059,SCDFP,ropivacaine hydrochloride Prefilled Syringe
2655521,SBDFP,ropivacaine hydrochloride Injection [Naropin]
1157986,SCDG,ropivacaine Injectable Product
1179322,SBDG,Naropin Injectable Product
2661044,SCDGP,ropivacaine hydrochloride Injectable Product
1734203,SCD,10 ML ropivacaine hydrochloride 2 MG/ML Injection
1996297,SCD,10 ML ropivacaine hydrochloride 2 MG/ML Prefilled Syringe
1996291,SCD,10 ML ropivacaine hydrochloride 5 MG/ML Prefilled Syringe
1734090,SCD,10 ML ropivacaine hydrochloride 10 MG/ML Injection
1734207,SCD,20 ML ropivacaine hydrochloride 2 MG/ML Injection
1734483,SCD,20 ML ropivacaine hydrochloride 5 MG/ML Injection
905189,SCD,20 ML ropivacaine hydrochloride 7.5 MG/ML Injection
1734084,SCD,20 ML ropivacaine hydrochloride 10 MG/ML Injection
1734475,SCD,30 ML ropivacaine hydrochloride 5 MG/ML Injection
1734347,SCD,100 ML ropivacaine hydrochloride 2 MG/ML Injection
1734479,SCD,100 ML ropivacaine hydrochloride 5 MG/ML Injection
1734355,SCD,200 ML ropivacaine hydrochloride 2 MG/ML Injection
1734481,SCD,200 ML ropivacaine hydrochloride 5 MG/ML Injection
1734204,SBD,10 ML ropivacaine hydrochloride 2 MG/ML Injection [Naropin]
1734091,SBD,10 ML ropivacaine hydrochloride 10 MG/ML Injection [Naropin]
1734208,SBD,20 ML ropivacaine hydrochloride 2 MG/ML Injection [Naropin]
1734484,SBD,20 ML ropivacaine hydrochloride 5 MG/ML Injection [Naropin]
905191,SBD,20 ML ropivacaine hydrochloride 7.5 MG/ML Injection [Naropin]
1734086,SBD,20 ML ropivacaine hydrochloride 10 MG/ML Injection [Naropin]
1734476,SBD,30 ML ropivacaine hydrochloride 5 MG/ML Injection [Naropin]
1734348,SBD,100 ML ropivacaine hydrochloride 2 MG/ML Injection [Naropin]
1734480,SBD,100 ML ropivacaine hydrochloride 5 MG/ML Injection [Naropin]
1734356,SBD,200 ML ropivacaine hydrochloride 2 MG/ML Injection [Naropin]
1734482,SBD,200 ML ropivacaine hydrochloride 5 MG/ML Injection [Naropin]
373867,SCDF,sertraline Oral Capsule
374622,SCDF,sertraline Oral Solution
373868,SCDF,sertraline Oral Tablet
364573,SBDF,sertraline Oral Solution [Zoloft]
368413,SBDF,sertraline Oral Tablet [Zoloft]
1158193,SCDG,sertraline Oral Liquid Product
1158194,SCDG,sertraline Oral Product
1158195,SCDG,sertraline Pill
1188167,SBDG,Zoloft Oral Liquid Product
1188168,SBDG,Zoloft Oral Product
1188169,SBDG,Zoloft Pill
861064,SCD,sertraline 20 MG/ML Oral Solution
312940,SCD,sertraline 25 MG Oral Tablet
312941,SCD,sertraline 50 MG Oral Tablet
312938,SCD,sertraline 100 MG Oral Tablet
410584,SCD,sertraline 150 MG Oral Capsule
251201,SCD,sertraline 200 MG Oral Capsule
861066,SBD,sertraline 20 MG/ML Oral Solution [Zoloft]
212233,SBD,sertraline 25 MG Oral Tablet [Zoloft]
208161,SBD,sertraline 50 MG Oral Tablet [Zoloft]
208149,SBD,sertraline 100 MG Oral Tablet [Zoloft]
370599,SCDF,ascorbic acid Chewable Tablet
602126,SCDF,ascorbic acid Disintegrating Oral Tablet
370598,SCDF,ascorbic acid Extended Release Oral Capsule
370600,SCDF,ascorbic acid Extended Release Oral Tablet
370597,SCDF,ascorbic acid Injectable Solution
370594,SCDF,ascorbic acid Oral Capsule
370604,SCDF,ascorbic acid Oral Lozenge
846044,SCDF,ascorbic acid Oral Powder
370934,SCDF,ascorbic acid Oral Solution
2707115,SCDF,ascorbic acid Oral Suspension
370601,SCDF,ascorbic acid Oral Tablet
370602,SCDF,ascorbic acid Oral Wafer
2636651,SCDF,ascorbic acid Powder for Oral Solution
2284147,SCDF,ascorbic acid Powder for Oral Suspension
377583,SCDF,ascorbic acid Topical Cream
1659766,SCDF,protein C Injection
2636845,SCDF,ascorbic acid / astaxanthin Chewable Tablet
376956,SCDF,ascorbic acid / bromelains Oral Capsule
1150170,SCDF,ascorbic acid / calcium carbonate Oral Tablet
2099780,SCDF,ascorbic acid / collagen Oral Tablet
577189,SCDF,"ascorbic acid / collagen, hydrolyzed Oral Capsule"
374492,SCDF,ascorbic acid / ferrous sulfate Extended Release Oral Tablet
237703,SCDF,ascorbic acid / hesperidin Oral Tablet
724126,SCDF,ascorbic acid / hyaluronate Oral Capsule
1926815,SCDF,ascorbic acid / iron carbonyl Chewable Tablet
1375378,SCDF,ascorbic acid / iron carbonyl Delayed Release Oral Tablet
370710,SCDF,ascorbic acid / iron carbonyl Oral Tablet
807800,SCDF,ascorbic acid / polysaccharide iron complex Oral Capsule
1874900,SCDF,ascorbic acid / resveratrol Oral Capsule
375355,SCDF,ascorbic acid / vitamin E Oral Capsule
375354,SCDF,ascorbic acid / vitamin E Oral Tablet
1648168,SCDF,estradiol / progesterone Drug Implant
1292775,SCDF,ascorbic acid / cholecalciferol / vitamin A Oral Solution
2713890,SCDF,ascorbic acid / cholecalciferol / vitamin A Oral Suspension
378576,SCDF,ascorbic acid / chondroitin sulfates / glucosamine Oral Tablet
835523,SCDF,ascorbic acid / ferrous bisglycinate / polysaccharide iron complex Oral Capsule
378540,SCDF,ascorbic acid / ferrous fumarate / vitamin B12 Oral Capsule
619035,SCDF,ascorbic acid / ferrous gluconate / folic acid Oral Tablet
619052,SCDF,ascorbic acid / ferrous sulfate / folic acid Extended Release Oral Tablet
375375,SCDF,ascorbic acid / pantothenic acid / quercetin Oral Tablet
880815,SCDF,ascorbic acid / cholecalciferol / sodium fluoride / vitamin A Oral Solution
580134,SCDF,ascorbic acid / ferrous fumarate / folic acid / vitamin B12 Oral Capsule
1087413,SCDF,ascorbic acid / folic acid / iron carbonyl / vitamin B12 Oral Tablet
891789,SCDF,ascorbic acid / beta carotene / cuprous oxide / vitamin E / zinc oxide Oral Capsule
891811,SCDF,ascorbic acid / beta carotene / cuprous oxide / vitamin E / zinc oxide Oral Tablet
891705,SCDF,ascorbic acid / cuprous oxide / lutein / vitamin E / zinc oxide Oral Capsule
836263,SCDF,ascorbic acid / docusate / folic acid / iron carbonyl / vitamin B12 Oral Tablet
619103,SCDF,ascorbic acid / ferrous fumarate / folic acid / intrinsic factor / vitamin B12 Oral Capsule
999798,SCDF,ascorbic acid / ferrous fumarate / folic acid / liver stomach concentrate / vitamin B12 Oral Capsule
1087296,SCDF,ascorbic acid / ferrous fumarate / folic acid / niacin / polysaccharide iron complex Oral Capsule
852776,SCDF,ascorbic acid / ferrous fumarate / folic acid / niacinamide / polysaccharide iron complex Oral Capsule
2045241,SCDF,ascorbic acid / polyethylene glycol 3350 / potassium chloride / sodium ascorbate / sodium chloride Powder for Oral Solution
1090822,SCDF,ascorbic acid / beta carotene / copper sulfate / selenite / vitamin E / zinc oxide Oral Tablet
1100260,SCDF,ascorbic acid / calcium citrate / cholecalciferol / folic acid / iron carbonyl / pyridoxine Oral Tablet
1870185,SCDF,ascorbic acid / polyethylene glycol 3350 / potassium chloride / sodium ascorbate / sodium chloride / sodium sulfate Powder for Oral Solution
1670052,SCDF,factor IX / factor VII / factor X / protein C / protein S / prothrombin Injection
1090830,SCDF,ascorbic acid / beta carotene / copper sulfate / lutein / selenite / vitamin E / zinc oxide Oral Tablet
891715,SCDF,ascorbic acid / beta carotene / cuprous oxide / lutein / sodium selenate / vitamin E / zinc oxide Oral Tablet
1087404,SCDF,ascorbic acid / biotin / copper sulfate / docusate / folic acid / iron carbonyl / vitamin B12 / vitamin E Extended Release Oral Tablet
1944961,SCDF,alpha tocopherol / ascorbic acid / cholecalciferol / doconexent / docusate / ferrous fumarate / folic acid / pyridoxine / tricalcium phosphate Oral Capsule
1043298,SCDF,alpha tocopherol / ascorbic acid / cholecalciferol / docosahexaenoate / docusate / ferrous fumarate / folic acid / pyridoxine / tricalcium phosphate Oral Capsule
826856,SCDF,ascorbic acid / biotin / folic acid / mecobalamin / niacinamide / pantothenate / pyridoxine / riboflavin / thiamine Oral Tablet
891521,SCDF,ascorbic acid / biotin / folic acid / niacin / pantothenate / pyridoxine / riboflavin / thiamine / vitamin B12 Oral Capsule
2371799,SCDF,ascorbic acid / cholecalciferol / niacin / riboflavin / thiamine / vitamin A / vitamin B12 / vitamin B6 / vitamin E Oral Solution
1090966,SCDF,ascorbic acid / cholecalciferol / niacinamide / pyridoxine / riboflavin / thiamine / vitamin A / vitamin B12 / vitamin E Oral Solution
828822,SCDF,ascorbic acid / D-biotin / folic acid / niacinamide / pantothenate / pyridoxine / riboflavin / thiamine / vitamin B12 Oral Tablet
828803,SCDF,ascorbic acid / D-biotin / folic acid / niacinamide / pantothenic acid / pyridoxine / riboflavin / thiamine / vitamin B12 Oral Tablet
826861,SCDF,ascorbic acid / biotin / ferrous fumarate / folic acid / mecobalamin / niacinamide / pantothenate / pyridoxine / riboflavin / thiamine Oral Tablet
826649,SCDF,ascorbic acid / biotin / folic acid / mecobalamin / niacinamide / pantothenate / pyridoxine / riboflavin / thiamine / zinc citrate Oral Tablet
1234481,SCDF,ascorbic acid / cholecalciferol / niacin / riboflavin / sodium fluoride / thiamine / vitamin A / vitamin B12 / vitamin B6 / vitamin E Oral Solution
1102199,SCDF,ascorbic acid / biotin / calcium carbonate / folic acid / niacin / pantothenate / pyridoxine / riboflavin / succinic acid / thiamine / vitamin B12 Oral Tablet
2371780,SCDF,ascorbic acid / cholecalciferol / folic acid / niacin / riboflavin / sodium fluoride / thiamine / vitamin A / vitamin B12 / vitamin B6 / vitamin E Chewable Tablet
1102194,SCDF,ascorbic acid / biotin / ferrous bisglycinate / folic acid / formic acid / iron-dextran complex / niacin / pantothenate / pyridoxine / riboflavin / thiamine / vitamin B12 Oral Tablet
1304557,SCDF,alpha tocopherol / ascorbic acid / biotin / cholecalciferol / dexpanthenol / folic acid / niacinamide / pyridoxine / riboflavin / thiamine / vitamin A / vitamin B12 / vitamin K1 Injectable Solution
1100256,SCDF,alpha tocopherol / ascorbic acid / calcium citrate / cholecalciferol / cupric oxide / docusate / folic acid / iron carbonyl / niacinamide / potassium iodide / pyridoxine / riboflavin / thiamine / zinc oxide Oral Tablet
1313923,SCDF,alpha tocopherol / ascorbic acid / beta carotene / calcium carbonate / cholecalciferol / docusate / ferrous fumarate / folic acid / niacinamide / pantothenate / pyridoxine / riboflavin / thiamine / vitamin B12 / zinc oxide Oral Tablet
1314664,SCDF,ascorbic acid / biotin / copper sulfate / ferrous fumarate / folic acid / magnesium sulfate / manganese sulfate / niacin / pantothenate / polysaccharide iron complex / pyridoxine / riboflavin / thiamine / vitamin B12 / zinc sulfate Oral Capsule
1119566,SCDF,ascorbic acid / cholecalciferol / cuprous oxide / folic acid / magnesium oxide / niacin / polysaccharide iron complex / potassium iodide / pyridoxine / riboflavin / thiamine / vitamin A / vitamin B12 / vitamin E / zinc oxide Oral Capsule
1248140,SCDF,ascorbic acid / beta carotene / calcium carbonate / cholecalciferol / cupric oxide / docusate / folic acid / iron carbonyl / magnesium oxide / niacinamide / pyridoxine / riboflavin / thiamine / vitamin B12 / vitamin E / zinc oxide Oral Tablet
797462,SCDF,ascorbic acid / biotin / calcium carbonate / cupric oxide / ferrous fumarate / folic acid / magnesium oxide / niacinamide / pantothenic acid / riboflavin / thiamine / vitamin A / vitamin B12 / vitamin B6 / vitamin E / zinc oxide Oral Tablet
2371752,SCDF,ascorbic acid / calcium carbonate / cholecalciferol / copper sulfate / ferrous fumarate / folic acid / magnesium oxide / niacinamide / potassium iodide / pyridoxine / riboflavin / thiamine / vitamin A / vitamin B12 / vitamin E / zinc sulfate Oral Tablet
369677,SBDF,ascorbic acid Chewable Tablet [N Ice with Vitamin C]
2002737,SBDF,ascorbic acid Injectable Solution [Ascor]
366367,SBDF,ascorbic acid Oral Capsule [C-Time]
1150076,SBDF,ascorbic acid Oral Lozenge [Halls Defense]
1859191,SBDF,ascorbic acid Oral Lozenge [N Ice with Vitamin C]
368481,SBDF,ascorbic acid Oral Tablet [Cemill 1000]
1659769,SBDF,protein C Injection [Ceprotin]
1919588,SBDF,ascorbic acid / iron carbonyl Delayed Release Oral Tablet [Vitron-C Reformulated Jul 2016]
1088868,SBDF,ascorbic acid / iron carbonyl Oral Tablet [Icar C]
808084,SBDF,ascorbic acid / polysaccharide iron complex Oral Capsule [Ferrex 150 Plus]
1648172,SBDF,estradiol / progesterone Drug Implant [Synovex C]
2279014,SBDF,ascorbic acid / cholecalciferol / vitamin A Oral Solution [Tri-Vi-Sol]
861071,SBDF,ascorbic acid / ferrous sulfate / folic acid Extended Release Oral Tablet [Folitab]
999748,SBDF,ascorbic acid / ferrous fumarate / folic acid / vitamin B12 Oral Capsule [Hematogen]
1087417,SBDF,ascorbic acid / folic acid / iron carbonyl / vitamin B12 Oral Tablet [Icar-C Plus]
891792,SBDF,ascorbic acid / beta carotene / cuprous oxide / vitamin E / zinc oxide Oral Capsule [PreserVision]
891814,SBDF,ascorbic acid / beta carotene / cuprous oxide / vitamin E / zinc oxide Oral Tablet [PreserVision]
891708,SBDF,ascorbic acid / cuprous oxide / lutein / vitamin E / zinc oxide Oral Capsule [Ocuvite Lutein]
891819,SBDF,ascorbic acid / cuprous oxide / lutein / vitamin E / zinc oxide Oral Capsule [PreserVision with Lutein]
836266,SBDF,ascorbic acid / docusate / folic acid / iron carbonyl / vitamin B12 Oral Tablet [Ferralet 90]
1087237,SBDF,ascorbic acid / docusate / folic acid / iron carbonyl / vitamin B12 Oral Tablet [Ferraplus]
1087207,SBDF,ascorbic acid / ferrous fumarate / folic acid / liver stomach concentrate / vitamin B12 Oral Capsule [Ferocon]
1087301,SBDF,ascorbic acid / ferrous fumarate / folic acid / niacin / polysaccharide iron complex Oral Capsule [Folivane-F]
999825,SBDF,ascorbic acid / ferrous fumarate / folic acid / niacinamide / polysaccharide iron complex Oral Capsule [Integra F]
1870188,SBDF,ascorbic acid / polyethylene glycol 3350 / potassium chloride / sodium ascorbate / sodium chloride / sodium sulfate Powder for Oral Solution [MoviPrep]
2643208,SBDF,factor IX / factor VII / factor X / protein C / protein S / prothrombin Injection [Balfaxar]
1670055,SBDF,factor IX / factor VII / factor X / protein C / protein S / prothrombin Injection [Kcentra]
1090835,SBDF,ascorbic acid / beta carotene / copper sulfate / lutein / selenite / vitamin E / zinc oxide Oral Tablet [Macuvite with Lutein]
891718,SBDF,ascorbic acid / beta carotene / cuprous oxide / lutein / sodium selenate / vitamin E / zinc oxide Oral Tablet [Ocuvite]
1087409,SBDF,ascorbic acid / biotin / copper sulfate / docusate / folic acid / iron carbonyl / vitamin B12 / vitamin E Extended Release Oral Tablet [Hemax]
826859,SBDF,ascorbic acid / biotin / folic acid / mecobalamin / niacinamide / pantothenate / pyridoxine / riboflavin / thiamine Oral Tablet [Dialyvite 800]
2371803,SBDF,ascorbic acid / cholecalciferol / niacin / riboflavin / thiamine / vitamin A / vitamin B12 / vitamin B6 / vitamin E Oral Solution [Poly-Vi-Sol]
1090971,SBDF,ascorbic acid / cholecalciferol / niacinamide / pyridoxine / riboflavin / thiamine / vitamin A / vitamin B12 / vitamin E Oral Solution [Multi-Delyn]
877465,SBDF,ascorbic acid / D-biotin / folic acid / niacinamide / pantothenate / pyridoxine / riboflavin / thiamine / vitamin B12 Oral Tablet [Rena-Vite]
826864,SBDF,ascorbic acid / biotin / ferrous fumarate / folic acid / mecobalamin / niacinamide / pantothenate / pyridoxine / riboflavin / thiamine Oral Tablet [Dialyvite 800 with Iron]
1114341,SBDF,ascorbic acid / biotin / folic acid / mecobalamin / niacinamide / pantothenate / pyridoxine / riboflavin / thiamine / zinc citrate Oral Tablet [Dialyvite 800 with Zinc]
2371784,SBDF,ascorbic acid / cholecalciferol / folic acid / niacin / riboflavin / sodium fluoride / thiamine / vitamin A / vitamin B12 / vitamin B6 / vitamin E Chewable Tablet [MVC-Fluoride]
1102205,SBDF,ascorbic acid / biotin / ferrous bisglycinate / folic acid / formic acid / iron-dextran complex / niacin / pantothenate / pyridoxine / riboflavin / thiamine / vitamin B12 Oral Tablet [Irospan Tablet]
1305220,SBDF,alpha tocopherol / ascorbic acid / biotin / cholecalciferol / dexpanthenol / folic acid / niacinamide / pyridoxine / riboflavin / thiamine / vitamin A / vitamin B12 / vitamin K1 Injectable Solution [Infuvite Pediatric]
1304562,SBDF,alpha tocopherol / ascorbic acid / biotin / cholecalciferol / dexpanthenol / folic acid / niacinamide / pyridoxine / riboflavin / thiamine / vitamin A / vitamin B12 / vitamin K1 Injectable Solution [Infuvite]
1314669,SBDF,ascorbic acid / biotin / copper sulfate / ferrous fumarate / folic acid / magnesium sulfate / manganese sulfate / niacin / pantothenate / polysaccharide iron complex / pyridoxine / riboflavin / thiamine / vitamin B12 / zinc sulfate Oral Capsule [Concept OB]
1119572,SBDF,ascorbic acid / cholecalciferol / cuprous oxide / folic acid / magnesium oxide / niacin / polysaccharide iron complex / potassium iodide / pyridoxine / riboflavin / thiamine / vitamin A / vitamin B12 / vitamin E / zinc oxide Oral Capsule [Vitafol-One]
2371756,SBDF,ascorbic acid / calcium carbonate / cholecalciferol / copper sulfate / ferrous fumarate / folic acid / magnesium oxide / niacinamide / potassium iodide / pyridoxine / riboflavin / thiamine / vitamin A / vitamin B12 / vitamin E / zinc sulfate Oral Tablet [Lactocal]
2648751,SCDFP,"protein C, human Injection"
2646678,SCDFP,ascorbic acid / hyaluronic acid Oral Capsule
2646890,SCDFP,estradiol 3-benzoate / progesterone Drug Implant
2648752,SCDFP,ascorbic acid / chondroitin sulfates / glucosamine sulfate Oral Tablet
2647627,SCDFP,ascorbic acid / cholecalciferol / sodium fluoride / vitamin A palmitate Oral Solution
2649458,SCDFP,ascorbic acid / beta carotene / cuprous oxide / dl-alpha tocopheryl acetate / zinc oxide Oral Capsule
2646275,SCDFP,ascorbic acid / beta carotene / cuprous oxide / dl-alpha tocopheryl acetate / zinc oxide Oral Tablet
2647613,SCDFP,ascorbic acid / cuprous oxide / dl-alpha tocopheryl acetate / lutein / zinc oxide Oral Capsule
2647984,SCDFP,ascorbic acid / docusate sodium / folic acid / iron carbonyl / vitamin B12 Oral Tablet
2648960,SCDFP,ascorbic acid / beta carotene / copper sulfate / dl-alpha tocopheryl acetate / sodium selenite / zinc oxide Oral Tablet
2645538,SCDFP,ascorbic acid / calcium citrate / cholecalciferol / folic acid / iron carbonyl / pyridoxine hydrochloride Oral Tablet
2648925,SCDFP,"coagulation factor IX, human / coagulation factor X, human / factor VII, human / protein C, human / protein S, human / prothrombin, human Injection"
2647373,SCDFP,"coagulation factor IX, human-lans / coagulation factor X, human-lans / factor VII, human-lans / protein C, human-lans / protein S, human-lans / prothrombin, human-lans Injection"
2645550,SCDFP,ascorbic acid / beta carotene / copper sulfate / dl-alpha tocopheryl acetate / lutein / sodium selenite / zinc oxide Oral Tablet
2645657,SCDFP,ascorbic acid / beta carotene / cuprous oxide / dl-alpha tocopheryl acetate / lutein / sodium selenate / zinc oxide Oral Tablet
2647688,SCDFP,ascorbic acid / biotin / copper sulfate / dl-alpha tocopheryl acetate / docusate sodium / folic acid / iron carbonyl / vitamin B12 Extended Release Oral Tablet
2648394,SCDFP,alpha tocopherol / ascorbic acid / cholecalciferol / doconexent / docusate sodium / ferrous fumarate / folic acid / pyridoxine hydrochloride / tricalcium phosphate Oral Capsule
2646096,SCDFP,alpha tocopherol / ascorbic acid / cholecalciferol / docosahexaenoic acid / docusate sodium / ferrous fumarate / folic acid / pyridoxine hydrochloride / tricalcium phosphate Oral Capsule
2647416,SCDFP,ascorbic acid / biotin / calcium pantothenate / folic acid / niacin / pyridoxine / riboflavin / thiamine mononitrate / vitamin B12 Oral Capsule
2648884,SCDFP,ascorbic acid / calcium pantothenate / D-biotin / folic acid / niacinamide / pyridoxine / riboflavin / thiamine / vitamin B12 Oral Tablet
2646829,SCDFP,ascorbic acid / cholecalciferol / dl-alpha tocopheryl acetate / niacinamide / pyridoxine / riboflavin / thiamine hydrochloride / vitamin A / vitamin B12 Oral Solution
2648715,SCDFP,ascorbic acid / D-biotin / folic acid / niacinamide / pantothenic acid / pyridoxine hydrochloride / riboflavin / thiamine / vitamin B12 Oral Tablet
2647507,SCDFP,ascorbic acid / biotin / calcium carbonate / calcium pantothenate / folic acid / niacin / pyridoxine hydrochloride / riboflavin / succinic acid / thiamine hydrochloride / vitamin B12 Oral Tablet
2647976,SCDFP,ascorbic acid / biotin / calcium pantothenate / ferrous bisglycinate / folic acid / formic acid / iron-dextran complex / niacin / pyridoxine hydrochloride / riboflavin / thiamine hydrochloride / vitamin B12 Oral Tablet
2646494,SCDFP,alpha-tocopherol acetate / ascorbic acid / biotin / cholecalciferol / dexpanthenol / folic acid / niacinamide / pyridoxine hydrochloride / riboflavin / thiamine hydrochloride / vitamin A palmitate / vitamin B12 / vitamin K1 Injectable Solution
2649346,SCDFP,alpha-tocopherol acetate / ascorbic acid / calcium citrate / cholecalciferol / cupric oxide / docusate sodium / folic acid / iron carbonyl / niacinamide / potassium iodide / pyridoxine hydrochloride / riboflavin / thiamine hydrochloride / zinc oxide Oral Tablet
2646487,SCDFP,alpha-tocopherol acetate / ascorbic acid / beta carotene / calcium carbonate / calcium pantothenate / cholecalciferol / docusate sodium / ferrous fumarate / folic acid / niacinamide / pyridoxine hydrochloride / riboflavin / thiamine / vitamin B12 / zinc oxide Oral Tablet
2648952,SCDFP,ascorbic acid / biotin / calcium pantothenate / copper sulfate / ferrous fumarate / folic acid / magnesium sulfate / manganese sulfate / niacin / polysaccharide iron complex / pyridoxine hydrochloride / riboflavin / thiamine mononitrate / vitamin B12 / zinc sulfate Oral Capsule
2646283,SCDFP,ascorbic acid / cholecalciferol / cuprous oxide / folic acid / magnesium oxide / niacin / polysaccharide iron complex / potassium iodide / pyridoxine hydrochloride / riboflavin / thiamine mononitrate / vitamin A / vitamin B12 / vitamin E / zinc oxide Oral Capsule
2649401,SCDFP,ascorbic acid / beta carotene / calcium carbonate / cholecalciferol / cupric oxide / docusate sodium / folic acid / iron carbonyl / magnesium oxide / niacinamide / pyridoxine hydrochloride / riboflavin / thiamine mononitrate / tocopherol acetate / vitamin B12 / zinc oxide Oral Tablet
2646632,SCDFP,ascorbic acid / calcium carbonate / cholecalciferol / copper sulfate / dl-alpha tocopheryl acetate / ferrous fumarate / folic acid / magnesium oxide / niacinamide / potassium iodide / pyridoxine hydrochloride / retinol acetate / riboflavin / thiamine mononitrate / vitamin B12 / zinc sulfate Oral Tablet
2656068,SBDFP,"protein C, human Injection [Ceprotin]"
2655423,SBDFP,estradiol 3-benzoate / progesterone Drug Implant [Synovex C]
2655122,SBDFP,ascorbic acid / beta carotene / cuprous oxide / dl-alpha tocopheryl acetate / zinc oxide Oral Capsule [PreserVision]
2654210,SBDFP,ascorbic acid / beta carotene / cuprous oxide / dl-alpha tocopheryl acetate / zinc oxide Oral Tablet [PreserVision]
2658473,SBDFP,ascorbic acid / cuprous oxide / dl-alpha tocopheryl acetate / lutein / zinc oxide Oral Capsule [Ocuvite Lutein]
2657942,SBDFP,ascorbic acid / cuprous oxide / dl-alpha tocopheryl acetate / lutein / zinc oxide Oral Capsule [PreserVision with Lutein]
2654842,SBDFP,ascorbic acid / docusate sodium / folic acid / iron carbonyl / vitamin B12 Oral Tablet [Ferralet 90]
2657685,SBDFP,ascorbic acid / docusate sodium / folic acid / iron carbonyl / vitamin B12 Oral Tablet [Ferraplus]
2657599,SBDFP,"coagulation factor IX, human / coagulation factor X, human / factor VII, human / protein C, human / protein S, human / prothrombin, human Injection [Kcentra]"
2655316,SBDFP,"coagulation factor IX, human-lans / coagulation factor X, human-lans / factor VII, human-lans / protein C, human-lans / protein S, human-lans / prothrombin, human-lans Injection [Balfaxar]"
2655086,SBDFP,ascorbic acid / beta carotene / copper sulfate / dl-alpha tocopheryl acetate / lutein / sodium selenite / zinc oxide Oral Tablet [Macuvite with Lutein]
2656521,SBDFP,ascorbic acid / beta carotene / cuprous oxide / dl-alpha tocopheryl acetate / lutein / sodium selenate / zinc oxide Oral Tablet [Ocuvite]
2655859,SBDFP,ascorbic acid / biotin / copper sulfate / dl-alpha tocopheryl acetate / docusate sodium / folic acid / iron carbonyl / vitamin B12 Extended Release Oral Tablet [Hemax]
2657612,SBDFP,ascorbic acid / calcium pantothenate / D-biotin / folic acid / niacinamide / pyridoxine / riboflavin / thiamine / vitamin B12 Oral Tablet [Rena-Vite]
2656892,SBDFP,ascorbic acid / cholecalciferol / dl-alpha tocopheryl acetate / niacinamide / pyridoxine / riboflavin / thiamine hydrochloride / vitamin A / vitamin B12 Oral Solution [Multi-Delyn]
2657643,SBDFP,ascorbic acid / biotin / calcium pantothenate / ferrous bisglycinate / folic acid / formic acid / iron-dextran complex / niacin / pyridoxine hydrochloride / riboflavin / thiamine hydrochloride / vitamin B12 Oral Tablet [Irospan Tablet]
2655749,SBDFP,alpha-tocopherol acetate / ascorbic acid / biotin / cholecalciferol / dexpanthenol / folic acid / niacinamide / pyridoxine hydrochloride / riboflavin / thiamine hydrochloride / vitamin A palmitate / vitamin B12 / vitamin K1 Injectable Solution [Infuvite Pediatric]
2655274,SBDFP,alpha-tocopherol acetate / ascorbic acid / biotin / cholecalciferol / dexpanthenol / folic acid / niacinamide / pyridoxine hydrochloride / riboflavin / thiamine hydrochloride / vitamin A palmitate / vitamin B12 / vitamin K1 Injectable Solution [Infuvite]
2657466,SBDFP,ascorbic acid / biotin / calcium pantothenate / copper sulfate / ferrous fumarate / folic acid / magnesium sulfate / manganese sulfate / niacin / polysaccharide iron complex / pyridoxine hydrochloride / riboflavin / thiamine mononitrate / vitamin B12 / zinc sulfate Oral Capsule [Concept OB]
2656535,SBDFP,ascorbic acid / cholecalciferol / cuprous oxide / folic acid / magnesium oxide / niacin / polysaccharide iron complex / potassium iodide / pyridoxine hydrochloride / riboflavin / thiamine mononitrate / vitamin A / vitamin B12 / vitamin E / zinc oxide Oral Capsule [Vitafol-One]
2656337,SBDFP,ascorbic acid / calcium carbonate / cholecalciferol / copper sulfate / dl-alpha tocopheryl acetate / ferrous fumarate / folic acid / magnesium oxide / niacinamide / potassium iodide / pyridoxine hydrochloride / retinol acetate / riboflavin / thiamine mononitrate / vitamin B12 / zinc sulfate Oral Tablet [Lactocal]
1295427,SCDG,ascorbic acid Chewable Product
1295728,SCDG,ascorbic acid Disintegrating Oral Product
1152948,SCDG,ascorbic acid Injectable Product
1295233,SCDG,ascorbic acid Lozenge Product
1152949,SCDG,ascorbic acid Oral Liquid Product
1295484,SCDG,ascorbic acid Oral Powder Product
1152950,SCDG,ascorbic acid Oral Product
1152952,SCDG,ascorbic acid Topical Product
1294927,SCDG,ascorbic acid Wafer Product
1152951,SCDG,ascorbic acid Pill
1300552,SCDG,protein C Injectable Product
2636844,SCDG,ascorbic acid / astaxanthin Chewable Product
2636842,SCDG,ascorbic acid / astaxanthin Oral Product
2636843,SCDG,ascorbic acid / astaxanthin Pill
1155308,SCDG,ascorbic acid / bromelains Oral Product
1155309,SCDG,ascorbic acid / bromelains Pill
1155658,SCDG,ascorbic acid / calcium carbonate Oral Product
1155659,SCDG,ascorbic acid / calcium carbonate Pill
1441394,SCDG,ascorbic acid / collagen Oral Product
1441395,SCDG,ascorbic acid / collagen Pill
1155312,SCDG,"ascorbic acid / collagen, hydrolyzed Oral Product"
1155313,SCDG,"ascorbic acid / collagen, hydrolyzed Pill"
1152937,SCDG,ascorbic acid / ferrous sulfate Oral Product
1152938,SCDG,ascorbic acid / ferrous sulfate Pill
1152309,SCDG,ascorbic acid / hesperidin Oral Product
1152310,SCDG,ascorbic acid / hesperidin Pill
1152939,SCDG,ascorbic acid / hyaluronate Oral Product
1152940,SCDG,ascorbic acid / hyaluronate Pill
1926814,SCDG,ascorbic acid / iron carbonyl Chewable Product
1152313,SCDG,ascorbic acid / iron carbonyl Oral Product
1152314,SCDG,ascorbic acid / iron carbonyl Pill
1152339,SCDG,ascorbic acid / polysaccharide iron complex Oral Product
1152340,SCDG,ascorbic acid / polysaccharide iron complex Pill
1874898,SCDG,ascorbic acid / resveratrol Oral Product
1874899,SCDG,ascorbic acid / resveratrol Pill
1152625,SCDG,ascorbic acid / vitamin E Oral Product
1152626,SCDG,ascorbic acid / vitamin E Pill
1648167,SCDG,estradiol / progesterone Drug Implant Product
1292773,SCDG,ascorbic acid / cholecalciferol / vitamin A Oral Liquid Product
1292774,SCDG,ascorbic acid / cholecalciferol / vitamin A Oral Product
1155981,SCDG,ascorbic acid / chondroitin sulfates / glucosamine Oral Product
1155982,SCDG,ascorbic acid / chondroitin sulfates / glucosamine Pill
1151625,SCDG,ascorbic acid / ferrous bisglycinate / polysaccharide iron complex Oral Product
1151626,SCDG,ascorbic acid / ferrous bisglycinate / polysaccharide iron complex Pill
1151643,SCDG,ascorbic acid / ferrous fumarate / vitamin B12 Oral Product
1151644,SCDG,ascorbic acid / ferrous fumarate / vitamin B12 Pill
1152927,SCDG,ascorbic acid / ferrous gluconate / folic acid Oral Product
1152928,SCDG,ascorbic acid / ferrous gluconate / folic acid Pill
1152931,SCDG,ascorbic acid / ferrous sulfate / folic acid Oral Product
1152932,SCDG,ascorbic acid / ferrous sulfate / folic acid Pill
1152331,SCDG,ascorbic acid / pantothenic acid / quercetin Oral Product
1152332,SCDG,ascorbic acid / pantothenic acid / quercetin Pill
1155977,SCDG,ascorbic acid / cholecalciferol / sodium fluoride / vitamin A Oral Liquid Product
1155978,SCDG,ascorbic acid / cholecalciferol / sodium fluoride / vitamin A Oral Product
1151635,SCDG,ascorbic acid / ferrous fumarate / folic acid / vitamin B12 Oral Product
1151636,SCDG,ascorbic acid / ferrous fumarate / folic acid / vitamin B12 Pill
1151987,SCDG,ascorbic acid / folic acid / iron carbonyl / vitamin B12 Oral Product
1151988,SCDG,ascorbic acid / folic acid / iron carbonyl / vitamin B12 Pill
1154655,SCDG,ascorbic acid / beta carotene / cuprous oxide / vitamin E / zinc oxide Oral Product
1154656,SCDG,ascorbic acid / beta carotene / cuprous oxide / vitamin E / zinc oxide Pill
1152922,SCDG,ascorbic acid / cuprous oxide / lutein / vitamin E / zinc oxide Oral Product
1152923,SCDG,ascorbic acid / cuprous oxide / lutein / vitamin E / zinc oxide Pill
1151291,SCDG,ascorbic acid / docusate / folic acid / iron carbonyl / vitamin B12 Oral Product
1151292,SCDG,ascorbic acid / docusate / folic acid / iron carbonyl / vitamin B12 Pill
1151627,SCDG,ascorbic acid / ferrous fumarate / folic acid / intrinsic factor / vitamin B12 Oral Product
1151628,SCDG,ascorbic acid / ferrous fumarate / folic acid / intrinsic factor / vitamin B12 Pill
1151637,SCDG,ascorbic acid / ferrous fumarate / folic acid / liver stomach concentrate / vitamin B12 Oral Product
1151638,SCDG,ascorbic acid / ferrous fumarate / folic acid / liver stomach concentrate / vitamin B12 Pill
1151631,SCDG,ascorbic acid / ferrous fumarate / folic acid / niacin / polysaccharide iron complex Oral Product
1151632,SCDG,ascorbic acid / ferrous fumarate / folic acid / niacin / polysaccharide iron complex Pill
1151633,SCDG,ascorbic acid / ferrous fumarate / folic acid / niacinamide / polysaccharide iron complex Oral Product
1151634,SCDG,ascorbic acid / ferrous fumarate / folic acid / niacinamide / polysaccharide iron complex Pill
2045239,SCDG,ascorbic acid / polyethylene glycol 3350 / potassium chloride / sodium ascorbate / sodium chloride Oral Powder Product
2045240,SCDG,ascorbic acid / polyethylene glycol 3350 / potassium chloride / sodium ascorbate / sodium chloride Oral Product
1154649,SCDG,ascorbic acid / beta carotene / copper sulfate / selenite / vitamin E / zinc oxide Oral Product
1154650,SCDG,ascorbic acid / beta carotene / copper sulfate / selenite / vitamin E / zinc oxide Pill
1155662,SCDG,ascorbic acid / calcium citrate / cholecalciferol / folic acid / iron carbonyl / pyridoxine Oral Product
1155663,SCDG,ascorbic acid / calcium citrate / cholecalciferol / folic acid / iron carbonyl / pyridoxine Pill
1870184,SCDG,ascorbic acid / polyethylene glycol 3350 / potassium chloride / sodium ascorbate / sodium chloride / sodium sulfate Oral Powder Product
1152330,SCDG,ascorbic acid / polyethylene glycol 3350 / potassium chloride / sodium ascorbate / sodium chloride / sodium sulfate Oral Product
1484955,SCDG,factor IX / factor VII / factor X / protein C / protein S / prothrombin Injectable Product
1154647,SCDG,ascorbic acid / beta carotene / copper sulfate / lutein / selenite / vitamin E / zinc oxide Oral Product
1154648,SCDG,ascorbic acid / beta carotene / copper sulfate / lutein / selenite / vitamin E / zinc oxide Pill
1154653,SCDG,ascorbic acid / beta carotene / cuprous oxide / lutein / sodium selenate / vitamin E / zinc oxide Oral Product
1154654,SCDG,ascorbic acid / beta carotene / cuprous oxide / lutein / sodium selenate / vitamin E / zinc oxide Pill
1154971,SCDG,ascorbic acid / biotin / copper sulfate / docusate / folic acid / iron carbonyl / vitamin B12 / vitamin E Oral Product
1154972,SCDG,ascorbic acid / biotin / copper sulfate / docusate / folic acid / iron carbonyl / vitamin B12 / vitamin E Pill
1944959,SCDG,alpha tocopherol / ascorbic acid / cholecalciferol / doconexent / docusate / ferrous fumarate / folic acid / pyridoxine / tricalcium phosphate Oral Product
1944960,SCDG,alpha tocopherol / ascorbic acid / cholecalciferol / doconexent / docusate / ferrous fumarate / folic acid / pyridoxine / tricalcium phosphate Pill
1165543,SCDG,alpha tocopherol / ascorbic acid / cholecalciferol / docosahexaenoate / docusate / ferrous fumarate / folic acid / pyridoxine / tricalcium phosphate Oral Product
1165544,SCDG,alpha tocopherol / ascorbic acid / cholecalciferol / docosahexaenoate / docusate / ferrous fumarate / folic acid / pyridoxine / tricalcium phosphate Pill
1155302,SCDG,ascorbic acid / biotin / folic acid / mecobalamin / niacinamide / pantothenate / pyridoxine / riboflavin / thiamine Oral Product
1155303,SCDG,ascorbic acid / biotin / folic acid / mecobalamin / niacinamide / pantothenate / pyridoxine / riboflavin / thiamine Pill
1155296,SCDG,ascorbic acid / biotin / folic acid / niacin / pantothenate / pyridoxine / riboflavin / thiamine / vitamin B12 Oral Product
1155297,SCDG,ascorbic acid / biotin / folic acid / niacin / pantothenate / pyridoxine / riboflavin / thiamine / vitamin B12 Pill
2371797,SCDG,ascorbic acid / cholecalciferol / niacin / riboflavin / thiamine / vitamin A / vitamin B12 / vitamin B6 / vitamin E Oral Liquid Product
2371798,SCDG,ascorbic acid / cholecalciferol / niacin / riboflavin / thiamine / vitamin A / vitamin B12 / vitamin B6 / vitamin E Oral Product
1155975,SCDG,ascorbic acid / cholecalciferol / niacinamide / pyridoxine / riboflavin / thiamine / vitamin A / vitamin B12 / vitamin E Oral Liquid Product
1155976,SCDG,ascorbic acid / cholecalciferol / niacinamide / pyridoxine / riboflavin / thiamine / vitamin A / vitamin B12 / vitamin E Oral Product
1151283,SCDG,ascorbic acid / D-biotin / folic acid / niacinamide / pantothenate / pyridoxine / riboflavin / thiamine / vitamin B12 Oral Product
1151284,SCDG,ascorbic acid / D-biotin / folic acid / niacinamide / pantothenate / pyridoxine / riboflavin / thiamine / vitamin B12 Pill
1151281,SCDG,ascorbic acid / D-biotin / folic acid / niacinamide / pantothenic acid / pyridoxine / riboflavin / thiamine / vitamin B12 Oral Product
1151282,SCDG,ascorbic acid / D-biotin / folic acid / niacinamide / pantothenic acid / pyridoxine / riboflavin / thiamine / vitamin B12 Pill
1155292,SCDG,ascorbic acid / biotin / ferrous fumarate / folic acid / mecobalamin / niacinamide / pantothenate / pyridoxine / riboflavin / thiamine Oral Product
1155293,SCDG,ascorbic acid / biotin / ferrous fumarate / folic acid / mecobalamin / niacinamide / pantothenate / pyridoxine / riboflavin / thiamine Pill
1155300,SCDG,ascorbic acid / biotin / folic acid / mecobalamin / niacinamide / pantothenate / pyridoxine / riboflavin / thiamine / zinc citrate Oral Product
1155301,SCDG,ascorbic acid / biotin / folic acid / mecobalamin / niacinamide / pantothenate / pyridoxine / riboflavin / thiamine / zinc citrate Pill
1234588,SCDG,ascorbic acid / cholecalciferol / niacin / riboflavin / sodium fluoride / thiamine / vitamin A / vitamin B12 / vitamin B6 / vitamin E Oral Liquid Product
1234589,SCDG,ascorbic acid / cholecalciferol / niacin / riboflavin / sodium fluoride / thiamine / vitamin A / vitamin B12 / vitamin B6 / vitamin E Oral Product
1154967,SCDG,ascorbic acid / biotin / calcium carbonate / folic acid / niacin / pantothenate / pyridoxine / riboflavin / succinic acid / thiamine / vitamin B12 Oral Product
1154968,SCDG,ascorbic acid / biotin / calcium carbonate / folic acid / niacin / pantothenate / pyridoxine / riboflavin / succinic acid / thiamine / vitamin B12 Pill
2371777,SCDG,ascorbic acid / cholecalciferol / folic acid / niacin / riboflavin / sodium fluoride / thiamine / vitamin A / vitamin B12 / vitamin B6 / vitamin E Chewable Product
2371778,SCDG,ascorbic acid / cholecalciferol / folic acid / niacin / riboflavin / sodium fluoride / thiamine / vitamin A / vitamin B12 / vitamin B6 / vitamin E Oral Product
2371779,SCDG,ascorbic acid / cholecalciferol / folic acid / niacin / riboflavin / sodium fluoride / thiamine / vitamin A / vitamin B12 / vitamin B6 / vitamin E Pill
1155304,SCDG,ascorbic acid / biotin / ferrous bisglycinate / folic acid / formic acid / iron-dextran complex / niacin / pantothenate / pyridoxine / riboflavin / thiamine / vitamin B12 Oral Product
1155305,SCDG,ascorbic acid / biotin / ferrous bisglycinate / folic acid / formic acid / iron-dextran complex / niacin / pantothenate / pyridoxine / riboflavin / thiamine / vitamin B12 Pill
1304556,SCDG,alpha tocopherol / ascorbic acid / biotin / cholecalciferol / dexpanthenol / folic acid / niacinamide / pyridoxine / riboflavin / thiamine / vitamin A / vitamin B12 / vitamin K1 Injectable Product
1165539,SCDG,alpha tocopherol / ascorbic acid / calcium citrate / cholecalciferol / cupric oxide / docusate / folic acid / iron carbonyl / niacinamide / potassium iodide / pyridoxine / riboflavin / thiamine / zinc oxide Oral Product
1165540,SCDG,alpha tocopherol / ascorbic acid / calcium citrate / cholecalciferol / cupric oxide / docusate / folic acid / iron carbonyl / niacinamide / potassium iodide / pyridoxine / riboflavin / thiamine / zinc oxide Pill
1313921,SCDG,alpha tocopherol / ascorbic acid / beta carotene / calcium carbonate / cholecalciferol / docusate / ferrous fumarate / folic acid / niacinamide / pantothenate / pyridoxine / riboflavin / thiamine / vitamin B12 / zinc oxide Oral Product
1313922,SCDG,alpha tocopherol / ascorbic acid / beta carotene / calcium carbonate / cholecalciferol / docusate / ferrous fumarate / folic acid / niacinamide / pantothenate / pyridoxine / riboflavin / thiamine / vitamin B12 / zinc oxide Pill
1314662,SCDG,ascorbic acid / biotin / copper sulfate / ferrous fumarate / folic acid / magnesium sulfate / manganese sulfate / niacin / pantothenate / polysaccharide iron complex / pyridoxine / riboflavin / thiamine / vitamin B12 / zinc sulfate Oral Product
1314663,SCDG,ascorbic acid / biotin / copper sulfate / ferrous fumarate / folic acid / magnesium sulfate / manganese sulfate / niacin / pantothenate / polysaccharide iron complex / pyridoxine / riboflavin / thiamine / vitamin B12 / zinc sulfate Pill
1155979,SCDG,ascorbic acid / cholecalciferol / cuprous oxide / folic acid / magnesium oxide / niacin / polysaccharide iron complex / potassium iodide / pyridoxine / riboflavin / thiamine / vitamin A / vitamin B12 / vitamin E / zinc oxide Oral Product
1155980,SCDG,ascorbic acid / cholecalciferol / cuprous oxide / folic acid / magnesium oxide / niacin / polysaccharide iron complex / potassium iodide / pyridoxine / riboflavin / thiamine / vitamin A / vitamin B12 / vitamin E / zinc oxide Pill
1248138,SCDG,ascorbic acid / beta carotene / calcium carbonate / cholecalciferol / cupric oxide / docusate / folic acid / iron carbonyl / magnesium oxide / niacinamide / pyridoxine / riboflavin / thiamine / vitamin B12 / vitamin E / zinc oxide Oral Product
1248139,SCDG,ascorbic acid / beta carotene / calcium carbonate / cholecalciferol / cupric oxide / docusate / folic acid / iron carbonyl / magnesium oxide / niacinamide / pyridoxine / riboflavin / thiamine / vitamin B12 / vitamin E / zinc oxide Pill
1154965,SCDG,ascorbic acid / biotin / calcium carbonate / cupric oxide / ferrous fumarate / folic acid / magnesium oxide / niacinamide / pantothenic acid / riboflavin / thiamine / vitamin A / vitamin B12 / vitamin B6 / vitamin E / zinc oxide Oral Product
1154966,SCDG,ascorbic acid / biotin / calcium carbonate / cupric oxide / ferrous fumarate / folic acid / magnesium oxide / niacinamide / pantothenic acid / riboflavin / thiamine / vitamin A / vitamin B12 / vitamin B6 / vitamin E / zinc oxide Pill
2371750,SCDG,ascorbic acid / calcium carbonate / cholecalciferol / copper sulfate / ferrous fumarate / folic acid / magnesium oxide / niacinamide / potassium iodide / pyridoxine / riboflavin / thiamine / vitamin A / vitamin B12 / vitamin E / zinc sulfate Oral Product
2371751,SCDG,ascorbic acid / calcium carbonate / cholecalciferol / copper sulfate / ferrous fumarate / folic acid / magnesium oxide / niacinamide / potassium iodide / pyridoxine / riboflavin / thiamine / vitamin A / vitamin B12 / vitamin E / zinc sulfate Pill
2002738,SBDG,Ascor Injectable Product
2643207,SBDG,Balfaxar Injectable Product
1170152,SBDG,C-Time Oral Product
1170153,SBDG,C-Time Pill
1166222,SBDG,Cemill 1000 Oral Product
1166223,SBDG,Cemill 1000 Pill
1166822,SBDG,Ceprotin Injectable Product
1314670,SBDG,Concept OB Oral Product
1314671,SBDG,Concept OB Pill
1176510,SBDG,Dialyvite 800 Oral Product
1176511,SBDG,Dialyvite 800 Pill
1176512,SBDG,Dialyvite 800 with Iron Oral Product
1176513,SBDG,Dialyvite 800 with Iron Pill
1176514,SBDG,Dialyvite 800 with Zinc Oral Product
1176515,SBDG,Dialyvite 800 with Zinc Pill
1167105,SBDG,Ferocon Oral Product
1167106,SBDG,Ferocon Pill
1167646,SBDG,Ferralet 90 Oral Product
1167647,SBDG,Ferralet 90 Pill
1167652,SBDG,Ferraplus Oral Product
1167653,SBDG,Ferraplus Pill
1167662,SBDG,Ferrex 150 Plus Oral Product
1167663,SBDG,Ferrex 150 Plus Pill
1171913,SBDG,Folitab Oral Product
1171914,SBDG,Folitab Pill
1172598,SBDG,Folivane-F Oral Product
1172599,SBDG,Folivane-F Pill
1297028,SBDG,Halls Defense Lozenge Product
1176690,SBDG,Halls Defense Oral Product
1167729,SBDG,Hematogen Oral Product
1167732,SBDG,Hematogen Pill
1167735,SBDG,Hemax Oral Product
1167736,SBDG,Hemax Pill
1166593,SBDG,Icar C Oral Product
1166594,SBDG,Icar C Pill
1166598,SBDG,Icar-C Plus Oral Product
1166599,SBDG,Icar-C Plus Pill
1304563,SBDG,Infuvite Injectable Product
1305221,SBDG,Infuvite Pediatric Injectable Product
1173431,SBDG,Integra F Oral Product
1173432,SBDG,Integra F Pill
1176774,SBDG,Irospan Tablet Oral Product
1176775,SBDG,Irospan Tablet Pill
1484962,SBDG,Kcentra Injectable Product
1174975,SBDG,Lactocal Oral Product
1174976,SBDG,Lactocal Pill
1177422,SBDG,Macuvite with Lutein Oral Product
1177423,SBDG,Macuvite with Lutein Pill
1870189,SBDG,MoviPrep Oral Powder Product
1182827,SBDG,MoviPrep Oral Product
1183860,SBDG,Multi-Delyn Oral Liquid Product
1183861,SBDG,Multi-Delyn Oral Product
1428827,SBDG,MVC-Fluoride Chewable Product
1428825,SBDG,MVC-Fluoride Oral Product
1428826,SBDG,MVC-Fluoride Pill
1295821,SBDG,N Ice with Vitamin C Chewable Product
1859192,SBDG,N Ice with Vitamin C Lozenge Product
1177001,SBDG,N Ice with Vitamin C Oral Product
1177002,SBDG,N Ice with Vitamin C Pill
1181146,SBDG,Ocuvite Oral Product
1181144,SBDG,Ocuvite Lutein Oral Product
1181145,SBDG,Ocuvite Lutein Pill
1181147,SBDG,Ocuvite Pill
1183509,SBDG,Poly-Vi-Sol Oral Liquid Product
1183510,SBDG,Poly-Vi-Sol Oral Product
1177086,SBDG,PreserVision Oral Product
1177087,SBDG,PreserVision Pill
1177088,SBDG,PreserVision with Lutein Oral Product
1177089,SBDG,PreserVision with Lutein Pill
1180734,SBDG,Rena-Vite Oral Product
1180735,SBDG,Rena-Vite Pill
1648173,SBDG,Synovex C Drug Implant Product
1180354,SBDG,Tri-Vi-Sol Oral Liquid Product
1180355,SBDG,Tri-Vi-Sol Oral Product
1187211,SBDG,Vitafol-One Oral Product
1187212,SBDG,Vitafol-One Pill
1799176,SBDG,Vitron-C Reformulated Jul 2016 Oral Product
1799177,SBDG,Vitron-C Reformulated Jul 2016 Pill
2659612,SCDGP,"protein C, human Injectable Product"
2663388,SCDGP,ascorbic acid / hyaluronic acid Oral Product
2660320,SCDGP,ascorbic acid / hyaluronic acid Pill
2662788,SCDGP,estradiol 3-benzoate / progesterone Drug Implant Product
2660237,SCDGP,ascorbic acid / chondroitin sulfates / glucosamine sulfate Oral Product
2660875,SCDGP,ascorbic acid / chondroitin sulfates / glucosamine sulfate Pill
2660322,SCDGP,ascorbic acid / cholecalciferol / sodium fluoride / vitamin A palmitate Oral Liquid Product
2660967,SCDGP,ascorbic acid / cholecalciferol / sodium fluoride / vitamin A palmitate Oral Product
2659524,SCDGP,ascorbic acid / beta carotene / cuprous oxide / dl-alpha tocopheryl acetate / zinc oxide Oral Product
2661286,SCDGP,ascorbic acid / beta carotene / cuprous oxide / dl-alpha tocopheryl acetate / zinc oxide Pill
2659231,SCDGP,ascorbic acid / cuprous oxide / dl-alpha tocopheryl acetate / lutein / zinc oxide Oral Product
2663000,SCDGP,ascorbic acid / cuprous oxide / dl-alpha tocopheryl acetate / lutein / zinc oxide Pill
2662535,SCDGP,ascorbic acid / docusate sodium / folic acid / iron carbonyl / vitamin B12 Oral Product
2662520,SCDGP,ascorbic acid / docusate sodium / folic acid / iron carbonyl / vitamin B12 Pill
2659630,SCDGP,ascorbic acid / beta carotene / copper sulfate / dl-alpha tocopheryl acetate / sodium selenite / zinc oxide Oral Product
2662546,SCDGP,ascorbic acid / beta carotene / copper sulfate / dl-alpha tocopheryl acetate / sodium selenite / zinc oxide Pill
2661369,SCDGP,ascorbic acid / calcium citrate / cholecalciferol / folic acid / iron carbonyl / pyridoxine hydrochloride Oral Product
2661387,SCDGP,ascorbic acid / calcium citrate / cholecalciferol / folic acid / iron carbonyl / pyridoxine hydrochloride Pill
2663113,SCDGP,"coagulation factor IX, human / coagulation factor X, human / factor VII, human / protein C, human / protein S, human / prothrombin, human Injectable Product"
2663686,SCDGP,"coagulation factor IX, human-lans / coagulation factor X, human-lans / factor VII, human-lans / protein C, human-lans / protein S, human-lans / prothrombin, human-lans Injectable Product"
2661935,SCDGP,ascorbic acid / beta carotene / copper sulfate / dl-alpha tocopheryl acetate / lutein / sodium selenite / zinc oxide Oral Product
2661444,SCDGP,ascorbic acid / beta carotene / copper sulfate / dl-alpha tocopheryl acetate / lutein / sodium selenite / zinc oxide Pill
2660856,SCDGP,ascorbic acid / beta carotene / cuprous oxide / dl-alpha tocopheryl acetate / lutein / sodium selenate / zinc oxide Oral Product
2662976,SCDGP,ascorbic acid / beta carotene / cuprous oxide / dl-alpha tocopheryl acetate / lutein / sodium selenate / zinc oxide Pill
2660157,SCDGP,ascorbic acid / biotin / copper sulfate / dl-alpha tocopheryl acetate / docusate sodium / folic acid / iron carbonyl / vitamin B12 Oral Product
2660336,SCDGP,ascorbic acid / biotin / copper sulfate / dl-alpha tocopheryl acetate / docusate sodium / folic acid / iron carbonyl / vitamin B12 Pill
2661032,SCDGP,alpha tocopherol / ascorbic acid / cholecalciferol / doconexent / docusate sodium / ferrous fumarate / folic acid / pyridoxine hydrochloride / tricalcium phosphate Oral Product
2661640,SCDGP,alpha tocopherol / ascorbic acid / cholecalciferol / doconexent / docusate sodium / ferrous fumarate / folic acid / pyridoxine hydrochloride / tricalcium phosphate Pill
2661276,SCDGP,alpha tocopherol / ascorbic acid / cholecalciferol / docosahexaenoic acid / docusate sodium / ferrous fumarate / folic acid / pyridoxine hydrochloride / tricalcium phosphate Oral Product
2662417,SCDGP,alpha tocopherol / ascorbic acid / cholecalciferol / docosahexaenoic acid / docusate sodium / ferrous fumarate / folic acid / pyridoxine hydrochloride / tricalcium phosphate Pill
2662110,SCDGP,ascorbic acid / biotin / calcium pantothenate / folic acid / niacin / pyridoxine / riboflavin / thiamine mononitrate / vitamin B12 Oral Product
2661449,SCDGP,ascorbic acid / biotin / calcium pantothenate / folic acid / niacin / pyridoxine / riboflavin / thiamine mononitrate / vitamin B12 Pill
2663662,SCDGP,ascorbic acid / calcium pantothenate / D-biotin / folic acid / niacinamide / pyridoxine / riboflavin / thiamine / vitamin B12 Oral Product
2662342,SCDGP,ascorbic acid / calcium pantothenate / D-biotin / folic acid / niacinamide / pyridoxine / riboflavin / thiamine / vitamin B12 Pill
2661581,SCDGP,ascorbic acid / cholecalciferol / dl-alpha tocopheryl acetate / niacinamide / pyridoxine / riboflavin / thiamine hydrochloride / vitamin A / vitamin B12 Oral Liquid Product
2660343,SCDGP,ascorbic acid / cholecalciferol / dl-alpha tocopheryl acetate / niacinamide / pyridoxine / riboflavin / thiamine hydrochloride / vitamin A / vitamin B12 Oral Product
2660872,SCDGP,ascorbic acid / D-biotin / folic acid / niacinamide / pantothenic acid / pyridoxine hydrochloride / riboflavin / thiamine / vitamin B12 Oral Product
2660279,SCDGP,ascorbic acid / D-biotin / folic acid / niacinamide / pantothenic acid / pyridoxine hydrochloride / riboflavin / thiamine / vitamin B12 Pill
2661672,SCDGP,ascorbic acid / biotin / calcium carbonate / calcium pantothenate / folic acid / niacin / pyridoxine hydrochloride / riboflavin / succinic acid / thiamine hydrochloride / vitamin B12 Oral Product
2660829,SCDGP,ascorbic acid / biotin / calcium carbonate / calcium pantothenate / folic acid / niacin / pyridoxine hydrochloride / riboflavin / succinic acid / thiamine hydrochloride / vitamin B12 Pill
2659987,SCDGP,ascorbic acid / biotin / calcium pantothenate / ferrous bisglycinate / folic acid / formic acid / iron-dextran complex / niacin / pyridoxine hydrochloride / riboflavin / thiamine hydrochloride / vitamin B12 Oral Product
2662017,SCDGP,ascorbic acid / biotin / calcium pantothenate / ferrous bisglycinate / folic acid / formic acid / iron-dextran complex / niacin / pyridoxine hydrochloride / riboflavin / thiamine hydrochloride / vitamin B12 Pill
2659492,SCDGP,alpha-tocopherol acetate / ascorbic acid / biotin / cholecalciferol / dexpanthenol / folic acid / niacinamide / pyridoxine hydrochloride / riboflavin / thiamine hydrochloride / vitamin A palmitate / vitamin B12 / vitamin K1 Injectable Product
2661634,SCDGP,alpha-tocopherol acetate / ascorbic acid / calcium citrate / cholecalciferol / cupric oxide / docusate sodium / folic acid / iron carbonyl / niacinamide / potassium iodide / pyridoxine hydrochloride / riboflavin / thiamine hydrochloride / zinc oxide Oral Product
2661064,SCDGP,alpha-tocopherol acetate / ascorbic acid / calcium citrate / cholecalciferol / cupric oxide / docusate sodium / folic acid / iron carbonyl / niacinamide / potassium iodide / pyridoxine hydrochloride / riboflavin / thiamine hydrochloride / zinc oxide Pill
2662883,SCDGP,alpha-tocopherol acetate / ascorbic acid / beta carotene / calcium carbonate / calcium pantothenate / cholecalciferol / docusate sodium / ferrous fumarate / folic acid / niacinamide / pyridoxine hydrochloride / riboflavin / thiamine / vitamin B12 / zinc oxide Oral Product
2662416,SCDGP,alpha-tocopherol acetate / ascorbic acid / beta carotene / calcium carbonate / calcium pantothenate / cholecalciferol / docusate sodium / ferrous fumarate / folic acid / niacinamide / pyridoxine hydrochloride / riboflavin / thiamine / vitamin B12 / zinc oxide Pill
2660258,SCDGP,ascorbic acid / biotin / calcium pantothenate / copper sulfate / ferrous fumarate / folic acid / magnesium sulfate / manganese sulfate / niacin / polysaccharide iron complex / pyridoxine hydrochloride / riboflavin / thiamine mononitrate / vitamin B12 / zinc sulfate Oral Product
2660274,SCDGP,ascorbic acid / biotin / calcium pantothenate / copper sulfate / ferrous fumarate / folic acid / magnesium sulfate / manganese sulfate / niacin / polysaccharide iron complex / pyridoxine hydrochloride / riboflavin / thiamine mononitrate / vitamin B12 / zinc sulfate Pill
2662686,SCDGP,ascorbic acid / cholecalciferol / cuprous oxide / folic acid / magnesium oxide / niacin / polysaccharide iron complex / potassium iodide / pyridoxine hydrochloride / riboflavin / thiamine mononitrate / vitamin A / vitamin B12 / vitamin E / zinc oxide Oral Product
2661417,SCDGP,ascorbic acid / cholecalciferol / cuprous oxide / folic acid / magnesium oxide / niacin / polysaccharide iron complex / potassium iodide / pyridoxine hydrochloride / riboflavin / thiamine mononitrate / vitamin A / vitamin B12 / vitamin E / zinc oxide Pill
2662556,SCDGP,ascorbic acid / beta carotene / calcium carbonate / cholecalciferol / cupric oxide / docusate sodium / folic acid / iron carbonyl / magnesium oxide / niacinamide / pyridoxine hydrochloride / riboflavin / thiamine mononitrate / tocopherol acetate / vitamin B12 / zinc oxide Oral Product
2660711,SCDGP,ascorbic acid / beta carotene / calcium carbonate / cholecalciferol / cupric oxide / docusate sodium / folic acid / iron carbonyl / magnesium oxide / niacinamide / pyridoxine hydrochloride / riboflavin / thiamine mononitrate / tocopherol acetate / vitamin B12 / zinc oxide Pill
2663360,SCDGP,ascorbic acid / calcium carbonate / cholecalciferol / copper sulfate / dl-alpha tocopheryl acetate / ferrous fumarate / folic acid / magnesium oxide / niacinamide / potassium iodide / pyridoxine hydrochloride / retinol acetate / riboflavin / thiamine mononitrate / vitamin B12 / zinc sulfate Oral Product
2660472,SCDGP,ascorbic acid / calcium carbonate / cholecalciferol / copper sulfate / dl-alpha tocopheryl acetate / ferrous fumarate / folic acid / magnesium oxide / niacinamide / potassium iodide / pyridoxine hydrochloride / retinol acetate / riboflavin / thiamine mononitrate / vitamin B12 / zinc sulfate Pill
245474,SCD,ascorbic acid 25 MG Oral Lozenge
308396,SCD,ascorbic acid 50 MG Oral Tablet
1424902,SCD,ascorbic acid 53 MG Oral Lozenge
308399,SCD,ascorbic acid 60 MG Chewable Tablet
237717,SCD,ascorbic acid 60 MG Oral Lozenge
243789,SCD,ascorbic acid 60 MG/ML Oral Solution
313841,SCD,ascorbic acid 100 MG Chewable Tablet
602127,SCD,ascorbic acid 100 MG Disintegrating Oral Tablet
198893,SCD,ascorbic acid 100 MG Oral Tablet
308376,SCD,ascorbic acid 100 MG/ML Injectable Solution
308377,SCD,ascorbic acid 100 MG/ML Oral Solution
2707116,SCD,ascorbic acid 100 MG/ML Oral Suspension
199834,SCD,ascorbic acid 100 MG/ML Topical Cream
1441371,SCD,ascorbic acid 120 MG Chewable Tablet
245473,SCD,ascorbic acid 125 MG Chewable Tablet
2699355,SCD,ascorbic acid 125 MG Oral Capsule
141991,SCD,ascorbic acid 200 MG Chewable Tablet
283294,SCD,ascorbic acid 200 MG Oral Tablet
308384,SCD,ascorbic acid 250 MG Chewable Tablet
602135,SCD,ascorbic acid 250 MG Disintegrating Oral Tablet
199083,SCD,ascorbic acid 250 MG Oral Tablet
312969,SCD,ascorbic acid 250 MG/ML Injectable Solution
313803,SCD,ascorbic acid 500 MG Chewable Tablet
308391,SCD,ascorbic acid 500 MG Extended Release Oral Capsule
308392,SCD,ascorbic acid 500 MG Extended Release Oral Tablet
198896,SCD,ascorbic acid 500 MG Oral Capsule
2121705,SCD,ascorbic acid 500 MG Oral Powder
282402,SCD,ascorbic acid 500 MG Oral Tablet
237722,SCD,ascorbic acid 500 MG Oral Wafer
308395,SCD,ascorbic acid 500 MG/ML Injectable Solution
2603482,SCD,ascorbic acid 750 MG Oral Capsule
333831,SCD,ascorbic acid 1000 MG Chewable Tablet
308382,SCD,ascorbic acid 1000 MG Extended Release Oral Tablet
245462,SCD,ascorbic acid 1000 MG Oral Capsule
198897,SCD,ascorbic acid 1000 MG Oral Tablet
283293,SCD,ascorbic acid 1000 MG Powder for Oral Suspension
846045,SCD,ascorbic acid 1060 MG Oral Powder
237718,SCD,ascorbic acid 1500 MG Extended Release Oral Tablet
198892,SCD,ascorbic acid 1500 MG Oral Tablet
2636652,SCD,ascorbic acid 2000 MG Powder for Oral Solution
2636654,SCD,ascorbic acid 2100 MG Powder for Oral Solution
282737,SCD,ascorbic acid 4000 MG Powder for Oral Suspension
723871,SCD,"protein C, human 1 UNT Injection"
1100457,SCD,pyridoxine hydrochloride 25 MG Oral Tablet
2636846,SCD,ascorbic acid 80 MG / astaxanthin 4 MG Chewable Tablet
199842,SCD,ascorbic acid 15 MG / bromelains 500 MG Oral Capsule
1150172,SCD,ascorbic acid 500 MG / calcium carbonate 30 MG Oral Tablet
2603517,SCD,ascorbic acid 10 MG / collagen 1000 MG Oral Tablet
2099781,SCD,ascorbic acid 60 MG / collagen 6000 MG Oral Tablet
577190,SCD,"ascorbic acid 125 MG / collagen, hydrolyzed 740 MG Oral Capsule"
259773,SCD,ascorbic acid 150 MG / ferrous sulfate 65 MG Extended Release Oral Tablet
283121,SCD,ascorbic acid 200 MG / hesperidin 200 MG Oral Tablet
1246831,SCD,ascorbic acid 60 MG / hyaluronic acid 20 MG Oral Capsule
1375379,SCD,ascorbic acid 125 MG / iron carbonyl 65 MG Delayed Release Oral Tablet
1424273,SCD,ascorbic acid 125 MG / iron carbonyl 65 MG Oral Tablet
1926816,SCD,ascorbic acid 250 MG / iron carbonyl 60 MG Chewable Tablet
242668,SCD,ascorbic acid 250 MG / iron carbonyl 100 MG Oral Tablet
807801,SCD,ascorbic acid 50 MG / polysaccharide iron complex 150 MG Oral Capsule
1874902,SCD,ascorbic acid 60 MG / resveratrol 200 MG Oral Capsule
199138,SCD,ascorbic acid 250 MG / vitamin E 200 UNT Oral Tablet
283426,SCD,ascorbic acid 500 MG / vitamin E 200 UNT Oral Capsule
283297,SCD,ascorbic acid 500 MG / vitamin E 400 UNT Oral Capsule
1648169,SCD,estradiol 3-benzoate 10 MG / progesterone 100 MG Drug Implant
2612081,SCD,estradiol 3-benzoate 20 MG / progesterone 200 MG Drug Implant
1537233,SCD,ascorbic acid 35 MG/ML / cholecalciferol 0.01 MG/ML / vitamin A 0.225 MG/ML Oral Solution
313599,SCD,ascorbic acid 35 MG/ML / cholecalciferol 0.01 MG/ML / vitamin A 0.45 MG/ML Oral Solution
2713891,SCD,ascorbic acid 50 MG/ML / cholecalciferol 0.01 MG/ML / vitamin A 0.25 MG/ML Oral Suspension
283944,SCD,ascorbic acid 20 MG / chondroitin sulfates 400 MG / glucosamine sulfate 500 MG Oral Tablet
835524,SCD,ascorbic acid 50 MG / ferrous bisglycinate 80 MG / polysaccharide iron complex 70 MG Oral Capsule
388723,SCD,ascorbic acid 60 MG / ferrous fumarate 200 MG / vitamin B12 5 MG Oral Capsule
348694,SCD,ascorbic acid 250 MG / ferrous fumarate 200 MG / vitamin B12 0.01 MG Oral Capsule
105668,SCD,ascorbic acid 10 MG / ferrous gluconate 250 MG / folic acid 5 MG Oral Tablet
313634,SCD,ascorbic acid 500 MG / ferrous sulfate 525 MG / folic acid 0.8 MG Extended Release Oral Tablet
282836,SCD,ascorbic acid 100 MG / pantothenic acid 100 MG / quercetin 50 MG Oral Tablet
1365980,SCD,ascorbic acid 35 MG/ML / cholecalciferol 0.01 MG/ML / sodium fluoride 0.55 MG/ML / vitamin A palmitate 1500 UNT/ML Oral Solution
1365984,SCD,ascorbic acid 35 MG/ML / cholecalciferol 0.01 MG/ML / sodium fluoride 1.1 MG/ML / vitamin A palmitate 1500 UNT/ML Oral Solution
348689,SCD,ascorbic acid 60 MG / ferrous fumarate 460 MG / folic acid 1 MG / vitamin B12 0.01 MG Oral Capsule
348622,SCD,ascorbic acid 250 MG / ferrous fumarate 200 MG / folic acid 1 MG / vitamin B12 0.01 MG Oral Capsule
1087414,SCD,ascorbic acid 250 MG / folic acid 1 MG / iron carbonyl 100 MG / vitamin B12 0.025 MG Oral Tablet
2045233,SCD,polyethylene glycol 3350 100000 MG / potassium chloride 1000 MG / sodium chloride 2000 MG / sodium sulfate 9000 MG Powder for Oral Solution
891812,SCD,ascorbic acid 113 MG / beta carotene 7160 MG / cuprous oxide 0.4 MG / dl-alpha tocopheryl acetate 100 UNT / zinc oxide 17.4 MG Oral Tablet
891790,SCD,ascorbic acid 226 MG / beta carotene 14320 UNT / cuprous oxide 0.8 MG / dl-alpha tocopheryl acetate 200 UNT / zinc oxide 34.8 MG Oral Capsule
891706,SCD,ascorbic acid 60 MG / cuprous oxide 2 MG / dl-alpha tocopheryl acetate 30 MG / lutein 6 MG / zinc oxide 15 MG Oral Capsule
891816,SCD,ascorbic acid 226 MG / cuprous oxide 0.8 MG / dl-alpha tocopheryl acetate 200 UNT / lutein 5 MG / zinc oxide 34.8 MG Oral Capsule
836268,SCD,ascorbic acid 120 MG / docusate sodium 50 MG / folic acid 1 MG / iron carbonyl 90 MG / vitamin B12 0.012 MG Oral Tablet
359514,SCD,ascorbic acid 75 MG / ferrous fumarate 110 MG / folic acid 0.5 MG / intrinsic factor 240 MG / vitamin B12 0.015 MG Oral Capsule
999799,SCD,ascorbic acid 75 MG / ferrous fumarate 333 MG / folic acid 0.5 MG / liver stomach concentrate 240 MG / vitamin B12 0.015 MG Oral Capsule
1087298,SCD,ascorbic acid 40 MG / ferrous fumarate 62.5 MG / folic acid 1 MG / niacin 3 MG / polysaccharide iron complex 62.5 MG Oral Capsule
999823,SCD,ascorbic acid 40 MG / ferrous fumarate 191 MG / folic acid 1 MG / niacinamide 3 MG / polysaccharide iron complex 136 MG Oral Capsule
2045243,SCD,ascorbic acid 7540 MG / polyethylene glycol 3350 40000 MG / potassium chloride 1200 MG / sodium ascorbate 48110 MG / sodium chloride 3200 MG Powder for Oral Solution
1090824,SCD,ascorbic acid 60 MG / beta carotene 5000 UNT / copper sulfate 40 MG / dl-alpha tocopheryl acetate 30 UNT / sodium selenite 0.04 MG / zinc oxide 40 MG Oral Tablet
1100262,SCD,ascorbic acid 120 MG / calcium citrate 125 MG / cholecalciferol 400 UNT / folic acid 1 MG / iron carbonyl 20 MG / pyridoxine hydrochloride 25 MG Oral Tablet
800915,SCD,ascorbic acid 4700 MG / polyethylene glycol 3350 100000 MG / potassium chloride 1015 MG / sodium ascorbate 5900 MG / sodium chloride 2690 MG / sodium sulfate 7500 MG Powder for Oral Solution
1484958,SCD,"coagulation factor IX, human 1 UNT / coagulation factor X, human 1 UNT / factor VII, human 1 UNT / protein C, human 1 UNT / protein S, human 1 UNT / prothrombin, human 1 UNT Injection"
2643204,SCD,"coagulation factor IX, human-lans 1 UNT / coagulation factor X, human-lans 1 UNT / factor VII, human-lans 1 UNT / protein C, human-lans 1 UNT / protein S, human-lans 1 UNT / prothrombin, human-lans 1 UNT Injection"
1090973,SCD,ascorbic acid 60 MG / beta carotene 5000 UNT / copper sulfate 2 MG / dl-alpha tocopheryl acetate 30 UNT / lutein 2 MG / sodium selenite 0.04 MG / zinc oxide 40 MG Oral Tablet
891716,SCD,ascorbic acid 200 MG / beta carotene 1000 UNT / cuprous oxide 2 MG / dl-alpha tocopheryl acetate 60 UNT / lutein 2 MG / sodium selenate 0.055 MG / zinc oxide 40 MG Oral Tablet
1087406,SCD,24 HR ascorbic acid 500 MG / biotin 0.15 MG / copper sulfate 3 MG / dl-alpha tocopheryl acetate 30 UNT / docusate sodium 50 MG / folic acid 1 MG / iron carbonyl 150 MG / vitamin B12 0.06 MG Extended Release Oral Tablet
1485531,SCD,alpha tocopherol 30 UNT / ascorbic acid 25 MG / cholecalciferol 170 UNT / doconexent 265 MG / docusate sodium 55 MG / ferrous fumarate 30 MG / folic acid 1.2 MG / pyridoxine hydrochloride 25 MG / tricalcium phosphate 160 MG Oral Capsule
1043300,SCD,alpha tocopherol 30 UNT / ascorbic acid 28 MG / cholecalciferol 400 UNT / docosahexaenoic acid 300 MG / docusate sodium 55 MG / ferrous fumarate 27 MG / folic acid 1.25 MG / pyridoxine hydrochloride 25 MG / tricalcium phosphate 160 MG Oral Capsule
891522,SCD,ascorbic acid 100 MG / biotin 0.15 MG / calcium pantothenate 5 MG / folic acid 1 MG / niacin 20 MG / pyridoxine 10 MG / riboflavin 1.7 MG / thiamine mononitrate 1.5 MG / vitamin B12 0.006 MG Oral Capsule
826857,SCD,ascorbic acid 60 MG / biotin 0.3 MG / folic acid 0.8 MG / mecobalamin 0.006 MG / niacinamide 20 MG / pantothenate 10 MG / pyridoxine 10 MG / riboflavin 1.7 MG / thiamine 1.5 MG Oral Tablet
877463,SCD,ascorbic acid 60 MG / calcium pantothenate 10 MG / D-biotin 0.3 MG / folic acid 0.8 MG / niacinamide 20 MG / pyridoxine 10 MG / riboflavin 1.7 MG / thiamine 1.5 MG / vitamin B12 0.006 MG Oral Tablet
1090968,SCD,ascorbic acid 10.8 MG/ML / cholecalciferol 72 UNT/ML / dl-alpha tocopheryl acetate 2.7 UNT/ML / niacinamide 2.44 MG/ML / pyridoxine 0.189 MG/ML / riboflavin 0.216 MG/ML / thiamine hydrochloride 0.168 MG/ML / vitamin A 450 UNT/ML / vitamin B12 0.00081 MG/ML Oral Solution
876858,SCD,ascorbic acid 35 MG/ML / cholecalciferol 0.01 MG/ML / niacin 8 MG/ML / riboflavin 0.6 MG/ML / thiamine 0.5 MG/ML / vitamin A 0.45 MG/ML / vitamin B12 0.002 MG/ML / vitamin B6 0.4 MG/ML / vitamin E 2.25 MG/ML Oral Solution
348025,SCD,ascorbic acid 100 MG / D-biotin 0.3 MG / folic acid 1 MG / niacinamide 20 MG / pantothenic acid 10 MG / pyridoxine hydrochloride 10 MG / riboflavin 1.7 MG / thiamine 1.5 MG / vitamin B12 0.006 MG Oral Tablet
826862,SCD,ascorbic acid 60 MG / biotin 0.3 MG / ferrous fumarate 29 MG / folic acid 0.8 MG / mecobalamin 0.006 MG / niacinamide 20 MG / pantothenate 10 MG / pyridoxine 10 MG / riboflavin 1.7 MG / thiamine 1.5 MG Oral Tablet
826650,SCD,ascorbic acid 60 MG / biotin 0.3 MG / folic acid 0.8 MG / mecobalamin 0.006 MG / niacinamide 20 MG / pantothenate 10 MG / pyridoxine 10 MG / riboflavin 1.7 MG / thiamine 1.5 MG / zinc citrate 15 MG Oral Tablet
826656,SCD,ascorbic acid 60 MG / biotin 0.3 MG / folic acid 0.8 MG / mecobalamin 0.006 MG / niacinamide 20 MG / pantothenate 10 MG / pyridoxine 10 MG / riboflavin 1.7 MG / thiamine 1.5 MG / zinc citrate 50 MG Oral Tablet
1234482,SCD,ascorbic acid 35 MG/ML / cholecalciferol 400 UNT/ML / niacin 8 MG/ML / riboflavin 0.6 MG/ML / sodium fluoride 0.55 MG/ML / thiamine 0.5 MG/ML / vitamin A 1500 UNT/ML / vitamin B12 0.002 MG/ML / vitamin B6 0.4 MG/ML / vitamin E 5 UNT/ML Oral Solution
1102201,SCD,ascorbic acid 100 MG / biotin 0.3 MG / calcium carbonate 100 MG / calcium pantothenate 7 MG / folic acid 1 MG / niacin 25 MG / pyridoxine hydrochloride 30 MG / riboflavin 5 MG / succinic acid 150 MG / thiamine hydrochloride 5 MG / vitamin B12 0.01 MG Oral Tablet
1235389,SCD,ascorbic acid 60 MG / cholecalciferol 0.01 MG / folic acid 0.3 MG / niacin 13.5 MG / riboflavin 1.2 MG / sodium fluoride 0.55 MG / thiamine 1.05 MG / vitamin A 0.75 MG / vitamin B12 0.0045 MG / vitamin B6 1.05 MG / vitamin E 6.75 MG Chewable Tablet
1364854,SCD,ascorbic acid 60 MG / cholecalciferol 0.01 MG / folic acid 0.3 MG / niacin 13.5 MG / riboflavin 1.2 MG / sodium fluoride 1.1 MG / thiamine 1.05 MG / vitamin A 0.75 MG / vitamin B12 0.0045 MG / vitamin B6 1.05 MG / vitamin E 6.75 MG Chewable Tablet
1364855,SCD,ascorbic acid 60 MG / cholecalciferol 0.01 MG / folic acid 0.3 MG / niacin 13.5 MG / riboflavin 1.2 MG / sodium fluoride 2.2 MG / thiamine 1.05 MG / vitamin A 0.75 MG / vitamin B12 0.0045 MG / vitamin B6 1.05 MG / vitamin E 15 UNT Chewable Tablet
1102196,SCD,ascorbic acid 100 MG / biotin 0.3 MG / calcium pantothenate 0.3 MG / ferrous bisglycinate 65 MG / folic acid 1 MG / formic acid 155 MG / iron-dextran complex 65 MG / niacin 25 MG / pyridoxine hydrochloride 30 MG / riboflavin 5 MG / thiamine hydrochloride 5 MG / vitamin B12 0.01 MG Oral Tablet
1304559,SCD,alpha-tocopherol acetate 1 UNT/ML / ascorbic acid 20 MG/ML / biotin 0.006 MG/ML / cholecalciferol 20 UNT/ML / dexpanthenol 1.5 MG/ML / folic acid 0.06 MG/ML / niacinamide 4 MG/ML / pyridoxine hydrochloride 0.6 MG/ML / riboflavin 0.36 MG/ML / thiamine hydrochloride 0.6 MG/ML / vitamin A palmitate 330 UNT/ML / vitamin B12 0.0005 MG/ML / vitamin K1 0.015 MG/ML Injectable Solution
1305217,SCD,alpha-tocopherol acetate 1.4 UNT/ML / ascorbic acid 16 MG/ML / biotin 0.004 MG/ML / cholecalciferol 80 UNT/ML / dexpanthenol 1 MG/ML / folic acid 0.028 MG/ML / niacinamide 3.4 MG/ML / pyridoxine hydrochloride 0.2 MG/ML / riboflavin 0.28 MG/ML / thiamine hydrochloride 0.24 MG/ML / vitamin A palmitate 460 UNT/ML / vitamin B12 0.0002 MG/ML / vitamin K1 0.04 MG/ML Injectable Solution
1304490,SCD,alpha-tocopherol acetate 30 UNT / ascorbic acid 120 MG / calcium citrate 125 MG / cholecalciferol 400 UNT / cupric oxide 2 MG / docusate sodium 50 MG / folic acid 1 MG / iron carbonyl 35 MG / niacinamide 20 MG / potassium iodide 0.15 MG / pyridoxine hydrochloride 25 MG / riboflavin 3.4 MG / thiamine hydrochloride 3 MG / zinc oxide 25 MG Oral Tablet
1313925,SCD,alpha-tocopherol acetate 30 UNT / ascorbic acid 100 MG / beta carotene 1000 UNT / calcium carbonate 200 MG / calcium pantothenate 7 MG / cholecalciferol 400 UNT / docusate sodium 25 MG / ferrous fumarate 29 MG / folic acid 1 MG / niacinamide 15 MG / pyridoxine hydrochloride 20 MG / riboflavin 3 MG / thiamine 3 MG / vitamin B12 0.012 MG / zinc oxide 20 MG Oral Tablet
1314666,SCD,ascorbic acid 210 MG / biotin 0.3 MG / calcium pantothenate 7 MG / copper sulfate 0.8 MG / ferrous fumarate 130 MG / folic acid 1 MG / magnesium sulfate 6.9 MG / manganese sulfate 1.3 MG / niacin 20 MG / polysaccharide iron complex 92.4 MG / pyridoxine hydrochloride 25 MG / riboflavin 5 MG / thiamine mononitrate 5 MG / vitamin B12 0.01 MG / zinc sulfate 18.2 MG Oral Capsule
1119569,SCD,ascorbic acid 30 MG / cholecalciferol 1000 UNT / cuprous oxide 2 MG / folic acid 1 MG / magnesium oxide 20 MG / niacin 15 MG / polysaccharide iron complex 29 MG / potassium iodide 0.15 MG / pyridoxine hydrochloride 2.5 MG / riboflavin 1.8 MG / thiamine mononitrate 1.6 MG / vitamin A 1100 UNT / vitamin B12 0.012 MG / vitamin E 20 UNT / zinc oxide 25 MG Oral Capsule
1248142,SCD,ascorbic acid 120 MG / beta carotene 2700 UNT / calcium carbonate 200 MG / cholecalciferol 400 UNT / cupric oxide 2 MG / docusate sodium 50 MG / folic acid 1 MG / iron carbonyl 90 MG / magnesium oxide 30 MG / niacinamide 20 MG / pyridoxine hydrochloride 20 MG / riboflavin 3.4 MG / thiamine mononitrate 3 MG / tocopherol acetate 30 UNT / vitamin B12 0.012 MG / zinc oxide 25 MG Oral Tablet
797463,SCD,ascorbic acid 80 MG / biotin 0.03 MG / calcium carbonate 200 MG / cupric oxide 3 MG / ferrous fumarate 60 MG / folic acid 1 MG / magnesium oxide 100 MG / niacinamide 17 MG / pantothenic acid 7 MG / riboflavin 1.6 MG / thiamine 1.5 MG / vitamin A 4000 UNT / vitamin B12 0.0025 MG / vitamin B6 4 MG / vitamin E 400 UNT / zinc oxide 25 MG Oral Tablet
1116179,SCD,ascorbic acid 100 MG / calcium carbonate 200 MG / cholecalciferol 0.01 MG / copper sulfate 2 MG / dl-alpha tocopheryl acetate 30 UNT / ferrous fumarate 65 MG / folic acid 1 MG / magnesium oxide 10 MG / niacinamide 20 MG / potassium iodide 0.15 MG / pyridoxine hydrochloride 5 MG / retinol acetate 4000 UNT / riboflavin 3.4 MG / thiamine mononitrate 3 MG / vitamin B12 0.012 MG / zinc sulfate 15 MG Oral Tablet
212360,SBD,ascorbic acid 60 MG Chewable Tablet [N Ice with Vitamin C]
1150077,SBD,ascorbic acid 60 MG Oral Lozenge [Halls Defense]
1859193,SBD,ascorbic acid 60 MG Oral Lozenge [N Ice with Vitamin C]
211855,SBD,ascorbic acid 500 MG Oral Capsule [C-Time]
2002739,SBD,ascorbic acid 500 MG/ML Injectable Solution [Ascor]
211869,SBD,ascorbic acid 1000 MG Oral Tablet [Cemill 1000]
728491,SBD,"protein C, human 1 UNT Injection [Ceprotin]"
1799178,SBD,ascorbic acid 125 MG / iron carbonyl 65 MG Delayed Release Oral Tablet [Vitron-C Reformulated Jul 2016]
1088869,SBD,ascorbic acid 250 MG / iron carbonyl 100 MG Oral Tablet [Icar C]
808085,SBD,ascorbic acid 50 MG / polysaccharide iron complex 150 MG Oral Capsule [Ferrex 150 Plus]
1648174,SBD,estradiol 3-benzoate 10 MG / progesterone 100 MG Drug Implant [Synovex C]
2612086,SBD,estradiol 3-benzoate 20 MG / progesterone 200 MG Drug Implant [Synovex S]
876679,SBD,ascorbic acid 35 MG/ML / cholecalciferol 0.01 MG/ML / vitamin A 0.45 MG/ML Oral Solution [Tri-Vi-Sol]
861072,SBD,ascorbic acid 500 MG / ferrous sulfate 525 MG / folic acid 0.8 MG Extended Release Oral Tablet [Folitab]
999783,SBD,ascorbic acid 60 MG / ferrous fumarate 460 MG / folic acid 1 MG / vitamin B12 0.01 MG Oral Capsule [Hematogen]
999749,SBD,ascorbic acid 250 MG / ferrous fumarate 200 MG / folic acid 1 MG / vitamin B12 0.01 MG Oral Capsule [Hematogen]
1087418,SBD,ascorbic acid 250 MG / folic acid 1 MG / iron carbonyl 100 MG / vitamin B12 0.025 MG Oral Tablet [Icar-C Plus]
891815,SBD,ascorbic acid 113 MG / beta carotene 7160 MG / cuprous oxide 0.4 MG / dl-alpha tocopheryl acetate 100 UNT / zinc oxide 17.4 MG Oral Tablet [PreserVision]
891793,SBD,ascorbic acid 226 MG / beta carotene 14320 UNT / cuprous oxide 0.8 MG / dl-alpha tocopheryl acetate 200 UNT / zinc oxide 34.8 MG Oral Capsule [PreserVision]
891709,SBD,ascorbic acid 60 MG / cuprous oxide 2 MG / dl-alpha tocopheryl acetate 30 MG / lutein 6 MG / zinc oxide 15 MG Oral Capsule [Ocuvite Lutein]
891820,SBD,ascorbic acid 226 MG / cuprous oxide 0.8 MG / dl-alpha tocopheryl acetate 200 UNT / lutein 5 MG / zinc oxide 34.8 MG Oral Capsule [PreserVision with Lutein]
836270,SBD,ascorbic acid 120 MG / docusate sodium 50 MG / folic acid 1 MG / iron carbonyl 90 MG / vitamin B12 0.012 MG Oral Tablet [Ferralet 90]
1087238,SBD,ascorbic acid 120 MG / docusate sodium 50 MG / folic acid 1 MG / iron carbonyl 90 MG / vitamin B12 0.012 MG Oral Tablet [Ferraplus]
1087208,SBD,ascorbic acid 75 MG / ferrous fumarate 333 MG / folic acid 0.5 MG / liver stomach concentrate 240 MG / vitamin B12 0.015 MG Oral Capsule [Ferocon]
1087302,SBD,ascorbic acid 40 MG / ferrous fumarate 62.5 MG / folic acid 1 MG / niacin 3 MG / polysaccharide iron complex 62.5 MG Oral Capsule [Folivane-F]
999826,SBD,ascorbic acid 40 MG / ferrous fumarate 191 MG / folic acid 1 MG / niacinamide 3 MG / polysaccharide iron complex 136 MG Oral Capsule [Integra F]
800918,SBD,ascorbic acid 4700 MG / polyethylene glycol 3350 100000 MG / potassium chloride 1015 MG / sodium ascorbate 5900 MG / sodium chloride 2690 MG / sodium sulfate 7500 MG Powder for Oral Solution [MoviPrep]
1484963,SBD,"coagulation factor IX, human 1 UNT / coagulation factor X, human 1 UNT / factor VII, human 1 UNT / protein C, human 1 UNT / protein S, human 1 UNT / prothrombin, human 1 UNT Injection [Kcentra]"
2643209,SBD,"coagulation factor IX, human-lans 1 UNT / coagulation factor X, human-lans 1 UNT / factor VII, human-lans 1 UNT / protein C, human-lans 1 UNT / protein S, human-lans 1 UNT / prothrombin, human-lans 1 UNT Injection [Balfaxar]"
1090975,SBD,ascorbic acid 60 MG / beta carotene 5000 UNT / copper sulfate 2 MG / dl-alpha tocopheryl acetate 30 UNT / lutein 2 MG / sodium selenite 0.04 MG / zinc oxide 40 MG Oral Tablet [Macuvite with Lutein]
891719,SBD,ascorbic acid 200 MG / beta carotene 1000 UNT / cuprous oxide 2 MG / dl-alpha tocopheryl acetate 60 UNT / lutein 2 MG / sodium selenate 0.055 MG / zinc oxide 40 MG Oral Tablet [Ocuvite]
1087410,SBD,24 HR ascorbic acid 500 MG / biotin 0.15 MG / copper sulfate 3 MG / dl-alpha tocopheryl acetate 30 UNT / docusate sodium 50 MG / folic acid 1 MG / iron carbonyl 150 MG / vitamin B12 0.06 MG Extended Release Oral Tablet [Hemax]
826860,SBD,ascorbic acid 60 MG / biotin 0.3 MG / folic acid 0.8 MG / mecobalamin 0.006 MG / niacinamide 20 MG / pantothenate 10 MG / pyridoxine 10 MG / riboflavin 1.7 MG / thiamine 1.5 MG Oral Tablet [Dialyvite 800]
877466,SBD,ascorbic acid 60 MG / calcium pantothenate 10 MG / D-biotin 0.3 MG / folic acid 0.8 MG / niacinamide 20 MG / pyridoxine 10 MG / riboflavin 1.7 MG / thiamine 1.5 MG / vitamin B12 0.006 MG Oral Tablet [Rena-Vite]
1090972,SBD,ascorbic acid 10.8 MG/ML / cholecalciferol 72 UNT/ML / dl-alpha tocopheryl acetate 2.7 UNT/ML / niacinamide 2.44 MG/ML / pyridoxine 0.189 MG/ML / riboflavin 0.216 MG/ML / thiamine hydrochloride 0.168 MG/ML / vitamin A 450 UNT/ML / vitamin B12 0.00081 MG/ML Oral Solution [Multi-Delyn]
876861,SBD,ascorbic acid 35 MG/ML / cholecalciferol 0.01 MG/ML / niacin 8 MG/ML / riboflavin 0.6 MG/ML / thiamine 0.5 MG/ML / vitamin A 0.45 MG/ML / vitamin B12 0.002 MG/ML / vitamin B6 0.4 MG/ML / vitamin E 2.25 MG/ML Oral Solution [Poly-Vi-Sol]
826865,SBD,ascorbic acid 60 MG / biotin 0.3 MG / ferrous fumarate 29 MG / folic acid 0.8 MG / mecobalamin 0.006 MG / niacinamide 20 MG / pantothenate 10 MG / pyridoxine 10 MG / riboflavin 1.7 MG / thiamine 1.5 MG Oral Tablet [Dialyvite 800 with Iron]
826653,SBD,ascorbic acid 60 MG / biotin 0.3 MG / folic acid 0.8 MG / mecobalamin 0.006 MG / niacinamide 20 MG / pantothenate 10 MG / pyridoxine 10 MG / riboflavin 1.7 MG / thiamine 1.5 MG / zinc citrate 15 MG Oral Tablet [Dialyvite 800 with Zinc]
1114342,SBD,ascorbic acid 60 MG / biotin 0.3 MG / folic acid 0.8 MG / mecobalamin 0.006 MG / niacinamide 20 MG / pantothenate 10 MG / pyridoxine 10 MG / riboflavin 1.7 MG / thiamine 1.5 MG / zinc citrate 50 MG Oral Tablet [Dialyvite 800 with Zinc]
1428828,SBD,ascorbic acid 60 MG / cholecalciferol 0.01 MG / folic acid 0.3 MG / niacin 13.5 MG / riboflavin 1.2 MG / sodium fluoride 2.2 MG / thiamine 1.05 MG / vitamin A 0.75 MG / vitamin B12 0.0045 MG / vitamin B6 1.05 MG / vitamin E 15 UNT Chewable Tablet [MVC-Fluoride]
1102206,SBD,ascorbic acid 100 MG / biotin 0.3 MG / calcium pantothenate 0.3 MG / ferrous bisglycinate 65 MG / folic acid 1 MG / formic acid 155 MG / iron-dextran complex 65 MG / niacin 25 MG / pyridoxine hydrochloride 30 MG / riboflavin 5 MG / thiamine hydrochloride 5 MG / vitamin B12 0.01 MG Oral Tablet [Irospan Tablet]
1304564,SBD,alpha-tocopherol acetate 1 UNT/ML / ascorbic acid 20 MG/ML / biotin 0.006 MG/ML / cholecalciferol 20 UNT/ML / dexpanthenol 1.5 MG/ML / folic acid 0.06 MG/ML / niacinamide 4 MG/ML / pyridoxine hydrochloride 0.6 MG/ML / riboflavin 0.36 MG/ML / thiamine hydrochloride 0.6 MG/ML / vitamin A palmitate 330 UNT/ML / vitamin B12 0.0005 MG/ML / vitamin K1 0.015 MG/ML Injectable Solution [Infuvite]
1305222,SBD,alpha-tocopherol acetate 1.4 UNT/ML / ascorbic acid 16 MG/ML / biotin 0.004 MG/ML / cholecalciferol 80 UNT/ML / dexpanthenol 1 MG/ML / folic acid 0.028 MG/ML / niacinamide 3.4 MG/ML / pyridoxine hydrochloride 0.2 MG/ML / riboflavin 0.28 MG/ML / thiamine hydrochloride 0.24 MG/ML / vitamin A palmitate 460 UNT/ML / vitamin B12 0.0002 MG/ML / vitamin K1 0.04 MG/ML Injectable Solution [Infuvite Pediatric]
1314672,SBD,ascorbic acid 210 MG / biotin 0.3 MG / calcium pantothenate 7 MG / copper sulfate 0.8 MG / ferrous fumarate 130 MG / folic acid 1 MG / magnesium sulfate 6.9 MG / manganese sulfate 1.3 MG / niacin 20 MG / polysaccharide iron complex 92.4 MG / pyridoxine hydrochloride 25 MG / riboflavin 5 MG / thiamine mononitrate 5 MG / vitamin B12 0.01 MG / zinc sulfate 18.2 MG Oral Capsule [Concept OB]
1119573,SBD,ascorbic acid 30 MG / cholecalciferol 1000 UNT / cuprous oxide 2 MG / folic acid 1 MG / magnesium oxide 20 MG / niacin 15 MG / polysaccharide iron complex 29 MG / potassium iodide 0.15 MG / pyridoxine hydrochloride 2.5 MG / riboflavin 1.8 MG / thiamine mononitrate 1.6 MG / vitamin A 1100 UNT / vitamin B12 0.012 MG / vitamin E 20 UNT / zinc oxide 25 MG Oral Capsule [Vitafol-One]
1116183,SBD,ascorbic acid 100 MG / calcium carbonate 200 MG / cholecalciferol 0.01 MG / copper sulfate 2 MG / dl-alpha tocopheryl acetate 30 UNT / ferrous fumarate 65 MG / folic acid 1 MG / magnesium oxide 10 MG / niacinamide 20 MG / potassium iodide 0.15 MG / pyridoxine hydrochloride 5 MG / retinol acetate 4000 UNT / riboflavin 3.4 MG / thiamine mononitrate 3 MG / vitamin B12 0.012 MG / zinc sulfate 15 MG Oral Tablet [Lactocal]
1100470,GPCK,{30 (ascorbic acid 120 MG / calcium citrate 125 MG / cholecalciferol 400 UNT / folic acid 1 MG / iron carbonyl 20 MG / pyridoxine hydrochloride 25 MG Oral Tablet) / 10 (pyridoxine hydrochloride 25 MG Oral Tablet) } Pack
2045244,GPCK,{1 (ascorbic acid 7540 MG / polyethylene glycol 3350 40000 MG / potassium chloride 1200 MG / sodium ascorbate 48110 MG / sodium chloride 3200 MG Powder for Oral Solution) / 1 (polyethylene glycol 3350 100000 MG / potassium chloride 1000 MG / sodium chloride 2000 MG / sodium sulfate 9000 MG Powder for Oral Solution) } Pack
1102202,GPCK,{6 (ascorbic acid 100 MG / biotin 0.3 MG / calcium carbonate 100 MG / calcium pantothenate 7 MG / folic acid 1 MG / niacin 25 MG / pyridoxine hydrochloride 30 MG / riboflavin 5 MG / succinic acid 150 MG / thiamine hydrochloride 5 MG / vitamin B12 0.01 MG Oral Tablet) / 24 (ascorbic acid 100 MG / biotin 0.3 MG / calcium pantothenate 0.3 MG / ferrous bisglycinate 65 MG / folic acid 1 MG / formic acid 155 MG / iron-dextran complex 65 MG / niacin 25 MG / pyridoxine hydrochloride 30 MG / riboflavin 5 MG / thiamine hydrochloride 5 MG / vitamin B12 0.01 MG Oral Tablet) } Pack
1100471,BPCK,{30 (ascorbic acid 120 MG / calcium citrate 125 MG / cholecalciferol 400 UNT / folic acid 1 MG / iron carbonyl 20 MG / pyridoxine hydrochloride 25 MG Oral Tablet) / 10 (pyridoxine hydrochloride 25 MG Oral Tablet) } Pack [CitraNatal B-Calm Kit]
2045245,BPCK,{1 (ascorbic acid 7540 MG / polyethylene glycol 3350 40000 MG / potassium chloride 1200 MG / sodium ascorbate 48110 MG / sodium chloride 3200 MG Powder for Oral Solution) / 1 (polyethylene glycol 3350 100000 MG / potassium chloride 1000 MG / sodium chloride 2000 MG / sodium sulfate 9000 MG Powder for Oral Solution) } Pack [Plenvu]
1102207,BPCK,{6 (ascorbic acid 100 MG / biotin 0.3 MG / calcium carbonate 100 MG / calcium pantothenate 7 MG / folic acid 1 MG / niacin 25 MG / pyridoxine hydrochloride 30 MG / riboflavin 5 MG / succinic acid 150 MG / thiamine hydrochloride 5 MG / vitamin B12 0.01 MG Oral Tablet) / 24 (ascorbic acid 100 MG / biotin 0.3 MG / calcium pantothenate 0.3 MG / ferrous bisglycinate 65 MG / folic acid 1 MG / formic acid 155 MG / iron-dextran complex 65 MG / niacin 25 MG / pyridoxine hydrochloride 30 MG / riboflavin 5 MG / thiamine hydrochloride 5 MG / vitamin B12 0.01 MG Oral Tablet [Irospan Tablet]) } Pack [Irospan 24/6 Kit]
371756,SCDF,dextromethorphan Chewable Tablet
1145673,SCDF,dextromethorphan Disintegrating Oral Tablet
377535,SCDF,dextromethorphan Extended Release Suspension
371754,SCDF,dextromethorphan Oral Capsule
371758,SCDF,dextromethorphan Oral Lozenge
371757,SCDF,dextromethorphan Oral Solution
702440,SCDF,dextromethorphan Oral Spray
438999,SCDF,dextromethorphan Oral Suspension
375016,SCDF,dextromethorphan Oral Tablet
617729,SCDF,acetaminophen / dextromethorphan Chewable Tablet
2744313,SCDF,acetaminophen / dextromethorphan Effervescent Oral Tablet
370755,SCDF,acetaminophen / dextromethorphan Oral Capsule
370756,SCDF,acetaminophen / dextromethorphan Oral Solution
376156,SCDF,acetaminophen / dextromethorphan Oral Suspension
370757,SCDF,acetaminophen / dextromethorphan Oral Tablet
2636655,SCDF,acetaminophen / dextromethorphan Powder for Oral Solution
2679417,SCDF,acetaminophen / dextromethorphan Granules for Oral Solution
374472,SCDF,benzocaine / dextromethorphan Oral Lozenge
2676754,SCDF,brompheniramine / dextromethorphan Oral Solution
2611259,SCDF,bupropion / dextromethorphan Extended Release Oral Tablet
617478,SCDF,chlorpheniramine / dextromethorphan Chewable Tablet
371456,SCDF,chlorpheniramine / dextromethorphan Oral Solution
2743066,SCDF,chlorpheniramine / dextromethorphan Oral Suspension
371458,SCDF,chlorpheniramine / dextromethorphan Oral Tablet
2741367,SCDF,dexchlorpheniramine / dextromethorphan Oral Solution
2591969,SCDF,dextromethorphan / doxylamine Chewable Tablet
379167,SCDF,dextromethorphan / doxylamine Oral Solution
2598124,SCDF,dextromethorphan / guaifenesin Effervescent Oral Tablet
371769,SCDF,dextromethorphan / guaifenesin Extended Release Oral Tablet
371763,SCDF,dextromethorphan / guaifenesin Oral Capsule
727159,SCDF,dextromethorphan / guaifenesin Oral Granules
371766,SCDF,dextromethorphan / guaifenesin Oral Solution
371765,SCDF,dextromethorphan / guaifenesin Oral Suspension
371768,SCDF,dextromethorphan / guaifenesin Oral Tablet
2566822,SCDF,dextromethorphan / hexylresorcinol Oral Lozenge
1301245,SCDF,dextromethorphan / menthol Oral Lozenge
452782,SCDF,dextromethorphan / phenylephrine Chewable Tablet
373386,SCDF,dextromethorphan / phenylephrine Oral Solution
702447,SCDF,dextromethorphan / phenylephrine Oral Spray
375020,SCDF,dextromethorphan / phenylephrine Oral Suspension
393371,SCDF,dextromethorphan / promethazine Oral Solution
373684,SCDF,dextromethorphan / pseudoephedrine Chewable Tablet
373683,SCDF,dextromethorphan / pseudoephedrine Oral Capsule
373685,SCDF,dextromethorphan / pseudoephedrine Oral Solution
1423305,SCDF,dextromethorphan / pyrilamine Oral Solution
1923361,SCDF,dextromethorphan / pyrilamine Oral Tablet
1040052,SCDF,dextromethorphan / quinidine Oral Capsule
374251,SCDF,dextromethorphan / triprolidine Oral Solution
2678227,SCDF,acetaminophen / chlorpheniramine / dextromethorphan Chewable Tablet
2744310,SCDF,acetaminophen / chlorpheniramine / dextromethorphan Effervescent Oral Tablet
377029,SCDF,acetaminophen / chlorpheniramine / dextromethorphan Oral Solution
618255,SCDF,acetaminophen / chlorpheniramine / dextromethorphan Oral Suspension
379159,SCDF,acetaminophen / chlorpheniramine / dextromethorphan Oral Tablet
2636657,SCDF,acetaminophen / chlorpheniramine / dextromethorphan Powder for Oral Solution
604128,SCDF,acetaminophen / dextromethorphan / diphenhydramine Oral Solution
2715860,SCDF,acetaminophen / dextromethorphan / doxylamine Chewable Tablet
602750,SCDF,acetaminophen / dextromethorphan / doxylamine Oral Capsule
604808,SCDF,acetaminophen / dextromethorphan / doxylamine Oral Solution
2692300,SCDF,acetaminophen / dextromethorphan / doxylamine Oral Suspension
1489001,SCDF,acetaminophen / dextromethorphan / doxylamine Oral Tablet
1805287,SCDF,acetaminophen / dextromethorphan / doxylamine Powder for Oral Solution
2377384,SCDF,acetaminophen / dextromethorphan / guaifenesin Oral Capsule
375971,SCDF,acetaminophen / dextromethorphan / guaifenesin Oral Solution
806545,SCDF,acetaminophen / dextromethorphan / guaifenesin Oral Tablet
1536923,SCDF,acetaminophen / dextromethorphan / phenylephrine Effervescent Oral Tablet
577330,SCDF,acetaminophen / dextromethorphan / phenylephrine Oral Capsule
636782,SCDF,acetaminophen / dextromethorphan / phenylephrine Oral Solution
636376,SCDF,acetaminophen / dextromethorphan / phenylephrine Oral Tablet
1659966,SCDF,acetaminophen / dextromethorphan / phenylephrine Granules for Oral Solution
375672,SCDF,acetaminophen / dextromethorphan / pseudoephedrine Oral Capsule
374779,SCDF,acetaminophen / dextromethorphan / pseudoephedrine Oral Solution
374729,SCDF,acetaminophen / dextromethorphan / pseudoephedrine Oral Tablet
2167837,SCDF,acetaminophen / dextromethorphan / pseudoephedrine Powder for Oral Solution
2173665,SCDF,acetaminophen / dextromethorphan / triprolidine Oral Solution
2549033,SCDF,acetaminophen / dextromethorphan / triprolidine Oral Tablet
1536497,SCDF,aspirin / dextromethorphan / phenylephrine Effervescent Oral Tablet
824552,SCDF,benzocaine / dextromethorphan / glycerin Mucosal Spray
1045530,SCDF,benzocaine / dextromethorphan / menthol Oral Lozenge
405871,SCDF,brompheniramine / dextromethorphan / phenylephrine Oral Solution
804594,SCDF,brompheniramine / dextromethorphan / phenylephrine Oral Tablet
376370,SCDF,brompheniramine / dextromethorphan / phenylpropanolamine Oral Solution
375372,SCDF,brompheniramine / dextromethorphan / pseudoephedrine Oral Solution
794659,SCDF,brompheniramine / dextromethorphan / pseudoephedrine Oral Tablet
374809,SCDF,carbinoxamine / dextromethorphan / pseudoephedrine Oral Solution
1536861,SCDF,chlorpheniramine / dextromethorphan / phenylephrine Effervescent Oral Tablet
376095,SCDF,chlorpheniramine / dextromethorphan / phenylephrine Extended Release Oral Tablet
374717,SCDF,chlorpheniramine / dextromethorphan / phenylephrine Oral Solution
477094,SCDF,chlorpheniramine / dextromethorphan / phenylephrine Oral Tablet
374720,SCDF,chlorpheniramine / dextromethorphan / pseudoephedrine Oral Solution
804153,SCDF,chlorpheniramine / dextromethorphan / pseudoephedrine Oral Tablet
2670537,SCDF,choline / dextromethorphan / guaifenesin Oral Solution
757013,SCDF,dexbrompheniramine / dextromethorphan / phenylephrine Oral Solution
628822,SCDF,dexbrompheniramine / dextromethorphan / phenylephrine Oral Tablet
1190598,SCDF,dexbrompheniramine / dextromethorphan / pseudoephedrine Oral Solution
1990880,SCDF,dexchlorpheniramine / dextromethorphan / phenylephrine Oral Solution
757268,SCDF,dexchlorpheniramine / dextromethorphan / pseudoephedrine Oral Solution
2566813,SCDF,dextromethorphan / doxylamine / phenylephrine Oral Solution
1094348,SCDF,dextromethorphan / doxylamine / pseudoephedrine Oral Solution
2744502,SCDF,dextromethorphan / guaifenesin / naproxen Extended Release Oral Tablet
375428,SCDF,dextromethorphan / guaifenesin / phenylephrine Extended Release Oral Tablet
752340,SCDF,dextromethorphan / guaifenesin / phenylephrine Oral Capsule
375427,SCDF,dextromethorphan / guaifenesin / phenylephrine Oral Solution
637447,SCDF,dextromethorphan / guaifenesin / phenylephrine Oral Suspension
378721,SCDF,dextromethorphan / guaifenesin / phenylephrine Oral Tablet
374802,SCDF,dextromethorphan / guaifenesin / pseudoephedrine Extended Release Oral Tablet
374772,SCDF,dextromethorphan / guaifenesin / pseudoephedrine Oral Capsule
374746,SCDF,dextromethorphan / guaifenesin / pseudoephedrine Oral Solution
374747,SCDF,dextromethorphan / guaifenesin / pseudoephedrine Oral Tablet
617557,SCDF,dextromethorphan / pheniramine / phenylephrine Oral Solution
378231,SCDF,dextromethorphan / phenylephrine / pyrilamine Oral Solution
1427390,SCDF,dextromethorphan / phenylephrine / thonzylamine Oral Solution
1492050,SCDF,dextromethorphan / phenylephrine / triprolidine Oral Solution
2699311,SCDF,dextromethorphan / pseudoephedrine / triprolidine Oral Solution
1536476,SCDF,acetaminophen / chlorpheniramine / dextromethorphan / phenylephrine Effervescent Oral Tablet
901269,SCDF,acetaminophen / chlorpheniramine / dextromethorphan / phenylephrine Oral Capsule
728132,SCDF,acetaminophen / chlorpheniramine / dextromethorphan / phenylephrine Oral Solution
375994,SCDF,acetaminophen / chlorpheniramine / dextromethorphan / phenylephrine Oral Suspension
644179,SCDF,acetaminophen / chlorpheniramine / dextromethorphan / phenylephrine Oral Tablet
1536933,SCDF,acetaminophen / chlorpheniramine / dextromethorphan / phenylpropanolamine Effervescent Oral Tablet
374777,SCDF,acetaminophen / chlorpheniramine / dextromethorphan / pseudoephedrine Chewable Tablet
374776,SCDF,acetaminophen / chlorpheniramine / dextromethorphan / pseudoephedrine Oral Capsule
374770,SCDF,acetaminophen / chlorpheniramine / dextromethorphan / pseudoephedrine Oral Solution
374767,SCDF,acetaminophen / chlorpheniramine / dextromethorphan / pseudoephedrine Oral Tablet
1996097,SCDF,acetaminophen / dextromethorphan / diphenhydramine / phenylephrine Oral Solution
579620,SCDF,acetaminophen / dextromethorphan / diphenhydramine / pseudoephedrine Oral Tablet
1536998,SCDF,acetaminophen / dextromethorphan / doxylamine / phenylephrine Effervescent Oral Tablet
1297287,SCDF,acetaminophen / dextromethorphan / doxylamine / phenylephrine Oral Capsule
647202,SCDF,acetaminophen / dextromethorphan / doxylamine / phenylephrine Oral Solution
1546875,SCDF,acetaminophen / dextromethorphan / doxylamine / phenylephrine Oral Tablet
1804346,SCDF,acetaminophen / dextromethorphan / doxylamine / phenylephrine Powder for Oral Solution
374769,SCDF,acetaminophen / dextromethorphan / doxylamine / pseudoephedrine Oral Capsule
374768,SCDF,acetaminophen / dextromethorphan / doxylamine / pseudoephedrine Oral Solution
1145621,SCDF,acetaminophen / dextromethorphan / guaifenesin / phenylephrine Oral Capsule
647321,SCDF,acetaminophen / dextromethorphan / guaifenesin / phenylephrine Oral Solution
1593449,SCDF,acetaminophen / dextromethorphan / guaifenesin / phenylephrine Oral Suspension
376003,SCDF,acetaminophen / dextromethorphan / guaifenesin / phenylephrine Oral Tablet
1812460,SCDF,acetaminophen / dextromethorphan / guaifenesin / phenylephrine Powder for Oral Solution
374780,SCDF,acetaminophen / dextromethorphan / guaifenesin / pseudoephedrine Oral Capsule
376336,SCDF,acetaminophen / dextromethorphan / guaifenesin / pseudoephedrine Oral Tablet
2608081,SCDF,acetaminophen / dextromethorphan / phenylephrine / triprolidine Oral Capsule
2173660,SCDF,acetaminophen / dextromethorphan / phenylephrine / triprolidine Oral Solution
2549036,SCDF,acetaminophen / dextromethorphan / phenylephrine / triprolidine Oral Tablet
1537028,SCDF,aspirin / chlorpheniramine / dextromethorphan / phenylephrine Effervescent Oral Tablet
1536502,SCDF,aspirin / dextromethorphan / doxylamine / phenylephrine Effervescent Oral Tablet
1743367,SCDF,acetaminophen / chlorpheniramine / dextromethorphan / guaifenesin / phenylephrine Oral Solution
370485,SBDF,dextromethorphan Extended Release Suspension [Delsym]
807857,SBDF,dextromethorphan Oral Capsule [Robafen Cough]
367201,SBDF,dextromethorphan Oral Lozenge [Scot-Tussin DM Cough Chasers]
756560,SBDF,dextromethorphan Oral Solution [Babee Cof]
756558,SBDF,dextromethorphan Oral Solution [Creomulsion]
1114040,SBDF,dextromethorphan Oral Solution [DayQuil Cough]
756563,SBDF,dextromethorphan Oral Solution [Elixsure Cough]
1099284,SBDF,dextromethorphan Oral Solution [Mielim Y Mas]
1422932,SBDF,dextromethorphan Oral Solution [Scot-tussin Diabetic CF]
702444,SBDF,dextromethorphan Oral Spray [Zicam Cough]
1536154,SBDF,dextromethorphan Oral Suspension [Buckley's Cough Suppressant]
1039254,SBDF,benzocaine / dextromethorphan Oral Lozenge [Cepacol Sore Throat Plus Cough]
2611265,SBDF,bupropion / dextromethorphan Extended Release Oral Tablet [Auvelity]
1040057,SBDF,dextromethorphan / quinidine Oral Capsule [Nuedexta]
1872894,SBDF,benzocaine / dextromethorphan / menthol Oral Lozenge [Cepastat Sore Throat & Cough]
1045540,SBDF,benzocaine / dextromethorphan / menthol Oral Lozenge [Chloraseptic Sore Throat + Cough]
756496,SBDF,brompheniramine / dextromethorphan / pseudoephedrine Oral Solution [Bromfed DM]
2648579,SCDFP,dextromethorphan hydrobromide Chewable Tablet
2645721,SCDFP,dextromethorphan hydrobromide Disintegrating Oral Tablet
2645784,SCDFP,dextromethorphan hydrobromide Oral Capsule
2648760,SCDFP,dextromethorphan hydrobromide Oral Lozenge
2648076,SCDFP,dextromethorphan hydrobromide Oral Solution
2649460,SCDFP,dextromethorphan hydrobromide Oral Spray
2649276,SCDFP,dextromethorphan hydrobromide Oral Suspension
2646985,SCDFP,dextromethorphan hydrobromide Oral Tablet
2645342,SCDFP,dextromethorphan polistirex Extended Release Suspension
2648893,SCDFP,acetaminophen / dextromethorphan hydrobromide Chewable Tablet
2744314,SCDFP,acetaminophen / dextromethorphan hydrobromide Effervescent Oral Tablet
2647005,SCDFP,acetaminophen / dextromethorphan hydrobromide Oral Capsule
2647014,SCDFP,acetaminophen / dextromethorphan hydrobromide Oral Solution
2646358,SCDFP,acetaminophen / dextromethorphan hydrobromide Oral Suspension
2646345,SCDFP,acetaminophen / dextromethorphan hydrobromide Oral Tablet
2648707,SCDFP,acetaminophen / dextromethorphan hydrobromide Powder for Oral Solution
2679419,SCDFP,acetaminophen / dextromethorphan hydrobromide Granules for Oral Solution
2649249,SCDFP,benzocaine / dextromethorphan hydrobromide Oral Lozenge
2676757,SCDFP,brompheniramine maleate / dextromethorphan hydrobromide Oral Solution
2648536,SCDFP,bupropion hydrochloride / dextromethorphan hydrobromide Extended Release Oral Tablet
2646302,SCDFP,chlorpheniramine maleate / dextromethorphan hydrobromide Chewable Tablet
2645924,SCDFP,chlorpheniramine maleate / dextromethorphan hydrobromide Oral Solution
2743067,SCDFP,chlorpheniramine maleate / dextromethorphan hydrobromide Oral Suspension
2645663,SCDFP,chlorpheniramine maleate / dextromethorphan hydrobromide Oral Tablet
2741370,SCDFP,dexchlorpheniramine maleate / dextromethorphan hydrobromide Oral Solution
2646841,SCDFP,dextromethorphan hydrobromide / doxylamine succinate Chewable Tablet
2645976,SCDFP,dextromethorphan hydrobromide / doxylamine succinate Oral Solution
2646376,SCDFP,dextromethorphan hydrobromide / guaifenesin Effervescent Oral Tablet
2649069,SCDFP,dextromethorphan hydrobromide / guaifenesin Extended Release Oral Tablet
2646185,SCDFP,dextromethorphan hydrobromide / guaifenesin Oral Capsule
2647830,SCDFP,dextromethorphan hydrobromide / guaifenesin Oral Granules
2647597,SCDFP,dextromethorphan hydrobromide / guaifenesin Oral Solution
2645981,SCDFP,dextromethorphan hydrobromide / guaifenesin Oral Suspension
2645603,SCDFP,dextromethorphan hydrobromide / guaifenesin Oral Tablet
2645788,SCDFP,dextromethorphan hydrobromide / hexylresorcinol Oral Lozenge
2645621,SCDFP,dextromethorphan hydrobromide / menthol Oral Lozenge
2645673,SCDFP,dextromethorphan hydrobromide / phenylephrine hydrochloride Chewable Tablet
2647491,SCDFP,dextromethorphan hydrobromide / phenylephrine hydrochloride Oral Solution
2649144,SCDFP,dextromethorphan hydrobromide / phenylephrine hydrochloride Oral Spray
2649476,SCDFP,dextromethorphan hydrobromide / phenylephrine hydrochloride Oral Suspension
2646268,SCDFP,dextromethorphan hydrobromide / promethazine hydrochloride Oral Solution
2647710,SCDFP,dextromethorphan hydrobromide / pseudoephedrine hydrochloride Chewable Tablet
2648449,SCDFP,dextromethorphan hydrobromide / pseudoephedrine hydrochloride Oral Capsule
2647570,SCDFP,dextromethorphan hydrobromide / pseudoephedrine hydrochloride Oral Solution
2648848,SCDFP,dextromethorphan hydrobromide / pyrilamine maleate Oral Solution
2646723,SCDFP,dextromethorphan hydrobromide / pyrilamine maleate Oral Tablet
2647985,SCDFP,dextromethorphan hydrobromide / quinidine sulfate Oral Capsule
2648111,SCDFP,dextromethorphan hydrobromide / triprolidine hydrochloride Oral Solution
2678229,SCDFP,acetaminophen / chlorpheniramine maleate / dextromethorphan hydrobromide Chewable Tablet
2744311,SCDFP,acetaminophen / chlorpheniramine maleate / dextromethorphan hydrobromide Effervescent Oral Tablet
2648167,SCDFP,acetaminophen / chlorpheniramine maleate / dextromethorphan hydrobromide Oral Solution
2647881,SCDFP,acetaminophen / chlorpheniramine maleate / dextromethorphan hydrobromide Oral Suspension
2645354,SCDFP,acetaminophen / chlorpheniramine maleate / dextromethorphan hydrobromide Oral Tablet
2647837,SCDFP,acetaminophen / chlorpheniramine maleate / dextromethorphan hydrobromide Powder for Oral Solution
2646917,SCDFP,acetaminophen / dextromethorphan hydrobromide / diphenhydramine hydrochloride Oral Solution
2715862,SCDFP,acetaminophen / dextromethorphan hydrobromide / doxylamine succinate Chewable Tablet
2646221,SCDFP,acetaminophen / dextromethorphan hydrobromide / doxylamine succinate Oral Capsule
2648037,SCDFP,acetaminophen / dextromethorphan hydrobromide / doxylamine succinate Oral Solution
2692301,SCDFP,acetaminophen / dextromethorphan hydrobromide / doxylamine succinate Oral Suspension
2648385,SCDFP,acetaminophen / dextromethorphan hydrobromide / doxylamine succinate Oral Tablet
2647243,SCDFP,acetaminophen / dextromethorphan hydrobromide / doxylamine succinate Powder for Oral Solution
2648508,SCDFP,acetaminophen / dextromethorphan hydrobromide / guaifenesin Oral Capsule
2646565,SCDFP,acetaminophen / dextromethorphan hydrobromide / guaifenesin Oral Solution
2648479,SCDFP,acetaminophen / dextromethorphan hydrobromide / guaifenesin Oral Tablet
2646455,SCDFP,acetaminophen / dextromethorphan hydrobromide / phenylephrine hydrochloride Effervescent Oral Tablet
2646962,SCDFP,acetaminophen / dextromethorphan hydrobromide / phenylephrine hydrochloride Oral Capsule
2646461,SCDFP,acetaminophen / dextromethorphan hydrobromide / phenylephrine hydrochloride Oral Solution
2649119,SCDFP,acetaminophen / dextromethorphan hydrobromide / phenylephrine hydrochloride Oral Tablet
2646840,SCDFP,acetaminophen / dextromethorphan hydrobromide / phenylephrine hydrochloride Granules for Oral Solution
2648268,SCDFP,acetaminophen / dextromethorphan hydrobromide / pseudoephedrine hydrochloride Oral Capsule
2648221,SCDFP,acetaminophen / dextromethorphan hydrobromide / pseudoephedrine hydrochloride Oral Solution
2649055,SCDFP,acetaminophen / dextromethorphan hydrobromide / pseudoephedrine hydrochloride Oral Tablet
2645677,SCDFP,acetaminophen / dextromethorphan hydrobromide / pseudoephedrine hydrochloride Powder for Oral Solution
2649078,SCDFP,acetaminophen / dextromethorphan hydrobromide / triprolidine hydrochloride Oral Solution
2645606,SCDFP,acetaminophen / dextromethorphan hydrobromide / triprolidine hydrochloride Oral Tablet
2649008,SCDFP,aspirin / dextromethorphan hydrobromide / phenylephrine bitartrate Effervescent Oral Tablet
2649314,SCDFP,benzocaine / dextromethorphan hydrobromide / glycerin Mucosal Spray
2648284,SCDFP,benzocaine / dextromethorphan hydrobromide / menthol Oral Lozenge
2646243,SCDFP,brompheniramine maleate / dextromethorphan hydrobromide / phenylephrine hydrochloride Oral Solution
2649200,SCDFP,brompheniramine maleate / dextromethorphan hydrobromide / phenylephrine hydrochloride Oral Tablet
2648149,SCDFP,brompheniramine maleate / dextromethorphan hydrobromide / phenylpropanolamine hydrochloride Oral Solution
2649080,SCDFP,brompheniramine maleate / dextromethorphan hydrobromide / pseudoephedrine hydrochloride Oral Solution
2646245,SCDFP,brompheniramine maleate / dextromethorphan hydrobromide / pseudoephedrine hydrochloride Oral Tablet
2649230,SCDFP,carbinoxamine maleate / dextromethorphan hydrobromide / pseudoephedrine hydrochloride Oral Solution
2649422,SCDFP,chlorpheniramine maleate / dextromethorphan hydrobromide / phenylephrine hydrochloride Effervescent Oral Tablet
2645504,SCDFP,chlorpheniramine maleate / dextromethorphan hydrobromide / phenylephrine hydrochloride Extended Release Oral Tablet
2648071,SCDFP,chlorpheniramine maleate / dextromethorphan hydrobromide / phenylephrine hydrochloride Oral Solution
2645877,SCDFP,chlorpheniramine maleate / dextromethorphan hydrobromide / phenylephrine hydrochloride Oral Tablet
2645391,SCDFP,chlorpheniramine maleate / dextromethorphan hydrobromide / pseudoephedrine hydrochloride Oral Solution
2647118,SCDFP,chlorpheniramine maleate / dextromethorphan hydrobromide / pseudoephedrine hydrochloride Oral Tablet
2670540,SCDFP,choline salicylate / dextromethorphan hydrobromide / guaifenesin Oral Solution
2645371,SCDFP,dexbrompheniramine maleate / dextromethorphan hydrobromide / phenylephrine hydrochloride Oral Solution
2646818,SCDFP,dexbrompheniramine maleate / dextromethorphan hydrobromide / phenylephrine hydrochloride Oral Tablet
2645746,SCDFP,dexbrompheniramine maleate / dextromethorphan hydrobromide / pseudoephedrine hydrochloride Oral Solution
2645650,SCDFP,dexchlorpheniramine maleate / dextromethorphan hydrobromide / phenylephrine hydrochloride Oral Solution
2649399,SCDFP,dexchlorpheniramine maleate / dextromethorphan hydrobromide / pseudoephedrine hydrochloride Oral Solution
2646086,SCDFP,dextromethorphan hydrobromide / doxylamine succinate / phenylephrine hydrochloride Oral Solution
2645597,SCDFP,dextromethorphan hydrobromide / doxylamine succinate / pseudoephedrine hydrochloride Oral Solution
2744505,SCDFP,dextromethorphan hydrobromide / guaifenesin / naproxen sodium Extended Release Oral Tablet
2648033,SCDFP,dextromethorphan hydrobromide / guaifenesin / phenylephrine hydrochloride Extended Release Oral Tablet
2648773,SCDFP,dextromethorphan hydrobromide / guaifenesin / phenylephrine hydrochloride Oral Capsule
2645876,SCDFP,dextromethorphan hydrobromide / guaifenesin / phenylephrine hydrochloride Oral Solution
2647732,SCDFP,dextromethorphan hydrobromide / guaifenesin / phenylephrine hydrochloride Oral Suspension
2645386,SCDFP,dextromethorphan hydrobromide / guaifenesin / phenylephrine hydrochloride Oral Tablet
2645335,SCDFP,dextromethorphan hydrobromide / guaifenesin / pseudoephedrine hydrochloride Extended Release Oral Tablet
2647665,SCDFP,dextromethorphan hydrobromide / guaifenesin / pseudoephedrine hydrochloride Oral Capsule
2646436,SCDFP,dextromethorphan hydrobromide / guaifenesin / pseudoephedrine hydrochloride Oral Solution
2645434,SCDFP,dextromethorphan hydrobromide / guaifenesin / pseudoephedrine hydrochloride Oral Tablet
2647018,SCDFP,dextromethorphan hydrobromide / pheniramine maleate / phenylephrine hydrochloride Oral Solution
2647102,SCDFP,dextromethorphan hydrobromide / phenylephrine hydrochloride / pyrilamine maleate Oral Solution
2648823,SCDFP,dextromethorphan hydrobromide / phenylephrine hydrochloride / thonzylamine hydrochloride Oral Solution
2648202,SCDFP,dextromethorphan hydrobromide / phenylephrine hydrochloride / triprolidine hydrochloride Oral Solution
2699312,SCDFP,dextromethorphan hydrobromide / pseudoephedrine hydrochloride / triprolidine hydrochloride Oral Solution
2646315,SCDFP,acetaminophen / chlorpheniramine maleate / dextromethorphan hydrobromide / phenylephrine hydrochloride Effervescent Oral Tablet
2647019,SCDFP,acetaminophen / chlorpheniramine maleate / dextromethorphan hydrobromide / phenylephrine hydrochloride Oral Capsule
2649272,SCDFP,acetaminophen / chlorpheniramine maleate / dextromethorphan hydrobromide / phenylephrine hydrochloride Oral Solution
2647558,SCDFP,acetaminophen / chlorpheniramine maleate / dextromethorphan hydrobromide / phenylephrine hydrochloride Oral Suspension
2646156,SCDFP,acetaminophen / chlorpheniramine maleate / dextromethorphan hydrobromide / phenylephrine hydrochloride Oral Tablet
2649472,SCDFP,acetaminophen / chlorpheniramine maleate / dextromethorphan hydrobromide / phenylpropanolamine bitartrate Effervescent Oral Tablet
2646109,SCDFP,acetaminophen / chlorpheniramine maleate / dextromethorphan hydrobromide / pseudoephedrine hydrochloride Chewable Tablet
2648553,SCDFP,acetaminophen / chlorpheniramine maleate / dextromethorphan hydrobromide / pseudoephedrine hydrochloride Oral Capsule
2647468,SCDFP,acetaminophen / chlorpheniramine maleate / dextromethorphan hydrobromide / pseudoephedrine hydrochloride Oral Solution
2648660,SCDFP,acetaminophen / chlorpheniramine maleate / dextromethorphan hydrobromide / pseudoephedrine hydrochloride Oral Tablet
2645628,SCDFP,acetaminophen / dextromethorphan hydrobromide / diphenhydramine hydrochloride / phenylephrine hydrochloride Oral Solution
2648495,SCDFP,acetaminophen / dextromethorphan hydrobromide / diphenhydramine hydrochloride / pseudoephedrine hydrochloride Oral Tablet
2648218,SCDFP,acetaminophen / dextromethorphan hydrobromide / doxylamine succinate / phenylephrine hydrochloride Effervescent Oral Tablet
2646252,SCDFP,acetaminophen / dextromethorphan hydrobromide / doxylamine succinate / phenylephrine hydrochloride Oral Capsule
2649073,SCDFP,acetaminophen / dextromethorphan hydrobromide / doxylamine succinate / phenylephrine hydrochloride Oral Solution
2648526,SCDFP,acetaminophen / dextromethorphan hydrobromide / doxylamine succinate / phenylephrine hydrochloride Oral Tablet
2646124,SCDFP,acetaminophen / dextromethorphan hydrobromide / doxylamine succinate / phenylephrine hydrochloride Powder for Oral Solution
2646056,SCDFP,acetaminophen / dextromethorphan hydrobromide / doxylamine succinate / pseudoephedrine hydrochloride Oral Capsule
2645451,SCDFP,acetaminophen / dextromethorphan hydrobromide / doxylamine succinate / pseudoephedrine hydrochloride Oral Solution
2648118,SCDFP,acetaminophen / dextromethorphan hydrobromide / guaifenesin / phenylephrine hydrochloride Oral Capsule
2648619,SCDFP,acetaminophen / dextromethorphan hydrobromide / guaifenesin / phenylephrine hydrochloride Oral Solution
2646241,SCDFP,acetaminophen / dextromethorphan hydrobromide / guaifenesin / phenylephrine hydrochloride Oral Suspension
2648597,SCDFP,acetaminophen / dextromethorphan hydrobromide / guaifenesin / phenylephrine hydrochloride Oral Tablet
2645658,SCDFP,acetaminophen / dextromethorphan hydrobromide / guaifenesin / phenylephrine hydrochloride Powder for Oral Solution
2647777,SCDFP,acetaminophen / dextromethorphan hydrobromide / guaifenesin / pseudoephedrine hydrochloride Oral Capsule
2648561,SCDFP,acetaminophen / dextromethorphan hydrobromide / guaifenesin / pseudoephedrine hydrochloride Oral Tablet
2645533,SCDFP,acetaminophen / dextromethorphan hydrobromide / phenylephrine hydrochloride / triprolidine hydrochloride Oral Capsule
2648222,SCDFP,acetaminophen / dextromethorphan hydrobromide / phenylephrine hydrochloride / triprolidine hydrochloride Oral Solution
2648212,SCDFP,acetaminophen / dextromethorphan hydrobromide / phenylephrine hydrochloride / triprolidine hydrochloride Oral Tablet
2646022,SCDFP,aspirin / chlorpheniramine maleate / dextromethorphan hydrobromide / phenylephrine bitartrate Effervescent Oral Tablet
2648302,SCDFP,aspirin / dextromethorphan hydrobromide / doxylamine succinate / phenylephrine bitartrate Effervescent Oral Tablet
2646905,SCDFP,acetaminophen / chlorpheniramine maleate / dextromethorphan hydrobromide / guaifenesin / phenylephrine hydrochloride Oral Solution
2655824,SBDFP,dextromethorphan hydrobromide Oral Capsule [Robafen Cough]
2657974,SBDFP,dextromethorphan hydrobromide Oral Lozenge [Scot-Tussin DM Cough Chasers]
2656555,SBDFP,dextromethorphan hydrobromide Oral Solution [Babee Cof]
2657447,SBDFP,dextromethorphan hydrobromide Oral Solution [Creomulsion]
2658702,SBDFP,dextromethorphan hydrobromide Oral Solution [DayQuil Cough]
2655364,SBDFP,dextromethorphan hydrobromide Oral Solution [Elixsure Cough]
2656375,SBDFP,dextromethorphan hydrobromide Oral Solution [Mielim Y Mas]
2658371,SBDFP,dextromethorphan hydrobromide Oral Solution [Scot-tussin Diabetic CF]
2654431,SBDFP,dextromethorphan hydrobromide Oral Spray [Zicam Cough]
2655962,SBDFP,dextromethorphan hydrobromide Oral Suspension [Buckley's Cough Suppressant]
2656423,SBDFP,dextromethorphan polistirex Extended Release Suspension [Delsym]
2656560,SBDFP,benzocaine / dextromethorphan hydrobromide Oral Lozenge [Cepacol Sore Throat Plus Cough]
2655370,SBDFP,bupropion hydrochloride / dextromethorphan hydrobromide Extended Release Oral Tablet [Auvelity]
2657981,SBDFP,dextromethorphan hydrobromide / quinidine sulfate Oral Capsule [Nuedexta]
2655697,SBDFP,benzocaine / dextromethorphan hydrobromide / menthol Oral Lozenge [Cepastat Sore Throat & Cough]
2658582,SBDFP,benzocaine / dextromethorphan hydrobromide / menthol Oral Lozenge [Chloraseptic Sore Throat + Cough]
2658483,SBDFP,brompheniramine maleate / dextromethorphan hydrobromide / pseudoephedrine hydrochloride Oral Solution [Bromfed DM]
1295347,SCDG,dextromethorphan Chewable Product
1295034,SCDG,dextromethorphan Disintegrating Oral Product
1295596,SCDG,dextromethorphan Lozenge Product
1155546,SCDG,dextromethorphan Oral Liquid Product
1155547,SCDG,dextromethorphan Oral Product
1294835,SCDG,dextromethorphan Oral Spray Product
1155548,SCDG,dextromethorphan Pill
1295278,SCDG,acetaminophen / dextromethorphan Chewable Product
2679416,SCDG,acetaminophen / dextromethorphan Granule Product
1151183,SCDG,acetaminophen / dextromethorphan Oral Liquid Product
2603746,SCDG,acetaminophen / dextromethorphan Oral Powder Product
1151184,SCDG,acetaminophen / dextromethorphan Oral Product
1151185,SCDG,acetaminophen / dextromethorphan Pill
1295024,SCDG,benzocaine / dextromethorphan Lozenge Product
1152040,SCDG,benzocaine / dextromethorphan Oral Product
1155724,SCDG,brompheniramine / dextromethorphan Oral Liquid Product
1155725,SCDG,brompheniramine / dextromethorphan Oral Product
2611257,SCDG,bupropion / dextromethorphan Oral Product
2611258,SCDG,bupropion / dextromethorphan Pill
1295027,SCDG,chlorpheniramine / dextromethorphan Chewable Product
1154179,SCDG,chlorpheniramine / dextromethorphan Oral Liquid Product
1154180,SCDG,chlorpheniramine / dextromethorphan Oral Product
1154181,SCDG,chlorpheniramine / dextromethorphan Pill
2741366,SCDG,dexchlorpheniramine / dextromethorphan Oral Liquid Product
2741365,SCDG,dexchlorpheniramine / dextromethorphan Oral Product
2591968,SCDG,dextromethorphan / doxylamine Chewable Product
1154847,SCDG,dextromethorphan / doxylamine Oral Liquid Product
1154848,SCDG,dextromethorphan / doxylamine Oral Product
2591967,SCDG,dextromethorphan / doxylamine Pill
1295005,SCDG,dextromethorphan / guaifenesin Granule Product
1155190,SCDG,dextromethorphan / guaifenesin Oral Liquid Product
1155191,SCDG,dextromethorphan / guaifenesin Oral Product
1155193,SCDG,dextromethorphan / guaifenesin Pill
2566821,SCDG,dextromethorphan / hexylresorcinol Lozenge Product
2566820,SCDG,dextromethorphan / hexylresorcinol Oral Product
1301243,SCDG,dextromethorphan / menthol Lozenge Product
1301244,SCDG,dextromethorphan / menthol Oral Product
1295731,SCDG,dextromethorphan / phenylephrine Chewable Product
1155201,SCDG,dextromethorphan / phenylephrine Oral Liquid Product
1155202,SCDG,dextromethorphan / phenylephrine Oral Product
1295354,SCDG,dextromethorphan / phenylephrine Oral Spray Product
1155203,SCDG,dextromethorphan / phenylephrine Pill
1155208,SCDG,dextromethorphan / promethazine Oral Liquid Product
1155209,SCDG,dextromethorphan / promethazine Oral Product
1295211,SCDG,dextromethorphan / pseudoephedrine Chewable Product
1155214,SCDG,dextromethorphan / pseudoephedrine Oral Liquid Product
1155215,SCDG,dextromethorphan / pseudoephedrine Oral Product
1155216,SCDG,dextromethorphan / pseudoephedrine Pill
1423303,SCDG,dextromethorphan / pyrilamine Oral Liquid Product
1423304,SCDG,dextromethorphan / pyrilamine Oral Product
1923360,SCDG,dextromethorphan / pyrilamine Pill
1155217,SCDG,dextromethorphan / quinidine Oral Product
1155218,SCDG,dextromethorphan / quinidine Pill
1155224,SCDG,dextromethorphan / triprolidine Oral Liquid Product
1155225,SCDG,dextromethorphan / triprolidine Oral Product
2678226,SCDG,acetaminophen / chlorpheniramine / dextromethorphan Chewable Product
1155232,SCDG,acetaminophen / chlorpheniramine / dextromethorphan Oral Liquid Product
2603743,SCDG,acetaminophen / chlorpheniramine / dextromethorphan Oral Powder Product
1155233,SCDG,acetaminophen / chlorpheniramine / dextromethorphan Oral Product
1155234,SCDG,acetaminophen / chlorpheniramine / dextromethorphan Pill
1155605,SCDG,acetaminophen / dextromethorphan / diphenhydramine Oral Liquid Product
1155606,SCDG,acetaminophen / dextromethorphan / diphenhydramine Oral Product
2715859,SCDG,acetaminophen / dextromethorphan / doxylamine Chewable Product
1155901,SCDG,acetaminophen / dextromethorphan / doxylamine Oral Liquid Product
1805286,SCDG,acetaminophen / dextromethorphan / doxylamine Oral Powder Product
1155902,SCDG,acetaminophen / dextromethorphan / doxylamine Oral Product
1155903,SCDG,acetaminophen / dextromethorphan / doxylamine Pill
1155912,SCDG,acetaminophen / dextromethorphan / guaifenesin Oral Liquid Product
1155913,SCDG,acetaminophen / dextromethorphan / guaifenesin Oral Product
1155914,SCDG,acetaminophen / dextromethorphan / guaifenesin Pill
1659965,SCDG,acetaminophen / dextromethorphan / phenylephrine Granule Product
1155917,SCDG,acetaminophen / dextromethorphan / phenylephrine Oral Liquid Product
1155918,SCDG,acetaminophen / dextromethorphan / phenylephrine Oral Product
1155919,SCDG,acetaminophen / dextromethorphan / phenylephrine Pill
1155925,SCDG,acetaminophen / dextromethorphan / pseudoephedrine Oral Liquid Product
2167836,SCDG,acetaminophen / dextromethorphan / pseudoephedrine Oral Powder Product
1151181,SCDG,acetaminophen / dextromethorphan / pseudoephedrine Oral Product
1151182,SCDG,acetaminophen / dextromethorphan / pseudoephedrine Pill
2173663,SCDG,acetaminophen / dextromethorphan / triprolidine Oral Liquid Product
2173664,SCDG,acetaminophen / dextromethorphan / triprolidine Oral Product
2549032,SCDG,acetaminophen / dextromethorphan / triprolidine Pill
1153725,SCDG,aspirin / dextromethorphan / phenylephrine Oral Product
1152038,SCDG,benzocaine / dextromethorphan / glycerin Mucosal Product
1295637,SCDG,benzocaine / dextromethorphan / menthol Lozenge Product
1152039,SCDG,benzocaine / dextromethorphan / menthol Oral Product
1155715,SCDG,brompheniramine / dextromethorphan / phenylephrine Oral Liquid Product
1155716,SCDG,brompheniramine / dextromethorphan / phenylephrine Oral Product
1155717,SCDG,brompheniramine / dextromethorphan / phenylephrine Pill
1155718,SCDG,brompheniramine / dextromethorphan / phenylpropanolamine Oral Liquid Product
1155719,SCDG,brompheniramine / dextromethorphan / phenylpropanolamine Oral Product
1155721,SCDG,brompheniramine / dextromethorphan / pseudoephedrine Oral Liquid Product
1155722,SCDG,brompheniramine / dextromethorphan / pseudoephedrine Oral Product
1155723,SCDG,brompheniramine / dextromethorphan / pseudoephedrine Pill
1160053,SCDG,carbinoxamine / dextromethorphan / pseudoephedrine Oral Liquid Product
1160054,SCDG,carbinoxamine / dextromethorphan / pseudoephedrine Oral Product
1154166,SCDG,chlorpheniramine / dextromethorphan / phenylephrine Oral Liquid Product
1154167,SCDG,chlorpheniramine / dextromethorphan / phenylephrine Oral Product
1154168,SCDG,chlorpheniramine / dextromethorphan / phenylephrine Pill
1154172,SCDG,chlorpheniramine / dextromethorphan / pseudoephedrine Oral Liquid Product
1154173,SCDG,chlorpheniramine / dextromethorphan / pseudoephedrine Oral Product
1154174,SCDG,chlorpheniramine / dextromethorphan / pseudoephedrine Pill
2670536,SCDG,choline / dextromethorphan / guaifenesin Oral Liquid Product
2670535,SCDG,choline / dextromethorphan / guaifenesin Oral Product
1157211,SCDG,dexbrompheniramine / dextromethorphan / phenylephrine Oral Liquid Product
1157212,SCDG,dexbrompheniramine / dextromethorphan / phenylephrine Oral Product
1157213,SCDG,dexbrompheniramine / dextromethorphan / phenylephrine Pill
1190596,SCDG,dexbrompheniramine / dextromethorphan / pseudoephedrine Oral Liquid Product
1190597,SCDG,dexbrompheniramine / dextromethorphan / pseudoephedrine Oral Product
1157774,SCDG,dexchlorpheniramine / dextromethorphan / phenylephrine Oral Liquid Product
1157775,SCDG,dexchlorpheniramine / dextromethorphan / phenylephrine Oral Product
1157776,SCDG,dexchlorpheniramine / dextromethorphan / pseudoephedrine Oral Liquid Product
1157777,SCDG,dexchlorpheniramine / dextromethorphan / pseudoephedrine Oral Product
2566812,SCDG,dextromethorphan / doxylamine / phenylephrine Oral Liquid Product
1154844,SCDG,dextromethorphan / doxylamine / phenylephrine Oral Product
1154845,SCDG,dextromethorphan / doxylamine / pseudoephedrine Oral Liquid Product
1154846,SCDG,dextromethorphan / doxylamine / pseudoephedrine Oral Product
2744500,SCDG,dextromethorphan / guaifenesin / naproxen Oral Product
2744501,SCDG,dextromethorphan / guaifenesin / naproxen Pill
1154857,SCDG,dextromethorphan / guaifenesin / phenylephrine Oral Liquid Product
1154858,SCDG,dextromethorphan / guaifenesin / phenylephrine Oral Product
1154859,SCDG,dextromethorphan / guaifenesin / phenylephrine Pill
1154865,SCDG,dextromethorphan / guaifenesin / pseudoephedrine Oral Liquid Product
1154866,SCDG,dextromethorphan / guaifenesin / pseudoephedrine Oral Product
1154867,SCDG,dextromethorphan / guaifenesin / pseudoephedrine Pill
1155194,SCDG,dextromethorphan / pheniramine / phenylephrine Oral Liquid Product
1155195,SCDG,dextromethorphan / pheniramine / phenylephrine Oral Product
1155196,SCDG,dextromethorphan / phenylephrine / pyrilamine Oral Liquid Product
1155197,SCDG,dextromethorphan / phenylephrine / pyrilamine Oral Product
1427388,SCDG,dextromethorphan / phenylephrine / thonzylamine Oral Liquid Product
1427389,SCDG,dextromethorphan / phenylephrine / thonzylamine Oral Product
1492048,SCDG,dextromethorphan / phenylephrine / triprolidine Oral Liquid Product
1492049,SCDG,dextromethorphan / phenylephrine / triprolidine Oral Product
1155212,SCDG,dextromethorphan / pseudoephedrine / triprolidine Oral Liquid Product
1155213,SCDG,dextromethorphan / pseudoephedrine / triprolidine Oral Product
1154902,SCDG,acetaminophen / chlorpheniramine / dextromethorphan / phenylephrine Oral Liquid Product
1154903,SCDG,acetaminophen / chlorpheniramine / dextromethorphan / phenylephrine Oral Product
1154904,SCDG,acetaminophen / chlorpheniramine / dextromethorphan / phenylephrine Pill
1154907,SCDG,acetaminophen / chlorpheniramine / dextromethorphan / phenylpropanolamine Oral Product
1294735,SCDG,acetaminophen / chlorpheniramine / dextromethorphan / pseudoephedrine Chewable Product
1154909,SCDG,acetaminophen / chlorpheniramine / dextromethorphan / pseudoephedrine Oral Liquid Product
1155230,SCDG,acetaminophen / chlorpheniramine / dextromethorphan / pseudoephedrine Oral Product
1155231,SCDG,acetaminophen / chlorpheniramine / dextromethorphan / pseudoephedrine Pill
1996096,SCDG,acetaminophen / dextromethorphan / diphenhydramine / phenylephrine Oral Liquid Product
1155601,SCDG,acetaminophen / dextromethorphan / diphenhydramine / phenylephrine Oral Product
1155603,SCDG,acetaminophen / dextromethorphan / diphenhydramine / pseudoephedrine Oral Product
1155604,SCDG,acetaminophen / dextromethorphan / diphenhydramine / pseudoephedrine Pill
1155607,SCDG,acetaminophen / dextromethorphan / doxylamine / phenylephrine Oral Liquid Product
1804345,SCDG,acetaminophen / dextromethorphan / doxylamine / phenylephrine Oral Powder Product
1155896,SCDG,acetaminophen / dextromethorphan / doxylamine / phenylephrine Oral Product
1297772,SCDG,acetaminophen / dextromethorphan / doxylamine / phenylephrine Pill
1155898,SCDG,acetaminophen / dextromethorphan / doxylamine / pseudoephedrine Oral Liquid Product
1155899,SCDG,acetaminophen / dextromethorphan / doxylamine / pseudoephedrine Oral Product
1155900,SCDG,acetaminophen / dextromethorphan / doxylamine / pseudoephedrine Pill
1155904,SCDG,acetaminophen / dextromethorphan / guaifenesin / phenylephrine Oral Liquid Product
1812459,SCDG,acetaminophen / dextromethorphan / guaifenesin / phenylephrine Oral Powder Product
1155905,SCDG,acetaminophen / dextromethorphan / guaifenesin / phenylephrine Oral Product
1155906,SCDG,acetaminophen / dextromethorphan / guaifenesin / phenylephrine Pill
1155910,SCDG,acetaminophen / dextromethorphan / guaifenesin / pseudoephedrine Oral Product
1155911,SCDG,acetaminophen / dextromethorphan / guaifenesin / pseudoephedrine Pill
2173658,SCDG,acetaminophen / dextromethorphan / phenylephrine / triprolidine Oral Liquid Product
2173659,SCDG,acetaminophen / dextromethorphan / phenylephrine / triprolidine Oral Product
2549035,SCDG,acetaminophen / dextromethorphan / phenylephrine / triprolidine Pill
1153535,SCDG,aspirin / chlorpheniramine / dextromethorphan / phenylephrine Oral Product
1153723,SCDG,aspirin / dextromethorphan / doxylamine / phenylephrine Oral Product
1743365,SCDG,acetaminophen / chlorpheniramine / dextromethorphan / guaifenesin / phenylephrine Oral Liquid Product
1743366,SCDG,acetaminophen / chlorpheniramine / dextromethorphan / guaifenesin / phenylephrine Oral Product
2611263,SBDG,Auvelity Oral Product
2611264,SBDG,Auvelity Pill
1167265,SBDG,Babee Cof Oral Liquid Product
1167266,SBDG,Babee Cof Oral Product
1166177,SBDG,Bromfed DM Oral Liquid Product
1166178,SBDG,Bromfed DM Oral Product
1536155,SBDG,Buckley's Cough Suppressant Oral Liquid Product
1536156,SBDG,Buckley's Cough Suppressant Oral Product
1296325,SBDG,Cepacol Sore Throat Plus Cough Lozenge Product
1166812,SBDG,Cepacol Sore Throat Plus Cough Oral Product
1872895,SBDG,Cepastat Sore Throat & Cough Lozenge Product
1872896,SBDG,Cepastat Sore Throat & Cough Oral Product
1296029,SBDG,Chloraseptic Sore Throat + Cough Lozenge Product
1169473,SBDG,Chloraseptic Sore Throat + Cough Oral Product
1172389,SBDG,Creomulsion Oral Liquid Product
1172390,SBDG,Creomulsion Oral Product
1168822,SBDG,DayQuil Cough Oral Liquid Product
1168823,SBDG,DayQuil Cough Oral Product
1297101,SBDG,Delsym Oral Liquid Product
1171707,SBDG,Delsym Oral Product
1173894,SBDG,Elixsure Cough Oral Liquid Product
1173895,SBDG,Elixsure Cough Oral Product
1178686,SBDG,Mielim Y Mas Oral Liquid Product
1178687,SBDG,Mielim Y Mas Oral Product
1178798,SBDG,Nuedexta Oral Product
1178799,SBDG,Nuedexta Pill
1185359,SBDG,Robafen Cough Oral Product
1185360,SBDG,Robafen Cough Pill
1422933,SBDG,Scot-tussin Diabetic CF Oral Liquid Product
1422934,SBDG,Scot-tussin Diabetic CF Oral Product
1296171,SBDG,Scot-Tussin DM Cough Chasers Lozenge Product
1177220,SBDG,Scot-Tussin DM Cough Chasers Oral Product
1187459,SBDG,Zicam Cough Oral Liquid Product
1187460,SBDG,Zicam Cough Oral Product
1295901,SBDG,Zicam Cough Oral Spray Product
2660901,SCDGP,dextromethorphan hydrobromide Chewable Product
2662670,SCDGP,dextromethorphan hydrobromide Disintegrating Oral Product
2661970,SCDGP,dextromethorphan hydrobromide Lozenge Product
2661829,SCDGP,dextromethorphan hydrobromide Oral Liquid Product
2660147,SCDGP,dextromethorphan hydrobromide Oral Product
2661784,SCDGP,dextromethorphan hydrobromide Oral Spray Product
2663115,SCDGP,dextromethorphan hydrobromide Pill
2660444,SCDGP,dextromethorphan polistirex Oral Liquid Product
2661540,SCDGP,dextromethorphan polistirex Oral Product
2660550,SCDGP,acetaminophen / dextromethorphan hydrobromide Chewable Product
2679418,SCDGP,acetaminophen / dextromethorphan hydrobromide Granule Product
2661513,SCDGP,acetaminophen / dextromethorphan hydrobromide Oral Liquid Product
2663082,SCDGP,acetaminophen / dextromethorphan hydrobromide Oral Powder Product
2662804,SCDGP,acetaminophen / dextromethorphan hydrobromide Oral Product
2662808,SCDGP,acetaminophen / dextromethorphan hydrobromide Pill
2661846,SCDGP,benzocaine / dextromethorphan hydrobromide Lozenge Product
2663674,SCDGP,benzocaine / dextromethorphan hydrobromide Oral Product
2676756,SCDGP,brompheniramine maleate / dextromethorphan hydrobromide Oral Liquid Product
2676755,SCDGP,brompheniramine maleate / dextromethorphan hydrobromide Oral Product
2663418,SCDGP,bupropion hydrochloride / dextromethorphan hydrobromide Oral Product
2662512,SCDGP,bupropion hydrochloride / dextromethorphan hydrobromide Pill
2661979,SCDGP,chlorpheniramine maleate / dextromethorphan hydrobromide Chewable Product
2659718,SCDGP,chlorpheniramine maleate / dextromethorphan hydrobromide Oral Liquid Product
2659774,SCDGP,chlorpheniramine maleate / dextromethorphan hydrobromide Oral Product
2659477,SCDGP,chlorpheniramine maleate / dextromethorphan hydrobromide Pill
2741369,SCDGP,dexchlorpheniramine maleate / dextromethorphan hydrobromide Oral Liquid Product
2741368,SCDGP,dexchlorpheniramine maleate / dextromethorphan hydrobromide Oral Product
2663031,SCDGP,dextromethorphan hydrobromide / doxylamine succinate Chewable Product
2663530,SCDGP,dextromethorphan hydrobromide / doxylamine succinate Oral Liquid Product
2663586,SCDGP,dextromethorphan hydrobromide / doxylamine succinate Oral Product
2660482,SCDGP,dextromethorphan hydrobromide / doxylamine succinate Pill
2662488,SCDGP,dextromethorphan hydrobromide / guaifenesin Granule Product
2660140,SCDGP,dextromethorphan hydrobromide / guaifenesin Oral Liquid Product
2663099,SCDGP,dextromethorphan hydrobromide / guaifenesin Oral Product
2660409,SCDGP,dextromethorphan hydrobromide / guaifenesin Pill
2659224,SCDGP,dextromethorphan hydrobromide / hexylresorcinol Lozenge Product
2663464,SCDGP,dextromethorphan hydrobromide / hexylresorcinol Oral Product
2662212,SCDGP,dextromethorphan hydrobromide / menthol Lozenge Product
2661408,SCDGP,dextromethorphan hydrobromide / menthol Oral Product
2659627,SCDGP,dextromethorphan hydrobromide / phenylephrine hydrochloride Chewable Product
2662912,SCDGP,dextromethorphan hydrobromide / phenylephrine hydrochloride Oral Liquid Product
2660516,SCDGP,dextromethorphan hydrobromide / phenylephrine hydrochloride Oral Product
2663309,SCDGP,dextromethorphan hydrobromide / phenylephrine hydrochloride Oral Spray Product
2663610,SCDGP,dextromethorphan hydrobromide / phenylephrine hydrochloride Pill
2661850,SCDGP,dextromethorphan hydrobromide / promethazine hydrochloride Oral Liquid Product
2661651,SCDGP,dextromethorphan hydrobromide / promethazine hydrochloride Oral Product
2662526,SCDGP,dextromethorphan hydrobromide / pseudoephedrine hydrochloride Chewable Product
2659448,SCDGP,dextromethorphan hydrobromide / pseudoephedrine hydrochloride Oral Liquid Product
2660233,SCDGP,dextromethorphan hydrobromide / pseudoephedrine hydrochloride Oral Product
2662812,SCDGP,dextromethorphan hydrobromide / pseudoephedrine hydrochloride Pill
2663436,SCDGP,dextromethorphan hydrobromide / pyrilamine maleate Oral Liquid Product
2660906,SCDGP,dextromethorphan hydrobromide / pyrilamine maleate Oral Product
2660699,SCDGP,dextromethorphan hydrobromide / pyrilamine maleate Pill
2662146,SCDGP,dextromethorphan hydrobromide / quinidine sulfate Oral Product
2663164,SCDGP,dextromethorphan hydrobromide / quinidine sulfate Pill
2663356,SCDGP,dextromethorphan hydrobromide / triprolidine hydrochloride Oral Liquid Product
2662180,SCDGP,dextromethorphan hydrobromide / triprolidine hydrochloride Oral Product
2678228,SCDGP,acetaminophen / chlorpheniramine maleate / dextromethorphan hydrobromide Chewable Product
2660852,SCDGP,acetaminophen / chlorpheniramine maleate / dextromethorphan hydrobromide Oral Liquid Product
2663494,SCDGP,acetaminophen / chlorpheniramine maleate / dextromethorphan hydrobromide Oral Powder Product
2659663,SCDGP,acetaminophen / chlorpheniramine maleate / dextromethorphan hydrobromide Oral Product
2663603,SCDGP,acetaminophen / chlorpheniramine maleate / dextromethorphan hydrobromide Pill
2661452,SCDGP,acetaminophen / dextromethorphan hydrobromide / diphenhydramine hydrochloride Oral Liquid Product
2663451,SCDGP,acetaminophen / dextromethorphan hydrobromide / diphenhydramine hydrochloride Oral Product
2715861,SCDGP,acetaminophen / dextromethorphan hydrobromide / doxylamine succinate Chewable Product
2660514,SCDGP,acetaminophen / dextromethorphan hydrobromide / doxylamine succinate Oral Liquid Product
2660668,SCDGP,acetaminophen / dextromethorphan hydrobromide / doxylamine succinate Oral Powder Product
2662124,SCDGP,acetaminophen / dextromethorphan hydrobromide / doxylamine succinate Oral Product
2661483,SCDGP,acetaminophen / dextromethorphan hydrobromide / doxylamine succinate Pill
2659921,SCDGP,acetaminophen / dextromethorphan hydrobromide / guaifenesin Oral Liquid Product
2662330,SCDGP,acetaminophen / dextromethorphan hydrobromide / guaifenesin Oral Product
2662448,SCDGP,acetaminophen / dextromethorphan hydrobromide / guaifenesin Pill
2660413,SCDGP,acetaminophen / dextromethorphan hydrobromide / phenylephrine hydrochloride Granule Product
2662803,SCDGP,acetaminophen / dextromethorphan hydrobromide / phenylephrine hydrochloride Oral Liquid Product
2660748,SCDGP,acetaminophen / dextromethorphan hydrobromide / phenylephrine hydrochloride Oral Product
2662916,SCDGP,acetaminophen / dextromethorphan hydrobromide / phenylephrine hydrochloride Pill
2662326,SCDGP,acetaminophen / dextromethorphan hydrobromide / pseudoephedrine hydrochloride Oral Liquid Product
2661832,SCDGP,acetaminophen / dextromethorphan hydrobromide / pseudoephedrine hydrochloride Oral Powder Product
2662363,SCDGP,acetaminophen / dextromethorphan hydrobromide / pseudoephedrine hydrochloride Oral Product
2660883,SCDGP,acetaminophen / dextromethorphan hydrobromide / pseudoephedrine hydrochloride Pill
2662634,SCDGP,acetaminophen / dextromethorphan hydrobromide / triprolidine hydrochloride Oral Liquid Product
2659416,SCDGP,acetaminophen / dextromethorphan hydrobromide / triprolidine hydrochloride Oral Product
2662467,SCDGP,acetaminophen / dextromethorphan hydrobromide / triprolidine hydrochloride Pill
2662434,SCDGP,aspirin / dextromethorphan hydrobromide / phenylephrine bitartrate Oral Product
2660533,SCDGP,benzocaine / dextromethorphan hydrobromide / glycerin Mucosal Product
2661910,SCDGP,benzocaine / dextromethorphan hydrobromide / menthol Lozenge Product
2661476,SCDGP,benzocaine / dextromethorphan hydrobromide / menthol Oral Product
2662471,SCDGP,brompheniramine maleate / dextromethorphan hydrobromide / phenylephrine hydrochloride Oral Liquid Product
2659208,SCDGP,brompheniramine maleate / dextromethorphan hydrobromide / phenylephrine hydrochloride Oral Product
2663126,SCDGP,brompheniramine maleate / dextromethorphan hydrobromide / phenylephrine hydrochloride Pill
2662892,SCDGP,brompheniramine maleate / dextromethorphan hydrobromide / phenylpropanolamine hydrochloride Oral Liquid Product
2663081,SCDGP,brompheniramine maleate / dextromethorphan hydrobromide / phenylpropanolamine hydrochloride Oral Product
2661555,SCDGP,brompheniramine maleate / dextromethorphan hydrobromide / pseudoephedrine hydrochloride Oral Liquid Product
2663426,SCDGP,brompheniramine maleate / dextromethorphan hydrobromide / pseudoephedrine hydrochloride Oral Product
2661379,SCDGP,brompheniramine maleate / dextromethorphan hydrobromide / pseudoephedrine hydrochloride Pill
2659443,SCDGP,carbinoxamine maleate / dextromethorphan hydrobromide / pseudoephedrine hydrochloride Oral Liquid Product
2662154,SCDGP,carbinoxamine maleate / dextromethorphan hydrobromide / pseudoephedrine hydrochloride Oral Product
2660731,SCDGP,chlorpheniramine maleate / dextromethorphan hydrobromide / phenylephrine hydrochloride Oral Liquid Product
2661565,SCDGP,chlorpheniramine maleate / dextromethorphan hydrobromide / phenylephrine hydrochloride Oral Product
2660949,SCDGP,chlorpheniramine maleate / dextromethorphan hydrobromide / phenylephrine hydrochloride Pill
2662743,SCDGP,chlorpheniramine maleate / dextromethorphan hydrobromide / pseudoephedrine hydrochloride Oral Liquid Product
2661066,SCDGP,chlorpheniramine maleate / dextromethorphan hydrobromide / pseudoephedrine hydrochloride Oral Product
2661891,SCDGP,chlorpheniramine maleate / dextromethorphan hydrobromide / pseudoephedrine hydrochloride Pill
2670539,SCDGP,choline salicylate / dextromethorphan hydrobromide / guaifenesin Oral Liquid Product
2670538,SCDGP,choline salicylate / dextromethorphan hydrobromide / guaifenesin Oral Product
2660386,SCDGP,dexbrompheniramine maleate / dextromethorphan hydrobromide / phenylephrine hydrochloride Oral Liquid Product
2661153,SCDGP,dexbrompheniramine maleate / dextromethorphan hydrobromide / phenylephrine hydrochloride Oral Product
2663070,SCDGP,dexbrompheniramine maleate / dextromethorphan hydrobromide / phenylephrine hydrochloride Pill
2663672,SCDGP,dexbrompheniramine maleate / dextromethorphan hydrobromide / pseudoephedrine hydrochloride Oral Liquid Product
2662881,SCDGP,dexbrompheniramine maleate / dextromethorphan hydrobromide / pseudoephedrine hydrochloride Oral Product
2661166,SCDGP,dexchlorpheniramine maleate / dextromethorphan hydrobromide / phenylephrine hydrochloride Oral Liquid Product
2661353,SCDGP,dexchlorpheniramine maleate / dextromethorphan hydrobromide / phenylephrine hydrochloride Oral Product
2659739,SCDGP,dexchlorpheniramine maleate / dextromethorphan hydrobromide / pseudoephedrine hydrochloride Oral Liquid Product
2660758,SCDGP,dexchlorpheniramine maleate / dextromethorphan hydrobromide / pseudoephedrine hydrochloride Oral Product
2662925,SCDGP,dextromethorphan hydrobromide / doxylamine succinate / phenylephrine hydrochloride Oral Liquid Product
2662225,SCDGP,dextromethorphan hydrobromide / doxylamine succinate / phenylephrine hydrochloride Oral Product
2659482,SCDGP,dextromethorphan hydrobromide / doxylamine succinate / pseudoephedrine hydrochloride Oral Liquid Product
2660523,SCDGP,dextromethorphan hydrobromide / doxylamine succinate / pseudoephedrine hydrochloride Oral Product
2744503,SCDGP,dextromethorphan hydrobromide / guaifenesin / naproxen sodium Oral Product
2744504,SCDGP,dextromethorphan hydrobromide / guaifenesin / naproxen sodium Pill
2663136,SCDGP,dextromethorphan hydrobromide / guaifenesin / phenylephrine hydrochloride Oral Liquid Product
2663549,SCDGP,dextromethorphan hydrobromide / guaifenesin / phenylephrine hydrochloride Oral Product
2661853,SCDGP,dextromethorphan hydrobromide / guaifenesin / phenylephrine hydrochloride Pill
2660720,SCDGP,dextromethorphan hydrobromide / guaifenesin / pseudoephedrine hydrochloride Oral Liquid Product
2662344,SCDGP,dextromethorphan hydrobromide / guaifenesin / pseudoephedrine hydrochloride Oral Product
2662742,SCDGP,dextromethorphan hydrobromide / guaifenesin / pseudoephedrine hydrochloride Pill
2660614,SCDGP,dextromethorphan hydrobromide / pheniramine maleate / phenylephrine hydrochloride Oral Liquid Product
2663025,SCDGP,dextromethorphan hydrobromide / pheniramine maleate / phenylephrine hydrochloride Oral Product
2659147,SCDGP,dextromethorphan hydrobromide / phenylephrine hydrochloride / pyrilamine maleate Oral Liquid Product
2660349,SCDGP,dextromethorphan hydrobromide / phenylephrine hydrochloride / pyrilamine maleate Oral Product
2663447,SCDGP,dextromethorphan hydrobromide / phenylephrine hydrochloride / thonzylamine hydrochloride Oral Liquid Product
2661234,SCDGP,dextromethorphan hydrobromide / phenylephrine hydrochloride / thonzylamine hydrochloride Oral Product
2661520,SCDGP,dextromethorphan hydrobromide / phenylephrine hydrochloride / triprolidine hydrochloride Oral Liquid Product
2661165,SCDGP,dextromethorphan hydrobromide / phenylephrine hydrochloride / triprolidine hydrochloride Oral Product
2660597,SCDGP,dextromethorphan hydrobromide / pseudoephedrine hydrochloride / triprolidine hydrochloride Oral Liquid Product
2661277,SCDGP,dextromethorphan hydrobromide / pseudoephedrine hydrochloride / triprolidine hydrochloride Oral Product
2661691,SCDGP,acetaminophen / chlorpheniramine maleate / dextromethorphan hydrobromide / phenylephrine hydrochloride Oral Liquid Product
2659525,SCDGP,acetaminophen / chlorpheniramine maleate / dextromethorphan hydrobromide / phenylephrine hydrochloride Oral Product
2663439,SCDGP,acetaminophen / chlorpheniramine maleate / dextromethorphan hydrobromide / phenylephrine hydrochloride Pill
2662877,SCDGP,acetaminophen / chlorpheniramine maleate / dextromethorphan hydrobromide / phenylpropanolamine bitartrate Oral Product
2663095,SCDGP,acetaminophen / chlorpheniramine maleate / dextromethorphan hydrobromide / pseudoephedrine hydrochloride Chewable Product
2659786,SCDGP,acetaminophen / chlorpheniramine maleate / dextromethorphan hydrobromide / pseudoephedrine hydrochloride Oral Liquid Product
2663114,SCDGP,acetaminophen / chlorpheniramine maleate / dextromethorphan hydrobromide / pseudoephedrine hydrochloride Oral Product
2662160,SCDGP,acetaminophen / chlorpheniramine maleate / dextromethorphan hydrobromide / pseudoephedrine hydrochloride Pill
2660011,SCDGP,acetaminophen / dextromethorphan hydrobromide / diphenhydramine hydrochloride / phenylephrine hydrochloride Oral Liquid Product
2663138,SCDGP,acetaminophen / dextromethorphan hydrobromide / diphenhydramine hydrochloride / phenylephrine hydrochloride Oral Product
2661148,SCDGP,acetaminophen / dextromethorphan hydrobromide / diphenhydramine hydrochloride / pseudoephedrine hydrochloride Oral Product
2661129,SCDGP,acetaminophen / dextromethorphan hydrobromide / diphenhydramine hydrochloride / pseudoephedrine hydrochloride Pill
2663084,SCDGP,acetaminophen / dextromethorphan hydrobromide / doxylamine succinate / phenylephrine hydrochloride Oral Liquid Product
2660062,SCDGP,acetaminophen / dextromethorphan hydrobromide / doxylamine succinate / phenylephrine hydrochloride Oral Powder Product
2660518,SCDGP,acetaminophen / dextromethorphan hydrobromide / doxylamine succinate / phenylephrine hydrochloride Oral Product
2661266,SCDGP,acetaminophen / dextromethorphan hydrobromide / doxylamine succinate / phenylephrine hydrochloride Pill
2663438,SCDGP,acetaminophen / dextromethorphan hydrobromide / doxylamine succinate / pseudoephedrine hydrochloride Oral Liquid Product
2662372,SCDGP,acetaminophen / dextromethorphan hydrobromide / doxylamine succinate / pseudoephedrine hydrochloride Oral Product
2661242,SCDGP,acetaminophen / dextromethorphan hydrobromide / doxylamine succinate / pseudoephedrine hydrochloride Pill
2660160,SCDGP,acetaminophen / dextromethorphan hydrobromide / guaifenesin / phenylephrine hydrochloride Oral Liquid Product
2660712,SCDGP,acetaminophen / dextromethorphan hydrobromide / guaifenesin / phenylephrine hydrochloride Oral Powder Product
2662312,SCDGP,acetaminophen / dextromethorphan hydrobromide / guaifenesin / phenylephrine hydrochloride Oral Product
2659957,SCDGP,acetaminophen / dextromethorphan hydrobromide / guaifenesin / phenylephrine hydrochloride Pill
2661518,SCDGP,acetaminophen / dextromethorphan hydrobromide / guaifenesin / pseudoephedrine hydrochloride Oral Product
2661732,SCDGP,acetaminophen / dextromethorphan hydrobromide / guaifenesin / pseudoephedrine hydrochloride Pill
2663087,SCDGP,acetaminophen / dextromethorphan hydrobromide / phenylephrine hydrochloride / triprolidine hydrochloride Oral Liquid Product
2661608,SCDGP,acetaminophen / dextromethorphan hydrobromide / phenylephrine hydrochloride / triprolidine hydrochloride Oral Product
2661137,SCDGP,acetaminophen / dextromethorphan hydrobromide / phenylephrine hydrochloride / triprolidine hydrochloride Pill
2663628,SCDGP,aspirin / chlorpheniramine maleate / dextromethorphan hydrobromide / phenylephrine bitartrate Oral Product
2663463,SCDGP,aspirin / dextromethorphan hydrobromide / doxylamine succinate / phenylephrine bitartrate Oral Product
2660193,SCDGP,acetaminophen / chlorpheniramine maleate / dextromethorphan hydrobromide / guaifenesin / phenylephrine hydrochloride Oral Liquid Product
2660066,SCDGP,acetaminophen / chlorpheniramine maleate / dextromethorphan hydrobromide / guaifenesin / phenylephrine hydrochloride Oral Product
2167754,SCD,dextromethorphan hydrobromide 0.3 MG/ML Oral Solution
1535845,SCD,dextromethorphan hydrobromide 0.7 MG/ML Oral Solution
1090946,SCD,dextromethorphan hydrobromide 1 MG/ML Oral Solution
1246338,SCD,dextromethorphan hydrobromide 1.33 MG/ML Oral Solution
1370211,SCD,dextromethorphan hydrobromide 1.5 MG/ML Oral Solution
1370216,SCD,dextromethorphan hydrobromide 2 MG/ML Oral Solution
2373441,SCD,dextromethorphan hydrobromide 2 MG/ML Oral Suspension
2122413,SCD,dextromethorphan hydrobromide 2.2 MG/ACTUAT Oral Spray
2122387,SCD,dextromethorphan hydrobromide 2.5 MG Oral Lozenge
2122382,SCD,dextromethorphan hydrobromide 2.5 MG/ML Oral Solution
1536151,SCD,dextromethorphan hydrobromide 2.5 MG/ML Oral Suspension
1090496,SCD,dextromethorphan hydrobromide 3 MG/ML Oral Solution
2122393,SCD,dextromethorphan hydrobromide 3.3 MG/ACTUAT Oral Spray
1370219,SCD,dextromethorphan hydrobromide 5 MG Oral Lozenge
1596945,SCD,dextromethorphan hydrobromide 6 MG/ACTUAT Oral Spray
1440908,SCD,dextromethorphan hydrobromide 7.5 MG Disintegrating Oral Tablet
2167801,SCD,dextromethorphan hydrobromide 7.5 MG Oral Lozenge
2167803,SCD,dextromethorphan hydrobromide 8 MG/ML Oral Solution
2683424,SCD,dextromethorphan hydrobromide 10 MG Chewable Tablet
1861935,SCD,dextromethorphan hydrobromide 10 MG Oral Lozenge
2002003,SCD,dextromethorphan hydrobromide 10 MG/ML Oral Solution
2173731,SCD,dextromethorphan hydrobromide 15 MG Chewable Tablet
1090487,SCD,dextromethorphan hydrobromide 15 MG Oral Capsule
2173733,SCD,dextromethorphan hydrobromide 15 MG Oral Tablet
2173856,SCD,dextromethorphan hydrobromide 30 MG Oral Tablet
1373045,SCD,12 HR dextromethorphan polistirex 6 MG/ML Extended Release Suspension
2604561,SCD,acetaminophen 21.7 MG/ML / dextromethorphan hydrobromide 0.667 MG/ML Oral Solution
2693770,SCD,acetaminophen 32 MG/ML / dextromethorphan hydrobromide 0.5 MG/ML Oral Suspension
1796708,SCD,acetaminophen 32 MG/ML / dextromethorphan hydrobromide 1 MG/ML Oral Solution
1370113,SCD,acetaminophen 32 MG/ML / dextromethorphan hydrobromide 1 MG/ML Oral Suspension
2101281,SCD,acetaminophen 32 MG/ML / dextromethorphan hydrobromide 1.5 MG/ML Oral Solution
1919076,SCD,acetaminophen 32.5 MG/ML / dextromethorphan hydrobromide 1 MG/ML Oral Solution
2693772,SCD,acetaminophen 32.5 MG/ML / dextromethorphan hydrobromide 1 MG/ML Oral Suspension
1359455,SCD,acetaminophen 33.3 MG/ML / dextromethorphan hydrobromide 1 MG/ML Oral Solution
2122363,SCD,acetaminophen 160 MG / dextromethorphan hydrobromide 5 MG Chewable Tablet
2678223,SCD,acetaminophen 162.5 MG / dextromethorphan hydrobromide 5 MG Chewable Tablet
2744315,SCD,acetaminophen 250 MG / dextromethorphan hydrobromide 10 MG Effervescent Oral Tablet
2685209,SCD,acetaminophen 325 MG / dextromethorphan hydrobromide 10 MG Chewable Tablet
1867684,SCD,acetaminophen 325 MG / dextromethorphan hydrobromide 10 MG Oral Capsule
2709673,SCD,acetaminophen 325 MG / dextromethorphan hydrobromide 10 MG Oral Tablet
247324,SCD,acetaminophen 500 MG / dextromethorphan hydrobromide 15 MG Oral Tablet
2670598,SCD,acetaminophen 500 MG / dextromethorphan hydrobromide 20 MG Powder for Oral Solution
2670678,SCD,acetaminophen 650 MG / dextromethorphan hydrobromide 20 MG Powder for Oral Solution
2636656,SCD,acetaminophen 1000 MG / dextromethorphan hydrobromide 30 MG Powder for Oral Solution
2679420,SCD,acetaminophen 500 MG / dextromethorphan hydrobromide 20 MG Granules for Oral Solution
1039251,SCD,benzocaine 7.5 MG / dextromethorphan hydrobromide 5 MG Oral Lozenge
2683421,SCD,brompheniramine maleate 0.2 MG/ML / dextromethorphan hydrobromide 1 MG/ML Oral Solution
2676758,SCD,brompheniramine maleate 0.8 MG/ML / dextromethorphan hydrobromide 2 MG/ML Oral Solution
2741701,SCD,bupropion hydrochloride 105 MG / dextromethorphan hydrobromide 30 MG Extended Release Oral Tablet
2611260,SCD,bupropion hydrochloride 105 MG / dextromethorphan hydrobromide 45 MG Extended Release Oral Tablet
1114361,SCD,chlorpheniramine maleate 0.133 MG/ML / dextromethorphan hydrobromide 1 MG/ML Oral Solution
636568,SCD,chlorpheniramine maleate 0.2 MG/ML / dextromethorphan hydrobromide 1 MG/ML Oral Solution
1111440,SCD,chlorpheniramine maleate 0.2 MG/ML / dextromethorphan hydrobromide 1.5 MG/ML Oral Solution
2743068,SCD,chlorpheniramine maleate 0.2 MG/ML / dextromethorphan hydrobromide 1.5 MG/ML Oral Suspension
1370125,SCD,chlorpheniramine maleate 0.4 MG/ML / dextromethorphan hydrobromide 3 MG/ML Oral Solution
1251811,SCD,chlorpheniramine maleate 1 MG / dextromethorphan hydrobromide 5 MG Chewable Tablet
1421985,SCD,chlorpheniramine maleate 4 MG / dextromethorphan hydrobromide 30 MG Oral Tablet
2741371,SCD,dexchlorpheniramine maleate 0.2 MG/ML / dextromethorphan hydrobromide 2 MG/ML Oral Solution
2743624,SCD,dextromethorphan hydrobromide 0.667 MG/ML / doxylamine succinate 0.417 MG/ML Oral Solution
1234386,SCD,dextromethorphan hydrobromide 1 MG/ML / doxylamine succinate 0.417 MG/ML Oral Solution
2629973,SCD,dextromethorphan hydrobromide 1 MG/ML / doxylamine succinate 0.625 MG/ML Oral Solution
1115329,SCD,dextromethorphan hydrobromide 1.5 MG/ML / doxylamine succinate 0.625 MG/ML Oral Solution
1371196,SCD,dextromethorphan hydrobromide 3 MG/ML / doxylamine succinate 1.25 MG/ML Oral Solution
2683423,SCD,dextromethorphan hydrobromide 10 MG / doxylamine succinate 6.25 MG Chewable Tablet
2685210,SCD,dextromethorphan hydrobromide 15 MG / doxylamine succinate 6.25 MG Chewable Tablet
2719927,SCD,dextromethorphan hydrobromide 0.667 MG/ML / guaifenesin 6.667 MG/ML Oral Suspension
1298228,SCD,dextromethorphan hydrobromide 0.667 MG/ML / guaifenesin 6.67 MG/ML Oral Solution
1014005,SCD,dextromethorphan hydrobromide 0.667 MG/ML / guaifenesin 13.3 MG/ML Oral Solution
1790650,SCD,dextromethorphan hydrobromide 1 MG/ML / guaifenesin 10 MG/ML Oral Solution
1020138,SCD,dextromethorphan hydrobromide 1 MG/ML / guaifenesin 20 MG/ML Oral Solution
2692303,SCD,dextromethorphan hydrobromide 1 MG/ML / guaifenesin 20 MG/ML Oral Suspension
2671189,SCD,dextromethorphan hydrobromide 1.2 MG/ML / guaifenesin 26.4 MG/ML Oral Solution
996520,SCD,dextromethorphan hydrobromide 2 MG/ML / guaifenesin 20 MG/ML Oral Solution
1605844,SCD,dextromethorphan hydrobromide 2 MG/ML / guaifenesin 20 MG/ML Oral Suspension
1441364,SCD,dextromethorphan hydrobromide 2 MG/ML / guaifenesin 37.4 MG/ML Oral Solution
1046631,SCD,dextromethorphan hydrobromide 2 MG/ML / guaifenesin 40 MG/ML Oral Solution
1542452,SCD,dextromethorphan hydrobromide 2 MG/ML / guaifenesin 40 MG/ML Oral Suspension
1234473,SCD,dextromethorphan hydrobromide 3 MG/ML / guaifenesin 20 MG/ML Oral Solution
1150129,SCD,dextromethorphan hydrobromide 3 MG/ML / guaifenesin 40 MG/ML Oral Solution
1117394,SCD,dextromethorphan hydrobromide 4 MG/ML / guaifenesin 60 MG/ML Oral Solution
1113368,SCD,dextromethorphan hydrobromide 4 MG/ML / guaifenesin 80 MG/ML Oral Solution
1439992,SCD,dextromethorphan hydrobromide 5 MG/ML / guaifenesin 50 MG/ML Oral Solution
2122356,SCD,dextromethorphan hydrobromide 5 MG / guaifenesin 100 MG Oral Granules
1147924,SCD,dextromethorphan hydrobromide 6 MG/ML / guaifenesin 40 MG/ML Oral Solution
1300539,SCD,dextromethorphan hydrobromide 10 MG / guaifenesin 100 MG Oral Tablet
2598125,SCD,dextromethorphan hydrobromide 10 MG / guaifenesin 200 MG Effervescent Oral Tablet
1111663,SCD,dextromethorphan hydrobromide 10 MG / guaifenesin 200 MG Oral Capsule
2173726,SCD,dextromethorphan hydrobromide 10 MG / guaifenesin 200 MG Oral Tablet
1298324,SCD,12 HR dextromethorphan hydrobromide 30 MG / guaifenesin 600 MG Extended Release Oral Tablet
485709,SCD,12 HR dextromethorphan hydrobromide 30 MG / guaifenesin 835 MG Extended Release Oral Tablet
1357923,SCD,12 HR dextromethorphan hydrobromide 57.5 MG / guaifenesin 775 MG Extended Release Oral Tablet
1099074,SCD,12 HR dextromethorphan hydrobromide 60 MG / guaifenesin 1200 MG Extended Release Oral Tablet
1861926,SCD,dextromethorphan hydrobromide 15 MG / guaifenesin 400 MG Oral Tablet
1661740,SCD,dextromethorphan hydrobromide 20 MG / guaifenesin 400 MG Oral Capsule
1147685,SCD,dextromethorphan hydrobromide 20 MG / guaifenesin 400 MG Oral Tablet
2566823,SCD,dextromethorphan hydrobromide 5 MG / hexylresorcinol 2 MG Oral Lozenge
1301246,SCD,dextromethorphan hydrobromide 5 MG / menthol 5 MG Oral Lozenge
1544873,SCD,dextromethorphan hydrobromide 1 MG/ML / phenylephrine hydrochloride 0.5 MG/ML Oral Solution
1535366,SCD,dextromethorphan hydrobromide 1 MG/ML / phenylephrine hydrochloride 0.5 MG/ML Oral Suspension
1435918,SCD,dextromethorphan hydrobromide 2 MG/ML / phenylephrine hydrochloride 1 MG/ML Oral Solution
2122419,SCD,dextromethorphan hydrobromide 2.5 MG/ACTUAT / phenylephrine hydrochloride 1.25 MG/ACTUAT Oral Spray
2122403,SCD,dextromethorphan hydrobromide 3.3 MG/ACTUAT / phenylephrine hydrochloride 3.3 MG/ACTUAT Oral Spray
1111087,SCD,dextromethorphan hydrobromide 5 MG / phenylephrine hydrochloride 2.5 MG Chewable Tablet
991528,SCD,dextromethorphan hydrobromide 3 MG/ML / promethazine hydrochloride 1.25 MG/ML Oral Solution
2050367,SCD,dextromethorphan hydrobromide 1 MG/ML / pseudoephedrine hydrochloride 3 MG/ML Oral Solution
1304108,SCD,dextromethorphan hydrobromide 7.5 MG / pseudoephedrine hydrochloride 15 MG Chewable Tablet
1313298,SCD,dextromethorphan hydrobromide 30 MG / pseudoephedrine hydrochloride 60 MG Oral Capsule
1423307,SCD,dextromethorphan hydrobromide 1.5 MG/ML / pyrilamine maleate 1.5 MG/ML Oral Solution
2679777,SCD,dextromethorphan hydrobromide 3 MG/ML / pyrilamine maleate 1.2 MG/ML Oral Solution
2716698,SCD,dextromethorphan hydrobromide 3 MG/ML / pyrilamine maleate 3 MG/ML Oral Solution
2712157,SCD,dextromethorphan hydrobromide 6 MG/ML / pyrilamine maleate 10 MG/ML Oral Solution
1923362,SCD,dextromethorphan hydrobromide 30 MG / pyrilamine maleate 30 MG Oral Tablet
1040054,SCD,dextromethorphan hydrobromide 20 MG / quinidine sulfate 10 MG Oral Capsule
2637485,SCD,dextromethorphan hydrobromide 2 MG/ML / triprolidine hydrochloride 0.25 MG/ML Oral Solution
2588212,SCD,acetaminophen 6.67 MG/ML / chlorpheniramine maleate 0.0833 MG/ML / dextromethorphan hydrobromide 0.5 MG/ML Oral Solution
1236070,SCD,acetaminophen 21.7 MG/ML / chlorpheniramine maleate 0.13 MG/ML / dextromethorphan hydrobromide 0.67 MG/ML Oral Solution
1046384,SCD,acetaminophen 21.7 MG/ML / chlorpheniramine maleate 0.133 MG/ML / dextromethorphan hydrobromide 1 MG/ML Oral Solution
1086750,SCD,acetaminophen 32 MG/ML / chlorpheniramine maleate 0.2 MG/ML / dextromethorphan hydrobromide 1 MG/ML Oral Suspension
1113522,SCD,acetaminophen 32 MG/ML / chlorpheniramine maleate 0.2 MG/ML / dextromethorphan hydrobromide 1.5 MG/ML Oral Solution
2604562,SCD,acetaminophen 33.3 MG/ML / chlorpheniramine maleate 0.133 MG/ML / dextromethorphan hydrobromide 1 MG/ML Oral Solution
1292342,SCD,acetaminophen 43.3 MG/ML / chlorpheniramine maleate 0.267 MG/ML / dextromethorphan hydrobromide 2 MG/ML Oral Solution
2678231,SCD,acetaminophen 162.5 MG / chlorpheniramine maleate 2 MG / dextromethorphan hydrobromide 5 MG Chewable Tablet
2744312,SCD,acetaminophen 250 MG / chlorpheniramine maleate 2 MG / dextromethorphan hydrobromide 10 MG Effervescent Oral Tablet
2049841,SCD,acetaminophen 325 MG / chlorpheniramine maleate 2 MG / dextromethorphan hydrobromide 10 MG Oral Tablet
1425315,SCD,acetaminophen 325 MG / chlorpheniramine maleate 6.25 MG / dextromethorphan hydrobromide 15 MG Oral Tablet
1098496,SCD,acetaminophen 500 MG / chlorpheniramine maleate 2 MG / dextromethorphan hydrobromide 15 MG Oral Tablet
2636658,SCD,acetaminophen 1000 MG / chlorpheniramine maleate 4 MG / dextromethorphan hydrobromide 30 MG Powder for Oral Solution
1094131,SCD,acetaminophen 65 MG/ML / dextromethorphan hydrobromide 2 MG/ML / diphenhydramine hydrochloride 2.5 MG/ML Oral Solution
1042675,SCD,acetaminophen 21.7 MG/ML / dextromethorphan hydrobromide 0.667 MG/ML / doxylamine succinate 0.417 MG/ML Oral Solution
1244918,SCD,acetaminophen 21.7 MG/ML / dextromethorphan hydrobromide 1 MG/ML / doxylamine succinate 0.25 MG/ML Oral Solution
1043400,SCD,acetaminophen 21.7 MG/ML / dextromethorphan hydrobromide 1 MG/ML / doxylamine succinate 0.417 MG/ML Oral Solution
2692302,SCD,acetaminophen 32.5 MG/ML / dextromethorphan hydrobromide 1.5 MG/ML / doxylamine succinate 0.625 MG/ML Oral Suspension
1042684,SCD,acetaminophen 33.3 MG/ML / dextromethorphan hydrobromide 1 MG/ML / doxylamine succinate 0.417 MG/ML Oral Solution
2744316,SCD,acetaminophen 33.3 MG/ML / dextromethorphan hydrobromide 1 MG/ML / doxylamine succinate 0.417 MG/ML Oral Suspension
2715863,SCD,acetaminophen 162.5 MG / dextromethorphan hydrobromide 5 MG / doxylamine succinate 3.125 MG Chewable Tablet
1426334,SCD,acetaminophen 325 MG / dextromethorphan hydrobromide 10 MG / doxylamine succinate 6.25 MG Oral Capsule
2713312,SCD,acetaminophen 325 MG / dextromethorphan hydrobromide 10 MG / doxylamine succinate 6.25 MG Oral Tablet
1094549,SCD,acetaminophen 325 MG / dextromethorphan hydrobromide 15 MG / doxylamine succinate 6.25 MG Oral Capsule
2739790,SCD,acetaminophen 325 MG / dextromethorphan hydrobromide 20 MG / doxylamine succinate 12.5 MG Oral Capsule
1805288,SCD,acetaminophen 650 MG / dextromethorphan hydrobromide 30 MG / doxylamine succinate 12.5 MG Powder for Oral Solution
1042695,SCD,acetaminophen 21.7 MG/ML / dextromethorphan hydrobromide 0.667 MG/ML / guaifenesin 13.3 MG/ML Oral Solution
2680300,SCD,acetaminophen 32.5 MG/ML / dextromethorphan hydrobromide 1 MG/ML / guaifenesin 20 MG/ML Oral Solution
2377385,SCD,acetaminophen 325 MG / dextromethorphan hydrobromide 10 MG / guaifenesin 200 MG Oral Capsule
2684921,SCD,acetaminophen 325 MG / dextromethorphan hydrobromide 10 MG / guaifenesin 200 MG Oral Tablet
2101282,SCD,acetaminophen 325 MG / dextromethorphan hydrobromide 15 MG / guaifenesin 200 MG Oral Tablet
1113705,SCD,acetaminophen 21.7 MG/ML / dextromethorphan hydrobromide 0.667 MG/ML / phenylephrine hydrochloride 0.333 MG/ML Oral Solution
1996081,SCD,acetaminophen 32.5 MG/ML / dextromethorphan hydrobromide 1 MG/ML / phenylephrine hydrochloride 0.5 MG/ML Oral Solution
1536924,SCD,acetaminophen 250 MG / dextromethorphan hydrobromide 10 MG / phenylephrine hydrochloride 5 MG Effervescent Oral Tablet
2691101,SCD,acetaminophen 325 MG / dextromethorphan hydrobromide 10 MG / phenylephrine hydrochloride 5 MG Effervescent Oral Tablet
1086997,SCD,acetaminophen 325 MG / dextromethorphan hydrobromide 10 MG / phenylephrine hydrochloride 5 MG Oral Capsule
1094538,SCD,acetaminophen 325 MG / dextromethorphan hydrobromide 10 MG / phenylephrine hydrochloride 5 MG Oral Tablet
1312260,SCD,acetaminophen 325 MG / dextromethorphan hydrobromide 15 MG / phenylephrine hydrochloride 5 MG Oral Capsule
1367205,SCD,acetaminophen 325 MG / dextromethorphan hydrobromide 15 MG / phenylephrine hydrochloride 5 MG Oral Tablet
1189316,SCD,acetaminophen 500 MG / dextromethorphan hydrobromide 20 MG / phenylephrine hydrochloride 10 MG Granules for Oral Solution
1659967,SCD,acetaminophen 650 MG / dextromethorphan hydrobromide 20 MG / phenylephrine hydrochloride 10 MG Granules for Oral Solution
1291951,SCD,acetaminophen 21.7 MG/ML / dextromethorphan hydrobromide 0.667 MG/ML / pseudoephedrine hydrochloride 2 MG/ML Oral Solution
1369927,SCD,acetaminophen 33.3 MG/ML / dextromethorphan hydrobromide 1 MG/ML / pseudoephedrine hydrochloride 2 MG/ML Oral Solution
1236419,SCD,acetaminophen 250 MG / dextromethorphan hydrobromide 10 MG / pseudoephedrine hydrochloride 30 MG Oral Capsule
1236435,SCD,acetaminophen 325 MG / dextromethorphan hydrobromide 15 MG / pseudoephedrine hydrochloride 30 MG Oral Capsule
1250743,SCD,acetaminophen 500 MG / dextromethorphan hydrobromide 15 MG / pseudoephedrine hydrochloride 30 MG Oral Tablet
2722932,SCD,acetaminophen 500 MG / dextromethorphan hydrobromide 20 MG / pseudoephedrine hydrochloride 60 MG Powder for Oral Solution
2173667,SCD,acetaminophen 32.5 MG/ML / dextromethorphan hydrobromide 1 MG/ML / triprolidine hydrochloride 0.125 MG/ML Oral Solution
2549034,SCD,acetaminophen 325 MG / dextromethorphan hydrobromide 10 MG / triprolidine hydrochloride 1.25 MG Oral Tablet
1536498,SCD,aspirin 325 MG / dextromethorphan hydrobromide 10 MG / phenylephrine bitartrate 7.8 MG Effervescent Oral Tablet
2167737,SCD,benzocaine 50 MG/ML / dextromethorphan hydrobromide 5 MG/ACTUAT / glycerin 300 MG/ML Mucosal Spray
1045532,SCD,benzocaine 6 MG / dextromethorphan hydrobromide 5 MG / menthol 10 MG Oral Lozenge
1090463,SCD,brompheniramine maleate 0.2 MG/ML / dextromethorphan hydrobromide 1 MG/ML / phenylephrine hydrochloride 0.5 MG/ML Oral Solution
1423702,SCD,brompheniramine maleate 0.4 MG/ML / dextromethorphan hydrobromide 2 MG/ML / phenylephrine hydrochloride 1 MG/ML Oral Solution
1486964,SCD,brompheniramine maleate 0.8 MG/ML / dextromethorphan hydrobromide 3 MG/ML / phenylephrine hydrochloride 1.5 MG/ML Oral Solution
1148155,SCD,brompheniramine maleate 0.8 MG/ML / dextromethorphan hydrobromide 4 MG/ML / phenylephrine hydrochloride 2 MG/ML Oral Solution
2167730,SCD,brompheniramine maleate 0.8 MG/ML / dextromethorphan hydrobromide 6 MG/ML / phenylephrine hydrochloride 2 MG/ML Oral Solution
1304105,SCD,brompheniramine maleate 4 MG / dextromethorphan hydrobromide 20 MG / phenylephrine hydrochloride 10 MG Oral Tablet
1357422,SCD,brompheniramine maleate 0.4 MG/ML / dextromethorphan hydrobromide 2 MG/ML / phenylpropanolamine hydrochloride 2.5 MG/ML Oral Solution
1098497,SCD,brompheniramine maleate 0.2 MG/ML / dextromethorphan hydrobromide 1 MG/ML / pseudoephedrine hydrochloride 3 MG/ML Oral Solution
1245722,SCD,brompheniramine maleate 0.2 MG/ML / dextromethorphan hydrobromide 4 MG/ML / pseudoephedrine hydrochloride 6 MG/ML Oral Solution
1357010,SCD,brompheniramine maleate 0.4 MG/ML / dextromethorphan hydrobromide 2 MG/ML / pseudoephedrine hydrochloride 6 MG/ML Oral Solution
1037164,SCD,brompheniramine maleate 0.8 MG/ML / dextromethorphan hydrobromide 3 MG/ML / pseudoephedrine hydrochloride 9 MG/ML Oral Solution
1356812,SCD,brompheniramine maleate 4 MG / dextromethorphan hydrobromide 20 MG / pseudoephedrine hydrochloride 40 MG Oral Tablet
1012984,SCD,carbinoxamine maleate 0.8 MG/ML / dextromethorphan hydrobromide 2.5 MG/ML / pseudoephedrine hydrochloride 12 MG/ML Oral Solution
1010946,SCD,carbinoxamine maleate 0.8 MG/ML / dextromethorphan hydrobromide 3 MG/ML / pseudoephedrine hydrochloride 12 MG/ML Oral Solution
1010980,SCD,carbinoxamine maleate 1 MG/ML / dextromethorphan hydrobromide 4 MG/ML / pseudoephedrine hydrochloride 15 MG/ML Oral Solution
2167740,SCD,chlorpheniramine maleate 0.133 MG/ML / dextromethorphan hydrobromide 0.333 MG/ML / phenylephrine hydrochloride 0.333 MG/ML Oral Solution
1363752,SCD,chlorpheniramine maleate 0.4 MG/ML / dextromethorphan hydrobromide 2 MG/ML / phenylephrine hydrochloride 1 MG/ML Oral Solution
1190174,SCD,chlorpheniramine maleate 0.4 MG/ML / dextromethorphan hydrobromide 3 MG/ML / phenylephrine hydrochloride 1 MG/ML Oral Solution
700949,SCD,chlorpheniramine maleate 0.6 MG/ML / dextromethorphan hydrobromide 2.75 MG/ML / phenylephrine hydrochloride 1.5 MG/ML Oral Solution
1291266,SCD,chlorpheniramine maleate 0.8 MG/ML / dextromethorphan hydrobromide 2 MG/ML / phenylephrine hydrochloride 2 MG/ML Oral Solution
1086443,SCD,chlorpheniramine maleate 0.8 MG/ML / dextromethorphan hydrobromide 3 MG/ML / phenylephrine hydrochloride 2 MG/ML Oral Solution
1489310,SCD,chlorpheniramine maleate 0.8 MG/ML / dextromethorphan hydrobromide 4 MG/ML / phenylephrine hydrochloride 2 MG/ML Oral Solution
2167750,SCD,chlorpheniramine maleate 0.8 MG/ML / dextromethorphan hydrobromide 6 MG/ML / phenylephrine hydrochloride 1.5 MG/ML Oral Solution
1536862,SCD,chlorpheniramine maleate 2 MG / dextromethorphan hydrobromide 10 MG / phenylephrine hydrochloride 5 MG Effervescent Oral Tablet
2603661,SCD,chlorpheniramine maleate 3.5 MG / dextromethorphan hydrobromide 29 MG / phenylephrine hydrochloride 10 MG Oral Tablet
1593105,SCD,chlorpheniramine maleate 4 MG / dextromethorphan hydrobromide 10 MG / phenylephrine hydrochloride 10 MG Oral Tablet
2003130,SCD,chlorpheniramine maleate 4 MG / dextromethorphan hydrobromide 18 MG / phenylephrine hydrochloride 10 MG Oral Tablet
2167752,SCD,chlorpheniramine maleate 4 MG / dextromethorphan hydrobromide 20 MG / phenylephrine hydrochloride 10 MG Oral Tablet
1357894,SCD,12 HR chlorpheniramine maleate 8 MG / dextromethorphan hydrobromide 30 MG / phenylephrine hydrochloride 20 MG Extended Release Oral Tablet
2176488,SCD,chlorpheniramine maleate 0.133 MG/ML / dextromethorphan hydrobromide 0.333 MG/ML / pseudoephedrine hydrochloride 0.333 MG/ML Oral Solution
1117392,SCD,chlorpheniramine maleate 0.2 MG/ML / dextromethorphan hydrobromide 1 MG/ML / pseudoephedrine hydrochloride 3 MG/ML Oral Solution
1423711,SCD,chlorpheniramine maleate 0.4 MG/ML / dextromethorphan hydrobromide 2 MG/ML / pseudoephedrine hydrochloride 6 MG/ML Oral Solution
1359114,SCD,chlorpheniramine maleate 4 MG / dextromethorphan hydrobromide 20 MG / pseudoephedrine hydrochloride 60 MG Oral Tablet
2670541,SCD,choline salicylate 29 MG/ML / dextromethorphan hydrobromide 0.667 MG/ML / guaifenesin 6.67 MG/ML Oral Solution
1812101,SCD,dexbrompheniramine maleate 0.4 MG/ML / dextromethorphan hydrobromide 3 MG/ML / phenylephrine hydrochloride 1.5 MG/ML Oral Solution
1300195,SCD,dexbrompheniramine maleate 0.5 MG/ML / dextromethorphan hydrobromide 5 MG/ML / phenylephrine hydrochloride 2.5 MG/ML Oral Solution
1303797,SCD,dexbrompheniramine maleate 1 MG/ML / dextromethorphan hydrobromide 10 MG/ML / phenylephrine hydrochloride 5 MG/ML Oral Solution
1946979,SCD,dexbrompheniramine maleate 2 MG / dextromethorphan hydrobromide 20 MG / phenylephrine hydrochloride 10 MG Oral Tablet
1190600,SCD,dexbrompheniramine maleate 0.133 MG/ML / dextromethorphan hydrobromide 2 MG/ML / pseudoephedrine hydrochloride 4 MG/ML Oral Solution
2727430,SCD,dexbrompheniramine maleate 0.2 MG/ML / dextromethorphan hydrobromide 2 MG/ML / pseudoephedrine hydrochloride 6 MG/ML Oral Solution
1990881,SCD,dexchlorpheniramine maleate 0.2 MG/ML / dextromethorphan hydrobromide 2 MG/ML / phenylephrine hydrochloride 1 MG/ML Oral Solution
1298433,SCD,dexchlorpheniramine maleate 0.2 MG/ML / dextromethorphan hydrobromide 3 MG/ML / pseudoephedrine hydrochloride 6 MG/ML Oral Solution
2566814,SCD,dextromethorphan hydrobromide 0.667 MG/ML / doxylamine succinate 0.417 MG/ML / phenylephrine hydrochloride 0.333 MG/ML Oral Solution
1094350,SCD,dextromethorphan hydrobromide 3 MG/ML / doxylamine succinate 1.25 MG/ML / pseudoephedrine hydrochloride 6 MG/ML Oral Solution
2744506,SCD,12 HR dextromethorphan hydrobromide 30 MG / guaifenesin 600 MG / naproxen sodium 110 MG Extended Release Oral Tablet
1808192,SCD,dextromethorphan hydrobromide 0.333 MG/ML / guaifenesin 6.67 MG/ML / phenylephrine hydrochloride 0.167 MG/ML Oral Solution
2566816,SCD,dextromethorphan hydrobromide 0.667 MG/ML / guaifenesin 6.667 MG/ML / phenylephrine hydrochloride 0.333 MG/ML Oral Solution
2166123,SCD,dextromethorphan hydrobromide 0.667 MG/ML / guaifenesin 13.3 MG/ML / phenylephrine hydrochloride 0.333 MG/ML Oral Solution
2626496,SCD,dextromethorphan hydrobromide 0.667 MG/ML / guaifenesin 13.33 MG/ML / phenylephrine hydrochloride 0.333 MG/ML Oral Solution
1370205,SCD,dextromethorphan hydrobromide 1 MG/ML / guaifenesin 10 MG/ML / phenylephrine hydrochloride 0.5 MG/ML Oral Solution
1119541,SCD,dextromethorphan hydrobromide 1 MG/ML / guaifenesin 15 MG/ML / phenylephrine hydrochloride 0.5 MG/ML Oral Solution
1043543,SCD,dextromethorphan hydrobromide 1 MG/ML / guaifenesin 20 MG/ML / phenylephrine hydrochloride 0.5 MG/ML Oral Solution
1429362,SCD,dextromethorphan hydrobromide 1.2 MG/ML / guaifenesin 13.3 MG/ML / phenylephrine hydrochloride 0.667 MG/ML Oral Solution
2265849,SCD,dextromethorphan hydrobromide 1.2 MG/ML / guaifenesin 26.4 MG/ML / phenylephrine hydrochloride 0.667 MG/ML Oral Solution
1044949,SCD,dextromethorphan hydrobromide 2 MG/ML / guaifenesin 20 MG/ML / phenylephrine hydrochloride 1 MG/ML Oral Solution
1098647,SCD,dextromethorphan hydrobromide 2 MG/ML / guaifenesin 40 MG/ML / phenylephrine hydrochloride 1 MG/ML Oral Solution
1486140,SCD,dextromethorphan hydrobromide 2 MG/ML / guaifenesin 40 MG/ML / phenylephrine hydrochloride 1 MG/ML Oral Suspension
2268062,SCD,dextromethorphan hydrobromide 2.5 MG/ML / guaifenesin 25 MG/ML / phenylephrine hydrochloride 1.25 MG/ML Oral Solution
1358620,SCD,dextromethorphan hydrobromide 3 MG/ML / guaifenesin 20 MG/ML / phenylephrine hydrochloride 1 MG/ML Oral Solution
1251031,SCD,dextromethorphan hydrobromide 3 MG/ML / guaifenesin 60 MG/ML / phenylephrine hydrochloride 2 MG/ML Oral Solution
1372451,SCD,dextromethorphan hydrobromide 3 MG/ML / guaifenesin 70 MG/ML / phenylephrine hydrochloride 2 MG/ML Oral Solution
1661314,SCD,dextromethorphan hydrobromide 4 MG/ML / guaifenesin 50 MG/ML / phenylephrine hydrochloride 2.5 MG/ML Oral Solution
2728493,SCD,dextromethorphan hydrobromide 4 MG/ML / guaifenesin 77.6 MG/ML / phenylephrine hydrochloride 2 MG/ML Oral Solution
1091331,SCD,dextromethorphan hydrobromide 4 MG/ML / guaifenesin 80 MG/ML / phenylephrine hydrochloride 2 MG/ML Oral Solution
1095503,SCD,dextromethorphan hydrobromide 5 MG/ML / guaifenesin 50 MG/ML / phenylephrine hydrochloride 2.5 MG/ML Oral Solution
1372459,SCD,dextromethorphan hydrobromide 5 MG/ML / guaifenesin 100 MG/ML / phenylephrine hydrochloride 2.5 MG/ML Oral Solution
880359,SCD,dextromethorphan hydrobromide 5.6 MG/ML / guaifenesin 77.6 MG/ML / phenylephrine hydrochloride 2 MG/ML Oral Solution
1741944,SCD,dextromethorphan hydrobromide 5.8 MG/ML / guaifenesin 78 MG/ML / phenylephrine hydrochloride 2 MG/ML Oral Solution
1000502,SCD,dextromethorphan hydrobromide 6 MG/ML / guaifenesin 40 MG/ML / phenylephrine hydrochloride 1.5 MG/ML Oral Solution
1364914,SCD,dextromethorphan hydrobromide 6 MG/ML / guaifenesin 40 MG/ML / phenylephrine hydrochloride 2 MG/ML Oral Solution
1487369,SCD,dextromethorphan hydrobromide 7.5 MG/ML / guaifenesin 88 MG/ML / phenylephrine hydrochloride 2.5 MG/ML Oral Solution
1874730,SCD,dextromethorphan hydrobromide 9 MG / guaifenesin 198 MG / phenylephrine hydrochloride 5 MG Oral Tablet
1372652,SCD,dextromethorphan hydrobromide 10 MG / guaifenesin 200 MG / phenylephrine hydrochloride 5 MG Oral Tablet
1357905,SCD,12 HR dextromethorphan hydrobromide 25 MG / guaifenesin 550 MG / phenylephrine hydrochloride 20 MG Extended Release Oral Tablet
1251401,SCD,dextromethorphan hydrobromide 14 MG / guaifenesin 288 MG / phenylephrine hydrochloride 7 MG Oral Capsule
1245616,SCD,dextromethorphan hydrobromide 15 MG / guaifenesin 100 MG / phenylephrine hydrochloride 5 MG Oral Tablet
1113490,SCD,dextromethorphan hydrobromide 15 MG / guaifenesin 350 MG / phenylephrine hydrochloride 12 MG Oral Tablet
1603294,SCD,dextromethorphan hydrobromide 15 MG / guaifenesin 380 MG / phenylephrine hydrochloride 10 MG Oral Tablet
1490000,SCD,dextromethorphan hydrobromide 15 MG / guaifenesin 395 MG / phenylephrine hydrochloride 10 MG Oral Tablet
1552200,SCD,dextromethorphan hydrobromide 15 MG / guaifenesin 400 MG / phenylephrine hydrochloride 10 MG Oral Tablet
1808604,SCD,dextromethorphan hydrobromide 17.5 MG / guaifenesin 385 MG / phenylephrine hydrochloride 10 MG Oral Tablet
2172190,SCD,dextromethorphan hydrobromide 17.5 MG / guaifenesin 400 MG / phenylephrine hydrochloride 10 MG Oral Tablet
1305214,SCD,dextromethorphan hydrobromide 20 MG / guaifenesin 400 MG / phenylephrine hydrochloride 10 MG Oral Tablet
2167784,SCD,dextromethorphan hydrobromide 28 MG / guaifenesin 388 MG / phenylephrine hydrochloride 10 MG Oral Tablet
2603662,SCD,dextromethorphan hydrobromide 29 MG / guaifenesin 390 MG / phenylephrine hydrochloride 10 MG Oral Tablet
1098911,SCD,dextromethorphan hydrobromide 1 MG/ML / guaifenesin 10 MG/ML / pseudoephedrine hydrochloride 3 MG/ML Oral Solution
1099085,SCD,dextromethorphan hydrobromide 2 MG/ML / guaifenesin 20 MG/ML / pseudoephedrine hydrochloride 6 MG/ML Oral Solution
1435143,SCD,dextromethorphan hydrobromide 2 MG/ML / guaifenesin 37.4 MG/ML / pseudoephedrine hydrochloride 6 MG/ML Oral Solution
1241674,SCD,dextromethorphan hydrobromide 2.5 MG/ML / guaifenesin 25 MG/ML / pseudoephedrine hydrochloride 7.5 MG/ML Oral Solution
1424919,SCD,dextromethorphan hydrobromide 3 MG/ML / guaifenesin 35 MG/ML / pseudoephedrine hydrochloride 6 MG/ML Oral Solution
1098227,SCD,dextromethorphan hydrobromide 3 MG/ML / guaifenesin 40 MG/ML / pseudoephedrine hydrochloride 6 MG/ML Oral Solution
1358623,SCD,dextromethorphan hydrobromide 4 MG/ML / guaifenesin 20 MG/ML / pseudoephedrine hydrochloride 10 MG/ML Oral Solution
1090468,SCD,dextromethorphan hydrobromide 10 MG / guaifenesin 200 MG / pseudoephedrine hydrochloride 30 MG Oral Capsule
1114896,SCD,dextromethorphan hydrobromide 10 MG / guaifenesin 200 MG / pseudoephedrine hydrochloride 30 MG Oral Tablet
1424849,SCD,12 HR dextromethorphan hydrobromide 30 MG / guaifenesin 580 MG / pseudoephedrine hydrochloride 60 MG Extended Release Oral Tablet
2167676,SCD,12 HR dextromethorphan hydrobromide 40 MG / guaifenesin 780 MG / pseudoephedrine hydrochloride 80 MG Extended Release Oral Tablet
1430404,SCD,12 HR dextromethorphan hydrobromide 60 MG / guaifenesin 1200 MG / pseudoephedrine hydrochloride 60 MG Extended Release Oral Tablet
1094460,SCD,dextromethorphan hydrobromide 15 MG / guaifenesin 190 MG / pseudoephedrine hydrochloride 30 MG Oral Tablet
1426660,SCD,dextromethorphan hydrobromide 15 MG / guaifenesin 400 MG / pseudoephedrine hydrochloride 60 MG Oral Tablet
2368128,SCD,dextromethorphan hydrobromide 20 MG / guaifenesin 375 MG / pseudoephedrine hydrochloride 60 MG Oral Tablet
1427998,SCD,dextromethorphan hydrobromide 20 MG / guaifenesin 380 MG / pseudoephedrine hydrochloride 60 MG Oral Tablet
2167782,SCD,dextromethorphan hydrobromide 20 MG / guaifenesin 400 MG / pseudoephedrine hydrochloride 20 MG Oral Tablet
1300017,SCD,dextromethorphan hydrobromide 20 MG / guaifenesin 400 MG / pseudoephedrine hydrochloride 30 MG Oral Tablet
2167783,SCD,dextromethorphan hydrobromide 20 MG / guaifenesin 400 MG / pseudoephedrine hydrochloride 40 MG Oral Tablet
1307253,SCD,dextromethorphan hydrobromide 20 MG / guaifenesin 400 MG / pseudoephedrine hydrochloride 60 MG Oral Tablet
1251296,SCD,dextromethorphan hydrobromide 30 MG / guaifenesin 400 MG / pseudoephedrine hydrochloride 60 MG Oral Tablet
2639752,SCD,dextromethorphan hydrobromide 2 MG/ML / pheniramine maleate 2.5 MG/ML / phenylephrine hydrochloride 1 MG/ML Oral Solution
2639753,SCD,dextromethorphan hydrobromide 1.5 MG/ML / phenylephrine hydrochloride 1 MG/ML / pyrilamine maleate 2.5 MG/ML Oral Solution
1147823,SCD,dextromethorphan hydrobromide 2 MG/ML / phenylephrine hydrochloride 1 MG/ML / pyrilamine maleate 1.67 MG/ML Oral Solution
1427392,SCD,dextromethorphan hydrobromide 2 MG/ML / phenylephrine hydrochloride 1 MG/ML / thonzylamine hydrochloride 5 MG/ML Oral Solution
2268058,SCD,dextromethorphan hydrobromide 3 MG/ML / phenylephrine hydrochloride 1 MG/ML / triprolidine hydrochloride 0.25 MG/ML Oral Solution
1492052,SCD,dextromethorphan hydrobromide 4 MG/ML / phenylephrine hydrochloride 2 MG/ML / triprolidine hydrochloride 0.5 MG/ML Oral Solution
2699313,SCD,dextromethorphan hydrobromide 3 MG/ML / pseudoephedrine hydrochloride 6 MG/ML / triprolidine hydrochloride 0.25 MG/ML Oral Solution
2707699,SCD,dextromethorphan hydrobromide 4 MG/ML / pseudoephedrine hydrochloride 6 MG/ML / triprolidine hydrochloride 0.5 MG/ML Oral Solution
1113397,SCD,acetaminophen 32 MG/ML / chlorpheniramine maleate 0.2 MG/ML / dextromethorphan hydrobromide 1 MG/ML / phenylephrine hydrochloride 0.5 MG/ML Oral Suspension
1370440,SCD,acetaminophen 50 MG/ML / chlorpheniramine maleate 0.8 MG/ML / dextromethorphan hydrobromide 2 MG/ML / phenylephrine hydrochloride 2 MG/ML Oral Solution
2121065,SCD,acetaminophen 65 MG/ML / chlorpheniramine maleate 0.4 MG/ML / dextromethorphan hydrobromide 1.3 MG/ML / phenylephrine hydrochloride 1 MG/ML Oral Solution
1242747,SCD,acetaminophen 162.5 MG / chlorpheniramine maleate 2 MG / dextromethorphan hydrobromide 10 MG / phenylephrine hydrochloride 5 MG Oral Capsule
1245169,SCD,acetaminophen 163 MG / chlorpheniramine maleate 2 MG / dextromethorphan hydrobromide 10 MG / phenylephrine hydrochloride 5 MG Oral Tablet
1536477,SCD,acetaminophen 250 MG / chlorpheniramine maleate 2 MG / dextromethorphan hydrobromide 10 MG / phenylephrine hydrochloride 5 MG Effervescent Oral Tablet
1193292,SCD,acetaminophen 250 MG / chlorpheniramine maleate 2 MG / dextromethorphan hydrobromide 10 MG / phenylephrine hydrochloride 5 MG Oral Capsule
2557336,SCD,acetaminophen 325 MG / chlorpheniramine maleate 2 MG / dextromethorphan hydrobromide 10 MG / phenylephrine hydrochloride 5 MG Effervescent Oral Tablet
1042688,SCD,acetaminophen 325 MG / chlorpheniramine maleate 2 MG / dextromethorphan hydrobromide 10 MG / phenylephrine hydrochloride 5 MG Oral Capsule
1086991,SCD,acetaminophen 325 MG / chlorpheniramine maleate 2 MG / dextromethorphan hydrobromide 10 MG / phenylephrine hydrochloride 5 MG Oral Tablet
1307244,SCD,acetaminophen 325 MG / chlorpheniramine maleate 2 MG / dextromethorphan hydrobromide 15 MG / phenylephrine hydrochloride 5 MG Oral Tablet
1744049,SCD,acetaminophen 325 MG / chlorpheniramine maleate 3 MG / dextromethorphan hydrobromide 30 MG / phenylephrine hydrochloride 5 MG Oral Tablet
2709229,SCD,acetaminophen 325 MG / chlorpheniramine maleate 4 MG / dextromethorphan hydrobromide 20 MG / phenylephrine hydrochloride 10 MG Oral Tablet
1536934,SCD,acetaminophen 325 MG / chlorpheniramine maleate 2 MG / dextromethorphan hydrobromide 10 MG / phenylpropanolamine bitartrate 20 MG Effervescent Oral Tablet
2049283,SCD,acetaminophen 33.3 MG/ML / chlorpheniramine maleate 0.133 MG/ML / dextromethorphan hydrobromide 1 MG/ML / pseudoephedrine hydrochloride 2 MG/ML Oral Solution
1366825,SCD,acetaminophen 80 MG / chlorpheniramine maleate 0.5 MG / dextromethorphan hydrobromide 2.5 MG / pseudoephedrine hydrochloride 7.5 MG Chewable Tablet
1299662,SCD,acetaminophen 325 MG / chlorpheniramine maleate 2 MG / dextromethorphan hydrobromide 10 MG / pseudoephedrine hydrochloride 30 MG Oral Capsule
1147795,SCD,acetaminophen 325 MG / chlorpheniramine maleate 2 MG / dextromethorphan hydrobromide 10 MG / pseudoephedrine hydrochloride 30 MG Oral Tablet
1299646,SCD,acetaminophen 325 MG / chlorpheniramine maleate 2 MG / dextromethorphan hydrobromide 15 MG / pseudoephedrine hydrochloride 30 MG Oral Capsule
1089968,SCD,acetaminophen 500 MG / chlorpheniramine maleate 2 MG / dextromethorphan hydrobromide 15 MG / pseudoephedrine hydrochloride 30 MG Oral Tablet
1996098,SCD,acetaminophen 32.5 MG/ML / dextromethorphan hydrobromide 1 MG/ML / diphenhydramine hydrochloride 1.25 MG/ML / phenylephrine hydrochloride 0.5 MG/ML Oral Solution
1298288,SCD,acetaminophen 650 MG / dextromethorphan hydrobromide 30 MG / diphenhydramine hydrochloride 50 MG / pseudoephedrine hydrochloride 60 MG Oral Tablet
1431245,SCD,acetaminophen 21.7 MG/ML / dextromethorphan hydrobromide 0.667 MG/ML / doxylamine succinate 0.417 MG/ML / phenylephrine hydrochloride 0.333 MG/ML Oral Solution
2733907,SCD,acetaminophen 43.3 MG/ML / dextromethorphan hydrobromide 1.33 MG/ML / doxylamine succinate 0.833 MG/ML / phenylephrine hydrochloride 0.667 MG/ML Oral Solution
1536999,SCD,acetaminophen 250 MG / dextromethorphan hydrobromide 10 MG / doxylamine succinate 6.25 MG / phenylephrine hydrochloride 5 MG Effervescent Oral Tablet
1297288,SCD,acetaminophen 325 MG / dextromethorphan hydrobromide 10 MG / doxylamine succinate 6.25 MG / phenylephrine hydrochloride 5 MG Oral Capsule
1546881,SCD,acetaminophen 325 MG / dextromethorphan hydrobromide 10 MG / doxylamine succinate 6.25 MG / phenylephrine hydrochloride 5 MG Oral Tablet
2677914,SCD,acetaminophen 325 MG / dextromethorphan hydrobromide 10 MG / doxylamine succinate 6.25 MG / phenylephrine hydrochloride 5 MG Powder for Oral Solution
2734621,SCD,acetaminophen 325 MG / dextromethorphan hydrobromide 15 MG / doxylamine succinate 6.25 MG / phenylephrine hydrochloride 5 MG Oral Capsule
1534835,SCD,acetaminophen 650 MG / dextromethorphan hydrobromide 20 MG / doxylamine succinate 12.5 MG / phenylephrine hydrochloride 10 MG Powder for Oral Solution
1237110,SCD,acetaminophen 33.3 MG/ML / dextromethorphan hydrobromide 1 MG/ML / doxylamine succinate 0.417 MG/ML / pseudoephedrine hydrochloride 2 MG/ML Oral Solution
1236395,SCD,acetaminophen 250 MG / dextromethorphan hydrobromide 10 MG / doxylamine succinate 6.25 MG / pseudoephedrine hydrochloride 30 MG Oral Capsule
1089822,SCD,acetaminophen 325 MG / dextromethorphan hydrobromide 15 MG / doxylamine succinate 6.25 MG / pseudoephedrine hydrochloride 30 MG Oral Capsule
2723021,SCD,acetaminophen 500 MG / dextromethorphan hydrobromide 15 MG / doxylamine succinate 6.25 MG / pseudoephedrine hydrochloride 30 MG Oral Capsule
1369842,SCD,acetaminophen 21.7 MG/ML / dextromethorphan hydrobromide 0.667 MG/ML / guaifenesin 13.3 MG/ML / phenylephrine hydrochloride 0.333 MG/ML Oral Solution
1790651,SCD,acetaminophen 25 MG/ML / dextromethorphan hydrobromide 1.33 MG/ML / guaifenesin 20 MG/ML / phenylephrine hydrochloride 0.5 MG/ML Oral Solution
1116572,SCD,acetaminophen 32.5 MG/ML / dextromethorphan hydrobromide 1 MG/ML / guaifenesin 20 MG/ML / phenylephrine hydrochloride 0.5 MG/ML Oral Solution
1593450,SCD,acetaminophen 32.5 MG/ML / dextromethorphan hydrobromide 1 MG/ML / guaifenesin 20 MG/ML / phenylephrine hydrochloride 0.5 MG/ML Oral Suspension
2712155,SCD,acetaminophen 32.5 MG/ML / dextromethorphan hydrobromide 2 MG/ML / guaifenesin 40 MG/ML / phenylephrine hydrochloride 1 MG/ML Oral Solution
1432488,SCD,acetaminophen 250 MG / dextromethorphan hydrobromide 10 MG / guaifenesin 200 MG / phenylephrine hydrochloride 5 MG Oral Capsule
1098435,SCD,acetaminophen 325 MG / dextromethorphan hydrobromide 10 MG / guaifenesin 100 MG / phenylephrine hydrochloride 5 MG Oral Tablet
1656815,SCD,acetaminophen 325 MG / dextromethorphan hydrobromide 10 MG / guaifenesin 200 MG / phenylephrine hydrochloride 5 MG Oral Capsule
1110988,SCD,acetaminophen 325 MG / dextromethorphan hydrobromide 10 MG / guaifenesin 200 MG / phenylephrine hydrochloride 5 MG Oral Tablet
2677915,SCD,acetaminophen 325 MG / dextromethorphan hydrobromide 10 MG / guaifenesin 200 MG / phenylephrine hydrochloride 5 MG Powder for Oral Solution
1367204,SCD,acetaminophen 325 MG / dextromethorphan hydrobromide 15 MG / guaifenesin 200 MG / phenylephrine hydrochloride 5 MG Oral Tablet
1484879,SCD,acetaminophen 500 MG / dextromethorphan hydrobromide 20 MG / guaifenesin 400 MG / phenylephrine hydrochloride 10 MG Oral Tablet
1550968,SCD,acetaminophen 500 MG / dextromethorphan hydrobromide 20 MG / guaifenesin 400 MG / phenylephrine hydrochloride 10 MG Powder for Oral Solution
1090476,SCD,acetaminophen 250 MG / dextromethorphan hydrobromide 10 MG / guaifenesin 100 MG / pseudoephedrine hydrochloride 30 MG Oral Capsule
2723022,SCD,acetaminophen 325 MG / dextromethorphan hydrobromide 10 MG / guaifenesin 200 MG / pseudoephedrine hydrochloride 30 MG Oral Capsule
1673869,SCD,acetaminophen 325 MG / dextromethorphan hydrobromide 20 MG / guaifenesin 200 MG / pseudoephedrine hydrochloride 60 MG Oral Tablet
1359154,SCD,acetaminophen 500 MG / dextromethorphan hydrobromide 20 MG / guaifenesin 400 MG / pseudoephedrine hydrochloride 60 MG Oral Tablet
2173662,SCD,acetaminophen 32.5 MG/ML / dextromethorphan hydrobromide 1 MG/ML / phenylephrine hydrochloride 0.5 MG/ML / triprolidine hydrochloride 0.125 MG/ML Oral Solution
2608082,SCD,acetaminophen 325 MG / dextromethorphan hydrobromide 10 MG / phenylephrine hydrochloride 5 MG / triprolidine hydrochloride 1.25 MG Oral Capsule
2549037,SCD,acetaminophen 325 MG / dextromethorphan hydrobromide 10 MG / phenylephrine hydrochloride 5 MG / triprolidine hydrochloride 1.25 MG Oral Tablet
1537029,SCD,aspirin 325 MG / chlorpheniramine maleate 2 MG / dextromethorphan hydrobromide 10 MG / phenylephrine bitartrate 7.8 MG Effervescent Oral Tablet
2565491,SCD,aspirin 325 MG / dextromethorphan hydrobromide 10 MG / doxylamine succinate 6.25 MG / phenylephrine bitartrate 7.8 MG Effervescent Oral Tablet
1536503,SCD,aspirin 500 MG / dextromethorphan hydrobromide 10 MG / doxylamine succinate 6.25 MG / phenylephrine bitartrate 7.8 MG Effervescent Oral Tablet
1743369,SCD,acetaminophen 25 MG/ML / chlorpheniramine maleate 0.4 MG/ML / dextromethorphan hydrobromide 1.33 MG/ML / guaifenesin 20 MG/ML / phenylephrine hydrochloride 0.5 MG/ML Oral Solution
1246254,SBD,dextromethorphan hydrobromide 1 MG/ML Oral Solution [Creomulsion]
1114041,SBD,dextromethorphan hydrobromide 1 MG/ML Oral Solution [DayQuil Cough]
1246340,SBD,dextromethorphan hydrobromide 1.33 MG/ML Oral Solution [Creomulsion]
1483723,SBD,dextromethorphan hydrobromide 1.5 MG/ML Oral Solution [Babee Cof]
1483726,SBD,dextromethorphan hydrobromide 1.5 MG/ML Oral Solution [Elixsure Cough]
1422935,SBD,dextromethorphan hydrobromide 2 MG/ML Oral Solution [Scot-tussin Diabetic CF]
2122415,SBD,dextromethorphan hydrobromide 2.2 MG/ACTUAT Oral Spray [Zicam Cough]
2122389,SBD,dextromethorphan hydrobromide 2.5 MG Oral Lozenge [Scot-Tussin DM Cough Chasers]
1536157,SBD,dextromethorphan hydrobromide 2.5 MG/ML Oral Suspension [Buckley's Cough Suppressant]
1099285,SBD,dextromethorphan hydrobromide 3 MG/ML Oral Solution [Mielim Y Mas]
2122395,SBD,dextromethorphan hydrobromide 3.3 MG/ACTUAT Oral Spray [Zicam Cough]
1596947,SBD,dextromethorphan hydrobromide 6 MG/ACTUAT Oral Spray [Zicam Cough]
1111766,SBD,dextromethorphan hydrobromide 15 MG Oral Capsule [Robafen Cough]
1373128,SBD,12 HR dextromethorphan polistirex 6 MG/ML Extended Release Suspension [Delsym]
1092424,SBD,diphenhydramine hydrochloride 2.5 MG/ML Oral Solution [Banophen]
1049908,SBD,diphenhydramine hydrochloride 2.5 MG/ML Oral Solution [Benadryl]
1094188,SBD,diphenhydramine hydrochloride 2.5 MG/ML Oral Solution [Diphedryl]
1094451,SBD,diphenhydramine hydrochloride 2.5 MG/ML Oral Solution [Scot-Tussin Allergy]
1094393,SBD,diphenhydramine hydrochloride 2.5 MG/ML Oral Solution [Siladryl]
1086767,SBD,diphenhydramine hydrochloride 2.5 MG/ML Oral Solution [Wal-Dryl Childrens]
1039255,SBD,benzocaine 7.5 MG / dextromethorphan hydrobromide 5 MG Oral Lozenge [Cepacol Sore Throat Plus Cough]
2741703,SBD,bupropion hydrochloride 105 MG / dextromethorphan hydrobromide 30 MG Extended Release Oral Tablet [Auvelity]
2611266,SBD,bupropion hydrochloride 105 MG / dextromethorphan hydrobromide 45 MG Extended Release Oral Tablet [Auvelity]
1040058,SBD,dextromethorphan hydrobromide 20 MG / quinidine sulfate 10 MG Oral Capsule [Nuedexta]
1872897,SBD,benzocaine 6 MG / dextromethorphan hydrobromide 5 MG / menthol 10 MG Oral Lozenge [Cepastat Sore Throat & Cough]
1045541,SBD,benzocaine 6 MG / dextromethorphan hydrobromide 5 MG / menthol 10 MG Oral Lozenge [Chloraseptic Sore Throat + Cough]
1358993,SBD,brompheniramine maleate 0.4 MG/ML / dextromethorphan hydrobromide 2 MG/ML / pseudoephedrine hydrochloride 6 MG/ML Oral Solution [Bromfed DM]
2683422,GPCK,{1 (brompheniramine maleate 0.2 MG/ML / dextromethorphan hydrobromide 1 MG/ML Oral Solution) / 1 (diphenhydramine hydrochloride 1.25 MG/ML Oral Solution) } Pack
1360638,GPCK,{1 (dextromethorphan hydrobromide 1 MG/ML / doxylamine succinate 0.417 MG/ML Oral Solution) / 1 (dextromethorphan hydrobromide 1 MG/ML Oral Solution) } Pack
2683425,GPCK,{1 (dextromethorphan hydrobromide 10 MG / doxylamine succinate 6.25 MG Chewable Tablet) / 1 (dextromethorphan hydrobromide 10 MG Chewable Tablet) } Pack
2685490,GPCK,{1 (dextromethorphan hydrobromide 0.667 MG/ML / guaifenesin 13.3 MG/ML Oral Solution) / 1 (diphenhydramine hydrochloride 0.833 MG/ML Oral Solution) } Pack
2683226,GPCK,{1 (dextromethorphan hydrobromide 1 MG/ML / guaifenesin 20 MG/ML Oral Solution) / 1 (diphenhydramine hydrochloride 2.5 MG/ML Oral Solution) } Pack
2693776,GPCK,{1 (acetaminophen 32 MG/ML / dextromethorphan hydrobromide 0.5 MG/ML Oral Suspension) / 1 (acetaminophen 32.5 MG/ML / diphenhydramine hydrochloride 1.25 MG/ML Oral Suspension) } Pack
2679426,GPCK,{1 (acetaminophen 500 MG / dextromethorphan hydrobromide 20 MG Granules for Oral Solution) / 1 (acetaminophen 650 MG / diphenhydramine hydrochloride 25 MG Granules for Oral Solution) } Pack
2362250,GPCK,{1 (chlorpheniramine maleate 0.2 MG/ML / dextromethorphan hydrobromide 1.5 MG/ML Oral Solution) / 1 (dextromethorphan hydrobromide 1 MG/ML / guaifenesin 10 MG/ML Oral Solution) } Pack
2119625,GPCK,{1 (chlorpheniramine maleate 0.2 MG/ML / dextromethorphan hydrobromide 1.5 MG/ML Oral Solution) / 1 (dextromethorphan hydrobromide 1 MG/ML / guaifenesin 20 MG/ML Oral Solution) } Pack
2743069,GPCK,{1 (chlorpheniramine maleate 0.2 MG/ML / dextromethorphan hydrobromide 1.5 MG/ML Oral Suspension) / 1 (dextromethorphan hydrobromide 1 MG/ML / guaifenesin 20 MG/ML Oral Suspension) } Pack
2743625,GPCK,{1 (dextromethorphan hydrobromide 0.667 MG/ML / doxylamine succinate 0.417 MG/ML Oral Solution) / 1 (dextromethorphan hydrobromide 0.667 MG/ML / guaifenesin 6.67 MG/ML Oral Solution) } Pack
2722413,GPCK,{1 (dextromethorphan hydrobromide 1 MG/ML / guaifenesin 10 MG/ML Oral Solution) / 1 (dextromethorphan hydrobromide 1.5 MG/ML / doxylamine succinate 0.625 MG/ML Oral Solution) } Pack
2056073,GPCK,{1 (dextromethorphan hydrobromide 1 MG/ML / guaifenesin 20 MG/ML Oral Solution) / 1 (dextromethorphan hydrobromide 1.5 MG/ML / doxylamine succinate 0.625 MG/ML Oral Solution) } Pack
1795585,GPCK,{1 (dextromethorphan hydrobromide 2 MG/ML / guaifenesin 40 MG/ML Oral Solution) / 1 (dextromethorphan hydrobromide 3 MG/ML / doxylamine succinate 1.25 MG/ML Oral Solution) } Pack
1730190,GPCK,{1 (dextromethorphan hydrobromide 1 MG/ML / phenylephrine hydrochloride 0.5 MG/ML Oral Solution) / 1 (diphenhydramine hydrochloride 1.25 MG/ML / phenylephrine hydrochloride 0.5 MG/ML Oral Solution) } Pack
2744512,GPCK,{21 (bupropion hydrochloride 105 MG / dextromethorphan hydrobromide 30 MG Extended Release Oral Tablet) / 14 (bupropion hydrochloride 105 MG / dextromethorphan hydrobromide 45 MG Extended Release Oral Tablet) } Pack
2744514,GPCK,{21 (bupropion hydrochloride 105 MG / dextromethorphan hydrobromide 30 MG Extended Release Oral Tablet) / 30 (bupropion hydrochloride 105 MG / dextromethorphan hydrobromide 45 MG Extended Release Oral Tablet) } Pack
2604635,GPCK,{1 (acetaminophen 33.3 MG/ML / chlorpheniramine maleate 0.133 MG/ML / dextromethorphan hydrobromide 1 MG/ML Oral Solution) / 1 (acetaminophen 33.3 MG/ML / dextromethorphan hydrobromide 1 MG/ML Oral Solution) } Pack
2744508,GPCK,{1 (acetaminophen 250 MG / chlorpheniramine maleate 2 MG / dextromethorphan hydrobromide 10 MG Effervescent Oral Tablet) / 1 (acetaminophen 250 MG / dextromethorphan hydrobromide 10 MG Effervescent Oral Tablet) } Pack
1250983,GPCK,{1 (acetaminophen 500 MG / chlorpheniramine maleate 2 MG / dextromethorphan hydrobromide 15 MG Oral Tablet) / 1 (dextromethorphan hydrobromide 10 MG / guaifenesin 200 MG Oral Capsule) } Pack
2604579,GPCK,{1 (acetaminophen 500 MG / chlorpheniramine maleate 2 MG / dextromethorphan hydrobromide 15 MG Oral Tablet) / 1 (acetaminophen 500 MG / dextromethorphan hydrobromide 15 MG Oral Tablet) } Pack
2636659,GPCK,{1 (acetaminophen 1000 MG / chlorpheniramine maleate 4 MG / dextromethorphan hydrobromide 30 MG Powder for Oral Solution) / 1 (acetaminophen 1000 MG / dextromethorphan hydrobromide 30 MG Powder for Oral Solution) } Pack
2637756,GPCK,{1 (acetaminophen 21.7 MG/ML / dextromethorphan hydrobromide 0.667 MG/ML Oral Solution) / 1 (acetaminophen 21.7 MG/ML / dextromethorphan hydrobromide 1 MG/ML / doxylamine succinate 0.417 MG/ML Oral Solution) } Pack
2693777,GPCK,{1 (acetaminophen 32.5 MG/ML / dextromethorphan hydrobromide 1 MG/ML Oral Suspension) / 1 (acetaminophen 32.5 MG/ML / dextromethorphan hydrobromide 1.5 MG/ML / doxylamine succinate 0.625 MG/ML Oral Suspension) } Pack
2676954,GPCK,{1 (acetaminophen 325 MG / dextromethorphan hydrobromide 10 MG Oral Capsule) / 1 (acetaminophen 325 MG / dextromethorphan hydrobromide 15 MG / doxylamine succinate 6.25 MG Oral Capsule) } Pack
2687211,GPCK,{1 (acetaminophen 21.7 MG/ML / dextromethorphan hydrobromide 0.667 MG/ML / doxylamine succinate 0.417 MG/ML Oral Solution) / 1 (acetaminophen 21.7 MG/ML / dextromethorphan hydrobromide 0.667 MG/ML Oral Solution) } Pack
2692304,GPCK,{1 (acetaminophen 32.5 MG/ML / dextromethorphan hydrobromide 1.5 MG/ML / doxylamine succinate 0.625 MG/ML Oral Suspension) / 1 (dextromethorphan hydrobromide 1 MG/ML / guaifenesin 20 MG/ML Oral Suspension) } Pack
1242575,GPCK,{1 (acetaminophen 33.3 MG/ML / dextromethorphan hydrobromide 1 MG/ML / doxylamine succinate 0.417 MG/ML Oral Solution) / 1 (acetaminophen 33.3 MG/ML / dextromethorphan hydrobromide 1 MG/ML Oral Solution) } Pack
2663936,GPCK,{1 (acetaminophen 325 MG / dextromethorphan hydrobromide 10 MG / doxylamine succinate 6.25 MG Oral Capsule) / 1 (acetaminophen 325 MG / dextromethorphan hydrobromide 10 MG Oral Capsule) } Pack
2713313,GPCK,{1 (acetaminophen 325 MG / dextromethorphan hydrobromide 10 MG / doxylamine succinate 6.25 MG Oral Tablet) / 1 (acetaminophen 325 MG / dextromethorphan hydrobromide 10 MG Oral Tablet) } Pack
2612689,GPCK,{1 (acetaminophen 325 MG / dextromethorphan hydrobromide 10 MG / doxylamine succinate 6.25 MG Oral Capsule) / 1 (acetaminophen 325 MG / guaifenesin 200 MG Oral Capsule) } Pack
2695452,GPCK,{1 (acetaminophen 21.7 MG/ML / dextromethorphan hydrobromide 0.667 MG/ML / guaifenesin 13.3 MG/ML Oral Solution) / 1 (acetaminophen 21.7 MG/ML / diphenhydramine hydrochloride 0.833 MG/ML Oral Solution) } Pack
2287760,GPCK,{1 (acetaminophen 32.5 MG/ML / dextromethorphan hydrobromide 1 MG/ML / triprolidine hydrochloride 0.125 MG/ML Oral Solution) / 1 (dextromethorphan hydrobromide 1 MG/ML / guaifenesin 20 MG/ML Oral Solution) } Pack
2744509,GPCK,{1 (acetaminophen 32.5 MG/ML / dextromethorphan hydrobromide 1 MG/ML / triprolidine hydrochloride 0.125 MG/ML Oral Solution) / 1 (acetaminophen 32.5 MG/ML / dextromethorphan hydrobromide 1 MG/ML Oral Solution) } Pack
2717875,GPCK,{1 (acetaminophen 325 MG / dextromethorphan hydrobromide 10 MG / triprolidine hydrochloride 1.25 MG Oral Tablet) / 1 (acetaminophen 325 MG / dextromethorphan hydrobromide 10 MG Oral Tablet) } Pack
2717656,GPCK,{1 (acetaminophen 325 MG / dextromethorphan hydrobromide 10 MG / triprolidine hydrochloride 1.25 MG Oral Tablet) / 1 (acetaminophen 325 MG / guaifenesin 200 MG Oral Tablet) } Pack
2637730,GPCK,{1 (acetaminophen 32.5 MG/ML / diphenhydramine hydrochloride 1.25 MG/ML / phenylephrine hydrochloride 0.5 MG/ML Oral Solution) / 1 (dextromethorphan hydrobromide 1 MG/ML / guaifenesin 20 MG/ML Oral Solution) } Pack
1666116,GPCK,{1 (brompheniramine maleate 0.2 MG/ML / dextromethorphan hydrobromide 1 MG/ML / phenylephrine hydrochloride 0.5 MG/ML Oral Solution) / 1 (diphenhydramine hydrochloride 1.25 MG/ML / phenylephrine hydrochloride 0.5 MG/ML Oral Solution) } Pack
2644878,GPCK,{1 (chlorpheniramine maleate 0.133 MG/ML / dextromethorphan hydrobromide 1 MG/ML Oral Solution) / 1 (dextromethorphan hydrobromide 0.667 MG/ML / guaifenesin 6.667 MG/ML / phenylephrine hydrochloride 0.333 MG/ML Oral Solution) } Pack
2626497,GPCK,{1 (dextromethorphan hydrobromide 0.667 MG/ML / guaifenesin 13.33 MG/ML / phenylephrine hydrochloride 0.333 MG/ML Oral Solution) / 1 (diphenhydramine hydrochloride 0.833 MG/ML / phenylephrine hydrochloride 0.333 MG/ML Oral Solution) } Pack
1648203,GPCK,{1 (acetaminophen 325 MG / dextromethorphan hydrobromide 10 MG / doxylamine succinate 6.25 MG Oral Capsule) / 1 (acetaminophen 325 MG / dextromethorphan hydrobromide 10 MG / phenylephrine hydrochloride 5 MG Oral Capsule) } Pack
1803669,GPCK,{1 (acetaminophen 21.7 MG/ML / dextromethorphan hydrobromide 0.667 MG/ML / phenylephrine hydrochloride 0.333 MG/ML Oral Solution) / 1 (acetaminophen 21.7 MG/ML / diphenhydramine hydrochloride 0.833 MG/ML / phenylephrine hydrochloride 0.333 MG/ML Oral Solution) } Pack
2637726,GPCK,{1 (acetaminophen 21.7 MG/ML / dextromethorphan hydrobromide 0.667 MG/ML / phenylephrine hydrochloride 0.333 MG/ML Oral Solution) / 1 (acetaminophen 21.7 MG/ML / dextromethorphan hydrobromide 1 MG/ML / doxylamine succinate 0.417 MG/ML Oral Solution) } Pack
2634564,GPCK,{1 (acetaminophen 325 MG / dextromethorphan hydrobromide 10 MG / phenylephrine hydrochloride 5 MG Oral Capsule) / 1 (acetaminophen 325 MG / dextromethorphan hydrobromide 15 MG / doxylamine succinate 6.25 MG Oral Capsule) } Pack
2640034,GPCK,{1 (acetaminophen 500 MG / dextromethorphan hydrobromide 20 MG / phenylephrine hydrochloride 10 MG Granules for Oral Solution) / 1 (acetaminophen 650 MG / diphenhydramine hydrochloride 25 MG / phenylephrine hydrochloride 10 MG Granules for Oral Solution) } Pack
1428880,GPCK,{1 (acetaminophen 650 MG / dextromethorphan hydrobromide 20 MG / phenylephrine hydrochloride 10 MG Granules for Oral Solution) / 1 (acetaminophen 650 MG / diphenhydramine hydrochloride 25 MG / phenylephrine hydrochloride 10 MG Granules for Oral Solution) } Pack
2390630,GPCK,{1 (acetaminophen 32.5 MG/ML / dextromethorphan hydrobromide 1 MG/ML / triprolidine hydrochloride 0.125 MG/ML Oral Solution) / 1 (dextromethorphan hydrobromide 1 MG/ML / guaifenesin 20 MG/ML / phenylephrine hydrochloride 0.5 MG/ML Oral Solution) } Pack
2560238,GPCK,{1 (acetaminophen 325 MG / dextromethorphan hydrobromide 10 MG / triprolidine hydrochloride 1.25 MG Oral Tablet) / 1 (dextromethorphan hydrobromide 10 MG / guaifenesin 200 MG / phenylephrine hydrochloride 5 MG Oral Tablet) } Pack
2637728,GPCK,{1 (acetaminophen 32.5 MG/ML / diphenhydramine hydrochloride 1.25 MG/ML / phenylephrine hydrochloride 0.5 MG/ML Oral Solution) / 1 (dextromethorphan hydrobromide 1 MG/ML / guaifenesin 20 MG/ML / phenylephrine hydrochloride 0.5 MG/ML Oral Solution) } Pack
2634815,GPCK,{1 (acetaminophen 325 MG / diphenhydramine hydrochloride 12.5 MG / phenylephrine hydrochloride 5 MG Oral Tablet) / 1 (dextromethorphan hydrobromide 10 MG / guaifenesin 200 MG / phenylephrine hydrochloride 5 MG Oral Tablet) } Pack
2634560,GPCK,{1 (acetaminophen 325 MG / chlorpheniramine maleate 2 MG / dextromethorphan hydrobromide 10 MG / phenylephrine hydrochloride 5 MG Oral Tablet) / 1 (acetaminophen 325 MG / dextromethorphan hydrobromide 10 MG / phenylephrine hydrochloride 5 MG Oral Tablet) } Pack
2558505,GPCK,{1 (acetaminophen 500 MG / chlorpheniramine maleate 2 MG / dextromethorphan hydrobromide 15 MG / pseudoephedrine hydrochloride 30 MG Oral Tablet) / 1 (acetaminophen 500 MG / dextromethorphan hydrobromide 15 MG / pseudoephedrine hydrochloride 30 MG Oral Tablet) } Pack
2634363,GPCK,{1 (acetaminophen 325 MG / dextromethorphan hydrobromide 10 MG / doxylamine succinate 6.25 MG / phenylephrine hydrochloride 5 MG Oral Capsule) / 1 (acetaminophen 325 MG / dextromethorphan hydrobromide 10 MG / phenylephrine hydrochloride 5 MG Oral Capsule) } Pack
2637729,GPCK,{1 (acetaminophen 32.5 MG/ML / dextromethorphan hydrobromide 1 MG/ML / guaifenesin 20 MG/ML / phenylephrine hydrochloride 0.5 MG/ML Oral Solution) / 1 (acetaminophen 32.5 MG/ML / dextromethorphan hydrobromide 1 MG/ML / triprolidine hydrochloride 0.125 MG/ML Oral Solution) } Pack
1424850,GPCK,{1 (acetaminophen 32.5 MG/ML / dextromethorphan hydrobromide 1 MG/ML / guaifenesin 20 MG/ML / phenylephrine hydrochloride 0.5 MG/ML Oral Solution) / 1 (acetaminophen 32.5 MG/ML / diphenhydramine hydrochloride 1.25 MG/ML / phenylephrine hydrochloride 0.5 MG/ML Oral Solution) } Pack
2634562,GPCK,{1 (acetaminophen 325 MG / dextromethorphan hydrobromide 10 MG / guaifenesin 100 MG / phenylephrine hydrochloride 5 MG Oral Tablet) / 1 (acetaminophen 325 MG / diphenhydramine hydrochloride 25 MG / phenylephrine hydrochloride 5 MG Oral Tablet) } Pack
2634816,GPCK,{1 (acetaminophen 325 MG / dextromethorphan hydrobromide 10 MG / guaifenesin 200 MG / phenylephrine hydrochloride 5 MG Oral Tablet) / 1 (acetaminophen 325 MG / diphenhydramine hydrochloride 12.5 MG / phenylephrine hydrochloride 5 MG Oral Tablet) } Pack
2288826,GPCK,{1 (acetaminophen 32.5 MG/ML / dextromethorphan hydrobromide 1 MG/ML / phenylephrine hydrochloride 0.5 MG/ML / triprolidine hydrochloride 0.125 MG/ML Oral Solution) / 1 (dextromethorphan hydrobromide 1 MG/ML / guaifenesin 20 MG/ML / phenylephrine hydrochloride 0.5 MG/ML Oral Solution) } Pack
2397132,GPCK,{1 (acetaminophen 32.5 MG/ML / dextromethorphan hydrobromide 1 MG/ML / phenylephrine hydrochloride 0.5 MG/ML / triprolidine hydrochloride 0.125 MG/ML Oral Solution) / 1 (acetaminophen 32.5 MG/ML / guaifenesin 20 MG/ML / phenylephrine hydrochloride 0.5 MG/ML Oral Solution) } Pack
2664074,GPCK,{1 (aspirin 325 MG / chlorpheniramine maleate 2 MG / dextromethorphan hydrobromide 10 MG / phenylephrine bitartrate 7.8 MG Effervescent Oral Tablet) / 1 (aspirin 325 MG / dextromethorphan hydrobromide 10 MG / phenylephrine bitartrate 7.8 MG Effervescent Oral Tablet) } Pack
2565492,GPCK,{1 (aspirin 325 MG / dextromethorphan hydrobromide 10 MG / doxylamine succinate 6.25 MG / phenylephrine bitartrate 7.8 MG Effervescent Oral Tablet) / 1 (aspirin 325 MG / dextromethorphan hydrobromide 10 MG / phenylephrine bitartrate 7.8 MG Effervescent Oral Tablet) } Pack
1730187,GPCK,{1 (aspirin 325 MG / dextromethorphan hydrobromide 10 MG / phenylephrine bitartrate 7.8 MG Effervescent Oral Tablet) / 1 (aspirin 500 MG / dextromethorphan hydrobromide 10 MG / doxylamine succinate 6.25 MG / phenylephrine bitartrate 7.8 MG Effervescent Oral Tablet) } Pack
2634819,GPCK,{1 (acetaminophen 325 MG / chlorpheniramine maleate 2 MG / dextromethorphan hydrobromide 10 MG / phenylephrine hydrochloride 5 MG Oral Tablet) / 1 (acetaminophen 325 MG / dextromethorphan hydrobromide 10 MG / guaifenesin 200 MG / phenylephrine hydrochloride 5 MG Oral Tablet) } Pack
2637731,GPCK,{1 (acetaminophen 21.7 MG/ML / dextromethorphan hydrobromide 0.667 MG/ML / doxylamine succinate 0.417 MG/ML / phenylephrine hydrochloride 0.333 MG/ML Oral Solution) / 1 (acetaminophen 21.7 MG/ML / dextromethorphan hydrobromide 0.667 MG/ML / guaifenesin 13.3 MG/ML / phenylephrine hydrochloride 0.333 MG/ML Oral Solution) } Pack
2634364,GPCK,{1 (acetaminophen 325 MG / dextromethorphan hydrobromide 10 MG / doxylamine succinate 6.25 MG / phenylephrine hydrochloride 5 MG Oral Capsule) / 1 (acetaminophen 325 MG / dextromethorphan hydrobromide 10 MG / guaifenesin 200 MG / phenylephrine hydrochloride 5 MG Oral Capsule) } Pack
2634817,GPCK,{1 (acetaminophen 325 MG / dextromethorphan hydrobromide 10 MG / doxylamine succinate 6.25 MG / phenylephrine hydrochloride 5 MG Oral Tablet) / 1 (acetaminophen 325 MG / dextromethorphan hydrobromide 10 MG / guaifenesin 200 MG / phenylephrine hydrochloride 5 MG Oral Tablet) } Pack
2637727,GPCK,{1 (acetaminophen 32.5 MG/ML / dextromethorphan hydrobromide 1 MG/ML / guaifenesin 20 MG/ML / phenylephrine hydrochloride 0.5 MG/ML Oral Solution) / 1 (acetaminophen 32.5 MG/ML / dextromethorphan hydrobromide 1 MG/ML / phenylephrine hydrochloride 0.5 MG/ML / triprolidine hydrochloride 0.125 MG/ML Oral Solution) } Pack
1927849,GPCK,{1 (acetaminophen 250 MG / dextromethorphan hydrobromide 10 MG / guaifenesin 200 MG / phenylephrine hydrochloride 5 MG Oral Capsule) / 1 (acetaminophen 325 MG / dextromethorphan hydrobromide 10 MG / doxylamine succinate 6.25 MG / phenylephrine hydrochloride 5 MG Oral Capsule) } Pack
2560237,GPCK,{1 (acetaminophen 325 MG / dextromethorphan hydrobromide 10 MG / guaifenesin 200 MG / phenylephrine hydrochloride 5 MG Oral Tablet) / 1 (acetaminophen 325 MG / dextromethorphan hydrobromide 10 MG / phenylephrine hydrochloride 5 MG / triprolidine hydrochloride 1.25 MG Oral Tablet) } Pack
1804384,GPCK,{1 (acetaminophen 500 MG / dextromethorphan hydrobromide 20 MG / guaifenesin 400 MG / phenylephrine hydrochloride 10 MG Powder for Oral Solution) / 1 (acetaminophen 650 MG / dextromethorphan hydrobromide 20 MG / doxylamine succinate 12.5 MG / phenylephrine hydrochloride 10 MG Powder for Oral Solution) } Pack
2723023,GPCK,{1 (acetaminophen 325 MG / dextromethorphan hydrobromide 10 MG / guaifenesin 200 MG / pseudoephedrine hydrochloride 30 MG Oral Capsule) / 1 (acetaminophen 500 MG / dextromethorphan hydrobromide 15 MG / doxylamine succinate 6.25 MG / pseudoephedrine hydrochloride 30 MG Oral Capsule) } Pack
2744513,BPCK,{21 (bupropion hydrochloride 105 MG / dextromethorphan hydrobromide 30 MG Extended Release Oral Tablet [Auvelity]) / 14 (bupropion hydrochloride 105 MG / dextromethorphan hydrobromide 45 MG Extended Release Oral Tablet [Auvelity]) } Pack [Auvelity Sample Titration Pack]
2744515,BPCK,{21 (bupropion hydrochloride 105 MG / dextromethorphan hydrobromide 30 MG Extended Release Oral Tablet [Auvelity]) / 30 (bupropion hydrochloride 105 MG / dextromethorphan hydrobromide 45 MG Extended Release Oral Tablet [Auvelity]) } Pack [Auvelity Titration Pack]
377219,SCDF,dexmedetomidine Injectable Solution
1718899,SCDF,dexmedetomidine Injection
1732667,SCDF,dexmedetomidine Oral Gel
2601118,SCDF,dexmedetomidine Sublingual Film
2535254,SBDF,dexmedetomidine Injectable Solution [Dexased]
897076,SBDF,dexmedetomidine Injectable Solution [Dexdomitor]
2268608,SBDF,dexmedetomidine Injectable Solution [Dexmedesed]
2665896,SBDF,dexmedetomidine Injectable Solution [Dexmedvet]
2532530,SBDF,dexmedetomidine Injectable Solution [Sedexodine]
1718901,SBDF,dexmedetomidine Injection [Precedex]
1732671,SBDF,dexmedetomidine Oral Gel [Sileo]
2601125,SBDF,dexmedetomidine Sublingual Film [Igalmi]
2649387,SCDFP,dexmedetomidine hydrochloride Injectable Solution
2655893,SBDFP,dexmedetomidine hydrochloride Injectable Solution [Dexased]
2657700,SBDFP,dexmedetomidine hydrochloride Injectable Solution [Dexdomitor]
2656022,SBDFP,dexmedetomidine hydrochloride Injectable Solution [Dexmedesed]
2665897,SBDFP,dexmedetomidine hydrochloride Injectable Solution [Dexmedvet]
2658053,SBDFP,dexmedetomidine hydrochloride Injectable Solution [Sedexodine]
1154546,SCDG,dexmedetomidine Injectable Product
2601117,SCDG,dexmedetomidine Oral Film Product
1732665,SCDG,dexmedetomidine Oral Gel Product
1732666,SCDG,dexmedetomidine Oral Product
2601116,SCDG,dexmedetomidine Sublingual Product
2535255,SBDG,Dexased Injectable Product
1175262,SBDG,Dexdomitor Injectable Product
2268609,SBDG,Dexmedesed Injectable Product
2665895,SBDG,Dexmedvet Injectable Product
2601124,SBDG,Igalmi Oral Film Product
2601122,SBDG,Igalmi Oral Product
2601123,SBDG,Igalmi Sublingual Product
1185233,SBDG,Precedex Injectable Product
2532531,SBDG,Sedexodine Injectable Product
1732672,SBDG,Sileo Oral Gel Product
1732673,SBDG,Sileo Oral Product
2660968,SCDGP,dexmedetomidine hydrochloride Injectable Product
1732668,SCD,dexmedetomidine 0.00009 MG/MG Oral Gel
1788947,SCD,dexmedetomidine 0.1 MG/ML Injectable Solution
2601119,SCD,dexmedetomidine 0.12 MG Sublingual Film
2601129,SCD,dexmedetomidine 0.18 MG Sublingual Film
309710,SCD,2 ML dexmedetomidine 0.1 MG/ML Injection
1718900,SCD,20 ML dexmedetomidine 0.004 MG/ML Injection
1718906,SCD,50 ML dexmedetomidine 0.004 MG/ML Injection
1718909,SCD,100 ML dexmedetomidine 0.004 MG/ML Injection
2396891,SCD,250 ML dexmedetomidine 0.004 MG/ML Injection
1535224,SCD,dexmedetomidine hydrochloride 0.1 MG/ML Injectable Solution
1535228,SCD,dexmedetomidine hydrochloride 0.5 MG/ML Injectable Solution
1732674,SBD,dexmedetomidine 0.00009 MG/MG Oral Gel [Sileo]
2601126,SBD,dexmedetomidine 0.12 MG Sublingual Film [Igalmi]
2601131,SBD,dexmedetomidine 0.18 MG Sublingual Film [Igalmi]
284397,SBD,2 ML dexmedetomidine 0.1 MG/ML Injection [Precedex]
1718902,SBD,20 ML dexmedetomidine 0.004 MG/ML Injection [Precedex]
1718907,SBD,50 ML dexmedetomidine 0.004 MG/ML Injection [Precedex]
1718910,SBD,100 ML dexmedetomidine 0.004 MG/ML Injection [Precedex]
2396892,SBD,250 ML dexmedetomidine 0.004 MG/ML Injection [Precedex]
1535226,SBD,dexmedetomidine hydrochloride 0.1 MG/ML Injectable Solution [Dexdomitor]
2535256,SBD,dexmedetomidine hydrochloride 0.5 MG/ML Injectable Solution [Dexased]
1535230,SBD,dexmedetomidine hydrochloride 0.5 MG/ML Injectable Solution [Dexdomitor]
2268610,SBD,dexmedetomidine hydrochloride 0.5 MG/ML Injectable Solution [Dexmedesed]
2665898,SBD,dexmedetomidine hydrochloride 0.5 MG/ML Injectable Solution [Dexmedvet]
2532532,SBD,dexmedetomidine hydrochloride 0.5 MG/ML Injectable Solution [Sedexodine]
371719,SCDF,desoxycorticosterone Injectable Suspension
377416,SCDF,penicillin V Ophthalmic Solution
373265,SCDF,penicillin V Oral Solution
373267,SCDF,penicillin V Oral Suspension
373266,SCDF,penicillin V Oral Tablet
584595,SBDF,desoxycorticosterone Injectable Suspension [Percorten V]
2646344,SCDFP,penicillin V potassium Ophthalmic Solution
2645882,SCDFP,penicillin V potassium Oral Solution
2648135,SCDFP,penicillin V potassium Oral Tablet
1152180,SCDG,desoxycorticosterone Injectable Product
1164771,SCDG,penicillin V Ophthalmic Product
1164772,SCDG,penicillin V Oral Liquid Product
1164773,SCDG,penicillin V Oral Product
1164774,SCDG,penicillin V Pill
1185801,SBDG,Percorten V Injectable Product
2662565,SCDGP,penicillin V potassium Ophthalmic Product
2660680,SCDGP,penicillin V potassium Oral Liquid Product
2659567,SCDGP,penicillin V potassium Oral Product
2661744,SCDGP,penicillin V potassium Pill
309675,SCD,desoxycorticosterone 25 MG/ML Injectable Suspension
1789684,SCD,desoxycorticosterone pivalate 25 MG/ML Injectable Suspension
834182,SCD,penicillin V potassium 3 MG/ML Ophthalmic Solution
834046,SCD,penicillin V potassium 25 MG/ML Oral Solution
834040,SCD,penicillin V potassium 50 MG/ML Oral Solution
834061,SCD,penicillin V potassium 250 MG Oral Tablet
834102,SCD,penicillin V potassium 500 MG Oral Tablet
584596,SBD,desoxycorticosterone 25 MG/ML Injectable Suspension [Percorten V]
1789689,SBD,desoxycorticosterone pivalate 25 MG/ML Injectable Suspension [Zycortal]
1727280,SCDF,voriconazole Injection
477141,SCDF,voriconazole Oral Suspension
378691,SCDF,voriconazole Oral Tablet
1727282,SBDF,voriconazole Injection [Vfend]
546623,SBDF,voriconazole Oral Suspension [Vfend]
368579,SBDF,voriconazole Oral Tablet [Vfend]
1164590,SCDG,voriconazole Injectable Product
1164591,SCDG,voriconazole Oral Liquid Product
1164592,SCDG,voriconazole Oral Product
1164593,SCDG,voriconazole Pill
1188084,SBDG,Vfend Injectable Product
1188085,SBDG,Vfend Oral Liquid Product
1188086,SBDG,Vfend Oral Product
1188087,SBDG,Vfend Pill
2727399,SCD,20 ML voriconazole 10 MG/ML Injection
465355,SCD,voriconazole 40 MG/ML Oral Suspension
349435,SCD,voriconazole 50 MG Oral Tablet
351209,SCD,voriconazole 200 MG Injection
349434,SCD,voriconazole 200 MG Oral Tablet
546624,SBD,voriconazole 40 MG/ML Oral Suspension [Vfend]
352218,SBD,voriconazole 50 MG Oral Tablet [Vfend]
352220,SBD,voriconazole 200 MG Injection [Vfend]
352219,SBD,voriconazole 200 MG Oral Tablet [Vfend]
371648,SCDF,vitamin B12 Chewable Tablet
1291287,SCDF,vitamin B12 Disintegrating Oral Tablet
371651,SCDF,vitamin B12 Extended Release Oral Tablet
371649,SCDF,vitamin B12 Injectable Solution
376662,SCDF,vitamin B12 Nasal Gel
378708,SCDF,vitamin B12 Nasal Spray
371646,SCDF,vitamin B12 Oral Capsule
2745599,SCDF,vitamin B12 Oral Film
375346,SCDF,vitamin B12 Oral Lozenge
348170,SCDF,vitamin B12 Oral Solution
371650,SCDF,vitamin B12 Oral Tablet
371652,SCDF,vitamin B12 Sublingual Tablet
797237,SCDF,cobamamide / vitamin B12 Sublingual Tablet
375025,SCDF,dicalcium phosphate / vitamin B12 Oral Tablet
763596,SCDF,folic acid / vitamin B12 Disintegrating Oral Tablet
730919,SCDF,folic acid / vitamin B12 Oral Lozenge
619046,SCDF,folic acid / vitamin B12 Oral Tablet
619074,SCDF,folic acid / vitamin B12 Sublingual Tablet
377051,SCDF,mecobalamin / vitamin B12 Sublingual Tablet
749177,SCDF,folic acid / intrinsic factor / vitamin B12 Oral Tablet
619082,SCDF,folic acid / polysaccharide iron complex / vitamin B12 Oral Capsule
748671,SCDF,folic acid / pyridoxine / vitamin B12 Oral Tablet
619051,SCDF,folic acid / vitamin B12 / vitamin B6 Oral Tablet
1244145,SCDF,pyridoxine / thiamine / vitamin B12 Oral Tablet
1087257,SCDF,calcium carbonate / folic acid / pyridoxine / vitamin B12 Extended Release Oral Tablet
802758,SCDF,calcium ascorbate / calcium threonate / ferrous asparto glycinate / liver stomach concentrate / succinic acid / vitamin B12 Oral Tablet
1193035,SCDF,cholecalciferol / folic acid / omega-3 acid ethyl esters (USP) / phytosterols / pyridoxine / vitamin B12 Oral Capsule
1314397,SCDF,dexpanthenol / niacinamide / pyridoxine / riboflavin / thiamine / vitamin B12 Injectable Solution
808554,SCDF,docosahexaenoate / eicosapentaenoate / folic acid / phytosterols / vitamin B12 / vitamin B6 Oral Capsule
1241894,SCDF,niacin / pantothenic acid / riboflavin / thiamine / vitamin B12 / vitamin B6 Oral Tablet
1087279,SCDF,boron / calcium carbonate / cholecalciferol / folic acid / magnesium oxide / pyridoxine / vitamin B12 Oral Tablet
802502,SCDF,calcium ascorbate / calcium threonate / ferrous asparto glycinate / ferrous fumarate / folic acid / succinic acid / vitamin B12 Oral Tablet
1087243,SCDF,calcium ascorbate / calcium threonate / ferrous asparto glycinate / folic acid / polysaccharide iron complex / succinic acid / vitamin B12 Oral Capsule
877476,SCDF,dexpanthenol / magnesium sulfate / manganese sulfate / niacinamide / pyridoxine / riboflavin / thiamine / vitamin B12 / zinc sulfate Oral Solution
802692,SCDF,copper sulfate / ferrous fumarate / folic acid / magnesium sulfate / manganese sulfate / niacinamide / pantothenic acid / pyridoxine / riboflavin / sodium ascorbate / thiamine / vitamin B12 / zinc sulfate Oral Capsule
1314677,SCDF,copper sulfate / ferrous fumarate / folic acid / manganese sulfate / niacinamide / pantothenate / polysaccharide iron complex / pyridoxine / riboflavin / sodium ascorbate / thiamine / vitamin B12 / zinc sulfate Oral Capsule
2598452,SBDF,vitamin B12 Injectable Solution [Dodex]
603782,SBDF,vitamin B12 Nasal Spray [Nascobal]
619323,SBDF,folic acid / vitamin B12 Oral Tablet [Foltrate]
1150290,SBDF,folic acid / vitamin B12 Oral Tablet [MTX Support]
861082,SBDF,folic acid / polysaccharide iron complex / vitamin B12 Oral Capsule [Ferrex 150 Forte]
1087437,SBDF,folic acid / polysaccharide iron complex / vitamin B12 Oral Capsule [Iferex 150 Forte]
979337,SBDF,folic acid / polysaccharide iron complex / vitamin B12 Oral Capsule [Poly Iron 150 Forte]
808533,SBDF,folic acid / pyridoxine / vitamin B12 Oral Tablet [Vita-Respa]
644789,SBDF,folic acid / vitamin B12 / vitamin B6 Oral Tablet [Folbee]
644793,SBDF,folic acid / vitamin B12 / vitamin B6 Oral Tablet [Folbic]
1098703,SBDF,folic acid / vitamin B12 / vitamin B6 Oral Tablet [Folgard]
707573,SBDF,folic acid / vitamin B12 / vitamin B6 Oral Tablet [Foltabs]
1809028,SBDF,folic acid / vitamin B12 / vitamin B6 Oral Tablet [Niva-Fol]
1087261,SBDF,calcium carbonate / folic acid / pyridoxine / vitamin B12 Extended Release Oral Tablet [Folbecal]
802761,SBDF,calcium ascorbate / calcium threonate / ferrous asparto glycinate / liver stomach concentrate / succinic acid / vitamin B12 Oral Tablet [Multigen]
1193043,SBDF,cholecalciferol / folic acid / omega-3 acid ethyl esters (USP) / phytosterols / pyridoxine / vitamin B12 Oral Capsule [Animi-3 with Vitamin D]
1087284,SBDF,boron / calcium carbonate / cholecalciferol / folic acid / magnesium oxide / pyridoxine / vitamin B12 Oral Tablet [Folgard OS]
802747,SBDF,calcium ascorbate / calcium threonate / ferrous asparto glycinate / ferrous fumarate / folic acid / succinic acid / vitamin B12 Oral Tablet [Multigen Plus]
1087248,SBDF,calcium ascorbate / calcium threonate / ferrous asparto glycinate / folic acid / polysaccharide iron complex / succinic acid / vitamin B12 Oral Capsule [Ferrex 150 Forte Plus]
877522,SBDF,dexpanthenol / magnesium sulfate / manganese sulfate / niacinamide / pyridoxine / riboflavin / thiamine / vitamin B12 / zinc sulfate Oral Solution [Eldertonic]
877480,SBDF,dexpanthenol / magnesium sulfate / manganese sulfate / niacinamide / pyridoxine / riboflavin / thiamine / vitamin B12 / zinc sulfate Oral Solution [Ellis Tonic]
1087398,SBDF,copper sulfate / ferrous fumarate / folic acid / magnesium sulfate / manganese sulfate / niacinamide / pantothenic acid / pyridoxine / riboflavin / sodium ascorbate / thiamine / vitamin B12 / zinc sulfate Oral Capsule [Hemocyte Plus]
1314682,SBDF,copper sulfate / ferrous fumarate / folic acid / manganese sulfate / niacinamide / pantothenate / polysaccharide iron complex / pyridoxine / riboflavin / sodium ascorbate / thiamine / vitamin B12 / zinc sulfate Oral Capsule [Tandem Plus]
2648970,SCDFP,pyridoxine hydrochloride / thiamine hydrochloride / vitamin B12 Oral Tablet
2645803,SCDFP,cholecalciferol / folic acid / omega-3 acid ethyl esters (USP) / phytosterols / pyridoxine hydrochloride / vitamin B12 Oral Capsule
2648405,SCDFP,dexpanthenol / niacinamide / pyridoxine hydrochloride / riboflavin / thiamine hydrochloride / vitamin B12 Injectable Solution
2646677,SCDFP,docosahexaenoic acid / eicosapentaenoic acid / folic acid / phytosterols / vitamin B12 / vitamin B6 Oral Capsule
2645530,SCDFP,calcium pantothenate / copper sulfate / ferrous fumarate / folic acid / manganese sulfate / niacinamide / polysaccharide iron complex / pyridoxine hydrochloride / riboflavin / sodium ascorbate / thiamine mononitrate / vitamin B12 / zinc sulfate Oral Capsule
2658209,SBDFP,cholecalciferol / folic acid / omega-3 acid ethyl esters (USP) / phytosterols / pyridoxine hydrochloride / vitamin B12 Oral Capsule [Animi-3 with Vitamin D]
2658908,SBDFP,calcium pantothenate / copper sulfate / ferrous fumarate / folic acid / manganese sulfate / niacinamide / polysaccharide iron complex / pyridoxine hydrochloride / riboflavin / sodium ascorbate / thiamine mononitrate / vitamin B12 / zinc sulfate Oral Capsule [Tandem Plus]
1295545,SCDG,vitamin B12 Chewable Product
1294960,SCDG,vitamin B12 Disintegrating Oral Product
1161153,SCDG,vitamin B12 Injectable Product
1295023,SCDG,vitamin B12 Lozenge Product
1161155,SCDG,vitamin B12 Nasal Product
2745598,SCDG,vitamin B12 Oral Film Product
1161157,SCDG,vitamin B12 Oral Liquid Product
1161158,SCDG,vitamin B12 Oral Product
1295360,SCDG,vitamin B12 Sublingual Product
1161152,SCDG,vitamin B12 Inhalant Product
1161159,SCDG,vitamin B12 Pill
1164351,SCDG,cobamamide / vitamin B12 Oral Product
1295660,SCDG,cobamamide / vitamin B12 Sublingual Product
1164352,SCDG,cobamamide / vitamin B12 Pill
1162910,SCDG,dicalcium phosphate / vitamin B12 Oral Product
1162911,SCDG,dicalcium phosphate / vitamin B12 Pill
1295736,SCDG,folic acid / vitamin B12 Disintegrating Oral Product
1295514,SCDG,folic acid / vitamin B12 Lozenge Product
1162046,SCDG,folic acid / vitamin B12 Oral Product
1294872,SCDG,folic acid / vitamin B12 Sublingual Product
1162047,SCDG,folic acid / vitamin B12 Pill
1165090,SCDG,mecobalamin / vitamin B12 Oral Product
1294931,SCDG,mecobalamin / vitamin B12 Sublingual Product
1165091,SCDG,mecobalamin / vitamin B12 Pill
1161462,SCDG,folic acid / intrinsic factor / vitamin B12 Oral Product
1161463,SCDG,folic acid / intrinsic factor / vitamin B12 Pill
1162035,SCDG,folic acid / polysaccharide iron complex / vitamin B12 Oral Product
1162036,SCDG,folic acid / polysaccharide iron complex / vitamin B12 Pill
1162050,SCDG,folic acid / pyridoxine / vitamin B12 Oral Product
1162051,SCDG,folic acid / pyridoxine / vitamin B12 Pill
1162042,SCDG,folic acid / vitamin B12 / vitamin B6 Oral Product
1162043,SCDG,folic acid / vitamin B12 / vitamin B6 Pill
1244143,SCDG,pyridoxine / thiamine / vitamin B12 Oral Product
1244144,SCDG,pyridoxine / thiamine / vitamin B12 Pill
1153299,SCDG,calcium carbonate / folic acid / pyridoxine / vitamin B12 Oral Product
1153300,SCDG,calcium carbonate / folic acid / pyridoxine / vitamin B12 Pill
1154768,SCDG,calcium ascorbate / calcium threonate / ferrous asparto glycinate / liver stomach concentrate / succinic acid / vitamin B12 Oral Product
1155065,SCDG,calcium ascorbate / calcium threonate / ferrous asparto glycinate / liver stomach concentrate / succinic acid / vitamin B12 Pill
1193033,SCDG,cholecalciferol / folic acid / omega-3 acid ethyl esters (USP) / phytosterols / pyridoxine / vitamin B12 Oral Product
1193034,SCDG,cholecalciferol / folic acid / omega-3 acid ethyl esters (USP) / phytosterols / pyridoxine / vitamin B12 Pill
1314396,SCDG,dexpanthenol / niacinamide / pyridoxine / riboflavin / thiamine / vitamin B12 Injectable Product
1159605,SCDG,docosahexaenoate / eicosapentaenoate / folic acid / phytosterols / vitamin B12 / vitamin B6 Oral Product
1159606,SCDG,docosahexaenoate / eicosapentaenoate / folic acid / phytosterols / vitamin B12 / vitamin B6 Pill
1241892,SCDG,niacin / pantothenic acid / riboflavin / thiamine / vitamin B12 / vitamin B6 Oral Product
1241893,SCDG,niacin / pantothenic acid / riboflavin / thiamine / vitamin B12 / vitamin B6 Pill
1154726,SCDG,boron / calcium carbonate / cholecalciferol / folic acid / magnesium oxide / pyridoxine / vitamin B12 Oral Product
1154727,SCDG,boron / calcium carbonate / cholecalciferol / folic acid / magnesium oxide / pyridoxine / vitamin B12 Pill
1154764,SCDG,calcium ascorbate / calcium threonate / ferrous asparto glycinate / ferrous fumarate / folic acid / succinic acid / vitamin B12 Oral Product
1154765,SCDG,calcium ascorbate / calcium threonate / ferrous asparto glycinate / ferrous fumarate / folic acid / succinic acid / vitamin B12 Pill
1154766,SCDG,calcium ascorbate / calcium threonate / ferrous asparto glycinate / folic acid / polysaccharide iron complex / succinic acid / vitamin B12 Oral Product
1154767,SCDG,calcium ascorbate / calcium threonate / ferrous asparto glycinate / folic acid / polysaccharide iron complex / succinic acid / vitamin B12 Pill
1158301,SCDG,dexpanthenol / magnesium sulfate / manganese sulfate / niacinamide / pyridoxine / riboflavin / thiamine / vitamin B12 / zinc sulfate Oral Liquid Product
1158302,SCDG,dexpanthenol / magnesium sulfate / manganese sulfate / niacinamide / pyridoxine / riboflavin / thiamine / vitamin B12 / zinc sulfate Oral Product
1155506,SCDG,copper sulfate / ferrous fumarate / folic acid / magnesium sulfate / manganese sulfate / niacinamide / pantothenic acid / pyridoxine / riboflavin / sodium ascorbate / thiamine / vitamin B12 / zinc sulfate Oral Product
1155507,SCDG,copper sulfate / ferrous fumarate / folic acid / magnesium sulfate / manganese sulfate / niacinamide / pantothenic acid / pyridoxine / riboflavin / sodium ascorbate / thiamine / vitamin B12 / zinc sulfate Pill
1314675,SCDG,copper sulfate / ferrous fumarate / folic acid / manganese sulfate / niacinamide / pantothenate / polysaccharide iron complex / pyridoxine / riboflavin / sodium ascorbate / thiamine / vitamin B12 / zinc sulfate Oral Product
1314676,SCDG,copper sulfate / ferrous fumarate / folic acid / manganese sulfate / niacinamide / pantothenate / polysaccharide iron complex / pyridoxine / riboflavin / sodium ascorbate / thiamine / vitamin B12 / zinc sulfate Pill
1193044,SBDG,Animi-3 with Vitamin D Oral Product
1193045,SBDG,Animi-3 with Vitamin D Pill
2598451,SBDG,Dodex Injectable Product
1173863,SBDG,Eldertonic Oral Liquid Product
1173864,SBDG,Eldertonic Oral Product
1174620,SBDG,Ellis Tonic Oral Liquid Product
1174621,SBDG,Ellis Tonic Oral Product
1167658,SBDG,Ferrex 150 Forte Oral Product
1167659,SBDG,Ferrex 150 Forte Pill
1167660,SBDG,Ferrex 150 Forte Plus Oral Product
1167661,SBDG,Ferrex 150 Forte Plus Pill
1171890,SBDG,Folbecal Oral Product
1171891,SBDG,Folbecal Pill
1171892,SBDG,Folbee Oral Product
1171893,SBDG,Folbee Pill
1171894,SBDG,Folbic Oral Product
1171895,SBDG,Folbic Pill
1171903,SBDG,Folgard Oral Product
1171901,SBDG,Folgard OS Oral Product
1171902,SBDG,Folgard OS Pill
1171904,SBDG,Folgard Pill
1172609,SBDG,Foltabs Oral Product
1172610,SBDG,Foltabs Pill
1172611,SBDG,Foltrate Oral Product
1172612,SBDG,Foltrate Pill
1167743,SBDG,Hemocyte Plus Oral Product
1167744,SBDG,Hemocyte Plus Pill
1167132,SBDG,Iferex 150 Forte Oral Product
1167133,SBDG,Iferex 150 Forte Pill
1184955,SBDG,MTX Support Oral Product
1184956,SBDG,MTX Support Pill
1183864,SBDG,Multigen Oral Product
1183865,SBDG,Multigen Pill
1183866,SBDG,Multigen Plus Oral Product
1183867,SBDG,Multigen Plus Pill
1179810,SBDG,Nascobal Nasal Product
1179809,SBDG,Nascobal Inhalant Product
1607004,SBDG,Niva-Fol Oral Product
1607005,SBDG,Niva-Fol Pill
1182969,SBDG,Poly Iron 150 Forte Oral Product
1182970,SBDG,Poly Iron 150 Forte Pill
1314683,SBDG,Tandem Plus Oral Product
1314684,SBDG,Tandem Plus Pill
1187203,SBDG,Vita-Respa Oral Product
1187204,SBDG,Vita-Respa Pill
2661209,SCDGP,pyridoxine hydrochloride / thiamine hydrochloride / vitamin B12 Oral Product
2661079,SCDGP,pyridoxine hydrochloride / thiamine hydrochloride / vitamin B12 Pill
2662118,SCDGP,cholecalciferol / folic acid / omega-3 acid ethyl esters (USP) / phytosterols / pyridoxine hydrochloride / vitamin B12 Oral Product
2662410,SCDGP,cholecalciferol / folic acid / omega-3 acid ethyl esters (USP) / phytosterols / pyridoxine hydrochloride / vitamin B12 Pill
2662981,SCDGP,dexpanthenol / niacinamide / pyridoxine hydrochloride / riboflavin / thiamine hydrochloride / vitamin B12 Injectable Product
2661941,SCDGP,docosahexaenoic acid / eicosapentaenoic acid / folic acid / phytosterols / vitamin B12 / vitamin B6 Oral Product
2663214,SCDGP,docosahexaenoic acid / eicosapentaenoic acid / folic acid / phytosterols / vitamin B12 / vitamin B6 Pill
2662560,SCDGP,calcium pantothenate / copper sulfate / ferrous fumarate / folic acid / manganese sulfate / niacinamide / polysaccharide iron complex / pyridoxine hydrochloride / riboflavin / sodium ascorbate / thiamine mononitrate / vitamin B12 / zinc sulfate Oral Product
2660932,SCDGP,calcium pantothenate / copper sulfate / ferrous fumarate / folic acid / manganese sulfate / niacinamide / polysaccharide iron complex / pyridoxine hydrochloride / riboflavin / sodium ascorbate / thiamine mononitrate / vitamin B12 / zinc sulfate Pill
309611,SCD,vitamin B12 0.005 MG/MG Nasal Gel
105687,SCD,vitamin B12 0.007 MG/ML Oral Solution
242347,SCD,vitamin B12 0.05 MG Oral Lozenge
105686,SCD,vitamin B12 0.05 MG Oral Tablet
1112803,SCD,vitamin B12 0.0667 MG/ML Oral Solution
199364,SCD,vitamin B12 0.1 MG Oral Lozenge
309595,SCD,vitamin B12 0.1 MG Oral Tablet
199374,SCD,vitamin B12 0.25 MG Oral Lozenge
309604,SCD,vitamin B12 0.25 MG Oral Tablet
2185309,SCD,vitamin B12 0.5 MG Chewable Tablet
2745600,SCD,vitamin B12 0.5 MG Oral Film
199365,SCD,vitamin B12 0.5 MG Oral Lozenge
313896,SCD,vitamin B12 0.5 MG Oral Tablet
636371,SCD,vitamin B12 0.5 MG Sublingual Tablet
861113,SCD,vitamin B12 0.5 MG/ACTUAT Nasal Spray
198890,SCD,vitamin B12 1 MG Chewable Tablet
1374869,SCD,vitamin B12 1 MG Disintegrating Oral Tablet
237776,SCD,vitamin B12 1 MG Extended Release Oral Tablet
245557,SCD,vitamin B12 1 MG Oral Capsule
242698,SCD,vitamin B12 1 MG Oral Lozenge
309593,SCD,vitamin B12 1 MG Oral Tablet
237779,SCD,vitamin B12 1 MG Sublingual Tablet
309594,SCD,vitamin B12 1 MG/ML Injectable Solution
1423423,SCD,vitamin B12 1 MG/ML Oral Solution
2682744,SCD,vitamin B12 1.5 MG Chewable Tablet
240516,SCD,vitamin B12 1.5 MG Extended Release Oral Tablet
2714170,SCD,vitamin B12 2 MG Disintegrating Oral Tablet
237777,SCD,vitamin B12 2 MG Extended Release Oral Tablet
2171138,SCD,vitamin B12 2 MG Oral Capsule
200165,SCD,vitamin B12 2 MG Oral Lozenge
244190,SCD,vitamin B12 2 MG Oral Tablet
1486245,SCD,vitamin B12 2.5 MG Chewable Tablet
2735126,SCD,vitamin B12 2.5 MG Disintegrating Oral Tablet
1437717,SCD,vitamin B12 2.5 MG Oral Lozenge
1245015,SCD,vitamin B12 2.5 MG Oral Tablet
198891,SCD,vitamin B12 2.5 MG Sublingual Tablet
1245012,SCD,vitamin B12 3 MG Oral Capsule
1246063,SCD,vitamin B12 3 MG Oral Lozenge
855213,SCD,vitamin B12 3 MG Sublingual Tablet
1006047,SCD,vitamin B12 3 MG/ML Injectable Solution
1488563,SCD,vitamin B12 3 MG/ML Oral Solution
1804852,SCD,vitamin B12 5 MG Chewable Tablet
1291288,SCD,vitamin B12 5 MG Disintegrating Oral Tablet
1606305,SCD,vitamin B12 5 MG Extended Release Oral Tablet
1653780,SCD,vitamin B12 5 MG Oral Capsule
199184,SCD,vitamin B12 5 MG Sublingual Tablet
2001499,SCD,vitamin B12 5 MG/ML Injectable Solution
1248737,SCD,vitamin B12 5 MG/ML Oral Solution
835519,SCD,vitamin B12 6 MG Sublingual Tablet
797238,SCD,cobamamide 0.1 MG / vitamin B12 5 MG Sublingual Tablet
1243888,SCD,cobamamide 0.1 MG / vitamin B12 6 MG Sublingual Tablet
283009,SCD,dicalcium phosphate 68 MG / vitamin B12 2 MG Oral Tablet
858334,SCD,folic acid 0.2 MG / vitamin B12 1 MG Sublingual Tablet
199240,SCD,folic acid 0.4 MG / vitamin B12 0.5 MG Oral Tablet
730920,SCD,folic acid 0.4 MG / vitamin B12 1 MG Oral Lozenge
808611,SCD,folic acid 0.4 MG / vitamin B12 1 MG Sublingual Tablet
2563680,SCD,folic acid 0.4 MG / vitamin B12 2.5 MG Disintegrating Oral Tablet
808513,SCD,folic acid 0.4 MG / vitamin B12 5 MG Sublingual Tablet
763597,SCD,folic acid 0.8 MG / vitamin B12 1 MG Disintegrating Oral Tablet
476628,SCD,folic acid 1 MG / vitamin B12 0.5 MG Oral Tablet
259711,SCD,mecobalamin 0.6 MG / vitamin B12 0.6 MG Sublingual Tablet
896789,SCD,folic acid 0.8 MG / intrinsic factor 20 MG / vitamin B12 0.5 MG Oral Tablet
309606,SCD,folic acid 1 MG / polysaccharide iron complex 150 MG / vitamin B12 0.025 MG Oral Capsule
748672,SCD,folic acid 0.8 MG / pyridoxine 25 MG / vitamin B12 0.25 MG Oral Tablet
1145988,SCD,folic acid 2.2 MG / pyridoxine 25 MG / vitamin B12 1 MG Oral Tablet
794976,SCD,folic acid 2.2 MG / pyridoxine 25 MG / vitamin B12 1.3 MG Oral Tablet
1145991,SCD,folic acid 2.5 MG / pyridoxine 25 MG / vitamin B12 1 MG Oral Tablet
1146002,SCD,folic acid 2.5 MG / pyridoxine 25 MG / vitamin B12 2 MG Oral Tablet
808900,SCD,folic acid 0.4 MG / vitamin B12 0.1 MG / vitamin B6 50 MG Oral Tablet
359541,SCD,folic acid 0.5 MG / vitamin B12 0.2 MG / vitamin B6 5 MG Oral Tablet
259191,SCD,folic acid 0.8 MG / vitamin B12 0.1 MG / vitamin B6 50 MG Oral Tablet
200353,SCD,folic acid 0.8 MG / vitamin B12 0.115 MG / vitamin B6 10 MG Oral Tablet
830162,SCD,folic acid 0.8 MG / vitamin B12 0.4 MG / vitamin B6 25 MG Oral Tablet
2711570,SCD,folic acid 1 MG / vitamin B12 0.4 MG / vitamin B6 10 MG Oral Tablet
359542,SCD,folic acid 2.2 MG / vitamin B12 0.5 MG / vitamin B6 25 MG Oral Tablet
636528,SCD,folic acid 2.2 MG / vitamin B12 1 MG / vitamin B6 25 MG Oral Tablet
644787,SCD,folic acid 2.5 MG / vitamin B12 1 MG / vitamin B6 25 MG Oral Tablet
484925,SCD,folic acid 2.5 MG / vitamin B12 2 MG / vitamin B6 25 MG Oral Tablet
1244146,SCD,pyridoxine hydrochloride 100 MG / thiamine hydrochloride 100 MG / vitamin B12 0.2 MG Oral Tablet
1087258,SCD,24 HR calcium carbonate 200 MG / folic acid 1 MG / pyridoxine 75 MG / vitamin B12 0.012 MG Extended Release Oral Tablet
802759,SCD,calcium ascorbate 150 MG / calcium threonate 2 MG / ferrous asparto glycinate 70 MG / liver stomach concentrate 50 MG / succinic acid 75 MG / vitamin B12 0.01 MG Oral Tablet
1193037,SCD,cholecalciferol 1000 UNT / folic acid 1 MG / omega-3 acid ethyl esters (USP) 500 MG / phytosterols 200 MG / pyridoxine hydrochloride 12.5 MG / vitamin B12 0.5 MG Oral Capsule
1314636,SCD,dexpanthenol 5 MG/ML / niacinamide 12.5 MG/ML / pyridoxine hydrochloride 5 MG/ML / riboflavin 2 MG/ML / thiamine hydrochloride 1.25 MG/ML / vitamin B12 1 MG/ML Injectable Solution
1314626,SCD,dexpanthenol 10 MG/ML / niacinamide 100 MG/ML / pyridoxine hydrochloride 10 MG/ML / riboflavin 5 MG/ML / thiamine hydrochloride 100 MG/ML / vitamin B12 0.1 MG/ML Injectable Solution
830736,SCD,docosahexaenoic acid 350 MG / eicosapentaenoic acid 35 MG / folic acid 1 MG / phytosterols 200 MG / vitamin B12 0.5 MG / vitamin B6 12.5 MG Oral Capsule
1241896,SCD,niacin 15 MG / pantothenic acid 5 MG / riboflavin 2 MG / thiamine 2 MG / vitamin B12 0.002 MG / vitamin B6 2 MG Oral Tablet
1087281,SCD,boron 1.5 MG / calcium carbonate 500 MG / cholecalciferol 300 UNT / folic acid 1.1 MG / magnesium oxide 100 MG / pyridoxine 12.5 MG / vitamin B12 0.25 MG Oral Tablet
802503,SCD,calcium ascorbate 60 MG / calcium threonate 0.8 MG / ferrous asparto glycinate 50 MG / ferrous fumarate 101 MG / folic acid 1 MG / succinic acid 50 MG / vitamin B12 0.01 MG Oral Tablet
1087245,SCD,calcium ascorbate 60 MG / calcium threonate 0.8 MG / ferrous asparto glycinate 50 MG / folic acid 1 MG / polysaccharide iron complex 100 MG / succinic acid 50 MG / vitamin B12 0.025 MG Oral Capsule
1111748,SCD,dexpanthenol 0.2 MG/ML / magnesium sulfate 0.0467 MG/ML / manganese sulfate 0.0467 MG/ML / niacinamide 0.467 MG/ML / pyridoxine 0.0467 MG/ML / riboflavin 0.04 MG/ML / thiamine 0.0333 MG/ML / vitamin B12 0.000133 MG/ML / zinc sulfate 0.333 MG/ML Oral Solution
1314679,SCD,calcium pantothenate 10 MG / copper sulfate 0.8 MG / ferrous fumarate 162 MG / folic acid 1 MG / manganese sulfate 1.3 MG / niacinamide 30 MG / polysaccharide iron complex 115 MG / pyridoxine hydrochloride 5 MG / riboflavin 6 MG / sodium ascorbate 200 MG / thiamine mononitrate 10 MG / vitamin B12 0.015 MG / zinc sulfate 18.2 MG Oral Capsule
802693,SCD,copper sulfate 0.8 MG / ferrous fumarate 324 MG / folic acid 1 MG / magnesium sulfate 6.9 MG / manganese sulfate 1.3 MG / niacinamide 30 MG / pantothenic acid 10 MG / pyridoxine 5 MG / riboflavin 6 MG / sodium ascorbate 200 MG / thiamine 10 MG / vitamin B12 0.015 MG / zinc sulfate 18.2 MG Oral Capsule
861115,SBD,vitamin B12 0.5 MG/ACTUAT Nasal Spray [Nascobal]
2598453,SBD,vitamin B12 1 MG/ML Injectable Solution [Dodex]
542045,SBD,folic acid 1 MG / vitamin B12 0.5 MG Oral Tablet [Foltrate]
1150291,SBD,folic acid 1 MG / vitamin B12 0.5 MG Oral Tablet [MTX Support]
861083,SBD,folic acid 1 MG / polysaccharide iron complex 150 MG / vitamin B12 0.025 MG Oral Capsule [Ferrex 150 Forte]
1087438,SBD,folic acid 1 MG / polysaccharide iron complex 150 MG / vitamin B12 0.025 MG Oral Capsule [Iferex 150 Forte]
979338,SBD,folic acid 1 MG / polysaccharide iron complex 150 MG / vitamin B12 0.025 MG Oral Capsule [Poly Iron 150 Forte]
808534,SBD,folic acid 2.2 MG / pyridoxine 25 MG / vitamin B12 1.3 MG Oral Tablet [Vita-Respa]
997951,SBD,folic acid 0.8 MG / vitamin B12 0.115 MG / vitamin B6 10 MG Oral Tablet [Foltabs]
1145348,SBD,folic acid 2.2 MG / vitamin B12 1 MG / vitamin B6 25 MG Oral Tablet [Folgard]
644790,SBD,folic acid 2.5 MG / vitamin B12 1 MG / vitamin B6 25 MG Oral Tablet [Folbee]
644794,SBD,folic acid 2.5 MG / vitamin B12 2 MG / vitamin B6 25 MG Oral Tablet [Folbic]
1809029,SBD,folic acid 2.5 MG / vitamin B12 2 MG / vitamin B6 25 MG Oral Tablet [Niva-Fol]
1087262,SBD,24 HR calcium carbonate 200 MG / folic acid 1 MG / pyridoxine 75 MG / vitamin B12 0.012 MG Extended Release Oral Tablet [Folbecal]
802762,SBD,calcium ascorbate 150 MG / calcium threonate 2 MG / ferrous asparto glycinate 70 MG / liver stomach concentrate 50 MG / succinic acid 75 MG / vitamin B12 0.01 MG Oral Tablet [Multigen]
1193046,SBD,cholecalciferol 1000 UNT / folic acid 1 MG / omega-3 acid ethyl esters (USP) 500 MG / phytosterols 200 MG / pyridoxine hydrochloride 12.5 MG / vitamin B12 0.5 MG Oral Capsule [Animi-3 with Vitamin D]
1087285,SBD,boron 1.5 MG / calcium carbonate 500 MG / cholecalciferol 300 UNT / folic acid 1.1 MG / magnesium oxide 100 MG / pyridoxine 12.5 MG / vitamin B12 0.25 MG Oral Tablet [Folgard OS]
802748,SBD,calcium ascorbate 60 MG / calcium threonate 0.8 MG / ferrous asparto glycinate 50 MG / ferrous fumarate 101 MG / folic acid 1 MG / succinic acid 50 MG / vitamin B12 0.01 MG Oral Tablet [Multigen Plus]
1087249,SBD,calcium ascorbate 60 MG / calcium threonate 0.8 MG / ferrous asparto glycinate 50 MG / folic acid 1 MG / polysaccharide iron complex 100 MG / succinic acid 50 MG / vitamin B12 0.025 MG Oral Capsule [Ferrex 150 Forte Plus]
1111752,SBD,dexpanthenol 0.2 MG/ML / magnesium sulfate 0.0467 MG/ML / manganese sulfate 0.0467 MG/ML / niacinamide 0.467 MG/ML / pyridoxine 0.0467 MG/ML / riboflavin 0.04 MG/ML / thiamine 0.0333 MG/ML / vitamin B12 0.000133 MG/ML / zinc sulfate 0.333 MG/ML Oral Solution [Eldertonic]
1111750,SBD,dexpanthenol 0.2 MG/ML / magnesium sulfate 0.0467 MG/ML / manganese sulfate 0.0467 MG/ML / niacinamide 0.467 MG/ML / pyridoxine 0.0467 MG/ML / riboflavin 0.04 MG/ML / thiamine 0.0333 MG/ML / vitamin B12 0.000133 MG/ML / zinc sulfate 0.333 MG/ML Oral Solution [Ellis Tonic]
1314685,SBD,calcium pantothenate 10 MG / copper sulfate 0.8 MG / ferrous fumarate 162 MG / folic acid 1 MG / manganese sulfate 1.3 MG / niacinamide 30 MG / polysaccharide iron complex 115 MG / pyridoxine hydrochloride 5 MG / riboflavin 6 MG / sodium ascorbate 200 MG / thiamine mononitrate 10 MG / vitamin B12 0.015 MG / zinc sulfate 18.2 MG Oral Capsule [Tandem Plus]
1087399,SBD,copper sulfate 0.8 MG / ferrous fumarate 324 MG / folic acid 1 MG / magnesium sulfate 6.9 MG / manganese sulfate 1.3 MG / niacinamide 30 MG / pantothenic acid 10 MG / pyridoxine 5 MG / riboflavin 6 MG / sodium ascorbate 200 MG / thiamine 10 MG / vitamin B12 0.015 MG / zinc sulfate 18.2 MG Oral Capsule [Hemocyte Plus]
378354,SCDF,bupropion Extended Release Oral Tablet
378233,SCDF,bupropion Oral Tablet
1551466,SCDF,bupropion / naltrexone Extended Release Oral Tablet
835488,SBDF,bupropion Extended Release Oral Tablet [Aplenzin]
1232588,SBDF,bupropion Extended Release Oral Tablet [Forfivo]
491056,SBDF,bupropion Extended Release Oral Tablet [Wellbutrin]
1551471,SBDF,bupropion / naltrexone Extended Release Oral Tablet [Contrave]
2645852,SCDFP,bupropion hydrobromide Extended Release Oral Tablet
2648043,SCDFP,bupropion hydrochloride Extended Release Oral Tablet
2646741,SCDFP,bupropion hydrochloride Oral Tablet
2649250,SCDFP,bupropion hydrochloride / naltrexone hydrochloride Extended Release Oral Tablet
2655096,SBDFP,bupropion hydrobromide Extended Release Oral Tablet [Aplenzin]
2658826,SBDFP,bupropion hydrochloride Extended Release Oral Tablet [Forfivo]
2656792,SBDFP,bupropion hydrochloride Extended Release Oral Tablet [Wellbutrin]
2654526,SBDFP,bupropion hydrochloride / naltrexone hydrochloride Extended Release Oral Tablet [Contrave]
1151365,SCDG,bupropion Oral Product
1151366,SCDG,bupropion Pill
1551464,SCDG,bupropion / naltrexone Oral Product
1551465,SCDG,bupropion / naltrexone Pill
1168564,SBDG,Aplenzin Oral Product
1168565,SBDG,Aplenzin Pill
1551472,SBDG,Contrave Oral Product
1551473,SBDG,Contrave Pill
1232589,SBDG,Forfivo Oral Product
1232590,SBDG,Forfivo Pill
1187946,SBDG,Wellbutrin Oral Product
1187947,SBDG,Wellbutrin Pill
2662509,SCDGP,bupropion hydrobromide Oral Product
2663677,SCDGP,bupropion hydrobromide Pill
2659331,SCDGP,bupropion hydrochloride Oral Product
2661650,SCDGP,bupropion hydrochloride Pill
2660229,SCDGP,bupropion hydrochloride / naltrexone hydrochloride Oral Product
2660303,SCDGP,bupropion hydrochloride / naltrexone hydrochloride Pill
993550,SCD,24 HR bupropion hydrobromide 174 MG Extended Release Oral Tablet
993567,SCD,24 HR bupropion hydrobromide 348 MG Extended Release Oral Tablet
993681,SCD,24 HR bupropion hydrobromide 522 MG Extended Release Oral Tablet
993503,SCD,12 HR bupropion hydrochloride 100 MG Extended Release Oral Tablet
993518,SCD,12 HR bupropion hydrochloride 150 MG Extended Release Oral Tablet
993536,SCD,12 HR bupropion hydrochloride 200 MG Extended Release Oral Tablet
993541,SCD,24 HR bupropion hydrochloride 150 MG Extended Release Oral Tablet
993557,SCD,24 HR bupropion hydrochloride 300 MG Extended Release Oral Tablet
1232585,SCD,24 HR bupropion hydrochloride 450 MG Extended Release Oral Tablet
993691,SCD,bupropion hydrochloride 75 MG Oral Tablet
993687,SCD,bupropion hydrochloride 100 MG Oral Tablet
1801289,SCD,Smoking Cessation 12 HR bupropion hydrochloride 150 MG Extended Release Oral Tablet
1551468,SCD,12 HR bupropion hydrochloride 90 MG / naltrexone hydrochloride 8 MG Extended Release Oral Tablet
993552,SBD,24 HR bupropion hydrobromide 174 MG Extended Release Oral Tablet [Aplenzin]
993569,SBD,24 HR bupropion hydrobromide 348 MG Extended Release Oral Tablet [Aplenzin]
993683,SBD,24 HR bupropion hydrobromide 522 MG Extended Release Oral Tablet [Aplenzin]
993511,SBD,12 HR bupropion hydrochloride 100 MG Extended Release Oral Tablet [Wellbutrin]
993528,SBD,12 HR bupropion hydrochloride 150 MG Extended Release Oral Tablet [Wellbutrin]
993537,SBD,12 HR bupropion hydrochloride 200 MG Extended Release Oral Tablet [Wellbutrin]
993545,SBD,24 HR bupropion hydrochloride 150 MG Extended Release Oral Tablet [Wellbutrin]
993564,SBD,24 HR bupropion hydrochloride 300 MG Extended Release Oral Tablet [Wellbutrin]
1232591,SBD,24 HR bupropion hydrochloride 450 MG Extended Release Oral Tablet [Forfivo]
1551474,SBD,12 HR bupropion hydrochloride 90 MG / naltrexone hydrochloride 8 MG Extended Release Oral Tablet [Contrave]
376888,SCDF,docetaxel Injectable Solution
1860479,SCDF,docetaxel Injection
2697043,SBDF,docetaxel Injection [Beizray]
2679783,SBDF,docetaxel Injection [Docivyx]
1160617,SCDG,docetaxel Injectable Product
2697042,SBDG,Beizray Injectable Product
2679782,SBDG,Docivyx Injectable Product
2054168,SCD,50 ML albumin human-kjda 250 MG/ML Injection
1860480,SCD,1 ML docetaxel 20 MG/ML Injection
1860619,SCD,2 ML docetaxel 10 MG/ML Injection
1860485,SCD,4 ML docetaxel 20 MG/ML Injection
2679787,SCD,8 ML docetaxel 10 MG/ML Injection
1861411,SCD,8 ML docetaxel 20 MG/ML Injection
1093280,SCD,docetaxel 10 MG/ML Injectable Solution
2679779,SCD,16 ML docetaxel 10 MG/ML Injection
1001405,SCD,docetaxel 20 MG/ML Injectable Solution
2054170,SBD,50 ML albumin human-kjda 250 MG/ML Injection [Albuminex]
2728902,SBD,1 ML docetaxel 20 MG/ML Injection [Beizray]
2679786,SBD,2 ML docetaxel 10 MG/ML Injection [Docivyx]
2697044,SBD,4 ML docetaxel 20 MG/ML Injection [Beizray]
2679788,SBD,8 ML docetaxel 10 MG/ML Injection [Docivyx]
2679784,SBD,16 ML docetaxel 10 MG/ML Injection [Docivyx]
2723663,GPCK,{1 (4 ML docetaxel 20 MG/ML Injection) / 1 (50 ML albumin human-kjda 250 MG/ML Injection) } Pack
2723665,GPCK,{2 (4 ML docetaxel 20 MG/ML Injection) / 1 (50 ML albumin human-kjda 250 MG/ML Injection) } Pack
2723664,BPCK,{1 (4 ML docetaxel 20 MG/ML Injection [Beizray]) / 1 (50 ML albumin human-kjda 250 MG/ML Injection [Albuminex]) } Pack [Beizray 80 MG Kit]
2723666,BPCK,{2 (4 ML docetaxel 20 MG/ML Injection [Beizray]) / 1 (50 ML albumin human-kjda 250 MG/ML Injection [Albuminex]) } Pack [Beizray 160 MG Kit]
1741289,SCDF,"albumin human, USP Injection"
2054162,SBDF,"albumin human, USP Injection [Albuminex]"
2645873,SCDFP,albumin human-kjda Injection
2657914,SBDFP,albumin human-kjda Injection [Albuminex]
1154314,SCDG,"albumin human, USP Injectable Product"
2054163,SBDG,Albuminex Injectable Product
2660622,SCDGP,albumin human-kjda Injectable Product
2054173,SCD,100 ML albumin human-kjda 250 MG/ML Injection
2054221,SCD,250 ML albumin human-kjda 50 MG/ML Injection
2054226,SCD,500 ML albumin human-kjda 50 MG/ML Injection
1741570,SCD,"20 ML albumin human, USP 250 MG/ML Injection"
1741403,SCD,"50 ML albumin human, USP 50 MG/ML Injection"
1741290,SCD,"50 ML albumin human, USP 200 MG/ML Injection"
1741375,SCD,"50 ML albumin human, USP 250 MG/ML Injection"
1741410,SCD,"100 ML albumin human, USP 50 MG/ML Injection"
1741295,SCD,"100 ML albumin human, USP 200 MG/ML Injection"
1741380,SCD,"100 ML albumin human, USP 250 MG/ML Injection"
1741420,SCD,"250 ML albumin human, USP 50 MG/ML Injection"
1741423,SCD,"500 ML albumin human, USP 50 MG/ML Injection"
2054174,SBD,100 ML albumin human-kjda 250 MG/ML Injection [Albuminex]
2054223,SBD,250 ML albumin human-kjda 50 MG/ML Injection [Albuminex]
2054227,SBD,500 ML albumin human-kjda 50 MG/ML Injection [Albuminex]
1742331,SBD,"20 ML albumin human, USP 250 MG/ML Injection [Albuked]"
1798549,SBD,"20 ML albumin human, USP 250 MG/ML Injection [Albutein]"
1742400,SBD,"20 ML albumin human, USP 250 MG/ML Injection [Plasbumin]"
1742038,SBD,"50 ML albumin human, USP 50 MG/ML Injection [Albuked]"
1799326,SBD,"50 ML albumin human, USP 50 MG/ML Injection [Albutein]"
1742329,SBD,"50 ML albumin human, USP 50 MG/ML Injection [Plasbumin]"
1741292,SBD,"50 ML albumin human, USP 200 MG/ML Injection [Albuked]"
1742217,SBD,"50 ML albumin human, USP 200 MG/ML Injection [Albutein]"
1741301,SBD,"50 ML albumin human, USP 200 MG/ML Injection [Human Albumin Grifols]"
1741311,SBD,"50 ML albumin human, USP 200 MG/ML Injection [Plasbumin]"
1742029,SBD,"50 ML albumin human, USP 250 MG/ML Injection [Albuked]"
1742404,SBD,"50 ML albumin human, USP 250 MG/ML Injection [Alburx]"
1741377,SBD,"50 ML albumin human, USP 250 MG/ML Injection [Albutein]"
1742401,SBD,"50 ML albumin human, USP 250 MG/ML Injection [Flexbumin]"
1742225,SBD,"50 ML albumin human, USP 250 MG/ML Injection [Human Albumin Grifols]"
1742222,SBD,"50 ML albumin human, USP 250 MG/ML Injection [Kedbumin]"
1742395,SBD,"50 ML albumin human, USP 250 MG/ML Injection [Plasbumin]"
1741296,SBD,"100 ML albumin human, USP 200 MG/ML Injection [Albuked]"
1742220,SBD,"100 ML albumin human, USP 200 MG/ML Injection [Albutein]"
1741304,SBD,"100 ML albumin human, USP 200 MG/ML Injection [Human Albumin Grifols]"
1741313,SBD,"100 ML albumin human, USP 200 MG/ML Injection [Plasbumin]"
1742031,SBD,"100 ML albumin human, USP 250 MG/ML Injection [Albuked]"
1742406,SBD,"100 ML albumin human, USP 250 MG/ML Injection [Alburx]"
1741381,SBD,"100 ML albumin human, USP 250 MG/ML Injection [Albutein]"
1742403,SBD,"100 ML albumin human, USP 250 MG/ML Injection [Flexbumin]"
1742227,SBD,"100 ML albumin human, USP 250 MG/ML Injection [Human Albumin Grifols]"
1742224,SBD,"100 ML albumin human, USP 250 MG/ML Injection [Kedbumin]"
1742399,SBD,"100 ML albumin human, USP 250 MG/ML Injection [Plasbumin]"
1741974,SBD,"250 ML albumin human, USP 50 MG/ML Injection [Albuked]"
1741899,SBD,"250 ML albumin human, USP 50 MG/ML Injection [Alburx]"
1741421,SBD,"250 ML albumin human, USP 50 MG/ML Injection [Albutein]"
1741986,SBD,"250 ML albumin human, USP 50 MG/ML Injection [Flexbumin]"
1742228,SBD,"250 ML albumin human, USP 50 MG/ML Injection [Plasbumin]"
1741903,SBD,"500 ML albumin human, USP 50 MG/ML Injection [Alburx]"
1741424,SBD,"500 ML albumin human, USP 50 MG/ML Injection [Albutein]"
1742330,SBD,"500 ML albumin human, USP 50 MG/ML Injection [Plasbumin]"
1872465,SCDF,vitamin A Injection
374301,SCDF,vitamin A Oral Capsule
374307,SCDF,vitamin A Oral Tablet
1987012,SCDF,vitamin A Sublingual Tablet
375961,SCDF,vitamin A Topical Lotion
999792,SCDF,cholecalciferol / vitamin A Injectable Solution
485688,SCDF,cholecalciferol / vitamin A Oral Capsule
1302679,SCDF,cholecalciferol / vitamin A Oral Solution
376984,SCDF,ergocalciferol / vitamin A Oral Capsule
991455,SCDF,ergocalciferol / vitamin A Oral Tablet
372997,SCDF,naphazoline / pheniramine Ophthalmic Solution
581317,SCDF,vitamin A / vitamin E Oral Capsule
1716010,SCDF,alpha tocopherol / cholecalciferol / vitamin A Injectable Solution
1872467,SBDF,vitamin A Injection [Aquasol A]
93415,SBDF,naphazoline / pheniramine Ophthalmic Solution [Naphcon A]
1716029,SBDF,alpha tocopherol / cholecalciferol / vitamin A Injectable Solution [Vital E- A + D3]
1716040,SBDF,alpha tocopherol / cholecalciferol / vitamin A Injectable Solution [Vital E- Newborn]
1716034,SBDF,alpha tocopherol / cholecalciferol / vitamin A Injectable Solution [Vital E- Repro]
2646983,SCDFP,retinol acetate Sublingual Tablet
2647788,SCDFP,naphazoline hydrochloride / pheniramine maleate Ophthalmic Solution
2657242,SBDFP,naphazoline hydrochloride / pheniramine maleate Ophthalmic Solution [Naphcon A]
1161144,SCDG,vitamin A Injectable Product
1161145,SCDG,vitamin A Ophthalmic Product
1161147,SCDG,vitamin A Oral Product
1987011,SCDG,vitamin A Sublingual Product
1161149,SCDG,vitamin A Topical Product
1161148,SCDG,vitamin A Pill
1156123,SCDG,cholecalciferol / vitamin A Injectable Product
1302678,SCDG,cholecalciferol / vitamin A Oral Liquid Product
1156124,SCDG,cholecalciferol / vitamin A Oral Product
1156125,SCDG,cholecalciferol / vitamin A Pill
1163901,SCDG,ergocalciferol / vitamin A Oral Product
1163902,SCDG,ergocalciferol / vitamin A Pill
1156987,SCDG,naphazoline / pheniramine Ophthalmic Product
1161141,SCDG,vitamin A / vitamin E Oral Product
1161142,SCDG,vitamin A / vitamin E Pill
1716009,SCDG,alpha tocopherol / cholecalciferol / vitamin A Injectable Product
1169333,SBDG,Aquasol A Injectable Product
1178758,SBDG,Naphcon A Ophthalmic Product
1716030,SBDG,Vital E- A + D3 Injectable Product
1716041,SBDG,Vital E- Newborn Injectable Product
1716035,SBDG,Vital E- Repro Injectable Product
2660579,SCDGP,retinol acetate Oral Product
2662362,SCDGP,retinol acetate Sublingual Product
2659326,SCDGP,retinol acetate Pill
2660003,SCDGP,naphazoline hydrochloride / pheniramine maleate Ophthalmic Product
1987013,SCD,retinol acetate 10000 UNT Sublingual Tablet
313650,SCD,2 ML vitamin A 50000 UNT/ML Injection
313652,SCD,vitamin A 2.4 MG Oral Capsule
313646,SCD,vitamin A 3330 UNT/ML Topical Lotion
313638,SCD,vitamin A 10000 UNT Oral Capsule
243795,SCD,vitamin A 10000 UNT Oral Tablet
313641,SCD,vitamin A 15000 UNT Oral Capsule
313653,SCD,vitamin A 15000 UNT Oral Tablet
313654,SCD,vitamin A 25000 UNT Oral Capsule
313643,SCD,vitamin A 25000 UNT Oral Tablet
313656,SCD,vitamin A 50000 UNT Oral Capsule
701627,SCD,cholecalciferol 0.01 MG / vitamin A 0.24 MG Oral Capsule
705726,SCD,cholecalciferol 0.01 MG / vitamin A 5000 UNT Oral Capsule
1302680,SCD,cholecalciferol 80 UNT/ML / vitamin A 800 UNT/ML Oral Solution
259287,SCD,cholecalciferol 135 UNT / vitamin A 0.375 MG Oral Capsule
581296,SCD,cholecalciferol 270 UNT / vitamin A 0.75 MG Oral Capsule
999793,SCD,cholecalciferol 75000 UNT/ML / vitamin A 500000 UNT/ML Injectable Solution
259870,SCD,ergocalciferol 135 UNT / vitamin A 1250 UNT Oral Capsule
991456,SCD,ergocalciferol 400 UNT / vitamin A 10000 UNT Oral Tablet
1043658,SCD,naphazoline hydrochloride 0.25 MG/ML / pheniramine maleate 3 MG/ML Ophthalmic Solution
1043704,SCD,naphazoline hydrochloride 0.27 MG/ML / pheniramine maleate 3.15 MG/ML Ophthalmic Solution
581318,SCD,vitamin A 25000 UNT / vitamin E 1 UNT Oral Capsule
1716012,SCD,alpha tocopherol 300 UNT/ML / cholecalciferol 10000 UNT/ML / vitamin A 100000 UNT/ML Injectable Solution
1716020,SCD,alpha tocopherol 300 UNT/ML / cholecalciferol 100000 UNT/ML / vitamin A 200000 UNT/ML Injectable Solution
1716024,SCD,alpha tocopherol 500 UNT/ML / cholecalciferol 50000 UNT/ML / vitamin A 50000 UNT/ML Injectable Solution
210972,SBD,2 ML vitamin A 50000 UNT/ML Injection [Aquasol A]
1046266,SBD,naphazoline hydrochloride 0.25 MG/ML / pheniramine maleate 3 MG/ML Ophthalmic Solution [Naphcon A]
1043708,SBD,naphazoline hydrochloride 0.27 MG/ML / pheniramine maleate 3.15 MG/ML Ophthalmic Solution [Opcon-A]
1716031,SBD,alpha tocopherol 300 UNT/ML / cholecalciferol 10000 UNT/ML / vitamin A 100000 UNT/ML Injectable Solution [Vital E- A + D3]
1716036,SBD,alpha tocopherol 300 UNT/ML / cholecalciferol 100000 UNT/ML / vitamin A 200000 UNT/ML Injectable Solution [Vital E- Repro]
1716042,SBD,alpha tocopherol 500 UNT/ML / cholecalciferol 50000 UNT/ML / vitamin A 50000 UNT/ML Injectable Solution [Vital E- Newborn]
2285811,SCDF,amphotericin B Injectable Solution
1737431,SCDF,amphotericin B Injection
374833,SCDF,amphotericin B Oral Lozenge
370583,SCDF,amphotericin B Oral Suspension
370894,SCDF,amphotericin B Oral Tablet
378973,SCDF,amphotericin B Topical Cream
377580,SCDF,amphotericin B Topical Lotion
376438,SCDF,amphotericin B Topical Ointment
2285802,SBDF,amphotericin B Injection [Abelcet]
2285809,SBDF,amphotericin B Injection [AmBisome]
2647124,SCDFP,amphotericin B lipid complex Injection
2645439,SCDFP,amphotericin B liposomal Injectable Solution
2645777,SCDFP,amphotericin B liposomal Injection
2657514,SBDFP,amphotericin B lipid complex Injection [Abelcet]
2658188,SBDFP,amphotericin B liposomal Injection [AmBisome]
1152913,SCDG,amphotericin B Injectable Product
1295165,SCDG,amphotericin B Lozenge Product
1152914,SCDG,amphotericin B Oral Liquid Product
1152915,SCDG,amphotericin B Oral Product
1152917,SCDG,amphotericin B Topical Product
1152916,SCDG,amphotericin B Pill
1165946,SBDG,Abelcet Injectable Product
1170661,SBDG,AmBisome Injectable Product
2662257,SCDGP,amphotericin B lipid complex Injectable Product
2663632,SCDGP,amphotericin B liposomal Injectable Product
199417,SCD,amphotericin B 10 MG Oral Lozenge
197367,SCD,amphotericin B 30 MG/ML Topical Cream
197368,SCD,amphotericin B 30 MG/ML Topical Lotion
239240,SCD,amphotericin B 50 MG Injection
251350,SCD,amphotericin B 100 MG Oral Tablet
199264,SCD,amphotericin B 100 MG/ML Oral Suspension
984078,SCD,20 ML amphotericin B lipid complex 5 MG/ML Injection
834789,SCD,amphotericin B liposomal 5 MG/ML Injectable Solution
967385,SCD,amphotericin B liposomal 50 MG Injection
984082,SBD,20 ML amphotericin B lipid complex 5 MG/ML Injection [Abelcet]
967388,SBD,amphotericin B liposomal 50 MG Injection [AmBisome]